// Generated by tools/gen_images.py - do not edit.
#include "img_text.h"

// AI ลูกเทพ  (143x39)
static const uint8_t img_title_map[] = {
    0x00,0x00,0x00,0x00,0x00,0x00,0x00,0x00,0x00,0x00,0x00,0x00,0x00,0x00,0x00,0x00,0x00,0x00,0x00,0x00,
    0x00,0x00,0x00,0x00,0x00,0x00,0x00,0x00,0x00,0x00,0x00,0x00,0x00,0x00,0x00,0x00,0x00,0x00,0x00,0x00,
    0x00,0x00,0x00,0x00,0x00,0x00,0x00,0x00,0x00,0x00,0x00,0x00,0x00,0x00,0x00,0x00,0x00,0x00,0x00,0x00,
    0x00,0x00,0x00,0x00,0x00,0x00,0x00,0x00,0x00,0x00,0x00,0x00,0x00,0x00,0x00,0x00,0x00,0x00,0x00,0x00,
    0x00,0x00,0x00,0x00,0x00,0x00,0x00,0x00,0x00,0x00,0x00,0x00,0x00,0x00,0x00,0x00,0x00,0x00,0x00,0x00,
    0x00,0x00,0x00,0x00,0x00,0x00,0x00,0x00,0x00,0x00,0x00,0x00,0x00,0x00,0x00,0x00,0x00,0x00,0x00,0x00,
    0x00,0x00,0x00,0x00,0x00,0x00,0x00,0x00,0x00,0x00,0x00,0x00,0x00,0x00,0x00,0x00,0x00,0x00,0x00,0x00,
    0x00,0x00,0x00,0x00,0x00,0x00,0x00,0x00,0x00,0x00,0x00,0x00,0x00,0x00,0x00,0x00,0x00,0x00,0x00,0x00,
    0x00,0x00,0x00,0x00,0x00,0x00,0x00,0x00,0x00,0x00,0x00,0x00,0x00,0x00,0x00,0x00,0x00,0x00,0x00,0x00,
    0x00,0x00,0x00,0x00,0x00,0x00,0x00,0x00,0x00,0x00,0x00,0x00,0x00,0x00,0x00,0x00,0x00,0x00,0x00,0x00,
    0x00,0x00,0x00,0x00,0x00,0x00,0x00,0x00,0x00,0x00,0x00,0x00,0x00,0x00,0x00,0x00,0x00,0x00,0x00,0x00,
    0x00,0x00,0x00,0x00,0x00,0x00,0x00,0x00,0x00,0x00,0x00,0x00,0x00,0x00,0x00,0x00,0x00,0x00,0x00,0x00,
    0x00,0x00,0x00,0x00,0x00,0x00,0x00,0x00,0x00,0x00,0x00,0x00,0x00,0x00,0x00,0x00,0x00,0x00,0x00,0x00,
    0x00,0x00,0x00,0x00,0x00,0x00,0x00,0x00,0x00,0x00,0x00,0x00,0x00,0x00,0x00,0x00,0x00,0x00,0x00,0x00,
    0x00,0x00,0x00,0x00,0x00,0x00,0x00,0x00,0x00,0x00,0x00,0x00,0x00,0x00,0x00,0x00,0x00,0x00,0x05,0x7e,
    0x80,0x80,0x48,0x00,0x00,0x00,0x00,0x00,0x00,0x00,0x00,0x00,0x00,0x00,0x00,0xff,0xff,0xff,0x38,0x00,
    0x00,0x00,0x00,0x00,0x00,0x00,0x00,0x00,0x00,0x00,0x00,0x00,0x00,0x00,0x00,0x00,0x00,0x00,0x00,0x00,
    0x00,0x00,0x00,0x00,0x00,0x00,0x00,0x00,0x00,0x00,0x00,0x00,0x00,0x00,0x00,0x00,0x00,0x00,0x00,0x00,
    0x00,0x00,0x00,0x00,0x00,0x00,0x00,0x00,0x00,0x00,0x00,0x00,0x00,0x00,0x00,0x00,0x00,0x00,0x00,0x00,
    0x00,0x00,0x00,0x00,0x00,0x00,0x00,0x00,0x00,0x00,0x00,0x00,0x00,0x00,0x00,0x00,0x00,0x00,0x00,0x00,
    0x00,0x00,0x00,0x00,0x00,0x00,0x00,0x00,0x00,0x00,0x00,0x00,0x00,0x00,0x00,0x00,0x00,0x00,0x00,0x00,
    0x00,0x00,0x00,0x00,0x00,0x00,0x00,0x00,0x00,0x00,0x00,0x00,0x00,0x00,0x00,0x00,0x00,0x00,0x00,0x00,
    0x00,0x57,0xff,0xff,0xff,0xd8,0x00,0x00,0x00,0x00,0x00,0x00,0x00,0x00,0x00,0x00,0x00,0x00,0xff,0xff,
    0xff,0x38,0x00,0x00,0x00,0x00,0x00,0x00,0x00,0x00,0x00,0x00,0x00,0x00,0x00,0x00,0x00,0x00,0x00,0x00,
    0x00,0x00,0x00,0x00,0x00,0x00,0x00,0x00,0x00,0x00,0x00,0x00,0x00,0x00,0x00,0x00,0x00,0x00,0x00,0x00,
    0x00,0x00,0x00,0x00,0x00,0x00,0x00,0x00,0x00,0x00,0x00,0x00,0x00,0x00,0x00,0x00,0x00,0x00,0x00,0x00,
    0x00,0x00,0x00,0x00,0x00,0x00,0x00,0x00,0x00,0x00,0x00,0x00,0x00,0x00,0x00,0x00,0x00,0x00,0x00,0x00,
    0x00,0x00,0x00,0x00,0x00,0x00,0x00,0x00,0x00,0x00,0x00,0x00,0x00,0x00,0x00,0x00,0x00,0x00,0x00,0x00,
    0x00,0x00,0x00,0x00,0x00,0x00,0x00,0x00,0x00,0x00,0x00,0x00,0x00,0x00,0x00,0x00,0x00,0x00,0x00,0x00,
    0x00,0x00,0x00,0x00,0xc1,0xff,0xff,0xff,0xff,0x3b,0x00,0x00,0x00,0x00,0x00,0x00,0x00,0x00,0x00,0x00,
    0x00,0xff,0xff,0xff,0x38,0x00,0x00,0x00,0x00,0x00,0x00,0x00,0x00,0x00,0x00,0x00,0x00,0x00,0x00,0x00,
    0x00,0x00,0x00,0x00,0x00,0x00,0x00,0x00,0x00,0x00,0x00,0x00,0x00,0x00,0x00,0x00,0x00,0x00,0x00,0x00,
    0x00,0x00,0x00,0x00,0x00,0x00,0x00,0x00,0x00,0x00,0x00,0x00,0x00,0x00,0x00,0x00,0x00,0x00,0x00,0x00,
    0x00,0x00,0x00,0x00,0x00,0x00,0x00,0x00,0x00,0x00,0x00,0x00,0x00,0x00,0x00,0x00,0x00,0x00,0x00,0x00,
    0x00,0x00,0x00,0x00,0x00,0x00,0x00,0x00,0x00,0x00,0x00,0x00,0x00,0x00,0x00,0x00,0x00,0x00,0x00,0x00,
    0x00,0x00,0x00,0x00,0x00,0x00,0x00,0x00,0x00,0x00,0x00,0x00,0x00,0x00,0x00,0x00,0x00,0x00,0x00,0x00,
    0x00,0x00,0x00,0x00,0x00,0x00,0x2a,0xff,0xff,0xff,0xff,0xff,0x9d,0x00,0x00,0x00,0x00,0x00,0x00,0x00,
    0x00,0x00,0x00,0x00,0xff,0xff,0xff,0x38,0x00,0x00,0x00,0x00,0x00,0x00,0x00,0x00,0x00,0x00,0x00,0x00,
    0x00,0x00,0x00,0x00,0x00,0x00,0x00,0x00,0x00,0x00,0x00,0x00,0x00,0x00,0x00,0x00,0x00,0x00,0x00,0x00,
    0x00,0x00,0x00,0x00,0x00,0x00,0x00,0x00,0x00,0x00,0x00,0x00,0x00,0x00,0x00,0x00,0x00,0x00,0x00,0x00,
    0x00,0x00,0x00,0x00,0x00,0x00,0x00,0x00,0x00,0x00,0x00,0x00,0x00,0x00,0x00,0x00,0x00,0x00,0x00,0x00,
    0x00,0x00,0x00,0x00,0x00,0x00,0x00,0x00,0x00,0x00,0x00,0x00,0x00,0x00,0x00,0x00,0x00,0x00,0x00,0x00,
    0x00,0x00,0x00,0x00,0x00,0x00,0x00,0x00,0x00,0x00,0x00,0x00,0x00,0x00,0x00,0x00,0x00,0x00,0x00,0x00,
    0x00,0x00,0x00,0x00,0x00,0x00,0x00,0x00,0x00,0x95,0xff,0xff,0xed,0xff,0xff,0xf3,0x0b,0x00,0x00,0x00,
    0x00,0x00,0x00,0x00,0x00,0x00,0x00,0xff,0xff,0xff,0x38,0x00,0x00,0x00,0x00,0x00,0x00,0x00,0x00,0x00,
    0x00,0x00,0x00,0x00,0x00,0x00,0x00,0x00,0x00,0x00,0x00,0x00,0x00,0x00,0x00,0x00,0x00,0x00,0x00,0x00,
    0x00,0x00,0x00,0x00,0x00,0x00,0x00,0x00,0x00,0x00,0x00,0x00,0x00,0x00,0x00,0x00,0x00,0x00,0x00,0x00,
    0x00,0x00,0x00,0x00,0x00,0x00,0x00,0x00,0x00,0x00,0x00,0x00,0x00,0x00,0x00,0x00,0x00,0x00,0x00,0x00,
    0x00,0x00,0x00,0x00,0x00,0x00,0x00,0x00,0x00,0x00,0x00,0x00,0x00,0x00,0x00,0x00,0x00,0x00,0x00,0x00,
    0x00,0x00,0x00,0x00,0x00,0x00,0x00,0x00,0x00,0x00,0x00,0x00,0x00,0x00,0x00,0x00,0x00,0x00,0x00,0x00,
    0x00,0x00,0x00,0x00,0x00,0x00,0x00,0x00,0x00,0x00,0x00,0x0c,0xf1,0xff,0xf6,0x4f,0xff,0xff,0xff,0x61,
    0x00,0x00,0x00,0x00,0x00,0x00,0x00,0x00,0x00,0x00,0xff,0xff,0xff,0x38,0x00,0x00,0x00,0x00,0x00,0x00,
    0x00,0x00,0x00,0x00,0x00,0x00,0x00,0x00,0x00,0x00,0x00,0x00,0x00,0x00,0x00,0x00,0x00,0x00,0x00,0x00,
    0x00,0x00,0x00,0x00,0x00,0x00,0x00,0x00,0x00,0x00,0x00,0x00,0x00,0x00,0x00,0x00,0x00,0x00,0x00,0x00,
    0x00,0x00,0x00,0x00,0x00,0x00,0x00,0x00,0x00,0x00,0x00,0x00,0x00,0x00,0x00,0x00,0x00,0x00,0x00,0x00,
    0x00,0x00,0x00,0x00,0x00,0x00,0x00,0x00,0x00,0x00,0x00,0x00,0x00,0x00,0x00,0x00,0x00,0x00,0x00,0x00,
    0x00,0x00,0x00,0x00,0x00,0x00,0x00,0x00,0x00,0x00,0x00,0x00,0x00,0x00,0x00,0x00,0x00,0x00,0x00,0x00,
    0x00,0x00,0x00,0x00,0x00,0x00,0x00,0x00,0x00,0x00,0x00,0x00,0x00,0x00,0x69,0xff,0xff,0x9e,0x00,0xdb,
    0xff,0xff,0xc3,0x00,0x00,0x00,0x00,0x00,0x00,0x00,0x00,0x00,0x00,0xff,0xff,0xff,0x38,0x00,0x00,0x00,
    0x00,0x00,0x00,0x00,0x00,0x00,0x00,0x00,0x00,0x00,0x00,0x00,0x00,0x00,0x00,0x00,0x00,0x01,0x10,0x18,
    0x0f,0x00,0x00,0x00,0x00,0x00,0x00,0x00,0x00,0x00,0x00,0x00,0x00,0x00,0x00,0x00,0x00,0x00,0x00,0x00,
    0x00,0x00,0x00,0x00,0x00,0x00,0x00,0x00,0x00,0x00,0x00,0x00,0x00,0x00,0x00,0x00,0x00,0x00,0x00,0x00,
    0x00,0x00,0x00,0x00,0x00,0x00,0x00,0x00,0x00,0x00,0x00,0x00,0x00,0x00,0x00,0x00,0x00,0x00,0x00,0x00,
    0x00,0x00,0x00,0x00,0x00,0x00,0x00,0x00,0x00,0x00,0x00,0x00,0x00,0x00,0x00,0x00,0x00,0x00,0x00,0x00,
    0x00,0x00,0x00,0x00,0x00,0x00,0x00,0x00,0x00,0x00,0x00,0x00,0x00,0x00,0x00,0x00,0x00,0xd2,0xff,0xff,
    0x35,0x00,0x7b,0xff,0xff,0xff,0x25,0x00,0x00,0x00,0x00,0x00,0x00,0x00,0x00,0x00,0xff,0xff,0xff,0x38,
    0x00,0x00,0x00,0x00,0x00,0x00,0x00,0x00,0x00,0x00,0x00,0x00,0x00,0x00,0x00,0x00,0x00,0x1b,0x7b,0xc3,
    0xf3,0xff,0xff,0xff,0xf4,0xc5,0x77,0x12,0x00,0x00,0x00,0x00,0x00,0x00,0x00,0x00,0x00,0x00,0x0e,0x64,
    0xba,0xdf,0xf8,0xf8,0xe8,0xc7,0x8d,0x31,0x00,0x00,0x00,0x00,0x00,0x00,0x00,0x00,0xff,0xff,0xff,0x2c,
    0x00,0x00,0x00,0x00,0x00,0x00,0x81,0xe5,0xfa,0xd9,0x68,0x00,0x00,0x00,0x00,0x00,0x0e,0xb1,0xf7,0xea,
    0xa2,0x1f,0x00,0x00,0x00,0x00,0x00,0x00,0x7e,0xe3,0xfb,0xdf,0x7d,0x03,0x00,0x00,0x00,0x5d,0xff,0x60,
    0x00,0x00,0x2c,0xff,0xff,0xff,0x00,0x00,0x00,0x00,0x00,0x00,0x00,0x00,0x00,0x00,0x00,0x00,0x00,0x3d,
    0xff,0xff,0xcd,0x00,0x00,0x1c,0xfd,0xff,0xff,0x86,0x00,0x00,0x00,0x00,0x00,0x00,0x00,0x00,0x00,0xff,
    0xff,0xff,0x38,0x00,0x00,0x00,0x00,0x00,0x00,0x00,0x00,0x00,0x00,0x00,0x00,0x00,0x00,0x00,0x01,0x7b,
    0xf7,0xff,0xff,0xff,0xff,0xff,0xff,0xff,0xff,0xff,0xec,0x47,0x00,0x00,0x00,0x00,0x00,0x00,0x00,0x00,
    0x5d,0xea,0xff,0xff,0xff,0xff,0xff,0xff,0xff,0xff,0xfe,0x9b,0x08,0x00,0x00,0x00,0x00,0x00,0x00,0xff,
    0xff,0xff,0x2c,0x00,0x00,0x00,0x00,0x00,0x62,0xff,0xff,0xff,0xff,0xff,0x62,0x00,0x00,0x00,0x01,0xb3,
    0xff,0xff,0xff,0xff,0xea,0x22,0x00,0x00,0x00,0x00,0x61,0xff,0xff,0xff,0xff,0xff,0x82,0x00,0x00,0x00,
    0xa6,0xff,0xa9,0x00,0x00,0x2c,0xff,0xff,0xff,0x00,0x00,0x00,0x00,0x00,0x00,0x00,0x00,0x00,0x00,0x00,
    0x00,0x00,0xa7,0xff,0xff,0x64,0x00,0x00,0x00,0xb8,0xff,0xff,0xe5,0x03,0x00,0x00,0x00,0x00,0x00,0x00,
    0x00,0x00,0xff,0xff,0xff,0x38,0x00,0x00,0x00,0x00,0x00,0x00,0x00,0x00,0x00,0x00,0x00,0x00,0x00,0x00,
    0x00,0x9e,0xff,0xff,0xbd,0x65,0x2b,0x14,0x05,0x17,0x4e,0xc3,0xff,0xff,0xf7,0x30,0x00,0x00,0x00,0x00,
    0x00,0x03,0x96,0xff,0xff,0xc4,0x5f,0x34,0x18,0x1c,0x3a,0x81,0xee,0xff,0xff,0xb3,0x01,0x00,0x00,0x00,
    0x00,0x00,0xff,0xff,0xff,0x2c,0x00,0x00,0x00,0x00,0x00,0xd1,0xfe,0x56,0x2d,0xdf,0xff,0xe3,0x00,0x00,
    0x00,0x6d,0xff,0xff,0xee,0xfc,0xff,0xff,0xb5,0x00,0x00,0x00,0x00,0xd1,0xfe,0x52,0x38,0xf4,0xff,0xf0,
    0x01,0x00,0x02,0xec,0xff,0xee,0x03,0x00,0x2c,0xff,0xff,0xff,0x00,0x00,0x00,0x00,0x00,0x00,0x00,0x00,
    0x00,0x00,0x00,0x00,0x16,0xf9,0xff,0xf0,0x0b,0x00,0x00,0x00,0x56,0xff,0xff,0xff,0x4a,0x00,0x00,0x00,
    0x00,0x00,0x00,0x00,0x00,0xff,0xff,0xff,0x38,0x00,0x00,0x00,0x00,0x00,0x00,0x00,0x00,0x00,0x00,0x00,
    0x00,0x00,0x00,0x36,0xf9,0xfa,0x58,0x00,0x00,0x00,0x00,0x00,0x00,0x00,0x03,0xb8,0xff,0xff,0xb6,0x00,
    0x00,0x00,0x00,0x0f,0xaf,0xff,0xeb,0x51,0x00,0x00,0x00,0x00,0x00,0x00,0x00,0x24,0xf4,0xff,0xff,0x62,
    0x00,0x00,0x00,0x00,0x00,0xff,0xff,0xff,0x2c,0x00,0x00,0x00,0x00,0x00,0xf6,0xe3,0x00,0x00,0x93,0xff,
    0xff,0x16,0x00,0x17,0xf1,0xff,0xbf,0x06,0x42,0xff,0xff,0xfc,0x0c,0x00,0x00,0x00,0xf6,0xe6,0x00,0x00,
    0xbf,0xff,0xff,0x1c,0x00,0x39,0xff,0xff,0xff,0x3b,0x00,0x2c,0xff,0xff,0xff,0x00,0x00,0x00,0x00,0x00,
    0x00,0x00,0x00,0x00,0x00,0x00,0x00,0x7b,0xff,0xff,0x92,0x00,0x00,0x00,0x00,0x07,0xed,0xff,0xff,0xac,
    0x00,0x00,0x00,0x00,0x00,0x00,0x00,0x00,0xff,0xff,0xff,0x38,0x00,0x00,0x00,0x00,0x00,0x00,0x00,0x00,
    0x00,0x00,0x00,0x00,0x00,0x00,0x00,0x2d,0x55,0x00,0x00,0x00,0x00,0x00,0x00,0x00,0x00,0x00,0x40,0xff,
    0xff,0xfa,0x0c,0x00,0x00,0x00,0x96,0xff,0xfe,0x75,0x2b,0x07,0x00,0x00,0x00,0x00,0x00,0x00,0x00,0x89,
    0xff,0xff,0xcb,0x00,0x00,0x00,0x00,0x00,0xff,0xff,0xff,0x2c,0x00,0x00,0x00,0x00,0x00,0xd7,0xfe,0x56,
    0x2d,0xe0,0xff,0xff,0x2b,0x00,0x92,0xff,0xf6,0x1f,0x00,0x02,0xff,0xff,0xff,0x27,0x00,0x00,0x00,0xd8,
    0xfe,0x4f,0x3a,0xf4,0xff,0xff,0x2c,0x00,0x83,0xff,0xff,0xff,0x84,0x00,0x2c,0xff,0xff,0xff,0x00,0x00,
    0x00,0x00,0x00,0x00,0x00,0x00,0x00,0x00,0x00,0x03,0xe1,0xff,0xff,0x2a,0x00,0x00,0x00,0x00,0x00,0x93,
    0xff,0xff,0xf9,0x14,0x00,0x00,0x00,0x00,0x00,0x00,0x00,0xff,0xff,0xff,0x38,0x00,0x00,0x00,0x00,0x00,
    0x00,0x00,0x00,0x00,0x00,0x00,0x00,0x00,0x00,0x00,0x00,0x00,0x01,0x65,0xd0,0xf6,0xe2,0x9f,0x2f,0x00,
    0x00,0x11,0xff,0xff,0xff,0x2c,0x00,0x00,0x00,0xb2,0xff,0xff,0xff,0xff,0xfd,0xdf,0x98,0x00,0x00,0x00,
    0x00,0x00,0x4d,0xff,0xff,0xee,0x00,0x00,0x00,0x00,0x00,0xff,0xff,0xff,0x2c,0x00,0x00,0x00,0x00,0x00,
    0x6b,0xff,0xff,0xff,0xff,0xff,0xff,0x2c,0x16,0xf7,0xff,0x85,0x00,0x00,0x00,0xff,0xff,0xff,0x2c,0x00,
    0x00,0x00,0x6e,0xff,0xff,0xff,0xff,0xff,0xff,0x2c,0x00,0xcc,0xff,0xfa,0xff,0xcd,0x00,0x2c,0xff,0xff,
    0xff,0x00,0x00,0x00,0x00,0x00,0x00,0x00,0x00,0x00,0x00,0x00,0x4f,0xff,0xff,0xc1,0x00,0x00,0x00,0x00,
    0x00,0x00,0x31,0xff,0xff,0xff,0x70,0x00,0x00,0x00,0x00,0x00,0x00,0x00,0xff,0xff,0xff,0x38,0x00,0x00,
    0x00,0x00,0x00,0x00,0x00,0x00,0x00,0x00,0x00,0x00,0x00,0x00,0x00,0x00,0x00,0x99,0xff,0xff,0xff,0xff,
    0xff,0xfb,0x6a,0x00,0x02,0xff,0xff,0xff,0x3b,0x00,0x00,0x00,0x14,0x35,0x52,0x9d,0xff,0xff,0xf9,0x96,
    0x00,0x00,0x00,0x00,0x00,0x30,0xff,0xff,0xfe,0x00,0x00,0x00,0x00,0x00,0xff,0xff,0xff,0x2c,0x00,0x00,
    0x00,0x00,0x00,0x01,0x78,0xe3,0xf5,0xff,0xff,0xff,0x2c,0x7b,0xff,0xf2,0x11,0x00,0x00,0x00,0xff,0xff,
    0xff,0x2c,0x00,0x00,0x00,0x02,0x7d,0xe5,0xf5,0xff,0xff,0xff,0x2c,0x17,0xfe,0xff,0x86,0xff,0xfe,0x18,
    0x2c,0xff,0xff,0xff,0x00,0x00,0x00,0x00,0x00,0x00,0x00,0x00,0x00,0x00,0x00,0xb9,0xff,0xff,0x58,0x00,
    0x00,0x00,0x00,0x00,0x00,0x00,0xcf,0xff,0xff,0xd1,0x00,0x00,0x00,0x00,0x00,0x00,0x00,0xff,0xff,0xff,
    0x38,0x00,0x00,0x00,0x00,0x00,0x00,0x00,0x00,0x00,0x00,0x00,0x00,0x00,0x00,0x00,0x00,0x4c,0xff,0xff,
    0xf7,0x5c,0x2a,0x75,0xf7,0xff,0x4b,0x00,0xff,0xff,0xff,0x3c,0x00,0x00,0x00,0x00,0x00,0x5e,0xfe,0xff,
    0xdf,0x1d,0x00,0x00,0x00,0x00,0x00,0x00,0x2c,0xff,0xff,0xff,0x00,0x00,0x00,0x00,0x00,0xff,0xff,0xff,
    0x2c,0x00,0x00,0x00,0x00,0x00,0x00,0x00,0x00,0x00,0xff,0xff,0xff,0x2e,0xe0,0xff,0x88,0x00,0x00,0x00,
    0x00,0xff,0xff,0xff,0x2c,0x00,0x00,0x00,0x00,0x00,0x00,0x00,0xff,0xff,0xff,0x2c,0x5f,0xff,0xe7,0x09,
    0xf2,0xff,0x60,0x2c,0xff,0xff,0xff,0x00,0x00,0x00,0x00,0x00,0x00,0x00,0x00,0x00,0x00,0x24,0xfe,0xff,
    0xea,0x06,0x00,0x00,0x00,0x00,0x00,0x00,0x00,0x6e,0xff,0xff,0xff,0x34,0x00,0x00,0x00,0x00,0x00,0x00,
    0xff,0xff,0xff,0x38,0x00,0x00,0x00,0x00,0x00,0x00,0x00,0x00,0x00,0x00,0x00,0x00,0x00,0x00,0x00,0x00,
    0xb0,0xff,0xff,0x86,0x00,0x00,0x00,0x42,0xfb,0xe5,0x0b,0xff,0xff,0xff,0x3c,0x00,0x00,0x00,0x00,0x00,
    0xde,0xff,0xff,0x59,0x00,0x00,0x00,0x00,0x00,0x00,0x00,0x2c,0xff,0xff,0xff,0x00,0x00,0x00,0x00,0x00,
    0xff,0xff,0xff,0x2c,0x00,0x00,0x00,0x00,0x00,0x00,0x00,0x00,0x00,0xff,0xff,0xff,0x6f,0xff,0xfb,0x1c,
    0x00,0x00,0x00,0x00,0xff,0xff,0xff,0x2c,0x00,0x00,0x00,0x00,0x00,0x00,0x00,0xff,0xff,0xff,0x2c,0xa9,
    0xff,0x98,0x00,0xa9,0xff,0xa9,0x2c,0xff,0xff,0xff,0x00,0x00,0x00,0x00,0x00,0x00,0x00,0x00,0x00,0x00,
    0x8d,0xff,0xff,0xda,0x94,0x94,0x94,0x94,0x94,0x94,0x94,0x94,0xa5,0xff,0xff,0xff,0x96,0x00,0x00,0x00,
    0x00,0x00,0x00,0xff,0xff,0xff,0x38,0x00,0x00,0x00,0x00,0x00,0x00,0x00,0x00,0x00,0x00,0x00,0x00,0x00,
    0x00,0x00,0x00,0xed,0xff,0xff,0x3b,0x00,0x00,0x00,0x00,0x7f,0xff,0x7b,0xff,0xff,0xff,0x3c,0x00,0x00,
    0x00,0x00,0x00,0xfe,0xff,0xff,0x2f,0x00,0x00,0x00,0x00,0x00,0x00,0x00,0x2c,0xff,0xff,0xff,0x00,0x00,
    0x00,0x00,0x00,0xff,0xff,0xff,0x2c,0x00,0x00,0x00,0x00,0x00,0x00,0x00,0x00,0x00,0xff,0xff,0xff,0xb2,
    0xff,0xae,0x00,0x00,0x00,0x00,0x00,0xff,0xff,0xff,0x2c,0x00,0x00,0x00,0x00,0x00,0x00,0x00,0xff,0xff,
    0xff,0x2f,0xee,0xff,0x47,0x00,0x58,0xff,0xee,0x2f,0xff,0xff,0xff,0x00,0x00,0x00,0x00,0x00,0x00,0x00,
    0x00,0x00,0x09,0xed,0xff,0xff,0xff,0xff,0xff,0xff,0xff,0xff,0xff,0xff,0xff,0xff,0xff,0xff,0xff,0xef,
    0x08,0x00,0x00,0x00,0x00,0x00,0xff,0xff,0xff,0x38,0x00,0x00,0x00,0x00,0x00,0x00,0x00,0x00,0x00,0x00,
    0x00,0x00,0x00,0x00,0x00,0x12,0xff,0xff,0xff,0x12,0x00,0x00,0x00,0x00,0x08,0xe2,0xec,0xff,0xff,0xff,
    0x3c,0x00,0x00,0x00,0x00,0x00,0xff,0xff,0xff,0x2c,0x00,0x00,0x00,0x00,0x00,0x00,0x00,0x2c,0xff,0xff,
    0xff,0x00,0x00,0x00,0x00,0x00,0xff,0xff,0xff,0x2c,0x00,0x00,0x00,0x00,0x00,0x00,0x00,0x00,0x00,0xff,
    0xff,0xef,0xef,0xff,0x55,0x00,0x00,0x00,0x00,0x00,0xff,0xff,0xff,0x2c,0x00,0x00,0x00,0x00,0x00,0x00,
    0x00,0xff,0xff,0xff,0x68,0xff,0xf0,0x05,0x00,0x0d,0xf8,0xff,0x67,0xff,0xff,0xff,0x00,0x00,0x00,0x00,
    0x00,0x00,0x00,0x00,0x00,0x61,0xff,0xff,0xff,0xff,0xff,0xff,0xff,0xff,0xff,0xff,0xff,0xff,0xff,0xff,
    0xff,0xff,0xff,0x59,0x00,0x00,0x00,0x00,0x00,0xff,0xff,0xff,0x38,0x00,0x00,0x00,0x00,0x00,0x00,0x00,
    0x00,0x00,0x00,0x00,0x00,0x00,0x00,0x00,0x25,0xff,0xff,0xff,0x03,0x00,0x00,0x00,0x00,0x00,0x6c,0xff,
    0xff,0xff,0xff,0x3c,0x00,0x00,0x00,0x00,0x00,0xff,0xff,0xff,0x2c,0x00,0x00,0x00,0x00,0x00,0x00,0x00,
    0x2c,0xff,0xff,0xff,0x00,0x00,0x00,0x00,0x00,0xff,0xff,0xff,0x2f,0x02,0x00,0x00,0x00,0x00,0x00,0x00,
    0x00,0x00,0xff,0xff,0xfe,0xff,0xf5,0x0b,0x00,0x00,0x00,0x00,0x00,0xff,0xff,0xff,0x2c,0x00,0x00,0x00,
    0x00,0x00,0x00,0x00,0xff,0xff,0xff,0xb1,0xff,0xa4,0x00,0x00,0x00,0xb5,0xff,0xb0,0xff,0xff,0xff,0x00,
    0x00,0x00,0x00,0x00,0x00,0x00,0x00,0x00,0xcb,0xff,0xff,0x56,0x00,0x00,0x00,0x00,0x00,0x00,0x00,0x00,
    0x00,0x00,0x02,0xe1,0xff,0xff,0xbb,0x00,0x00,0x00,0x00,0x00,0xff,0xff,0xff,0x38,0x00,0x00,0x00,0x00,
    0x00,0x00,0x00,0x00,0x00,0x00,0x00,0x00,0x00,0x00,0x00,0x2d,0xff,0xff,0xff,0x06,0x00,0x00,0x00,0x00,
    0x00,0x0f,0xf5,0xff,0xff,0xff,0x3c,0x00,0x00,0x00,0x00,0x00,0xff,0xff,0xff,0x2c,0x00,0x00,0x00,0x00,
    0x00,0x00,0x00,0x2c,0xff,0xff,0xff,0x00,0x00,0x00,0x00,0x00,0xff,0xff,0xff,0xfc,0xf2,0x8d,0x04,0x00,
    0x00,0x00,0x00,0x00,0x00,0xff,0xff,0xff,0xff,0xab,0x00,0x00,0x00,0x00,0x00,0x00,0xff,0xff,0xff,0x2c,
    0x00,0x00,0x00,0x00,0x00,0x00,0x00,0xff,0xff,0xff,0xf3,0xff,0x53,0x00,0x00,0x00,0x64,0xff,0xf3,0xff,
    0xff,0xff,0x00,0x00,0x00,0x00,0x00,0x00,0x00,0x00,0x34,0xff,0xff,0xe6,0x05,0x00,0x00,0x00,0x00,0x00,
    0x00,0x00,0x00,0x00,0x00,0x00,0x82,0xff,0xff,0xfe,0x1f,0x00,0x00,0x00,0x00,0xff,0xff,0xff,0x38,0x00,
    0x00,0x00,0x00,0x00,0x00,0x00,0x00,0x00,0x00,0x00,0x00,0x00,0x00,0x00,0x25,0xff,0xff,0xff,0xdd,0xf4,
    0xcf,0x59,0x00,0x00,0x00,0xac,0xff,0xff,0xff,0x3c,0x00,0x00,0x00,0x00,0x00,0xff,0xff,0xff,0x2c,0x00,
    0x00,0x00,0x00,0x00,0x00,0x00,0x2c,0xff,0xff,0xff,0x00,0x00,0x00,0x00,0x00,0xff,0xff,0xff,0xff,0xff,
    0xff,0x77,0x00,0x00,0x00,0x00,0x00,0x00,0xff,0xff,0xff,0xff,0x5e,0x00,0x00,0x00,0x00,0x00,0x00,0xff,
    0xff,0xff,0x2c,0x00,0x00,0x00,0x00,0x00,0x00,0x00,0xff,0xff,0xff,0xff,0xf7,0x0b,0x00,0x00,0x00,0x15,
    0xfd,0xff,0xff,0xff,0xff,0x00,0x00,0x00,0x00,0x00,0x00,0x00,0x00,0x9f,0xff,0xff,0x80,0x00,0x00,0x00,
    0x00,0x00,0x00,0x00,0x00,0x00,0x00,0x00,0x00,0x21,0xfe,0xff,0xff,0x7f,0x00,0x00,0x00,0x00,0xff,0xff,
    0xff,0x38,0x00,0x00,0x00,0x00,0x00,0x00,0x00,0x00,0x00,0x00,0x00,0x00,0x00,0x00,0x00,0x12,0xff,0xff,
    0xff,0xfc,0xe5,0xfe,0xff,0x5e,0x00,0x00,0x63,0xff,0xff,0xff,0x3c,0x00,0x00,0x00,0x00,0x00,0xff,0xff,
    0xff,0x2c,0x00,0x00,0x00,0x00,0x00,0x00,0x00,0x2c,0xff,0xff,0xff,0x00,0x00,0x00,0x00,0x00,0xff,0xff,
    0xee,0x27,0x49,0xfe,0xda,0x00,0x00,0x00,0x00,0x00,0x00,0xff,0xff,0xff,0xff,0x20,0x00,0x00,0x00,0x00,
    0x00,0x00,0xff,0xff,0xff,0x2c,0x00,0x00,0x00,0x00,0x00,0x00,0x00,0xff,0xff,0xff,0xff,0xb1,0x00,0x00,
    0x00,0x00,0x00,0xc2,0xff,0xff,0xff,0xff,0x00,0x00,0x00,0x00,0x00,0x00,0x00,0x12,0xf6,0xff,0xfb,0x1a,
    0x00,0x00,0x00,0x00,0x00,0x00,0x00,0x00,0x00,0x00,0x00,0x00,0x00,0xbe,0xff,0xff,0xdf,0x01,0x00,0x00,
    0x00,0xff,0xff,0xff,0x38,0x00,0x00,0x00,0x00,0x00,0x00,0x00,0x00,0x00,0x00,0x00,0x00,0x00,0x00,0x00,
    0x00,0xe5,0xff,0xfb,0x2d,0x00,0x42,0xff,0xc8,0x00,0x00,0x30,0xff,0xff,0xff,0x3c,0x00,0x00,0x00,0x00,
    0x00,0xff,0xff,0xff,0x2c,0x00,0x00,0x00,0x00,0x00,0x00,0x00,0x2c,0xff,0xff,0xff,0x00,0x00,0x00,0x00,
    0x00,0xf0,0xff,0xb1,0x00,0x00,0xe2,0xf5,0x00,0x00,0x00,0x00,0x00,0x00,0xff,0xff,0xff,0xe3,0x00,0x00,
    0x00,0x00,0x00,0x00,0x00,0xff,0xff,0xff,0x2c,0x00,0x00,0x00,0x00,0x00,0x00,0x00,0xff,0xff,0xff,0xff,
    0x5f,0x00,0x00,0x00,0x00,0x00,0x70,0xff,0xff,0xff,0xff,0x00,0x00,0x00,0x00,0x00,0x00,0x00,0x73,0xff,
    0xff,0xaa,0x00,0x00,0x00,0x00,0x00,0x00,0x00,0x00,0x00,0x00,0x00,0x00,0x00,0x00,0x5d,0xff,0xff,0xff,
    0x43,0x00,0x00,0x00,0xff,0xff,0xff,0x38,0x00,0x00,0x00,0x00,0x00,0x00,0x00,0x00,0x00,0x00,0x00,0x00,
    0x00,0x00,0x00,0x00,0x92,0xff,0xfb,0x2c,0x00,0x45,0xff,0xcb,0x00,0x00,0x10,0xff,0xff,0xff,0x3c,0x00,
    0x00,0x00,0x00,0x00,0xff,0xff,0xff,0x2c,0x00,0x00,0x00,0x00,0x00,0x00,0x00,0x2c,0xff,0xff,0xff,0x00,
    0x00,0x00,0x00,0x00,0xc2,0xff,0xe4,0x0f,0x2b,0xfb,0xd1,0x00,0x00,0x00,0x00,0x00,0x00,0xff,0xff,0xff,
    0xa6,0x00,0x00,0x00,0x00,0x00,0x00,0x00,0xff,0xff,0xff,0x2c,0x00,0x00,0x00,0x00,0x00,0x00,0x00,0xff,
    0xff,0xff,0xfb,0x12,0x00,0x00,0x00,0x00,0x00,0x1f,0xff,0xff,0xff,0xff,0x00,0x00,0x00,0x00,0x00,0x00,
    0x01,0xdb,0xff,0xff,0x3f,0x00,0x00,0x00,0x00,0x00,0x00,0x00,0x00,0x00,0x00,0x00,0x00,0x00,0x00,0x09,
    0xf1,0xff,0xff,0xa5,0x00,0x00,0x00,0xff,0xff,0xff,0x38,0x00,0x00,0x00,0x00,0x00,0x00,0x00,0x00,0x00,
    0x00,0x00,0x00,0x00,0x00,0x00,0x00,0x15,0xe2,0xff,0xfc,0xe5,0xfe,0xff,0x63,0x00,0x00,0x01,0xff,0xff,
    0xff,0x3c,0x00,0x00,0x00,0x00,0x00,0xff,0xff,0xff,0x2c,0x00,0x00,0x00,0x00,0x00,0x00,0x00,0x2c,0xff,
    0xff,0xff,0x00,0x00,0x00,0x00,0x00,0x42,0xfe,0xff,0xef,0xf7,0xff,0x5d,0x00,0x00,0x00,0x00,0x00,0x00,
    0xff,0xff,0xff,0x6e,0x00,0x00,0x00,0x00,0x00,0x00,0x00,0xff,0xff,0xff,0x2c,0x00,0x00,0x00,0x00,0x00,
    0x00,0x00,0xff,0xff,0xff,0xbd,0x00,0x00,0x00,0x00,0x00,0x00,0x00,0xce,0xff,0xff,0xff,0x00,0x00,0x00,
    0x00,0x00,0x00,0x47,0xff,0xff,0xd5,0x00,0x00,0x00,0x00,0x00,0x00,0x00,0x00,0x00,0x00,0x00,0x00,0x00,
    0x00,0x00,0x00,0x99,0xff,0xff,0xf6,0x0f,0x00,0x00,0xff,0xff,0xff,0x38,0x00,0x00,0x00,0x00,0x00,0x00,
    0x00,0x00,0x00,0x00,0x00,0x00,0x00,0x00,0x00,0x00,0x00,0x19,0x9e,0xec,0xfb,0xdb,0x6b,0x00,0x00,0x00,
    0x00,0xff,0xff,0xff,0x3c,0x00,0x00,0x00,0x00,0x00,0xff,0xff,0xff,0x2c,0x00,0x00,0x00,0x00,0x00,0x00,
    0x00,0x2c,0xff,0xff,0xff,0x00,0x00,0x00,0x00,0x00,0x00,0x51,0xd5,0xf9,0xd0,0x60,0x00,0x00,0x00,0x00,
    0x00,0x00,0x00,0xff,0xff,0xff,0x40,0x00,0x00,0x00,0x00,0x00,0x00,0x00,0xff,0xff,0xff,0x2c,0x00,0x00,
    0x00,0x00,0x00,0x00,0x00,0xff,0xff,0xff,0x6c,0x00,0x00,0x00,0x00,0x00,0x00,0x00,0x7d,0xff,0xff,0xff,
    0x00,0x00,0x00,0x00,0x00,0x00,0x00,0x00,0x00,0x00,0x00,0x00,0x00,0x00,0x00,0x00,0x00,0x00,0x00,0x00,
    0x00,0x00,0x00,0x00,0x00,0x00,0x00,0x00,0x00,0x00,0x00,0x00,0x00,0x00,0x00,0x00,0x00,0x00,0x00,0x00,
    0x00,0x00,0x00,0x00,0x00,0x00,0x00,0x00,0x00,0x00,0x00,0x00,0x00,0x00,0x00,0x00,0x00,0x00,0x00,0x00,
    0x00,0x00,0x00,0x00,0x3c,0x3c,0x3c,0x0e,0x00,0x00,0x00,0x00,0x00,0x00,0x00,0x00,0x00,0x00,0x00,0x00,
    0x00,0x00,0x00,0x00,0x00,0x00,0x00,0x00,0x00,0x00,0x00,0x00,0x00,0x00,0x00,0x00,0x00,0x00,0x00,0x00,
    0x00,0x00,0x00,0x00,0x00,0x00,0x00,0x00,0x00,0x00,0x00,0x00,0x00,0x00,0x00,0x00,0x00,0x00,0x00,0x00,
    0x00,0x00,0x00,0x00,0x00,0x00,0x00,0x00,0x00,0x00,0x00,0x00,0x00,0x00,0x00,0x00,0x00,0x00,0x00,0x00,
    0x00,0x00,0x00,0x00,0x00,0x00,0x00,0x00,0x00,0x00,0x00,0x00,0x00,0x00,0x00,0x00,0x00,0x00,0x00,0x00,
    0x00,0x00,0x00,0x00,0x00,0x00,0x00,0x00,0x00,0x00,0x00,0x00,0x00,0x00,0x00,0x00,0x00,0x00,0x00,0x00,
    0x00,0x00,0x00,0x00,0x00,0x00,0x00,0x00,0x00,0x00,0x00,0x00,0x00,0x00,0x00,0x00,0x00,0x00,0x00,0x00,
    0x00,0x0f,0x1e,0x04,0x00,0x00,0x00,0x40,0x4c,0x46,0x00,0x00,0x00,0x00,0x00,0x00,0x00,0x00,0x00,0x00,
    0x00,0x00,0x00,0x00,0x00,0x00,0x00,0x00,0x00,0x00,0x00,0x00,0x00,0x00,0x00,0x00,0x00,0x00,0x00,0x00,
    0x00,0x00,0x00,0x00,0x00,0x00,0x00,0x00,0x00,0x00,0x00,0x00,0x00,0x00,0x00,0x00,0x00,0x00,0x00,0x00,
    0x00,0x00,0x00,0x00,0x00,0x00,0x00,0x00,0x00,0x00,0x00,0x00,0x00,0x00,0x00,0x00,0x00,0x00,0x00,0x00,
    0x00,0x00,0x00,0x00,0x00,0x00,0x00,0x00,0x00,0x00,0x00,0x00,0x00,0x00,0x00,0x00,0x00,0x00,0x00,0x00,
    0x00,0x00,0x00,0x00,0x00,0x00,0x00,0x00,0x00,0x00,0x00,0x00,0x00,0x00,0x00,0x00,0x00,0x00,0x00,0x00,
    0x00,0x00,0x00,0x00,0x00,0x00,0x00,0x00,0x00,0x00,0x00,0x00,0x00,0x00,0x00,0x00,0x00,0x00,0x00,0x00,
    0x00,0x00,0x14,0xb9,0xff,0xff,0xec,0x58,0x00,0x00,0xd8,0xff,0xec,0x00,0x00,0x00,0x00,0x00,0x00,0x00,
    0x00,0x00,0x00,0x00,0x00,0x00,0x00,0x00,0x00,0x00,0x00,0x00,0x00,0x00,0x00,0x00,0x00,0x00,0x00,0x00,
    0x00,0x00,0x00,0x00,0x00,0x00,0x00,0x00,0x00,0x00,0x00,0x00,0x00,0x00,0x00,0x00,0x00,0x00,0x00,0x00,
    0x00,0x00,0x00,0x00,0x00,0x00,0x00,0x00,0x00,0x00,0x00,0x00,0x00,0x00,0x00,0x00,0x00,0x00,0x00,0x00,
    0x00,0x00,0x00,0x00,0x00,0x00,0x00,0x00,0x00,0x00,0x00,0x00,0x00,0x00,0x00,0x00,0x00,0x00,0x00,0x00,
    0x00,0x00,0x00,0x00,0x00,0x00,0x00,0x00,0x00,0x00,0x00,0x00,0x00,0x00,0x00,0x00,0x00,0x00,0x00,0x00,
    0x00,0x00,0x00,0x00,0x00,0x00,0x00,0x00,0x00,0x00,0x00,0x00,0x00,0x00,0x00,0x00,0x00,0x00,0x00,0x00,
    0x00,0x00,0x00,0x00,0x00,0x9a,0xfa,0x35,0x0b,0xb2,0xf5,0x0b,0x00,0xd8,0xff,0xec,0x00,0x00,0x00,0x00,
    0x00,0x00,0x00,0x00,0x00,0x00,0x00,0x00,0x00,0x00,0x00,0x00,0x00,0x00,0x00,0x00,0x00,0x00,0x00,0x00,
    0x00,0x00,0x00,0x00,0x00,0x00,0x00,0x00,0x00,0x00,0x00,0x00,0x00,0x00,0x00,0x00,0x00,0x00,0x00,0x00,
    0x00,0x00,0x00,0x00,0x00,0x00,0x00,0x00,0x00,0x00,0x00,0x00,0x00,0x00,0x00,0x00,0x00,0x00,0x00,0x00,
    0x00,0x00,0x00,0x00,0x00,0x00,0x00,0x00,0x00,0x00,0x00,0x00,0x00,0x00,0x00,0x00,0x00,0x00,0x00,0x00,
    0x00,0x00,0x00,0x00,0x00,0x00,0x00,0x00,0x00,0x00,0x00,0x00,0x00,0x00,0x00,0x00,0x00,0x00,0x00,0x00,
    0x00,0x00,0x00,0x00,0x00,0x00,0x00,0x00,0x00,0x00,0x00,0x00,0x00,0x00,0x00,0x00,0x00,0x00,0x00,0x00,
    0x00,0x00,0x00,0x00,0x00,0x00,0x00,0x00,0xbe,0xf1,0x06,0x00,0x88,0xff,0x30,0x00,0xd8,0xff,0xec,0x00,
    0x00,0x00,0x00,0x00,0x00,0x00,0x00,0x00,0x00,0x00,0x00,0x00,0x00,0x00,0x00,0x00,0x00,0x00,0x00,0x00,
    0x00,0x00,0x00,0x00,0x00,0x00,0x00,0x00,0x00,0x00,0x00,0x00,0x00,0x00,0x00,0x00,0x00,0x00,0x00,0x00,
    0x00,0x00,0x00,0x00,0x00,0x00,0x00,0x00,0x00,0x00,0x00,0x00,0x00,0x00,0x00,0x00,0x00,0x00,0x00,0x00,
    0x00,0x00,0x00,0x00,0x00,0x00,0x00,0x00,0x00,0x00,0x00,0x00,0x00,0x00,0x00,0x00,0x00,0x00,0x00,0x00,
    0x00,0x00,0x00,0x00,0x00,0x00,0x00,0x00,0x00,0x00,0x00,0x00,0x00,0x00,0x00,0x00,0x00,0x00,0x00,0x00,
    0x00,0x00,0x00,0x00,0x00,0x00,0x00,0x00,0x00,0x00,0x00,0x00,0x00,0x00,0x00,0x00,0x00,0x00,0x00,0x00,
    0x00,0x00,0x00,0x00,0x00,0x00,0x00,0x00,0x00,0x00,0x00,0x5a,0xfb,0xc7,0xa0,0xf5,0xff,0x38,0x00,0xd8,
    0xff,0xec,0x00,0x00,0x00,0x00,0x00,0x00,0x00,0x00,0x00,0x00,0x00,0x00,0x00,0x00,0x00,0x00,0x00,0x00,
    0x00,0x00,0x00,0x00,0x00,0x00,0x00,0x00,0x00,0x00,0x00,0x00,0x00,0x00,0x00,0x00,0x00,0x00,0x00,0x00,
    0x00,0x00,0x00,0x00,0x00,0x00,0x00,0x00,0x00,0x00,0x00,0x00,0x00,0x00,0x00,0x00,0x00,0x00,0x00,0x00,
    0x00,0x00,0x00,0x00,0x00,0x00,0x00,0x00,0x00,0x00,0x00,0x00,0x00,0x00,0x00,0x00,0x00,0x00,0x00,0x00,
    0x00,0x00,0x00,0x00,0x00,0x00,0x00,0x00,0x00,0x00,0x00,0x00,0x00,0x00,0x00,0x00,0x00,0x00,0x00,0x00,
    0x00,0x00,0x00,0x00,0x00,0x00,0x00,0x00,0x00,0x00,0x00,0x00,0x00,0x00,0x00,0x00,0x00,0x00,0x00,0x00,
    0x00,0x00,0x00,0x00,0x00,0x00,0x00,0x00,0x00,0x00,0x00,0x00,0x00,0x00,0x00,0x2a,0x71,0xe0,0xff,0xff,
    0x38,0x00,0xd8,0xff,0xec,0x00,0x00,0x00,0x00,0x00,0x00,0x00,0x00,0x00,0x00,0x00,0x00,0x00,0x00,0x00,
    0x00,0x00,0x00,0x00,0x00,0x00,0x00,0x00,0x00,0x00,0x00,0x00,0x00,0x00,0x00,0x00,0x00,0x00,0x00,0x00,
    0x00,0x00,0x00,0x00,0x00,0x00,0x00,0x00,0x00,0x00,0x00,0x00,0x00,0x00,0x00,0x00,0x00,0x00,0x00,0x00,
    0x00,0x00,0x00,0x00,0x00,0x00,0x00,0x00,0x00,0x00,0x00,0x00,0x00,0x00,0x00,0x00,0x00,0x00,0x00,0x00,
    0x00,0x00,0x00,0x00,0x00,0x00,0x00,0x00,0x00,0x00,0x00,0x00,0x00,0x00,0x00,0x00,0x00,0x00,0x00,0x00,
    0x00,0x00,0x00,0x00,0x00,0x00,0x00,0x00,0x00,0x00,0x00,0x00,0x00,0x00,0x00,0x00,0x00,0x00,0x00,0x00,
    0x00,0x00,0x00,0x00,0x00,0x00,0x00,0x00,0x00,0x00,0x00,0x00,0x00,0x00,0x00,0x00,0x00,0x00,0x00,0x00,
    0xc8,0xff,0xff,0xff,0xff,0xff,0xff,0xec,0x00,0x00,0x00,0x00,0x00,0x00,0x00,0x00,0x00,0x00,0x00,0x00,
    0x00,0x00,0x00,0x00,0x00,0x00,0x00,0x00,0x00,0x00,0x00,0x00,0x00,0x00,0x00,0x00,0x00,0x00,0x00,0x00,
    0x00,0x00,0x00,0x00,0x00,0x00,0x00,0x00,0x00,0x00,0x00,0x00,0x00,0x00,0x00,0x00,0x00,0x00,0x00,0x00,
    0x00,0x00,0x00,0x00,0x00,0x00,0x00,0x00,0x00,0x00,0x00,0x00,0x00,0x00,0x00,0x00,0x00,0x00,0x00,0x00,
    0x00,0x00,0x00,0x00,0x00,0x00,0x00,0x00,0x00,0x00,0x00,0x00,0x00,0x00,0x00,0x00,0x00,0x00,0x00,0x00,
    0x00,0x00,0x00,0x00,0x00,0x00,0x00,0x00,0x00,0x00,0x00,0x00,0x00,0x00,0x00,0x00,0x00,0x00,0x00,0x00,
    0x00,0x00,0x00,0x00,0x00,0x00,0x00,0x00,0x00,0x00,0x00,0x00,0x00,0x00,0x00,0x00,0x00,0x00,0x00,0x00,
    0x00,0x00,0x00,0xa8,0xd8,0xd8,0xd8,0xd8,0xd8,0xd8,0xc7,0x00,0x00,0x00,0x00,0x00,0x00,0x00,0x00,0x00,
    0x00,0x00,0x00,0x00,0x00,0x00,0x00,0x00,0x00,0x00,0x00,0x00,0x00,0x00,0x00,0x00,0x00,0x00,0x00,0x00,
    0x00,0x00,0x00,0x00,0x00,0x00,0x00,0x00,0x00,0x00,0x00,0x00,0x00,0x00,0x00,0x00,0x00,0x00,0x00,0x00,
    0x00,0x00,0x00,0x00,0x00,0x00,0x00,0x00,0x00,0x00,0x00,0x00,0x00,0x00,0x00,0x00,0x00,0x00,0x00,0x00,
    0x00,0x00,0x00,0x00,0x00,0x00,0x00,0x00,0x00,0x00,0x00,0x00,0x00,0x00,0x00,0x00,0x00,0x00,0x00,0x00,
    0x00,0x00,0x00,0x00,0x00,0x00,0x00,0x00,0x00,0x00,0x00,0x00,0x00,0x00,0x00,0x00,0x00,0x00,0x00,0x00,
    0x00,0x00,0x00,0x00,0x00,0x00,0x00,0x00,0x00,0x00,0x00,0x00,0x00,0x00,0x00,0x00,0x00,0x00,0x00,0x00,
    0x00,0x00,0x00,0x00,0x00,0x00,0x00,0x00,0x00,0x00,0x00,0x00,0x00,0x00,0x00,0x00,0x00,0x00,0x00,0x00,
    0x00,0x00,0x00,0x00,0x00,0x00,0x00,0x00,0x00,0x00,0x00,0x00,0x00,0x00,0x00,0x00,0x00,0x00,0x00,0x00,
    0x00,0x00,0x00,0x00,0x00,0x00,0x00,0x00,0x00,0x00,0x00,0x00,0x00,0x00,0x00,0x00,0x00,0x00,0x00,0x00,
    0x00,0x00,0x00,0x00,0x00,0x00,0x00,0x00,0x00,0x00,0x00,0x00,0x00,0x00,0x00,0x00,0x00,0x00,0x00,0x00,
    0x00,0x00,0x00,0x00,0x00,0x00,0x00,0x00,0x00,0x00,0x00,0x00,0x00,0x00,0x00,0x00,0x00,0x00,0x00,0x00,
    0x00,0x00,0x00,0x00,0x00,0x00,0x00,0x00,0x00,0x00,0x00,0x00,0x00,0x00,0x00,0x00,0x00,0x00,0x00,0x00,
    0x00,0x00,0x00,0x00,0x00,0x00,0x00,0x00,0x00,0x00,0x00,0x00,0x00,0x00,0x00,0x00,0x00,0x00,0x00,0x00,
    0x00,0x00,0x00,0x00,0x00,0x00,0x00,0x00,0x00,0x00,0x00,0x00,0x00,0x00,0x00,0x00,0x00,0x00,0x00,0x00,
    0x00,0x00,0x00,0x00,0x00,0x00,0x00,0x00,0x00,0x00,0x00,0x00,0x00,0x00,0x00,0x00,0x00,0x00,0x00,0x00,
    0x00,0x00,0x00,0x00,0x00,0x00,0x00,0x00,0x00,0x00,0x00,0x00,0x00,0x00,0x00,0x00,0x00,0x00,0x00,0x00,
    0x00,0x00,0x00,0x00,0x00,0x00,0x00,0x00,0x00,0x00,0x00,0x00,0x00,0x00,0x00,0x00,0x00,0x00,0x00,0x00,
    0x00,0x00,0x00,0x00,0x00,0x00,0x00,0x00,0x00,0x00,0x00,0x00,0x00,0x00,0x00,0x00,0x00,
};
const lv_image_dsc_t img_title = {
    .header.magic = LV_IMAGE_HEADER_MAGIC,
    .header.cf = LV_COLOR_FORMAT_A8,
    .header.w = 143,
    .header.h = 39,
    .header.stride = 143,
    .data_size = sizeof(img_title_map),
    .data = img_title_map,
};

// สแกน QR เพื่อเชื่อมต่อบอร์ด  (237x30)
static const uint8_t img_scan_ap_map[] = {
    0x00,0x00,0x00,0x00,0x00,0x00,0x00,0x00,0x00,0x00,0x00,0x00,0x00,0x00,0x00,0x00,0x00,0x00,0x00,0x00,
    0x00,0x00,0x00,0x00,0x00,0x00,0x00,0x00,0x00,0x00,0x00,0x00,0x00,0x00,0x00,0x00,0x00,0x00,0x00,0x00,
    0x00,0x00,0x00,0x00,0x00,0x00,0x00,0x00,0x00,0x00,0x00,0x00,0x00,0x00,0x00,0x00,0x00,0x00,0x00,0x00,
    0x00,0x00,0x00,0x00,0x00,0x00,0x00,0x00,0x00,0x00,0x00,0x00,0x00,0x00,0x00,0x00,0x00,0x00,0x00,0x00,
    0x00,0x00,0x00,0x00,0x00,0x00,0x00,0x00,0x00,0x00,0x00,0x00,0x00,0x00,0x00,0x00,0x00,0x00,0x00,0x00,
    0x00,0x00,0x00,0x00,0x00,0x00,0x00,0x00,0x00,0x00,0x00,0x00,0x00,0x00,0x00,0x00,0x00,0x00,0x00,0x00,
    0x00,0x00,0x00,0x00,0x00,0x00,0x00,0x00,0x00,0x00,0x00,0x00,0x00,0x00,0x00,0x00,0x00,0x00,0x00,0x00,
    0x00,0x00,0x00,0x00,0x00,0x00,0x00,0x00,0x00,0x00,0x00,0x00,0x00,0x00,0x00,0x00,0x00,0x00,0x00,0x00,
    0x00,0x00,0x00,0x00,0x00,0x00,0x00,0x00,0x00,0x00,0x00,0x00,0x00,0x00,0x00,0x00,0x00,0x00,0x00,0x00,
    0x00,0x00,0x00,0x00,0x00,0x00,0x00,0x00,0x00,0x00,0x00,0x00,0x00,0x00,0x00,0x00,0x00,0x00,0x00,0x00,
    0x00,0x00,0x00,0x00,0x00,0x00,0x00,0x00,0x00,0x00,0x00,0x00,0x00,0x00,0x00,0x00,0x00,0x00,0x00,0x00,
    0x00,0x00,0x00,0x00,0x00,0x00,0x00,0x00,0x00,0x00,0x00,0x00,0x00,0x00,0x00,0x00,0x00,0x00,0x00,0x00,
    0x00,0x00,0x00,0x00,0x00,0x00,0x00,0x00,0x00,0x00,0x00,0x00,0x00,0x00,0x00,0x00,0x00,0x00,0x00,0x00,
    0x00,0x00,0x00,0x00,0x00,0x00,0x00,0x00,0x00,0x00,0x00,0x00,0x00,0x00,0x00,0x00,0x00,0x00,0x00,0x00,
    0x00,0x00,0x00,0x00,0x00,0x00,0x00,0x00,0x00,0x00,0x00,0x00,0x00,0x00,0x00,0x00,0x00,0x00,0x00,0x00,
    0x00,0x00,0x00,0x00,0x00,0x00,0x00,0x00,0x00,0x00,0x00,0x00,0x00,0x00,0x00,0x00,0x00,0x00,0x00,0x00,
    0x00,0x00,0x00,0x00,0x00,0x00,0x00,0x00,0x00,0x00,0x00,0x00,0x00,0x00,0x00,0x00,0x00,0x00,0x00,0x00,
    0x00,0x00,0x00,0x00,0x00,0x00,0x00,0x00,0x00,0x00,0x00,0x00,0x00,0x00,0x00,0x00,0x00,0x00,0x00,0x00,
    0x00,0x00,0x00,0x00,0x00,0x00,0x00,0x00,0x00,0x00,0x00,0x00,0x00,0x00,0x00,0x00,0x00,0x00,0x00,0x00,
    0x00,0x00,0x00,0x00,0x00,0x00,0x00,0x00,0x00,0x00,0x00,0x00,0x00,0x00,0x00,0x00,0x00,0x00,0x00,0x00,
    0x00,0x00,0x00,0x00,0x00,0x00,0x00,0x00,0x00,0x00,0x00,0x00,0x00,0x00,0x00,0x00,0x00,0x00,0x00,0x00,
    0x00,0x00,0x00,0x00,0x00,0x00,0x00,0x00,0x00,0x00,0x00,0x00,0x00,0x00,0x00,0x00,0x00,0x00,0x00,0x00,
    0x00,0x00,0x00,0x00,0x00,0x00,0x00,0x00,0x00,0x00,0x00,0x00,0x00,0x00,0x00,0x00,0x00,0x00,0x00,0x00,
    0x00,0x00,0x00,0x00,0x00,0x00,0x00,0x00,0x00,0x00,0x00,0x00,0x00,0x00,0x00,0x00,0x00,0x00,0x00,0x00,
    0x00,0x00,0x00,0x00,0x00,0x00,0x00,0x00,0x00,0x00,0x00,0x00,0x00,0x00,0x00,0x00,0x00,0x00,0x00,0x00,
    0x00,0x00,0x00,0x00,0x00,0x00,0x00,0x00,0x00,0x00,0x00,0x00,0x00,0x00,0x00,0x00,0x00,0x00,0x00,0x00,
    0x00,0x00,0x00,0x00,0x00,0x00,0x00,0x00,0x00,0x00,0x00,0x00,0x00,0x00,0x00,0x00,0x00,0x00,0x00,0x00,
    0x00,0x00,0x00,0x00,0x00,0x00,0x00,0x00,0x00,0x00,0x00,0x00,0x00,0x00,0x00,0x00,0x00,0x00,0x00,0x00,
    0x00,0x00,0x00,0x00,0x00,0x00,0x00,0x00,0x00,0x00,0x00,0x00,0x00,0x00,0x00,0x00,0x00,0x00,0x00,0x18,
    0xff,0x98,0x00,0x00,0x00,0x00,0x00,0x00,0x00,0x00,0x00,0x00,0x00,0x00,0x00,0x00,0x00,0x00,0x00,0x00,
    0x00,0x00,0x00,0x00,0x00,0x00,0x00,0x00,0x00,0x00,0x7c,0xff,0x2c,0x00,0x00,0x00,0x00,0x00,0x00,0x00,
    0x00,0x00,0x00,0x00,0x00,0x00,0x00,0x00,0x00,0x00,0x00,0x00,0x00,0x00,0x00,0x00,0x00,0x00,0x00,0x00,
    0x00,0x00,0x00,0x00,0x00,0x00,0x00,0x00,0x00,0x00,0x00,0x00,0x00,0x00,0x00,0x00,0x00,0x00,0x00,0x00,
    0x00,0x00,0x00,0x00,0x00,0x00,0x00,0x00,0x00,0x00,0x00,0x00,0x00,0x00,0x00,0x00,0x00,0x00,0x00,0x00,
    0x00,0x00,0x00,0x00,0x00,0x00,0x00,0x00,0x00,0x00,0x00,0x00,0x00,0x00,0x00,0x00,0x00,0x00,0x00,0x00,
    0x00,0x00,0x00,0x00,0x00,0x00,0x00,0x00,0x00,0x00,0x00,0x00,0x00,0x00,0x00,0x00,0x00,0x00,0x00,0x00,
    0x00,0x00,0x00,0x00,0x00,0x00,0x00,0x00,0x00,0x00,0x00,0x00,0x00,0x00,0x00,0x00,0x00,0x00,0x00,0x00,
    0x00,0x00,0x00,0x00,0x00,0x00,0x00,0x00,0x00,0x00,0x00,0x00,0x00,0x00,0x00,0x00,0x00,0x00,0x00,0x00,
    0x00,0x00,0x00,0x00,0x00,0x00,0x00,0x00,0x00,0x00,0x00,0x00,0x00,0x00,0x00,0x00,0x00,0x00,0x00,0x00,
    0x00,0x00,0x00,0x00,0x00,0x00,0x00,0x00,0x00,0x00,0x00,0x00,0x00,0x00,0x00,0x00,0x00,0x00,0x00,0x00,
    0x00,0x00,0x00,0x00,0x00,0x00,0x00,0x00,0x00,0x00,0x00,0x00,0x00,0x00,0x00,0x00,0x18,0xff,0x98,0x00,
    0x00,0x00,0x00,0x00,0x00,0x00,0x00,0x00,0x00,0x00,0x00,0x00,0x00,0x00,0x00,0x00,0x00,0x00,0x00,0x00,
    0x00,0x00,0x00,0x00,0x00,0x00,0x00,0x7c,0xff,0x2c,0x00,0x00,0x00,0x00,0x00,0x00,0x00,0x00,0x00,0x00,
    0x00,0x00,0x00,0x00,0x00,0x00,0x00,0x00,0x00,0x00,0x00,0x00,0x00,0x00,0x00,0x00,0x00,0x00,0x00,0x00,
    0x00,0x00,0x00,0x00,0x00,0x00,0x00,0x00,0x00,0x00,0x00,0x00,0x00,0x00,0x00,0x00,0x00,0x00,0x00,0x00,
    0x00,0x00,0x00,0x00,0x00,0x00,0x00,0x00,0x00,0x00,0x00,0x00,0x00,0x00,0x00,0x00,0x00,0x00,0x00,0x00,
    0x00,0x00,0x00,0x00,0x00,0x00,0x00,0x00,0x00,0x00,0x00,0x00,0x00,0x00,0x00,0x00,0x00,0x00,0x00,0x00,
    0x00,0x00,0x00,0x00,0x00,0x00,0x00,0x00,0x00,0x00,0x00,0x00,0x00,0x00,0x00,0x00,0x00,0x00,0x00,0x00,
    0x00,0x00,0x00,0x00,0x00,0x00,0x00,0x00,0x00,0x00,0x00,0x00,0x00,0x00,0x00,0x00,0x00,0x00,0x00,0x00,
    0x00,0x00,0x00,0x00,0x00,0x00,0x00,0x00,0x00,0x00,0x00,0x00,0x00,0x00,0x00,0x00,0x00,0x00,0x00,0x00,
    0x00,0x00,0x00,0x00,0x00,0x00,0x00,0x00,0x00,0x00,0x00,0x00,0x00,0x00,0x00,0x00,0x00,0x00,0x00,0x00,
    0x00,0x00,0x00,0x00,0x00,0x00,0x00,0x00,0x00,0x00,0x00,0x00,0x00,0x00,0x00,0x00,0x00,0x00,0x00,0x00,
    0x00,0x00,0x00,0x00,0x00,0x00,0x00,0x00,0x00,0x00,0x00,0x00,0x00,0x18,0xff,0x98,0x00,0x00,0x00,0x00,
    0x00,0x00,0x00,0x00,0x00,0x00,0x00,0x00,0x00,0x00,0x00,0x00,0x00,0x00,0x00,0x00,0x00,0x00,0x00,0x00,
    0x00,0x00,0x00,0x00,0x7c,0xff,0x2c,0x00,0x00,0x00,0x00,0x00,0x00,0x00,0x00,0x00,0x00,0x00,0x00,0x00,
    0x00,0x00,0x00,0x00,0x00,0x00,0x00,0x00,0x00,0x00,0x00,0x00,0x00,0x00,0x00,0x00,0x00,0x00,0x00,0x00,
    0x00,0x00,0x00,0x00,0x00,0x00,0x00,0x00,0x00,0x00,0x00,0x00,0x00,0x00,0x00,0x00,0x00,0x00,0x00,0x00,
    0x00,0x00,0x00,0x00,0x00,0x00,0x00,0x00,0x00,0x00,0x00,0x00,0x00,0x00,0x00,0x00,0x00,0x00,0x00,0x00,
    0x00,0x00,0x00,0x00,0x00,0x00,0x00,0x00,0x00,0x01,0x50,0x17,0x00,0x00,0x00,0x00,0x00,0x00,0x00,0x00,
    0x00,0x00,0x00,0x00,0x00,0x00,0x00,0x00,0x00,0x00,0x00,0x00,0x00,0x00,0x00,0x00,0x00,0x00,0x00,0x00,
    0x00,0x00,0x00,0x00,0x00,0x00,0x00,0x00,0x00,0x00,0x00,0x00,0x00,0x00,0x00,0x00,0x00,0x00,0x00,0x00,
    0x00,0x00,0x00,0x00,0x00,0x00,0x00,0x00,0x00,0x00,0x00,0x00,0x00,0x00,0x00,0x00,0x00,0x00,0x00,0x00,
    0x00,0x00,0x00,0x00,0x00,0x00,0x00,0x00,0x00,0x00,0x00,0x00,0x00,0x00,0x00,0x00,0x00,0x00,0x00,0x00,
    0x00,0x00,0x00,0x00,0x00,0x00,0x00,0x00,0x00,0x00,0x00,0x00,0x00,0x00,0x00,0x00,0x00,0x00,0x00,0x00,
    0x00,0x00,0x00,0x00,0x00,0x00,0x00,0x00,0x00,0x00,0x06,0x44,0x28,0x00,0x00,0x00,0x00,0x00,0x00,0x00,
    0x00,0x00,0x00,0x00,0x00,0x00,0x00,0x00,0x00,0x00,0x00,0x00,0x00,0x00,0x00,0x00,0x00,0x00,0x00,0x00,
    0x00,0x20,0x44,0x0b,0x00,0x00,0x00,0x00,0x00,0x00,0x00,0x00,0x00,0x00,0x00,0x00,0x00,0x00,0x00,0x00,
    0x00,0x00,0x00,0x00,0x00,0x00,0x00,0x00,0x00,0x00,0x00,0x00,0x00,0x00,0x00,0x00,0x00,0x00,0x00,0x00,
    0x00,0x00,0x00,0x00,0x00,0x00,0x00,0x00,0x00,0x00,0x00,0x00,0x00,0x00,0x00,0x00,0x00,0x00,0x00,0x00,
    0x00,0x00,0x00,0x00,0x00,0x00,0x00,0x00,0x00,0x00,0x00,0x00,0x00,0x00,0x00,0x00,0x00,0x00,0x00,0x00,
    0x00,0x00,0x00,0x00,0x00,0x00,0x37,0xff,0xbf,0x00,0x00,0x00,0x00,0x00,0x00,0x00,0x00,0x00,0x00,0x00,
    0x00,0x00,0x00,0x00,0x00,0x00,0x00,0x00,0x00,0x00,0x00,0x00,0x00,0x00,0x00,0x00,0x00,0x00,0x00,0x00,
    0x00,0x00,0x00,0x00,0x00,0x00,0x00,0x00,0x00,0x00,0x00,0x00,0x00,0x00,0x00,0x00,0x00,0x00,0x00,0x00,
    0x00,0x00,0x00,0x00,0x00,0x00,0x00,0x00,0x00,0x00,0x00,0x00,0x00,0x00,0x00,0x00,0x00,0x00,0x00,0x00,
    0x00,0x00,0x00,0x00,0x00,0x00,0x00,0x00,0x00,0x00,0x00,0x00,0x00,0x00,0x00,0x00,0x00,0x00,0x00,0x00,
    0x00,0x00,0x00,0x00,0x00,0x00,0x00,0x00,0x00,0x00,0x00,0x00,0x00,0x00,0x00,0x00,0x00,0x00,0x00,0x00,
    0x00,0x00,0x00,0x00,0x00,0x22,0xac,0x28,0xac,0x3d,0x00,0x00,0x00,0x00,0x00,0x00,0x00,0x00,0x00,0x00,
    0x00,0x00,0x00,0x00,0x00,0x00,0x00,0x00,0x00,0x00,0x00,0x00,0x00,0x00,0x00,0x00,0x4d,0xac,0x33,0xac,
    0x08,0x00,0x00,0x00,0x00,0x00,0x00,0x00,0x00,0x00,0x00,0x00,0x00,0x00,0x00,0x00,0x00,0x00,0x00,0x00,
    0x00,0x00,0x00,0x00,0x00,0x00,0x00,0x00,0x00,0x00,0x00,0x00,0x00,0x00,0x00,0x1e,0x2c,0x00,0x00,0x00,
    0x00,0x00,0x00,0x00,0x00,0x00,0x00,0x00,0x00,0x00,0x00,0x00,0x00,0x00,0x00,0x00,0x00,0x00,0x00,0x00,
    0x00,0x00,0x00,0x00,0x00,0x00,0x00,0x00,0x00,0x00,0x00,0x00,0x00,0x00,0x00,0x00,0x00,0x00,0x00,0x00,
    0x00,0x0a,0x4e,0xdb,0xf4,0x43,0x00,0x00,0x00,0x00,0x00,0x00,0x00,0x00,0x00,0x00,0x00,0x00,0x00,0x00,
    0x00,0x00,0x00,0x00,0x00,0x00,0x00,0x00,0x00,0x00,0x00,0x00,0x00,0x00,0x00,0x00,0x00,0x00,0x00,0x00,
    0x00,0x00,0x00,0x00,0x00,0x00,0x00,0x00,0x00,0x00,0x00,0x00,0x00,0x00,0x00,0x00,0x00,0x00,0x00,0x00,
    0x00,0x00,0x00,0x00,0x00,0x00,0x00,0x00,0x00,0x00,0x00,0x00,0x00,0x00,0x00,0x00,0x00,0x00,0x00,0x00,
    0x00,0x00,0x00,0x00,0x00,0x00,0x00,0x00,0x00,0x00,0x00,0x00,0x00,0x00,0x00,0x00,0x00,0x00,0x00,0x00,
    0x00,0x00,0x00,0x00,0x00,0x00,0x00,0x00,0x00,0x00,0x00,0x00,0x00,0x00,0x00,0x00,0x00,0x00,0x05,0x6b,
    0xc5,0xe5,0xe3,0xff,0x54,0xff,0x5c,0x00,0x00,0x00,0x00,0x00,0x00,0x00,0x00,0x00,0x00,0x00,0x00,0x00,
    0x00,0x00,0x00,0x00,0x00,0x00,0x00,0x00,0x00,0x09,0x79,0xcb,0xe7,0xea,0xff,0x63,0xff,0x0c,0x00,0x00,
    0x00,0x00,0x00,0x00,0x00,0x00,0x00,0x00,0x00,0x00,0x00,0x00,0x00,0x00,0x00,0x00,0x00,0x00,0x00,0x00,
    0x00,0x00,0x00,0x00,0x00,0x00,0x00,0x00,0x00,0x00,0x00,0x00,0xb0,0xff,0x00,0x00,0x00,0x00,0x00,0x00,
    0x00,0x00,0x00,0x00,0x00,0x00,0x00,0x00,0x00,0x00,0x00,0x00,0x00,0x00,0x00,0x00,0x00,0x00,0x00,0x00,
    0x00,0x00,0x00,0x00,0x00,0x00,0x00,0x00,0x00,0x00,0x00,0x00,0x00,0x00,0x00,0x00,0x29,0xac,0xf6,0xbd,
    0x7e,0x1d,0x00,0x00,0x00,0x00,0x00,0x00,0x00,0x00,0x00,0x00,0x00,0x00,0x00,0x00,0x00,0x00,0x00,0x00,
    0x00,0x00,0x00,0x00,0x00,0x00,0x00,0x00,0x00,0x00,0x00,0x00,0x00,0x00,0x00,0x00,0x00,0x00,0x00,0x00,
    0x00,0x00,0x00,0x00,0x00,0x00,0x00,0x00,0x00,0x00,0x00,0x00,0x00,0x00,0x00,0x00,0x00,0x00,0x00,0x00,
    0x00,0x00,0x00,0x00,0x00,0x00,0x00,0x00,0x00,0x00,0x00,0x00,0x00,0x00,0x00,0x00,0x00,0x00,0x00,0x00,
    0x00,0x00,0x00,0x00,0x00,0x00,0x00,0x00,0x00,0x00,0x00,0x00,0x00,0x00,0x00,0x00,0x00,0x00,0x00,0x00,
    0x00,0x00,0x00,0x00,0x00,0x00,0x00,0x00,0x00,0x00,0x00,0x00,0x00,0x00,0x04,0xb8,0xe7,0x3a,0x08,0x31,
    0xbe,0xf0,0xff,0x5c,0x00,0x00,0x00,0x00,0x00,0x00,0x00,0x00,0x00,0x00,0x00,0x00,0x00,0x00,0x00,0x00,
    0x00,0x00,0x00,0x00,0x00,0x07,0xc3,0xf6,0x48,0x09,0x3b,0xd6,0xf1,0xff,0x0c,0x00,0x00,0x00,0x00,0x00,
    0x00,0x00,0x00,0x00,0x00,0x00,0x00,0x00,0x00,0x00,0x00,0x00,0x00,0x00,0x00,0x00,0x00,0x00,0x00,0x00,
    0x00,0x00,0x00,0x00,0x00,0x00,0x00,0x00,0x00,0xb0,0xff,0x00,0x00,0x00,0x00,0x00,0x00,0x00,0x00,0x00,
    0x00,0x00,0x00,0x00,0x00,0x00,0x00,0x00,0x00,0x00,0x00,0x00,0x00,0x00,0x00,0x00,0x00,0x00,0x00,0x00,
    0x00,0x00,0x00,0x00,0x00,0x00,0x00,0x00,0x00,0x00,0x00,0x00,0x00,0xdc,0x77,0xe5,0x52,0x00,0x00,0x00,
    0x00,0x00,0x00,0x00,0x00,0x00,0x00,0x00,0x00,0x00,0x00,0x00,0x00,0x00,0x00,0x00,0x00,0x00,0x00,0x00,
    0x00,0x00,0x00,0x00,0x00,0x00,0x00,0x00,0x00,0x00,0x00,0x00,0x00,0x00,0x00,0x00,0x00,0x00,0x00,0x00,
    0x00,0x00,0x00,0x00,0x00,0x00,0x00,0x00,0x00,0x00,0x00,0x00,0x00,0x00,0x00,0x00,0x00,0x00,0x00,0x00,
    0x00,0x00,0x00,0x00,0x00,0x00,0x00,0x00,0x00,0x00,0x00,0x00,0x00,0x00,0x4b,0xb2,0xe9,0xf9,0xe5,0xa8,
    0x3a,0x00,0x00,0x00,0x00,0xff,0xff,0xff,0xff,0xfe,0xec,0xbb,0x40,0x00,0x00,0x00,0x00,0x00,0x00,0x00,
    0x00,0x00,0x00,0x00,0x00,0x00,0x00,0x00,0x00,0x00,0x00,0x78,0xff,0x55,0x05,0x0a,0x03,0x08,0xcf,0xff,
    0x5c,0x00,0x00,0x00,0x00,0x00,0x00,0x00,0x00,0x00,0x00,0x00,0x00,0x00,0x00,0x00,0x00,0x00,0x00,0x00,
    0x00,0x00,0x7c,0xff,0x82,0x04,0x0a,0x02,0x1d,0xf1,0xff,0x0c,0x00,0x00,0x00,0x00,0x00,0x00,0x00,0x00,
    0x00,0x00,0x00,0x00,0x00,0x00,0x00,0x00,0x00,0x00,0x00,0x00,0x00,0x00,0x00,0x00,0x00,0x00,0x00,0x00,
    0x00,0x00,0x00,0x00,0x00,0x00,0xb0,0xff,0x00,0x00,0x00,0x00,0x00,0x00,0x00,0x00,0x00,0x00,0x00,0x00,
    0x00,0x00,0x00,0x00,0x00,0x00,0x00,0x00,0x00,0x00,0x00,0x00,0x00,0x00,0x00,0x00,0x00,0x00,0x00,0x00,
    0x00,0x00,0x00,0x00,0x00,0x00,0x00,0x00,0x00,0x03,0xe1,0x06,0xc0,0x7f,0x00,0x00,0x00,0x00,0x00,0x00,
    0x00,0x00,0x00,0x00,0x00,0x00,0x00,0x00,0x00,0x00,0x00,0x00,0x00,0x00,0x00,0x00,0x00,0x00,0x00,0x00,
    0x00,0x03,0x00,0x00,0x00,0x00,0x00,0x00,0x00,0x00,0x00,0x00,0x00,0x00,0x00,0x00,0x00,0x00,0x00,0x00,
    0x00,0x00,0x00,0x00,0x00,0x00,0x00,0x00,0x00,0x00,0x00,0x00,0x00,0x00,0x00,0x00,0x00,0x00,0x00,0x00,
    0x00,0x00,0x00,0x00,0x00,0x00,0x00,0x00,0x00,0x05,0xa3,0xff,0xea,0x9c,0x83,0xa2,0xf1,0xff,0x85,0x00,
    0x00,0x00,0xff,0xf1,0x7c,0x7c,0x86,0xb1,0xfe,0xfc,0x3c,0x00,0x00,0x00,0x00,0x00,0x00,0x00,0x00,0x00,
    0x00,0x00,0x00,0x00,0x00,0x00,0x00,0x00,0xd6,0xfe,0xea,0xe3,0xda,0xdb,0xd5,0xe2,0xff,0x5c,0x00,0x00,
    0x00,0x00,0x00,0x00,0x00,0x00,0x00,0x00,0x00,0x00,0x00,0x00,0x00,0x00,0x00,0x00,0x00,0x00,0x00,0xd4,
    0xfd,0xe8,0xe1,0xd9,0xdc,0xd2,0xf0,0xff,0x0c,0x00,0x00,0x00,0x00,0x00,0x00,0x00,0x00,0x00,0x00,0x00,
    0x00,0x00,0x00,0x00,0x00,0x00,0x00,0x00,0x00,0x00,0x00,0x00,0x00,0x00,0x00,0x00,0x00,0x00,0x00,0x00,
    0x00,0x00,0x00,0x10,0x18,0x00,0x00,0x00,0x00,0x00,0x00,0x00,0x00,0x00,0x00,0x00,0x00,0x00,0x00,0x00,
    0x00,0x00,0x00,0x00,0x00,0x00,0x00,0x00,0x00,0x00,0x00,0x00,0x00,0x00,0x00,0x00,0x00,0x00,0x00,0x00,
    0x00,0x00,0x00,0x00,0x00,0x00,0x00,0x6a,0xe9,0xd0,0x1b,0x00,0x00,0x00,0x00,0x00,0x00,0x00,0x00,0x00,
    0x00,0x00,0x00,0x00,0x00,0x00,0x00,0x00,0x00,0x00,0x00,0x00,0x00,0x00,0x00,0x00,0x00,0x00,0x82,0xd6,
    0x44,0x00,0x00,0x00,0x00,0x00,0x00,0x00,0x00,0x00,0x00,0x00,0x00,0x00,0x00,0x00,0x00,0x00,0x00,0x00,
    0x00,0x00,0x00,0x00,0x00,0x00,0x00,0x00,0x00,0x00,0x00,0x00,0x00,0x00,0x00,0x00,0x00,0x00,0x00,0x00,
    0x00,0x00,0x00,0x00,0x00,0x00,0x93,0xff,0xb6,0x0e,0x00,0x00,0x00,0x17,0xc9,0xff,0x6f,0x00,0x00,0xff,
    0xe4,0x00,0x00,0x00,0x00,0x66,0xff,0xbd,0x00,0x00,0x00,0x00,0x00,0x00,0x00,0x00,0x00,0x00,0x00,0x00,
    0x00,0x00,0x00,0x00,0x00,0x1f,0x07,0x00,0x00,0x00,0x00,0x00,0x04,0x25,0x1d,0x00,0x00,0x00,0x00,0x00,
    0x00,0x00,0x00,0x00,0x00,0x00,0x00,0x00,0x00,0x00,0x00,0x00,0x00,0x00,0x00,0x00,0x1c,0x05,0x00,0x00,
    0x00,0x00,0x00,0x09,0x30,0x0a,0x00,0x00,0x00,0x00,0x00,0x00,0x00,0x00,0x00,0x00,0x00,0x00,0x00,0x00,
    0x00,0x00,0x00,0x00,0x00,0x00,0x00,0x00,0x00,0x00,0x00,0x00,0x00,0x00,0x00,0x00,0x00,0x00,0x00,0x00,
    0x00,0x00,0x00,0x00,0x00,0x00,0x00,0x00,0x00,0x00,0x00,0x00,0x00,0x00,0x00,0x00,0x00,0x00,0x00,0x00,
    0x00,0x00,0x00,0x00,0x00,0x00,0x00,0x00,0x00,0x00,0x00,0x00,0x00,0x00,0x00,0x00,0x00,0x00,0x00,0x00,
    0x00,0x00,0x00,0x00,0x00,0x00,0x00,0x00,0x00,0x00,0x00,0x00,0x00,0x00,0x00,0x00,0x00,0x00,0x00,0x00,
    0x00,0x00,0x00,0x00,0x00,0x00,0x00,0x00,0x08,0x76,0xca,0xec,0xf8,0xe1,0xa8,0xf7,0xed,0x23,0x00,0x00,
    0xff,0xe0,0x00,0x00,0x00,0xe0,0xff,0x00,0x00,0x00,0x00,0x00,0x00,0x59,0xc4,0xf1,0xf6,0xdd,0x98,0x17,
    0x00,0x00,0x00,0x54,0xef,0xe0,0x40,0x00,0x00,0x00,0x00,0xe0,0xff,0x00,0x00,0x00,0x00,0x00,0x00,0x00,
    0x00,0x00,0x2b,0xff,0xe3,0x0b,0x00,0x00,0x00,0x00,0x00,0x18,0xf2,0xf6,0x12,0x00,0xff,0xe4,0x00,0x00,
    0x00,0x00,0x02,0xf2,0xf4,0x00,0x00,0x00,0x00,0x00,0x00,0x00,0x00,0x00,0x00,0x00,0xff,0xe0,0x00,0x00,
    0x03,0x3d,0x32,0x00,0x00,0x00,0x19,0x14,0x00,0x0d,0x2c,0x10,0x00,0x00,0x00,0x00,0x2b,0xa2,0xe2,0xf9,
    0xe6,0xa9,0x2e,0x00,0x00,0x00,0x00,0xff,0xe0,0x00,0x00,0x00,0x00,0x01,0x30,0x4f,0x3a,0x02,0x00,0x00,
    0x1f,0xbc,0xba,0x04,0x00,0x2b,0xa2,0xe2,0xf9,0xe6,0xa9,0x2e,0x00,0x00,0x00,0x00,0x56,0xf0,0xde,0x3b,
    0x00,0x00,0x00,0x00,0xe0,0xff,0x00,0x00,0x00,0x00,0x00,0x10,0x43,0x00,0x00,0x23,0x3e,0x00,0x00,0x00,
    0x00,0x00,0x2b,0xa2,0xe2,0xf9,0xe6,0xa9,0x2e,0x00,0x00,0x00,0x00,0x53,0xee,0xe0,0x3a,0x00,0x00,0x00,
    0x00,0x00,0xe0,0xff,0x00,0x00,0x00,0x2b,0xa2,0xe2,0xf9,0xe6,0xa9,0x2e,0x00,0x00,0x00,0x00,0x02,0x1f,
    0x14,0x00,0x00,0x04,0x06,0x00,0x00,0x00,0x08,0x76,0xce,0xf5,0xf9,0xe0,0xa1,0x29,0x00,0x00,0x00,0x00,
    0x00,0x00,0x00,0x00,0x0f,0xcd,0xf1,0x8e,0x5e,0x54,0x8a,0xf6,0xff,0x47,0x00,0x00,0x00,0xff,0xe0,0x00,
    0x00,0x00,0xe0,0xff,0x00,0x00,0x00,0x00,0x05,0xa6,0xf5,0x95,0x5b,0x55,0x8b,0xf6,0xe8,0x19,0x00,0x00,
    0xdf,0x82,0xaf,0xd4,0x00,0x00,0x00,0x00,0xe0,0xff,0x00,0x00,0x00,0x00,0x00,0x00,0x00,0x00,0x00,0x8f,
    0xff,0x70,0x00,0x00,0x00,0x00,0x00,0x00,0x00,0x8d,0xff,0x6e,0x00,0xff,0xe4,0x00,0x00,0x00,0x00,0x02,
    0xf5,0xec,0x00,0x00,0x00,0x00,0x00,0x00,0x00,0x00,0x00,0x00,0x00,0xff,0xe0,0x00,0x00,0x9a,0xe7,0xff,
    0x92,0x00,0x00,0xc8,0xa6,0x00,0x50,0xff,0x60,0x00,0x00,0x00,0x45,0xf5,0xcc,0x6d,0x53,0x7c,0xf1,0xf5,
    0x2c,0x00,0x00,0x00,0xff,0xe0,0x00,0x00,0x00,0x1c,0xca,0xe7,0xa4,0xd7,0xd2,0x17,0x17,0xb0,0xff,0xb0,
    0x00,0x45,0xf5,0xcc,0x6d,0x53,0x7c,0xf1,0xf5,0x2c,0x00,0x00,0x00,0xe0,0x82,0xad,0xd0,0x00,0x00,0x00,
    0x00,0xe0,0xff,0x00,0x00,0x00,0x00,0x5e,0xf0,0xff,0xb2,0x7c,0xf3,0xff,0xaa,0x04,0x00,0x00,0x45,0xf5,
    0xcc,0x6d,0x53,0x7c,0xf1,0xf5,0x2c,0x00,0x00,0x00,0xdf,0x80,0xb8,0xcd,0x00,0x00,0x00,0x00,0x00,0xe0,
    0xff,0x00,0x00,0x45,0xf5,0xcc,0x6d,0x53,0x7c,0xf1,0xf5,0x2c,0x00,0x00,0x53,0xe9,0xff,0xff,0xda,0xaa,
    0xd1,0xeb,0x48,0x00,0x0f,0xcc,0xff,0xae,0x61,0x5d,0x92,0xf9,0xf6,0x34,0x00,0x00,0x00,0x00,0x00,0x00,
    0x00,0x89,0xe2,0x20,0x00,0x00,0x00,0x00,0x61,0xff,0xa0,0x00,0x00,0x00,0xff,0xe0,0x00,0x00,0x00,0xe0,
    0xff,0x00,0x00,0x00,0x00,0xb7,0xe0,0x21,0x00,0x00,0x00,0x00,0x60,0xff,0x9e,0x00,0x00,0xf1,0x43,0x80,
    0xfc,0x00,0x00,0x00,0x00,0xe0,0xff,0x00,0x00,0x00,0x00,0x00,0x00,0x00,0x00,0x00,0xcc,0xff,0x22,0x00,
    0x00,0x00,0x00,0x00,0x00,0x00,0x3f,0xff,0xac,0x00,0xff,0xe4,0x00,0x00,0x00,0x00,0x59,0xff,0xa3,0x00,
    0x00,0x00,0x00,0x00,0x00,0x00,0x00,0x00,0x00,0x00,0xff,0xe0,0x00,0x00,0xf5,0x2c,0xc0,0xf6,0x00,0x21,
    0xff,0xf1,0x06,0x50,0xff,0x60,0x00,0x00,0x00,0xd1,0xa5,0x01,0x00,0x00,0x00,0x5a,0xff,0xa8,0x00,0x00,
    0x00,0xff,0xe0,0x00,0x00,0x00,0xb5,0xff,0xf6,0x7a,0x0a,0xe6,0xb2,0xf8,0xef,0x81,0x0e,0x00,0xd1,0xa5,
    0x01,0x00,0x00,0x00,0x5a,0xff,0xa8,0x00,0x00,0x00,0xf1,0x43,0x7c,0xfb,0x00,0x00,0x00,0x00,0xe0,0xff,
    0x00,0x00,0x00,0x40,0xfe,0xd4,0x70,0xd6,0xdf,0x7a,0xa9,0xff,0x7c,0x00,0x00,0xd1,0xa5,0x01,0x00,0x00,
    0x00,0x5a,0xff,0xa8,0x00,0x00,0x00,0xf1,0x43,0x8b,0xfb,0x00,0x00,0x00,0x00,0x00,0xe0,0xff,0x00,0x00,
    0xd1,0xa5,0x01,0x00,0x00,0x00,0x5a,0xff,0xa8,0x00,0x1d,0xf8,0xbd,0x22,0x06,0x26,0x5a,0x79,0x55,0x03,
    0x00,0x90,0xff,0x8c,0x00,0x01,0x01,0x00,0x51,0xff,0xb9,0x00,0x00,0x00,0x00,0x00,0x00,0x00,0x11,0x3e,
    0x00,0x02,0x02,0x00,0x00,0x13,0xff,0xd6,0x00,0x00,0x00,0xff,0xe0,0x00,0x00,0x00,0xe0,0xff,0x00,0x00,
    0x00,0x01,0xde,0xfc,0xf3,0xcb,0x49,0x00,0x00,0x13,0xff,0xd7,0x00,0x00,0x8a,0xff,0xff,0xff,0x00,0x00,
    0x00,0x00,0xe0,0xff,0x00,0x00,0x00,0x00,0x00,0x00,0x00,0x00,0x00,0xee,0xf7,0x01,0x00,0x00,0x00,0x00,
    0x00,0x00,0x00,0x15,0xff,0xcf,0x00,0xff,0xe7,0x24,0x24,0x31,0x72,0xf3,0xee,0x20,0x00,0x00,0x00,0x00,
    0x00,0x00,0x00,0x00,0x00,0x00,0x00,0xff,0xe0,0x00,0x00,0xc9,0xb7,0xf3,0xff,0x08,0x79,0xff,0xff,0x49,
    0x50,0xff,0x60,0x00,0x00,0x00,0x2b,0x16,0x01,0x01,0x00,0x00,0x12,0xff,0xd7,0x00,0x00,0x00,0xff,0xe0,
    0x00,0x00,0x00,0xf8,0x5e,0x30,0xf9,0x0f,0xbf,0xd1,0x34,0xff,0x76,0x00,0x00,0x2b,0x16,0x01,0x01,0x00,
    0x00,0x12,0xff,0xd7,0x00,0x00,0x00,0x84,0xff,0xff,0xff,0x00,0x00,0x00,0x00,0xe0,0xff,0x00,0x00,0x00,
    0xb1,0xff,0x3f,0x00,0x0e,0x17,0x00,0x0b,0xf9,0xd5,0x00,0x00,0x2b,0x16,0x01,0x01,0x00,0x00,0x12,0xff,
    0xd7,0x00,0x00,0x00,0x8c,0xff,0xff,0xff,0x00,0x00,0x00,0x00,0x00,0xe0,0xff,0x00,0x00,0x2b,0x16,0x01,
    0x01,0x00,0x00,0x12,0xff,0xd7,0x00,0x6d,0xff,0xfc,0xeb,0xc6,0x88,0x29,0x00,0x00,0x00,0x00,0xe4,0xff,
    0x0f,0x5a,0xf2,0xef,0x50,0x01,0xf3,0xf2,0x00,0x00,0x00,0x00,0x00,0x00,0x00,0x00,0x03,0x93,0xf6,0xfa,
    0xbb,0x30,0x00,0xff,0xe0,0x00,0x00,0x00,0xff,0xe0,0x00,0x00,0x00,0xe0,0xff,0x00,0x00,0x00,0x00,0x00,
    0x6a,0xfa,0x9d,0x1c,0x00,0x00,0x00,0xff,0xdf,0x00,0x00,0x00,0x2d,0xe5,0xff,0x00,0x00,0x00,0x00,0xe0,
    0xff,0x00,0x00,0x00,0x00,0x00,0x00,0x00,0x00,0x00,0xfb,0xe8,0x00,0x00,0x00,0x00,0x00,0x00,0x00,0x00,
    0x04,0xff,0xde,0x00,0xff,0xff,0xff,0xff,0xff,0xff,0xc0,0x28,0x00,0x00,0x00,0x00,0x00,0x00,0x00,0x00,
    0x00,0x00,0x00,0x00,0xff,0xe0,0x00,0x00,0x1c,0x80,0xec,0xff,0x08,0xd2,0xb3,0xe3,0x9a,0x50,0xff,0x60,
    0x00,0x00,0x00,0x00,0x49,0xee,0xf5,0x70,0x00,0x00,0xff,0xe0,0x00,0x00,0x00,0xff,0xe0,0x00,0x00,0x00,
    0xe0,0x5e,0x2e,0xf7,0x14,0xe9,0xb7,0x00,0xeb,0xd9,0x00,0x00,0x00,0x49,0xee,0xf5,0x70,0x00,0x00,0xff,
    0xe0,0x00,0x00,0x00,0x00,0x29,0xe7,0xff,0x00,0x00,0x00,0x00,0xe0,0xff,0x00,0x00,0x00,0xe2,0xff,0x0b,
    0x67,0xfa,0xff,0x9d,0x00,0xdb,0xfa,0x00,0x00,0x00,0x49,0xee,0xf5,0x70,0x00,0x00,0xff,0xe0,0x00,0x00,
    0x00,0x00,0x2d,0xe5,0xff,0x00,0x00,0x00,0x00,0x00,0xe0,0xff,0x00,0x00,0x00,0x49,0xee,0xf5,0x70,0x00,
    0x00,0xff,0xe0,0x00,0x0c,0x15,0x21,0x40,0x6d,0xcd,0xfc,0x6c,0x00,0x00,0x00,0xfa,0xe8,0x00,0xe5,0x72,
    0x71,0xdd,0x00,0xe0,0xff,0x00,0x00,0x00,0x00,0x00,0x00,0x00,0x00,0x78,0xff,0x9c,0x4c,0xb0,0xf3,0x2d,
    0xff,0xe0,0x00,0x00,0x00,0xff,0xe0,0x00,0x00,0x00,0xe0,0xff,0x00,0x00,0x00,0x00,0x00,0xf1,0xf1,0x02,
    0x00,0x00,0x00,0x00,0xff,0xe0,0x00,0x00,0x00,0x00,0xe0,0xff,0x00,0x00,0x00,0x00,0xe0,0xff,0x00,0x00,
    0x00,0x00,0x00,0x00,0x00,0x00,0x00,0xef,0xee,0x00,0x00,0x00,0x00,0x00,0x00,0x00,0x00,0x0b,0xff,0xd7,
    0x00,0xff,0xed,0x54,0x55,0xda,0xff,0x7e,0x00,0x00,0x00,0x00,0x00,0x00,0x00,0x00,0x00,0x00,0x00,0x00,
    0x00,0xff,0xe0,0x00,0x00,0x00,0x00,0xd8,0xff,0x32,0xff,0x58,0x90,0xe9,0x52,0xff,0x60,0x00,0x00,0x00,
    0x00,0xe4,0xac,0x76,0xf2,0x00,0x00,0xff,0xe0,0x00,0x00,0x00,0xff,0xe0,0x00,0x00,0x00,0x3f,0xd8,0xe6,
    0x67,0x71,0xff,0x63,0x00,0xdc,0xe4,0x00,0x00,0x00,0xe4,0xac,0x76,0xf2,0x00,0x00,0xff,0xe0,0x00,0x00,
    0x00,0x00,0x00,0xe0,0xff,0x00,0x00,0x00,0x00,0xe0,0xff,0x00,0x00,0x00,0xdc,0xff,0x0e,0xeb,0x5c,0x32,
    0xfe,0x15,0xd8,0xff,0x00,0x00,0x00,0xe4,0xac,0x76,0xf2,0x00,0x00,0xff,0xe0,0x00,0x00,0x00,0x00,0x00,
    0xe0,0xff,0x00,0x00,0x00,0x00,0x00,0xe0,0xff,0x00,0x00,0x00,0xe4,0xac,0x76,0xf2,0x00,0x00,0xff,0xe0,
    0x00,0x00,0x00,0x00,0x00,0x00,0x0a,0xf6,0xe8,0x00,0x00,0x00,0xe7,0xf7,0x00,0xf0,0x2f,0x2f,0xec,0x00,
    0xe0,0xff,0x00,0x00,0x00,0x00,0x00,0x00,0x00,0x00,0xd1,0xf7,0x03,0x00,0x02,0xb2,0xd0,0xff,0xe0,0x00,
    0x00,0x00,0xff,0xe0,0x00,0x00,0x00,0xe0,0xff,0x00,0x00,0x00,0x00,0x00,0xff,0xe0,0x00,0x00,0x00,0x00,
    0x00,0xff,0xe0,0x00,0x00,0x00,0x00,0xe0,0xff,0x00,0x00,0x00,0x00,0xe3,0xff,0x00,0x00,0x00,0x00,0x00,
    0x00,0x00,0x00,0x00,0xd9,0xfe,0x0c,0x00,0x00,0x00,0x00,0x00,0x00,0x00,0x28,0xff,0xc2,0x00,0xff,0xe4,
    0x00,0x00,0x1f,0xec,0xff,0x44,0x00,0x00,0x00,0x00,0x00,0x00,0x00,0x00,0x00,0x00,0x00,0x00,0xff,0xe0,
    0x00,0x00,0x00,0x00,0xd8,0xff,0x8b,0xf3,0x0a,0x3a,0xff,0x8d,0xff,0x60,0x00,0x00,0x00,0x00,0xff,0xff,
    0xff,0xac,0x00,0x00,0xff,0xe0,0x00,0x00,0x00,0xff,0xe0,0x00,0x00,0x00,0x00,0x00,0x00,0x29,0xf7,0xd0,
    0x04,0x00,0xdc,0xe4,0x00,0x00,0x00,0xff,0xff,0xff,0xac,0x00,0x00,0xff,0xe0,0x00,0x00,0x00,0x00,0x00,
    0xe1,0xff,0x01,0x00,0x00,0x00,0xe0,0xff,0x00,0x00,0x00,0xb5,0xff,0x2b,0xd1,0xa0,0x81,0xf3,0x09,0xd8,
    0xff,0x00,0x00,0x00,0xff,0xff,0xff,0xac,0x00,0x00,0xff,0xe0,0x00,0x00,0x00,0x00,0x00,0xe0,0xff,0x00,
    0x00,0x00,0x00,0x00,0xe0,0xff,0x00,0x00,0x00,0xff,0xff,0xff,0xac,0x00,0x00,0xff,0xe0,0x00,0x00,0x00,
    0x00,0x00,0x00,0x00,0xe0,0xff,0x00,0x00,0x00,0xbb,0xff,0x1e,0x67,0xf6,0xff,0x89,0x00,0xe0,0xff,0x00,
    0x00,0x00,0x00,0x00,0x00,0x00,0x00,0xf5,0xe7,0x03,0x00,0x00,0x1a,0xf6,0xff,0xe0,0x00,0x00,0x00,0xff,
    0xe0,0x02,0x00,0x00,0xe0,0xff,0x02,0x00,0x00,0x00,0x00,0xff,0xe0,0x00,0x00,0x00,0x00,0x00,0xff,0xe0,
    0x00,0x00,0x00,0x00,0xe0,0xff,0x00,0x06,0x55,0xa7,0xff,0xe7,0x00,0x00,0x00,0x00,0x00,0x00,0x00,0x00,
    0x00,0xa3,0xff,0x45,0x00,0x00,0x00,0x00,0x00,0x00,0x00,0x62,0xff,0x92,0x00,0xff,0xe4,0x00,0x00,0x00,
    0x60,0xff,0xd2,0x02,0x00,0x00,0x00,0x00,0x00,0x00,0x00,0x00,0x00,0x00,0x00,0xff,0xe0,0x02,0x00,0x00,
    0x00,0xd8,0xfd,0xdc,0xa4,0x00,0x01,0xe3,0xda,0xff,0x60,0x00,0x00,0x00,0x00,0xff,0xe5,0x2f,0x02,0x00,
    0x00,0xff,0xe0,0x00,0x00,0x00,0xff,0xe0,0x02,0x00,0x00,0x00,0x00,0x00,0xbb,0xff,0x35,0x00,0x00,0xdc,
    0xe4,0x00,0x00,0x00,0xff,0xe5,0x2f,0x02,0x00,0x00,0xff,0xe0,0x00,0x00,0x00,0x39,0xdf,0xff,0xff,0xf1,
    0x97,0x13,0x00,0xe0,0xff,0x00,0x00,0x00,0x7d,0xff,0x5e,0x26,0xc2,0xff,0x72,0x00,0xd8,0xff,0x00,0x00,
    0x00,0xff,0xe5,0x2f,0x02,0x00,0x00,0xff,0xe0,0x00,0x00,0x00,0x00,0x00,0xe0,0xff,0x00,0x00,0x00,0x00,
    0x00,0xe0,0xff,0x00,0x00,0x00,0xff,0xe5,0x2f,0x02,0x00,0x00,0xff,0xe0,0x00,0x00,0x00,0x00,0x00,0x00,
    0x00,0xe0,0xff,0x00,0x00,0x00,0x89,0xff,0x54,0x00,0xb9,0xe4,0x0e,0x00,0xe0,0xff,0x00,0x00,0x00,0x00,
    0x00,0x00,0x00,0x00,0xfc,0xfe,0xf9,0xe3,0x45,0x00,0x9f,0xff,0xe0,0x00,0x00,0x00,0xff,0xff,0xfa,0x69,
    0x00,0xe0,0xff,0xfb,0x72,0x00,0x00,0x00,0xff,0xe0,0x00,0x00,0x00,0x00,0x00,0xff,0xe0,0x00,0x00,0x00,
    0x00,0xe0,0xff,0x39,0xe2,0xff,0xff,0xff,0xe2,0x43,0x00,0x00,0x00,0x00,0x00,0x00,0x00,0x00,0x52,0xff,
    0xa9,0x00,0x00,0x00,0x00,0x00,0x00,0x00,0xc5,0xff,0x41,0x00,0xff,0xe4,0x00,0x00,0x00,0x01,0xcf,0xff,
    0x58,0x00,0x00,0x00,0x00,0x00,0x00,0x00,0x00,0x00,0x00,0x00,0xff,0xff,0xfa,0x69,0x00,0x00,0xd8,0xff,
    0xff,0x4a,0x00,0x00,0x8f,0xff,0xff,0x60,0x00,0x00,0x00,0x00,0xff,0xe0,0x00,0x00,0x00,0x00,0xff,0xe0,
    0x00,0x00,0x00,0xff,0xff,0xfa,0x69,0x00,0x00,0x00,0x00,0xfb,0xeb,0x00,0x00,0x00,0xdc,0xe4,0x00,0x00,
    0x00,0xff,0xe0,0x00,0x00,0x00,0x00,0xff,0xe0,0x00,0x00,0x00,0xd2,0xf6,0xe8,0xff,0x83,0xec,0xd6,0x1b,
    0xe0,0xff,0x00,0x00,0x00,0x44,0xff,0x8c,0x1b,0xe9,0xb1,0x01,0x00,0xd8,0xff,0x00,0x00,0x00,0xff,0xe0,
    0x00,0x00,0x00,0x00,0xff,0xe0,0x00,0x00,0x00,0x00,0x00,0xe0,0xff,0x00,0x00,0x00,0x00,0x00,0xe0,0xff,
    0x00,0x00,0x00,0xff,0xe0,0x00,0x00,0x00,0x00,0xff,0xe0,0x00,0x00,0x00,0x00,0x00,0x6d,0xf2,0xfe,0xff,
    0x00,0x00,0x00,0x54,0xff,0x83,0x5b,0xff,0x4e,0x00,0x00,0xe0,0xff,0x00,0x00,0x00,0x00,0x00,0x00,0x00,
    0x00,0xe9,0xff,0xaa,0x6c,0xe3,0x00,0x41,0xff,0xe0,0x00,0x00,0x00,0xfc,0xa2,0x6c,0xec,0x00,0xdc,0xa4,
    0x6e,0xed,0x00,0x00,0x00,0xff,0xe0,0x00,0x00,0x00,0x00,0x00,0xff,0xe0,0x00,0x00,0x00,0x00,0xe0,0xff,
    0xec,0xcb,0x31,0xef,0x2d,0x37,0xe6,0x00,0x00,0x00,0x00,0x00,0x00,0x00,0x00,0x01,0xc9,0xfe,0x4d,0x00,
    0x00,0x00,0x00,0x00,0x68,0xff,0xc5,0x00,0x00,0xff,0xe4,0x00,0x00,0x00,0x00,0x4e,0xff,0xd8,0x03,0x00,
    0x00,0x00,0x00,0x00,0x00,0x00,0x00,0x00,0x00,0xfc,0xa2,0x6c,0xec,0x00,0x00,0xd8,0xff,0xeb,0x04,0x00,
    0x00,0x3a,0xff,0xff,0x60,0x00,0x00,0x00,0x00,0xff,0xe0,0x00,0x00,0x00,0x0b,0xff,0xdf,0x00,0x00,0x00,
    0xfc,0xa2,0x6c,0xec,0x00,0x00,0x00,0x00,0xff,0xe0,0x00,0x00,0x00,0xe1,0xe3,0x00,0x00,0x00,0xff,0xe0,
    0x00,0x00,0x00,0x0b,0xff,0xdf,0x00,0x00,0x00,0xf8,0xe1,0xe0,0xff,0x00,0x17,0xce,0xe3,0xfa,0xfe,0x00,
    0x00,0x00,0x13,0xff,0xb0,0xc4,0xdb,0x0e,0x00,0x00,0xd8,0xff,0x00,0x00,0x00,0xff,0xe0,0x00,0x00,0x00,
    0x0b,0xff,0xdf,0x00,0x00,0x00,0x00,0x00,0xe0,0xff,0x00,0x00,0x00,0x00,0x00,0xe4,0xfe,0x00,0x00,0x00,
    0xff,0xe0,0x00,0x00,0x00,0x0b,0xff,0xdf,0x00,0x00,0x00,0x00,0x02,0xf5,0x40,0xc7,0xfe,0x00,0x00,0x00,
    0x28,0xff,0xaf,0xe6,0xac,0x00,0x00,0x00,0xe0,0xff,0x00,0x00,0x00,0x00,0x00,0x00,0x00,0x00,0xa4,0xff,
    0xb2,0x7c,0xe1,0x00,0x13,0xff,0xe0,0x00,0x00,0x00,0xd2,0x94,0x5c,0xe5,0x00,0xb0,0x9b,0x5d,0xe5,0x00,
    0x00,0x00,0xff,0xe0,0x00,0x00,0x00,0x00,0x00,0xff,0xe0,0x00,0x00,0x00,0x00,0xe0,0xff,0xd4,0x0c,0x00,
    0xe3,0x7e,0x82,0xde,0x00,0x00,0x00,0x00,0x00,0x00,0x00,0x00,0x00,0x24,0xe4,0xf8,0x7c,0x1f,0x06,0x25,
    0x8b,0xfc,0xe5,0x22,0x00,0x00,0xff,0xe4,0x00,0x00,0x00,0x00,0x00,0xcb,0xff,0x5e,0x00,0x00,0x00,0x00,
    0x00,0x00,0x00,0x00,0x00,0x00,0xd2,0x94,0x5c,0xe5,0x00,0x00,0xd8,0xff,0x96,0x00,0x00,0x00,0x01,0xe3,
    0xff,0x60,0x00,0x00,0x00,0x00,0xff,0xe9,0x4c,0x4c,0x4c,0x8f,0xff,0xbf,0x00,0x00,0x00,0xd2,0x94,0x5c,
    0xe5,0x00,0x00,0x04,0x64,0xff,0xec,0x64,0x64,0x78,0xfe,0xca,0x00,0x00,0x00,0xff,0xe9,0x4c,0x4c,0x4c,
    0x8f,0xff,0xbf,0x00,0x00,0x00,0xcf,0xf2,0xed,0xf4,0x00,0x00,0x21,0xf3,0xff,0xe6,0x00,0x00,0x00,0x01,
    0xfa,0xfb,0xfa,0x34,0x00,0x00,0x00,0xd8,0xff,0x00,0x00,0x00,0xff,0xe9,0x4c,0x4c,0x4c,0x8f,0xff,0xbf,
    0x00,0x00,0x00,0x00,0x53,0xef,0xff,0x7c,0x7c,0x7c,0x7c,0x96,0xff,0xdf,0x00,0x00,0x00,0xff,0xe9,0x4c,
    0x4c,0x4c,0x8f,0xff,0xbf,0x00,0x00,0x00,0x00,0x03,0xf7,0x30,0xbe,0xd9,0x00,0x00,0x00,0x10,0xff,0xfe,
    0xf4,0x1c,0x00,0x00,0x00,0xe0,0xff,0x00,0x00,0x00,0x00,0x00,0x00,0x00,0x00,0x14,0xaa,0xf3,0xe4,0x49,
    0x00,0x00,0xff,0xe0,0x00,0x00,0x00,0x3a,0xdf,0xe4,0x52,0x00,0x28,0xd7,0xe8,0x54,0x00,0x00,0x00,0xff,
    0xe0,0x00,0x00,0x00,0x00,0x00,0xff,0xe0,0x00,0x00,0x00,0x00,0xe0,0xff,0x3f,0x00,0x00,0x54,0xea,0xd6,
    0x3e,0x00,0x00,0x00,0x00,0x00,0x00,0x00,0x00,0x00,0x00,0x1f,0xad,0xfb,0xff,0xff,0xff,0xfe,0xb0,0x1b,
    0x00,0x00,0x00,0xff,0xe4,0x00,0x00,0x00,0x00,0x00,0x49,0xff,0xdd,0x04,0x00,0x00,0x00,0x00,0x00,0x00,
    0x00,0x00,0x00,0x3a,0xdf,0xe4,0x52,0x00,0x00,0xd8,0xff,0x3c,0x00,0x00,0x00,0x00,0x8f,0xff,0x60,0x00,
    0x00,0x00,0x00,0xff,0xff,0xff,0xff,0xff,0xfe,0xda,0x35,0x00,0x00,0x00,0x3a,0xdf,0xe4,0x52,0x00,0x00,
    0x0c,0xff,0xff,0xff,0xff,0xff,0xff,0xdb,0x42,0x00,0x00,0x00,0xff,0xff,0xff,0xff,0xff,0xfe,0xda,0x35,
    0x00,0x00,0x00,0x38,0xda,0xf4,0x80,0x00,0x00,0x00,0x5f,0xef,0x64,0x00,0x00,0x00,0x00,0xe8,0xff,0x89,
    0x00,0x00,0x00,0x00,0xd8,0xff,0x00,0x00,0x00,0xff,0xff,0xff,0xff,0xff,0xfe,0xda,0x35,0x00,0x00,0x00,
    0x00,0xac,0xff,0xff,0xff,0xff,0xff,0xff,0xff,0xe4,0x50,0x00,0x00,0x00,0xff,0xff,0xff,0xff,0xff,0xfe,
    0xda,0x35,0x00,0x00,0x00,0x00,0x00,0x6d,0xfb,0xf4,0x4b,0x00,0x00,0x00,0x05,0xff,0xff,0x7b,0x00,0x00,
    0x00,0x00,0xe0,0xff,0x00,0x00,0x00,0x00,0x00,0x00,0x00,0x00,0x00,0x00,0x00,0x00,0x00,0x00,0x00,0x00,
    0x00,0x00,0x00,0x00,0x00,0x00,0x00,0x00,0x00,0x00,0x00,0x00,0x00,0x00,0x00,0x00,0x00,0x00,0x00,0x00,
    0x00,0x00,0x00,0x00,0x00,0x00,0x00,0x00,0x00,0x00,0x00,0x00,0x00,0x00,0x00,0x00,0x00,0x00,0x00,0x00,
    0x00,0x00,0x00,0x00,0x00,0x00,0x00,0x00,0x00,0x00,0x0e,0x3f,0x89,0xff,0xca,0x15,0x00,0x00,0x00,0x00,
    0x00,0x00,0x00,0x00,0x00,0x00,0x00,0x00,0x00,0x00,0x00,0x00,0x00,0x00,0x00,0x00,0x00,0x00,0x00,0x00,
    0x00,0x00,0x00,0x00,0x00,0x00,0x00,0x00,0x00,0x00,0x00,0x00,0x00,0x00,0x00,0x00,0x00,0x00,0x00,0x00,
    0x00,0x00,0x00,0x00,0x00,0x00,0x00,0x00,0x00,0x00,0x00,0x00,0x00,0x00,0x00,0x00,0x00,0x00,0x00,0x00,
    0x00,0x00,0x00,0x00,0x00,0x00,0x00,0x00,0x00,0x00,0x00,0x00,0x00,0x00,0x00,0x00,0x00,0x00,0x00,0x00,
    0x00,0x00,0x00,0x00,0x00,0x00,0x00,0x00,0x00,0x00,0x00,0x00,0x00,0x00,0x00,0x00,0x00,0x00,0x00,0x00,
    0x00,0x00,0x00,0x00,0x00,0x00,0x00,0x00,0x00,0x00,0x00,0x00,0x00,0x00,0x00,0x00,0x00,0x00,0x00,0x00,
    0x00,0x00,0x00,0x00,0x00,0x00,0x00,0x00,0x00,0x00,0x00,0x00,0x00,0x00,0x00,0x00,0x00,0x00,0x00,0x00,
    0x00,0x00,0x00,0x00,0x00,0x09,0x06,0x00,0x00,0x00,0x00,0x00,0x00,0x00,0x00,0x00,0x00,0x00,0x00,0x00,
    0x00,0x00,0x00,0x00,0x00,0x00,0x00,0x00,0x00,0x00,0x00,0x00,0x00,0x00,0x00,0x00,0x00,0x00,0x00,0x00,
    0x00,0x00,0x00,0x00,0x00,0x00,0x00,0x00,0x00,0x00,0x00,0x00,0x00,0x00,0x00,0x00,0x00,0x00,0x00,0x00,
    0x00,0x00,0x00,0x00,0x00,0x00,0x00,0x00,0x00,0x00,0x00,0x00,0x00,0x00,0x00,0x00,0x00,0x00,0x00,0x00,
    0x00,0x00,0x00,0x00,0x00,0x00,0x00,0x00,0x00,0x00,0x5a,0xf5,0xf0,0x8a,0x44,0x2a,0x38,0x31,0x00,0x00,
    0x00,0x00,0x00,0x00,0x00,0x00,0x00,0x00,0x00,0x00,0x00,0x00,0x00,0x00,0x00,0x00,0x00,0x00,0x00,0x00,
    0x00,0x00,0x00,0x00,0x00,0x00,0x00,0x00,0x00,0x00,0x00,0x00,0x00,0x00,0x00,0x00,0x00,0x00,0x00,0x00,
    0x00,0x00,0x00,0x00,0x00,0x00,0x00,0x00,0x00,0x00,0x00,0x00,0x00,0x00,0x00,0x00,0x00,0x00,0x00,0x00,
    0x00,0x00,0x00,0x00,0x00,0x00,0x00,0x00,0x00,0x00,0x00,0x00,0x00,0x00,0x00,0x00,0x00,0x00,0x00,0x00,
    0x00,0x00,0x00,0x00,0x00,0x00,0x00,0x00,0x00,0x00,0x00,0x00,0x00,0x00,0x00,0x00,0x00,0x00,0x00,0x00,
    0x00,0x00,0x00,0x00,0x00,0x00,0x00,0x00,0x00,0x00,0x00,0x00,0x00,0x00,0x00,0x00,0x00,0x00,0x00,0x00,
    0x00,0x00,0x00,0x00,0x00,0x00,0x00,0x00,0x00,0x00,0x00,0x00,0x00,0x00,0x00,0x00,0x00,0x00,0x00,0x00,
    0x00,0x00,0x00,0x00,0x00,0x00,0x00,0x00,0x00,0x00,0x00,0x00,0x00,0x00,0x00,0x00,0x00,0x00,0x00,0x00,
    0x00,0x00,0x00,0x00,0x00,0x00,0x00,0x00,0x00,0x00,0x00,0x00,0x00,0x00,0x00,0x00,0x00,0x00,0x00,0x00,
    0x00,0x00,0x00,0x00,0x00,0x00,0x00,0x00,0x00,0x00,0x00,0x00,0x00,0x00,0x00,0x00,0x00,0x00,0x00,0x00,
    0x00,0x00,0x00,0x00,0x00,0x00,0x00,0x00,0x00,0x00,0x00,0x00,0x00,0x00,0x00,0x00,0x00,0x00,0x00,0x00,
    0x00,0x00,0x00,0x00,0x00,0x00,0x00,0x00,0x23,0xa9,0xf7,0xff,0xff,0xff,0x80,0x00,0x00,0x00,0x00,0x00,
    0x00,0x00,0x00,0x00,0x00,0x00,0x00,0x00,0x00,0x00,0x00,0x00,0x00,0x00,0x00,0x00,0x00,0x00,0x00,0x00,
    0x00,0x00,0x00,0x00,0x00,0x00,0x00,0x00,0x00,0x00,0x00,0x00,0x00,0x00,0x00,0x00,0x00,0x00,0x00,0x00,
    0x00,0x00,0x00,0x00,0x00,0x00,0x00,0x00,0x00,0x00,0x00,0x00,0x00,0x00,0x00,0x00,0x00,0x00,0x00,0x00,
    0x00,0x00,0x00,0x00,0x00,0x00,0x00,0x00,0x00,0x00,0x00,0x00,0x00,0x00,0x00,0x00,0x00,0x00,0x00,0x00,
    0x00,0x00,0x00,0x00,0x00,0x00,0x00,0x00,0x00,0x00,0x00,0x00,0x00,0x00,0x00,0x00,0x00,0x00,0x00,0x00,
    0x00,0x00,0x00,0x00,0x00,0x00,0x00,0x00,0x00,0x00,0x00,0x00,0x00,0x00,0x00,0x00,0x00,0x00,0x00,0x00,
    0x00,0x00,0x00,0x00,0x00,0x00,0x00,0x00,0x00,0x00,0x00,0x00,0x00,0x00,0x00,0x00,0x00,0x00,0x00,0x00,
    0x00,0x00,0x00,0x00,0x00,0x00,0x00,0x00,0x00,0x00,0x00,0x00,0x00,0x00,0x00,0x00,0x00,0x00,0x00,0x00,
    0x00,0x00,0x00,0x00,0x00,0x00,0x00,0x00,0x00,0x00,0x00,0x00,0x00,0x00,0x00,0x00,0x00,0x00,0x00,0x00,
    0x00,0x00,0x00,0x00,0x00,0x00,0x00,0x00,0x00,0x00,0x00,0x00,0x00,0x00,0x00,0x00,0x00,0x00,0x00,0x00,
    0x00,0x00,0x00,0x00,0x00,0x00,0x00,0x00,0x00,0x00,0x00,0x00,0x00,0x00,0x00,0x00,0x00,0x00,0x00,0x00,
    0x00,0x00,0x00,0x00,0x00,0x00,0x00,0x09,0x39,0x4e,0x40,0x0f,0x00,0x00,0x00,0x00,0x00,0x00,0x00,0x00,
    0x00,0x00,0x00,0x00,0x00,0x00,0x00,0x00,0x00,0x00,0x00,0x00,0x00,0x00,0x00,0x00,0x00,0x00,0x00,0x00,
    0x00,0x00,0x00,0x00,0x00,0x00,0x00,0x00,0x00,0x00,0x00,0x00,0x00,0x00,0x00,0x00,0x00,0x00,0x00,0x00,
    0x00,0x00,0x00,0x00,0x00,0x00,0x00,0x00,0x00,0x00,0x00,0x00,0x00,0x00,0x00,0x00,0x00,0x00,0x00,0x00,
    0x00,0x00,0x00,0x00,0x00,0x00,0x00,0x00,0x00,0x00,0x00,0x00,0x00,0x00,0x00,0x00,0x00,0x00,0x00,0x00,
    0x00,0x00,0x00,0x00,0x00,0x00,0x00,0x00,0x00,0x00,0x00,0x00,0x00,0x00,0x00,0x00,0x00,0x00,0x00,0x00,
    0x00,0x00,0x00,0x00,0x00,0x00,0x00,0x00,0x00,0x00,0x00,0x00,0x00,0x00,0x00,0x00,0x00,0x00,0x00,0x00,
    0x00,0x00,0x00,0x00,0x00,0x00,0x00,0x00,0x00,0x00,0x00,0x00,0x00,0x00,0x00,0x00,0x00,0x00,0x00,0x00,
    0x00,0x00,0x00,0x00,0x00,0x00,0x00,0x00,0x00,0x00,0x00,0x00,0x00,0x00,0x00,0x00,0x00,0x00,0x00,0x00,
    0x00,0x00,0x00,0x00,0x00,0x00,0x00,0x00,0x00,0x00,0x00,0x00,0x00,0x00,0x00,0x00,0x00,0x00,0x00,0x00,
    0x00,0x00,0x00,0x00,0x00,0x00,0x00,0x00,0x00,0x00,0x00,0x00,0x00,0x00,0x00,0x00,0x00,0x00,0x00,0x00,
    0x00,0x00,0x00,0x00,0x00,0x00,0x00,0x00,0x00,0x00,0x00,0x00,0x00,0x00,0x00,0x00,0x00,0x00,0x00,0x00,
    0x00,0x00,0x00,0x00,0x00,0x00,0x00,0x00,0x00,0x00,0x00,0x00,0x00,0x00,0x00,0x00,0x00,0x00,0x00,0x00,
    0x00,0x00,0x00,0x00,0x00,0x00,0x00,0x00,0x00,0x00,0x00,0x00,0x00,0x00,0x00,0x00,0x00,0x00,0x00,0x00,
    0x00,0x00,0x00,0x00,0x00,0x00,0x00,0x00,0x00,0x00,0x00,0x00,0x00,0x00,0x00,0x00,0x00,0x00,0x00,0x00,
    0x00,0x00,0x00,0x00,0x00,0x00,0x00,0x00,0x00,0x00,0x00,0x00,0x00,0x00,0x00,0x00,0x00,0x00,0x00,0x00,
    0x00,0x00,0x00,0x00,0x00,0x00,0x00,0x00,0x00,0x00,0x00,0x00,0x00,0x00,0x00,0x00,0x00,0x00,0x00,0x00,
    0x00,0x00,0x00,0x00,0x00,0x00,0x00,0x00,0x00,0x00,0x00,0x00,0x00,0x00,0x00,0x00,0x00,0x00,0x00,0x00,
    0x00,0x00,0x00,0x00,0x00,0x00,0x00,0x00,0x00,0x00,0x00,0x00,0x00,0x00,0x00,0x00,0x00,0x00,0x00,0x00,
    0x00,0x00,0x00,0x00,0x00,0x00,0x00,0x00,0x00,0x00,0x00,0x00,0x00,0x00,0x00,0x00,0x00,0x00,0x00,0x00,
    0x00,0x00,0x00,0x00,0x00,0x00,0x00,0x00,0x00,0x00,0x00,0x00,0x00,0x00,0x00,0x00,0x00,0x00,0x00,0x00,
    0x00,0x00,0x00,0x00,0x00,0x00,0x00,0x00,0x00,0x00,0x00,0x00,0x00,0x00,0x00,0x00,0x00,0x00,0x00,0x00,
    0x00,0x00,0x00,0x00,0x00,0x00,0x00,0x00,0x00,0x00,0x00,0x00,0x00,0x00,0x00,0x00,0x00,0x00,0x00,0x00,
    0x00,0x00,0x00,0x00,0x00,0x00,0x00,0x00,0x00,0x00,0x00,0x00,0x00,0x00,0x00,0x00,0x00,0x00,0x00,0x00,
    0x00,0x00,0x00,0x00,0x00,0x00,0x00,0x00,0x00,0x00,0x00,0x00,0x00,0x00,0x00,0x00,0x00,0x00,0x00,0x00,
    0x00,0x00,0x00,0x00,0x00,0x00,0x00,0x00,0x00,0x00,0x00,0x00,0x00,0x00,0x00,0x00,0x00,0x00,0x00,0x00,
    0x00,0x00,0x00,0x00,0x00,0x00,0x00,0x00,0x00,0x00,0x00,0x00,0x00,0x00,0x00,0x00,0x00,0x00,0x00,0x00,
    0x00,0x00,0x00,0x00,0x00,0x00,0x00,0x00,0x00,0x00,0x00,0x00,0x00,0x00,0x00,0x00,0x00,0x00,0x00,0x00,
    0x00,0x00,0x00,0x00,0x00,0x00,0x00,0x00,0x00,0x00,0x00,0x00,0x00,0x00,0x00,0x00,0x00,0x00,0x00,0x00,
    0x00,0x00,0x00,0x00,0x00,0x00,0x00,0x00,0x00,0x00,0x00,0x00,0x00,0x00,0x00,0x00,0x00,0x00,0x00,0x00,
    0x00,0x00,0x00,0x00,0x00,0x00,0x00,0x00,0x00,0x00,0x00,0x00,0x00,0x00,0x00,0x00,0x00,0x00,0x00,0x00,
    0x00,0x00,0x00,0x00,0x00,0x00,0x00,0x00,0x00,0x00,0x00,0x00,0x00,0x00,0x00,0x00,0x00,0x00,0x00,0x00,
    0x00,0x00,0x00,0x00,0x00,0x00,0x00,0x00,0x00,0x00,
};
const lv_image_dsc_t img_scan_ap = {
    .header.magic = LV_IMAGE_HEADER_MAGIC,
    .header.cf = LV_COLOR_FORMAT_A8,
    .header.w = 237,
    .header.h = 30,
    .header.stride = 237,
    .data_size = sizeof(img_scan_ap_map),
    .data = img_scan_ap_map,
};

// สแกนอีกครั้งเพื่อตั้งค่า Wi-Fi  (237x27)
static const uint8_t img_scan_setup_map[] = {
    0x00,0x00,0x00,0x00,0x00,0x00,0x00,0x00,0x00,0x00,0x00,0x00,0x00,0x00,0x00,0x00,0x00,0x00,0x00,0x00,
    0x00,0x00,0x00,0x00,0x00,0x00,0x00,0x00,0x00,0x00,0x00,0x00,0x00,0x00,0x00,0x00,0x00,0x00,0x00,0x00,
    0x00,0x00,0x00,0x00,0x00,0x00,0x00,0x00,0x00,0x00,0x00,0x00,0x00,0x00,0x00,0x00,0x00,0x00,0x00,0x00,
    0x00,0x00,0x00,0x00,0x00,0x00,0x00,0x00,0x00,0x00,0x00,0x00,0x00,0x00,0x00,0x00,0x00,0x00,0x00,0x00,
    0x00,0x00,0x00,0x00,0x00,0x00,0x00,0x00,0x00,0x00,0x00,0x00,0x00,0x00,0x00,0x00,0x00,0x00,0x00,0x00,
    0x00,0x00,0x00,0x00,0x00,0x00,0x00,0x00,0x00,0x00,0x00,0x00,0x00,0x00,0x00,0x00,0x00,0x00,0x00,0x00,
    0x00,0x00,0x00,0x00,0x00,0x00,0x00,0x00,0x00,0x00,0x00,0x00,0x00,0x00,0x00,0x00,0x00,0x00,0x00,0x00,
    0x00,0x00,0x00,0x00,0x00,0x00,0x00,0x00,0x00,0x00,0x00,0x00,0x00,0x00,0x00,0x00,0x00,0x00,0x00,0x00,
    0x00,0x00,0x00,0x00,0x00,0x00,0x00,0x00,0x00,0x00,0x00,0x00,0x00,0x00,0x00,0x00,0x00,0x00,0x00,0x00,
    0x00,0x00,0x00,0x00,0x00,0x00,0x00,0x00,0x00,0x00,0x00,0x00,0x00,0x00,0x00,0x00,0x00,0x00,0x00,0x00,
    0x00,0x00,0x00,0x00,0x00,0x00,0x00,0x00,0x00,0x00,0x00,0x00,0x00,0x00,0x00,0x00,0x00,0x00,0x00,0x00,
    0x00,0x00,0x00,0x00,0x00,0x00,0x00,0x00,0x00,0x00,0x00,0x00,0x00,0x00,0x00,0x00,0x00,0x00,0x00,0x00,
    0x00,0x00,0x00,0x00,0x00,0x00,0x00,0x00,0x00,0x00,0x00,0x00,0x00,0x00,0x00,0x00,0x00,0x00,0x00,0x00,
    0x00,0x00,0x00,0x00,0x00,0x00,0x00,0x00,0x00,0x00,0x00,0x00,0x00,0x00,0x00,0x00,0x00,0x00,0x00,0x00,
    0x00,0x00,0x00,0x00,0x00,0x00,0x00,0x00,0x00,0x00,0x00,0x00,0x00,0x00,0x00,0x00,0x00,0x00,0x00,0x00,
    0x00,0x00,0x00,0x00,0x00,0x00,0x00,0x00,0x00,0x00,0x00,0x00,0x00,0x00,0x00,0x00,0x00,0x00,0x00,0x00,
    0x00,0x00,0x00,0x00,0x00,0x00,0x00,0x00,0x00,0x00,0x00,0x00,0x00,0x00,0x00,0x00,0x00,0x00,0x00,0x00,
    0x00,0x00,0x00,0x00,0x00,0x00,0x00,0x00,0x00,0x00,0x00,0x00,0x00,0x00,0x00,0x00,0x00,0x00,0x00,0x00,
    0x00,0x00,0x00,0x00,0x00,0x00,0x00,0x00,0x00,0x00,0x00,0x00,0x00,0x00,0x00,0x00,0x00,0x00,0x00,0x00,
    0x00,0x00,0x00,0x00,0x00,0x00,0x00,0x00,0x00,0x00,0x00,0x00,0x00,0x00,0x00,0x00,0x00,0x00,0x00,0x00,
    0x00,0x00,0x00,0x00,0x00,0x00,0x00,0x00,0x00,0x00,0x00,0x00,0x00,0x00,0x00,0x00,0x00,0x00,0x00,0x00,
    0x00,0x00,0x00,0x00,0x00,0x00,0x00,0x00,0x00,0x00,0x00,0x00,0x00,0x00,0x00,0x00,0x00,0x00,0x00,0x00,
    0x00,0x00,0x00,0x00,0x00,0x00,0x00,0x00,0x00,0x00,0x00,0x00,0x00,0x00,0x00,0x00,0x00,0x00,0x00,0x00,
    0x00,0x00,0x00,0x00,0x00,0x00,0x00,0x00,0x00,0x00,0x00,0x00,0x00,0x00,0x00,0x00,0x00,0x00,0x00,0x00,
    0x00,0x00,0x00,0x00,0x00,0x00,0x00,0x00,0x00,0x00,0x00,0x00,0x00,0x00,0x00,0x00,0x00,0x00,0x00,0x00,
    0x00,0x00,0x00,0x00,0x00,0x00,0x00,0x00,0x00,0x00,0x00,0x00,0x00,0x00,0x00,0x00,0x00,0x00,0x00,0x00,
    0x00,0x00,0x00,0x00,0x00,0x00,0x00,0x00,0x00,0x00,0x00,0x00,0x00,0x00,0x00,0x00,0x00,0x00,0x00,0x00,
    0x00,0x00,0x00,0x00,0x00,0x00,0x00,0x00,0x00,0x00,0x00,0x00,0x00,0x00,0x00,0x00,0x00,0x00,0x00,0x00,
    0x00,0x00,0x00,0x00,0x31,0xb5,0x54,0x00,0x00,0x00,0x00,0x00,0x00,0x00,0x00,0x00,0x00,0x00,0x00,0x00,
    0x00,0x00,0x00,0x00,0x00,0x00,0x00,0x00,0x00,0x00,0x00,0x00,0x00,0x00,0x00,0x18,0xff,0x98,0x00,0x00,
    0x00,0x00,0x00,0x00,0x00,0x00,0x00,0x00,0x00,0x00,0x00,0x00,0x00,0x00,0x00,0x00,0x00,0x00,0x00,0x67,
    0xb3,0x2a,0x00,0x00,0x00,0x00,0x00,0x00,0x00,0x00,0x00,0x00,0x00,0x00,0x00,0x00,0x00,0x00,0x00,0x00,
    0x00,0x00,0x00,0x00,0x00,0x00,0x00,0x00,0x00,0x00,0x00,0x00,0x00,0x00,0x00,0x00,0x00,0x00,0x00,0x00,
    0x00,0x00,0x00,0x00,0x00,0x00,0x00,0x00,0x00,0x00,0x00,0x00,0x00,0x00,0x00,0x00,0x00,0x00,0x00,0x00,
    0x00,0x00,0x00,0x00,0x00,0x00,0x00,0x00,0x00,0x00,0x00,0x00,0x00,0x00,0x00,0x00,0x00,0x00,0x00,0x00,
    0x00,0x00,0x00,0x00,0x00,0x00,0x00,0x00,0x00,0x00,0x00,0x00,0x00,0x00,0x00,0x00,0x00,0x00,0x00,0x00,
    0x00,0x00,0x00,0x00,0x00,0x00,0x00,0x00,0x00,0x00,0x00,0x00,0x00,0x00,0x00,0x00,0x00,0x00,0x00,0x00,
    0x00,0x00,0x00,0x00,0x00,0x00,0x00,0x00,0x00,0x00,0x00,0x00,0x00,0x00,0x00,0x00,0x00,0x00,0x00,0x00,
    0x00,0x00,0x00,0x00,0x00,0x00,0x00,0x00,0x00,0x00,0x00,0x00,0x00,0x00,0x00,0x00,0x00,0x00,0x00,0x00,
    0x00,0x00,0x00,0x00,0x00,0x00,0x00,0x00,0x00,0x00,0x00,0x00,0x00,0x00,0x00,0x00,0x00,0x00,0x00,0x00,
    0x00,0xa5,0x2f,0xea,0x00,0x47,0xc3,0x11,0x00,0x00,0x00,0x00,0x00,0x00,0x00,0x00,0x00,0x00,0x00,0x00,
    0x00,0x00,0x00,0x00,0x00,0x00,0x00,0x00,0x00,0x00,0x00,0x00,0x18,0xff,0x98,0x00,0x00,0x00,0x00,0x00,
    0x00,0x00,0x00,0x00,0x00,0x00,0x00,0x00,0x00,0x00,0x00,0x00,0x00,0x00,0x00,0x02,0xb3,0x56,0xac,0x00,
    0x75,0xc5,0x00,0x00,0x00,0x00,0x00,0x00,0x00,0x00,0x00,0x00,0x00,0x00,0x00,0x00,0x00,0x00,0x00,0x00,
    0x00,0x00,0x00,0x00,0x00,0x00,0x00,0x00,0x00,0x00,0x00,0x00,0x00,0x00,0x00,0x00,0x00,0x00,0x00,0x00,
    0x00,0x00,0x00,0x00,0x00,0x00,0x00,0x00,0x00,0x00,0x00,0x00,0x00,0x00,0x00,0x00,0x00,0x00,0x00,0x00,
    0x00,0x00,0x00,0x00,0x00,0x00,0x00,0x00,0x00,0x00,0x00,0x00,0x00,0x00,0x00,0x00,0x00,0x00,0x00,0x00,
    0x00,0x00,0x00,0x00,0x00,0x00,0x00,0x00,0x00,0x00,0x00,0x00,0x00,0x00,0x00,0x00,0x00,0x00,0x00,0x00,
    0x00,0x00,0x00,0x00,0x00,0x00,0x00,0x00,0x00,0x00,0x00,0x00,0x00,0x00,0x00,0x00,0x00,0x00,0x00,0x00,
    0x00,0x00,0x00,0x00,0x00,0x00,0x00,0x00,0x00,0x00,0x00,0x00,0x00,0x00,0x00,0x00,0x00,0x00,0x00,0x00,
    0x00,0x00,0x00,0x00,0x00,0x00,0x00,0x00,0x00,0x00,0x00,0x00,0x00,0x00,0x00,0x00,0x00,0x00,0x00,0x00,
    0x00,0x00,0x00,0x00,0x00,0x00,0x00,0x00,0x00,0x00,0x00,0x00,0x00,0x00,0x00,0x00,0x00,0x00,0x64,0xd5,
    0xd7,0x1f,0xd8,0x9d,0x00,0x00,0x00,0x00,0x00,0x00,0x00,0x00,0x00,0x00,0x00,0x00,0x00,0x00,0x00,0x00,
    0x00,0x00,0x00,0x00,0x00,0x00,0x00,0x00,0x00,0x18,0xff,0x98,0x00,0x00,0x00,0x00,0x00,0x00,0x00,0x00,
    0x00,0x00,0x00,0x00,0x00,0x00,0x00,0x00,0x00,0x00,0x00,0x00,0x00,0xa3,0xe0,0x92,0x46,0xf1,0x63,0x00,
    0x00,0x00,0x00,0x00,0x00,0x00,0x00,0x00,0x00,0x00,0x00,0x00,0x00,0x00,0x00,0x00,0x00,0x00,0x00,0x00,
    0x00,0x00,0x00,0x00,0x00,0x00,0x00,0x00,0x00,0x00,0x00,0x00,0x00,0x00,0x00,0x00,0x00,0x00,0x00,0x00,
    0x00,0x00,0x00,0x00,0x00,0x00,0x00,0x00,0x00,0x00,0x00,0x00,0x00,0x00,0x00,0x00,0x00,0x00,0x00,0x00,
    0x00,0x00,0x00,0x00,0x00,0x00,0x00,0x00,0x00,0x00,0x00,0x00,0x00,0x00,0x00,0x00,0x00,0x00,0x00,0x00,
    0x00,0x00,0x00,0x00,0x00,0x00,0x00,0x00,0x00,0x00,0x00,0x00,0x00,0x00,0x00,0x00,0x00,0x00,0x00,0x00,
    0x00,0x00,0x00,0x00,0x00,0x00,0x00,0x00,0x00,0x00,0x00,0x00,0x00,0x00,0x00,0x00,0x00,0x00,0x00,0x00,
    0x00,0x00,0x00,0x00,0x00,0x00,0x00,0x00,0x00,0x00,0x00,0x00,0x00,0x00,0x00,0x00,0x00,0x00,0x00,0x00,
    0x00,0x00,0x00,0x00,0x00,0x00,0x00,0x00,0x00,0x00,0x00,0x00,0x00,0x00,0x00,0x00,0x00,0x00,0x00,0x00,
    0x00,0x00,0x00,0x00,0x00,0x00,0x00,0x00,0x00,0x00,0x00,0x00,0x00,0x00,0x00,0x08,0xb1,0xe9,0xbe,0x59,
    0x00,0x00,0x00,0x00,0x00,0x00,0x00,0x00,0x00,0x00,0x00,0x00,0x00,0x00,0x00,0x00,0x00,0x00,0x00,0x00,
    0x00,0x00,0x00,0x00,0x00,0x00,0x06,0x44,0x28,0x00,0x00,0x00,0x00,0x00,0x00,0x00,0x00,0x00,0x00,0x00,
    0x00,0x00,0x00,0x00,0x00,0x00,0x00,0x00,0x00,0x00,0x38,0xdf,0xd9,0x9b,0x30,0x00,0x00,0x00,0x00,0x00,
    0x00,0x00,0x00,0x00,0x00,0x00,0x00,0x00,0x00,0x00,0x00,0x00,0x00,0x00,0x00,0x00,0x00,0x00,0x00,0x00,
    0x00,0x00,0x00,0x00,0x00,0x00,0x00,0x00,0x00,0x00,0x00,0x00,0x00,0x00,0x00,0x00,0x00,0x00,0x00,0x00,
    0x00,0x00,0x00,0x00,0x00,0x00,0x00,0x00,0x00,0x00,0x00,0x00,0x00,0x00,0x00,0x00,0x00,0x00,0x00,0x00,
    0x00,0x00,0x00,0x00,0x00,0x00,0x00,0x00,0x00,0x00,0x00,0x00,0x00,0x00,0x00,0x00,0x00,0x00,0x00,0x00,
    0x00,0x00,0x00,0x00,0x00,0x00,0x00,0x00,0x00,0x00,0x00,0x00,0x00,0x00,0x00,0x00,0x00,0x00,0x00,0x00,
    0x00,0x00,0x00,0x00,0x00,0x00,0x00,0x00,0x00,0x00,0x00,0x00,0x00,0x00,0x00,0x00,0x00,0x00,0x00,0x00,
    0x00,0x00,0x00,0x00,0x00,0x00,0x00,0x00,0x00,0x00,0x00,0x00,0x00,0x00,0x00,0x00,0x00,0x00,0x00,0x00,
    0x54,0x46,0x00,0x00,0x00,0x00,0x00,0x00,0x00,0x00,0x00,0x00,0x00,0x00,0x00,0x00,0x00,0x00,0x00,0x00,
    0x00,0x00,0x00,0x00,0x00,0x00,0x00,0x00,0x00,0x00,0x00,0x00,0x04,0x20,0x05,0x00,0x00,0x00,0x00,0x00,
    0x00,0x00,0x00,0x00,0x00,0x00,0x00,0x00,0x00,0x00,0x00,0x00,0x00,0x00,0x00,0x00,0x00,0x00,0x00,0x00,
    0x00,0x22,0xac,0x28,0xac,0x3d,0x00,0x00,0x00,0x00,0x00,0x00,0x00,0x00,0x00,0x00,0x00,0x00,0x00,0x00,
    0x00,0x00,0x00,0x00,0x00,0x00,0x00,0x0e,0x0a,0x00,0x00,0x00,0x00,0x00,0x00,0x00,0x00,0x00,0x00,0x00,
    0x00,0x00,0x00,0x00,0x00,0x00,0x00,0x00,0x00,0x00,0x00,0x00,0x00,0x00,0x00,0x00,0x00,0x00,0x00,0x00,
    0x00,0x00,0x00,0x00,0x00,0x00,0x00,0x00,0x00,0x00,0x00,0x00,0x00,0x00,0x00,0x00,0x00,0x00,0x00,0x00,
    0x00,0x00,0x00,0x00,0x00,0x00,0x00,0x00,0x00,0x00,0x00,0x00,0x00,0x00,0x00,0x00,0x00,0x00,0x00,0x00,
    0x00,0x00,0x00,0x00,0x00,0x00,0x00,0x00,0x00,0x00,0x00,0x00,0x00,0x00,0x00,0x00,0x00,0x00,0x00,0x00,
    0x00,0x00,0x00,0x00,0x00,0x00,0x00,0x00,0x00,0x00,0x00,0x00,0x00,0x00,0x00,0x00,0x00,0x00,0x00,0x00,
    0x00,0x00,0x00,0x00,0x00,0x00,0x00,0x00,0x00,0x00,0x00,0x00,0x00,0x00,0x00,0x00,0x00,0x00,0x00,0x00,
    0x00,0x00,0x00,0x00,0x00,0x00,0x00,0x00,0x00,0x00,0x00,0x23,0xa4,0xd9,0xe2,0xb9,0x47,0xff,0xd8,0x00,
    0x00,0x00,0x00,0x00,0x00,0x00,0x00,0x00,0x00,0x00,0x00,0x00,0x00,0x00,0x00,0x00,0x00,0x00,0x00,0x00,
    0x00,0x00,0x00,0x00,0x00,0x00,0x00,0x00,0x00,0x41,0xe1,0xd7,0x2e,0x00,0x00,0x1c,0xf0,0xaf,0x00,0x00,
    0x00,0x00,0x00,0x00,0x00,0x00,0x00,0x00,0x00,0x00,0x00,0x00,0x00,0x00,0x05,0x6b,0xc5,0xe5,0xe3,0xff,
    0x54,0xff,0x5c,0x00,0x00,0x00,0x00,0x00,0x00,0x00,0x00,0x00,0x00,0x00,0x00,0x00,0x00,0x00,0x00,0x00,
    0x00,0x00,0x00,0x58,0xe8,0xcb,0x1c,0x00,0x00,0x0d,0xf0,0xbe,0x00,0x00,0x00,0x00,0x00,0x00,0x00,0x00,
    0x00,0x00,0x00,0x00,0x00,0x00,0x00,0x28,0x44,0x06,0x00,0x00,0x00,0x00,0x00,0x00,0x00,0x00,0x00,0x00,
    0x00,0x00,0x00,0x00,0x00,0x00,0x00,0x00,0x00,0x00,0x00,0x00,0x00,0x00,0x00,0x00,0x00,0x00,0x00,0x00,
    0x00,0x00,0x00,0x00,0x00,0x00,0x00,0x00,0x00,0x00,0x00,0x00,0x00,0x00,0x00,0x00,0x00,0x00,0x00,0x00,
    0x00,0x00,0x00,0x00,0x00,0x00,0x00,0x00,0x00,0x00,0x00,0x00,0x00,0x00,0x00,0x00,0x00,0x00,0x00,0x00,
    0x00,0x00,0x00,0x00,0x00,0x00,0x00,0x00,0x00,0x00,0x00,0x00,0x00,0x00,0x00,0x00,0x00,0x00,0x00,0x00,
    0x00,0x00,0x00,0x00,0x00,0x00,0x00,0x00,0x00,0x00,0x00,0x00,0x00,0x00,0x00,0x00,0x00,0x00,0x00,0x00,
    0x00,0x00,0x00,0x00,0x00,0x00,0x00,0x2c,0xf0,0x9e,0x13,0x13,0x74,0xf9,0xff,0xd8,0x00,0x00,0x00,0x00,
    0x00,0x00,0x00,0x00,0x00,0x00,0x00,0x00,0x00,0x00,0x00,0x00,0x00,0x00,0x00,0x00,0x00,0x00,0x00,0x00,
    0x00,0x00,0x00,0x00,0x00,0x00,0xd4,0x5d,0x90,0xb6,0x00,0x00,0x52,0xff,0x81,0x00,0x00,0x00,0x00,0x00,
    0x00,0x00,0x00,0x00,0x00,0x00,0x00,0x00,0x00,0x00,0x04,0xb8,0xe7,0x3a,0x08,0x31,0xbe,0xf0,0xff,0x5c,
    0x00,0x00,0x00,0x00,0x00,0x00,0x00,0x00,0x00,0x00,0x00,0x00,0x00,0x00,0x00,0x00,0x00,0x00,0x00,0x02,
    0xef,0x47,0x9c,0x93,0x00,0x00,0x46,0xff,0x8f,0x00,0x00,0x00,0x00,0x00,0x00,0x00,0x00,0x00,0x00,0x00,
    0x00,0x00,0x00,0x00,0x98,0xff,0x18,0x00,0x00,0x00,0x00,0x00,0x00,0x00,0x00,0x00,0x00,0x00,0x00,0x00,
    0x00,0x00,0x00,0x00,0x00,0x00,0x00,0x00,0x00,0x00,0x00,0x00,0x00,0x00,0x00,0x00,0x00,0x00,0x00,0x00,
    0x00,0x00,0x00,0x00,0x00,0x00,0x00,0x00,0x00,0x00,0x00,0x00,0x00,0x00,0x00,0x00,0x00,0x00,0x00,0x00,
    0x00,0x00,0x00,0x00,0x00,0x00,0x00,0x00,0x00,0x00,0x00,0x00,0x00,0x00,0x00,0x00,0x00,0x00,0x00,0x00,
    0x00,0x00,0x00,0x00,0x00,0x00,0x00,0x00,0x00,0x00,0x00,0x00,0x00,0x00,0x00,0x00,0x00,0x00,0x00,0x00,
    0x00,0x00,0x00,0x00,0x00,0x00,0x00,0x00,0x00,0x00,0x00,0x00,0x00,0x00,0x00,0x00,0x00,0x00,0x00,0x00,
    0x00,0x00,0x00,0x00,0xc4,0xf2,0x0b,0x08,0x08,0x00,0x6c,0xff,0xd8,0x00,0x00,0x00,0x00,0x00,0x00,0x00,
    0x00,0x00,0x00,0x00,0x00,0x00,0x00,0x00,0x00,0x00,0x00,0x00,0x00,0x00,0x00,0x00,0x00,0x00,0x00,0x00,
    0x00,0x00,0x00,0xf4,0x2d,0x5e,0xd5,0x00,0x0b,0xd1,0xea,0x14,0x00,0x00,0x00,0x00,0x00,0x00,0x00,0x00,
    0x00,0x00,0x00,0x00,0x00,0x00,0x00,0x78,0xff,0x55,0x05,0x0a,0x03,0x08,0xcf,0xff,0x5c,0x00,0x00,0x00,
    0x00,0x00,0x00,0x00,0x00,0x00,0x00,0x00,0x00,0x00,0x00,0x00,0x00,0x00,0x00,0x00,0x10,0xff,0x11,0x62,
    0xb2,0x00,0x0b,0xcd,0xed,0x1a,0x00,0x00,0x00,0x00,0x00,0x00,0x00,0x00,0x00,0x00,0x00,0x00,0x00,0x00,
    0x00,0x98,0xff,0x18,0x00,0x00,0x00,0x00,0x00,0x00,0x00,0x00,0x00,0x00,0x00,0x00,0x00,0x00,0x00,0x00,
    0x00,0x1f,0xff,0xc4,0x00,0x00,0x00,0x00,0x00,0x8a,0xff,0xac,0x00,0x00,0x00,0x00,0x00,0xaa,0xfe,0x12,
    0x00,0xff,0xe4,0x00,0x00,0x00,0x00,0x00,0x00,0x00,0x00,0x00,0x00,0x00,0xff,0xff,0xff,0xff,0xff,0xff,
    0xff,0xff,0x80,0x00,0x00,0xff,0xe4,0x00,0x00,0x00,0x00,0x00,0x00,0x00,0x00,0x00,0x00,0x00,0x00,0x00,
    0x00,0x03,0x00,0x00,0x00,0x00,0x00,0x00,0x00,0x00,0x00,0x00,0x00,0x00,0x00,0x00,0x00,0x00,0x00,0x00,
    0x00,0x00,0x00,0x00,0x00,0x00,0x00,0x00,0x00,0x00,0x00,0x00,0x00,0x00,0x00,0x00,0x00,0x00,0x00,0x00,
    0x21,0xff,0xf9,0xe8,0xdf,0xdc,0xde,0xd0,0xff,0xd8,0x00,0x00,0x00,0x00,0x00,0x00,0x00,0x00,0x00,0x00,
    0x00,0x00,0x00,0x00,0x00,0x00,0x00,0x00,0x00,0x00,0x00,0x00,0x00,0x00,0x00,0x00,0x00,0x00,0x00,0x00,
    0xb0,0xa2,0xc5,0xaa,0x50,0xd6,0xed,0x37,0x00,0x00,0x00,0x00,0x00,0x00,0x00,0x00,0x00,0x00,0x00,0x00,
    0x00,0x00,0x00,0x00,0xd6,0xfe,0xea,0xe3,0xda,0xdb,0xd5,0xe2,0xff,0x5c,0x00,0x00,0x00,0x00,0x00,0x00,
    0x00,0x00,0x00,0x00,0x00,0x00,0x00,0x00,0x00,0x00,0x00,0x00,0x00,0x00,0xcc,0x93,0xcd,0x93,0x52,0xd7,
    0xee,0x3a,0x00,0x00,0x00,0x00,0x00,0x00,0x00,0x00,0x00,0x00,0x00,0x00,0x00,0x00,0x00,0x00,0x98,0xff,
    0x18,0x00,0x00,0x00,0x00,0x00,0x00,0x00,0x00,0x00,0x00,0x00,0x00,0x00,0x00,0x00,0x00,0x00,0x00,0xe4,
    0xf8,0x06,0x00,0x00,0x00,0x00,0xcd,0xff,0xec,0x01,0x00,0x00,0x00,0x00,0xe5,0xd5,0x00,0x00,0x7c,0x6e,
    0x00,0x00,0x00,0x00,0x00,0x00,0x00,0x00,0x00,0x00,0x00,0xff,0xf1,0x7c,0x7c,0x7c,0x7c,0x7c,0x7c,0x3e,
    0x00,0x00,0x7c,0x6e,0x00,0x00,0x00,0x00,0x00,0x00,0x00,0x00,0x00,0x00,0x00,0x00,0x00,0x00,0x82,0xd6,
    0x44,0x00,0x00,0x00,0x00,0x00,0x00,0x00,0x00,0x00,0x00,0x00,0x00,0x00,0x00,0x00,0x00,0x00,0x00,0x00,
    0x00,0x00,0x00,0x00,0x00,0x00,0x00,0x00,0x00,0x00,0x00,0x00,0x00,0x00,0x00,0x00,0x00,0x0d,0x1e,0x02,
    0x00,0x00,0x00,0x00,0x00,0x15,0x34,0x00,0x00,0x00,0x00,0x00,0x00,0x00,0x00,0x00,0x00,0x00,0x00,0x00,
    0x00,0x00,0x00,0x00,0x00,0x00,0x00,0x00,0x00,0x00,0x00,0x00,0x00,0x00,0x00,0x00,0x00,0x10,0x90,0xde,
    0xf8,0xec,0xa0,0x1e,0x00,0x00,0x00,0x00,0x00,0x00,0x00,0x00,0x00,0x00,0x00,0x00,0x00,0x00,0x00,0x00,
    0x00,0x1f,0x07,0x00,0x00,0x00,0x00,0x00,0x04,0x25,0x1d,0x00,0x00,0x00,0x00,0x00,0x00,0x00,0x00,0x00,
    0x00,0x00,0x00,0x00,0x00,0x00,0x00,0x00,0x00,0x00,0x00,0x1a,0x9a,0xe1,0xf8,0xea,0x9f,0x1e,0x00,0x00,
    0x00,0x00,0x00,0x00,0x00,0x00,0x00,0x00,0x00,0x00,0x00,0x00,0x00,0x00,0x00,0x00,0x00,0x00,0x00,0x00,
    0x00,0x00,0x00,0x00,0x00,0x00,0x00,0x00,0x00,0x00,0x00,0x00,0x00,0x00,0x00,0x00,0xaa,0xff,0x39,0x00,
    0x00,0x00,0x12,0xfd,0xe0,0xff,0x2e,0x00,0x00,0x00,0x22,0xff,0x99,0x00,0x00,0x00,0x00,0x00,0x00,0x00,
    0x00,0x00,0x00,0x00,0x00,0x00,0x00,0x00,0xff,0xe4,0x00,0x00,0x00,0x00,0x00,0x00,0x00,0x00,0x00,0x00,
    0x00,0x00,0x00,0x00,0x00,0x00,0x00,0x00,0x08,0x76,0xca,0xec,0xf8,0xe1,0xa8,0xf7,0xed,0x23,0x00,0x00,
    0xff,0xe0,0x00,0x00,0x00,0xe0,0xff,0x00,0x00,0x00,0x00,0x00,0x00,0x59,0xc4,0xf1,0xf6,0xdd,0x98,0x17,
    0x00,0x00,0x00,0x54,0xef,0xe0,0x40,0x00,0x00,0x00,0x00,0xe0,0xff,0x00,0x00,0x00,0x00,0x02,0x16,0x20,
    0x0c,0x00,0x00,0x00,0x00,0x00,0x00,0x00,0x00,0x59,0xc4,0xf1,0xf6,0xdd,0x98,0x17,0x00,0x00,0x00,0x00,
    0x0a,0x7c,0xd1,0xf5,0xf9,0xdf,0x9f,0x26,0x00,0x00,0x00,0x00,0x01,0x1d,0x18,0x00,0x00,0x00,0x0a,0x00,
    0x00,0x00,0x00,0x54,0xef,0xdf,0x3c,0x00,0x00,0x00,0x00,0xff,0xe0,0x00,0x00,0x00,0x03,0x3d,0x32,0x00,
    0x00,0x00,0x19,0x14,0x00,0x0d,0x2c,0x10,0x00,0x00,0x00,0x2b,0xa2,0xe2,0xf9,0xe6,0xa9,0x2e,0x00,0x00,
    0x00,0x00,0x00,0x00,0x00,0x0e,0x00,0x00,0x01,0x01,0x00,0x00,0x00,0x00,0x00,0x00,0x54,0xef,0xdf,0x3c,
    0x00,0x00,0x00,0x00,0x00,0x00,0x00,0x03,0x1d,0x21,0x0b,0x00,0x00,0x00,0x00,0x00,0x00,0x10,0x8a,0xd8,
    0xf6,0xdf,0xa5,0x24,0x00,0x00,0x00,0x00,0x00,0x00,0x00,0x00,0x00,0x6f,0xff,0x73,0x00,0x00,0x00,0x54,
    0xff,0x7d,0xff,0x6f,0x00,0x00,0x00,0x5e,0xff,0x5c,0x00,0x00,0x00,0x00,0x00,0x00,0x00,0x00,0x00,0x00,
    0x00,0x00,0x00,0x00,0x00,0xff,0xe4,0x00,0x00,0x00,0x00,0x00,0x00,0x00,0x00,0x00,0x00,0x00,0x00,0x00,
    0x00,0x00,0x00,0x00,0x0f,0xcd,0xf1,0x8e,0x5e,0x54,0x8a,0xf6,0xff,0x47,0x00,0x00,0x00,0xff,0xe0,0x00,
    0x00,0x00,0xe0,0xff,0x00,0x00,0x00,0x00,0x05,0xa6,0xf5,0x95,0x5b,0x55,0x8b,0xf6,0xe8,0x19,0x00,0x00,
    0xdf,0x82,0xaf,0xd4,0x00,0x00,0x00,0x00,0xe0,0xff,0x00,0x00,0x24,0xa6,0xf2,0xff,0xff,0xff,0xd1,0x5a,
    0x00,0x00,0x00,0x00,0x05,0xa6,0xf5,0x95,0x5b,0x55,0x8b,0xf6,0xe8,0x19,0x00,0x00,0x0e,0xcf,0xff,0xad,
    0x62,0x5d,0x92,0xf9,0xf4,0x31,0x00,0x00,0x4d,0xe4,0xff,0xff,0xe3,0xae,0xbf,0xf3,0x4b,0x00,0x00,0x00,
    0xdf,0x82,0xaf,0xd1,0x00,0x00,0x00,0x00,0xff,0xe0,0x00,0x00,0x00,0x9a,0xe7,0xff,0x92,0x00,0x00,0xc8,
    0xa6,0x00,0x50,0xff,0x60,0x00,0x00,0x45,0xf5,0xcc,0x6d,0x53,0x7c,0xf1,0xf5,0x2c,0x00,0x00,0x00,0x00,
    0x31,0xc9,0xfc,0x7b,0x41,0xcc,0xed,0x59,0x00,0x00,0x00,0x00,0x00,0xdf,0x82,0xaf,0xd1,0x00,0x00,0x00,
    0x00,0x00,0x1f,0xa7,0xf6,0xff,0xff,0xfe,0xcd,0x52,0x00,0x00,0x00,0x0d,0xd1,0xe8,0x7b,0x57,0x7e,0xf3,
    0xf4,0x2e,0x00,0x00,0x00,0x00,0x00,0x00,0x00,0x00,0x34,0xff,0xad,0x00,0x00,0x00,0x97,0xf6,0x1b,0xfe,
    0xb1,0x00,0x00,0x00,0x9a,0xff,0x20,0x00,0x00,0xff,0xe4,0x00,0x00,0x00,0x00,0x00,0x00,0x00,0x00,0x00,
    0x00,0x00,0xff,0xe4,0x00,0x00,0x00,0x00,0x00,0x00,0x00,0x00,0x00,0xff,0xe4,0x00,0x00,0x00,0x00,0x00,
    0x00,0x89,0xe2,0x20,0x00,0x00,0x00,0x00,0x61,0xff,0xa0,0x00,0x00,0x00,0xff,0xe0,0x00,0x00,0x00,0xe0,
    0xff,0x00,0x00,0x00,0x00,0xb7,0xe0,0x21,0x00,0x00,0x00,0x00,0x60,0xff,0x9e,0x00,0x00,0xf1,0x43,0x80,
    0xfc,0x00,0x00,0x00,0x00,0xe0,0xff,0x00,0x35,0xf5,0xaa,0x3c,0x11,0x06,0x30,0xbd,0xff,0x5f,0x00,0x00,
    0x00,0xb7,0xe0,0x21,0x00,0x00,0x00,0x00,0x60,0xff,0x9e,0x00,0x00,0x8c,0xff,0x82,0x00,0x03,0x00,0x00,
    0x51,0xff,0xb7,0x00,0x1b,0xf6,0xbd,0x22,0x06,0x26,0x5a,0x79,0x55,0x03,0x00,0x00,0x00,0xf1,0x42,0x82,
    0xfc,0x00,0x00,0x00,0x00,0xff,0xe0,0x00,0x00,0x00,0xf5,0x2c,0xc0,0xf6,0x00,0x21,0xff,0xf1,0x06,0x50,
    0xff,0x60,0x00,0x00,0xd1,0xa5,0x01,0x00,0x00,0x00,0x5a,0xff,0xa8,0x00,0x00,0x00,0x24,0xf2,0xe8,0x90,
    0xe8,0xf7,0xa8,0xbd,0xfe,0x48,0x00,0x00,0x00,0x00,0xf1,0x42,0x82,0xfc,0x00,0x00,0x00,0x00,0x20,0xe8,
    0xec,0x5f,0x15,0x0e,0x3f,0xce,0xff,0x58,0x00,0x00,0x77,0xe0,0x14,0x00,0x00,0x00,0x4e,0xff,0xa8,0x00,
    0x00,0x00,0x00,0x00,0x00,0x00,0x00,0x04,0xf5,0xe7,0x00,0x00,0x00,0xda,0xba,0x00,0xd1,0xef,0x02,0x00,
    0x00,0xd6,0xe4,0x00,0x00,0x00,0xff,0xe4,0x00,0x00,0x00,0x00,0x00,0x00,0x00,0x00,0x00,0x00,0x00,0xff,
    0xe4,0x00,0x00,0x00,0x00,0x00,0x00,0x00,0x00,0x00,0xff,0xe4,0x00,0x00,0x00,0x00,0x00,0x00,0x11,0x3e,
    0x00,0x02,0x02,0x00,0x00,0x13,0xff,0xd6,0x00,0x00,0x00,0xff,0xe0,0x00,0x00,0x00,0xe0,0xff,0x00,0x00,
    0x00,0x01,0xde,0xfc,0xf3,0xcb,0x49,0x00,0x00,0x13,0xff,0xd7,0x00,0x00,0x8a,0xff,0xff,0xff,0x00,0x00,
    0x00,0x00,0xe0,0xff,0x00,0x18,0x6c,0x00,0x00,0x00,0x00,0x00,0x1b,0xff,0xd2,0x00,0x00,0x01,0xde,0xfc,
    0xf3,0xcb,0x49,0x00,0x00,0x13,0xff,0xd7,0x00,0x00,0xe0,0xfe,0x0b,0x6b,0xf7,0xee,0x57,0x01,0xf3,0xf1,
    0x00,0x6c,0xff,0xfc,0xec,0xca,0x91,0x39,0x00,0x00,0x00,0x00,0x00,0x00,0x8c,0xff,0xff,0xff,0x00,0x00,
    0x00,0x00,0xff,0xe0,0x00,0x00,0x00,0xc9,0xb7,0xf3,0xff,0x08,0x79,0xff,0xff,0x49,0x50,0xff,0x60,0x00,
    0x00,0x2b,0x16,0x01,0x01,0x00,0x00,0x12,0xff,0xd7,0x00,0x00,0x00,0x9b,0xff,0x52,0x00,0x0c,0x1c,0x00,
    0x14,0xfb,0xc3,0x00,0x00,0x00,0x00,0x8c,0xff,0xff,0xff,0x00,0x00,0x00,0x00,0xa3,0xff,0x53,0x00,0x0d,
    0x11,0x00,0x1f,0xff,0xd2,0x00,0x00,0x0e,0x38,0x00,0x00,0x00,0x00,0x0e,0xff,0xd7,0x00,0x00,0x00,0x00,
    0x00,0x00,0x00,0x00,0x00,0xbf,0xff,0x22,0x00,0x1e,0xff,0x76,0x00,0x8e,0xff,0x33,0x00,0x13,0xfe,0xa8,
    0x00,0x00,0x00,0xff,0xe4,0x00,0x00,0x00,0x00,0x00,0x00,0x00,0x00,0x00,0x00,0x00,0xff,0xe7,0x24,0x24,
    0x24,0x24,0x24,0x17,0x00,0x00,0x00,0xff,0xe4,0x00,0x00,0x00,0x00,0x00,0x00,0x00,0x03,0x93,0xf6,0xfa,
    0xbb,0x30,0x00,0xff,0xe0,0x00,0x00,0x00,0xff,0xe0,0x00,0x00,0x00,0xe0,0xff,0x00,0x00,0x00,0x00,0x00,
    0x6a,0xfa,0x9d,0x1c,0x00,0x00,0x00,0xff,0xdf,0x00,0x00,0x00,0x2d,0xe5,0xff,0x00,0x00,0x00,0x00,0xe0,
    0xff,0x00,0x00,0x04,0x9f,0xf4,0xdf,0x48,0x00,0x00,0xee,0xf1,0x00,0x00,0x00,0x00,0x6a,0xfa,0x9d,0x1c,
    0x00,0x00,0x00,0xff,0xdf,0x00,0x00,0xfa,0xe5,0x0b,0xf5,0x75,0x6f,0xe2,0x00,0xe0,0xff,0x00,0x0c,0x15,
    0x20,0x3e,0x67,0xc1,0xff,0x9a,0x00,0x00,0x09,0x00,0x00,0x00,0x2d,0xe5,0xff,0x00,0x00,0x00,0x00,0xff,
    0xe0,0x00,0x00,0x00,0x1c,0x80,0xec,0xff,0x08,0xd2,0xb3,0xe3,0x9a,0x50,0xff,0x60,0x00,0x00,0x00,0x49,
    0xee,0xf5,0x70,0x00,0x00,0xff,0xe0,0x00,0x00,0x00,0xdb,0xff,0x11,0x5d,0xf7,0xff,0xae,0x00,0xde,0xf0,
    0x00,0x09,0x00,0x00,0x00,0x2d,0xe5,0xff,0x00,0x00,0x00,0x00,0xe4,0xff,0x0e,0x66,0xfd,0xff,0xab,0x00,
    0xe6,0xf9,0x00,0x00,0x00,0x00,0x00,0x00,0x00,0x00,0x00,0xff,0xe0,0x00,0x00,0x00,0x00,0x00,0x00,0x00,
    0x00,0x00,0x84,0xff,0x5c,0x00,0x61,0xff,0x32,0x00,0x4c,0xff,0x74,0x00,0x4e,0xff,0x6b,0x00,0x00,0x00,
    0xff,0xe4,0x00,0x00,0x00,0x28,0x28,0x28,0x28,0x28,0x28,0x00,0x00,0xff,0xff,0xff,0xff,0xff,0xff,0xff,
    0xa8,0x00,0x00,0x00,0xff,0xe4,0x00,0x00,0x00,0x00,0x00,0x00,0x00,0x78,0xff,0x9c,0x4c,0xb0,0xf3,0x2d,
    0xff,0xe0,0x00,0x00,0x00,0xff,0xe0,0x00,0x00,0x00,0xe0,0xff,0x00,0x00,0x00,0x00,0x00,0xf1,0xf1,0x02,
    0x00,0x00,0x00,0x00,0xff,0xe0,0x00,0x00,0x00,0x00,0xe0,0xff,0x00,0x00,0x00,0x00,0xe0,0xff,0x00,0x00,
    0x68,0xff,0x44,0x5c,0xe4,0x00,0x00,0xe8,0xf4,0x00,0x00,0x00,0x00,0xf1,0xf1,0x02,0x00,0x00,0x00,0x00,
    0xff,0xe0,0x00,0x00,0xeb,0xee,0x50,0xff,0x49,0x47,0xec,0x00,0xe0,0xff,0x00,0x00,0x00,0x00,0x00,0x00,
    0x01,0xe1,0xff,0x27,0x06,0xdf,0x59,0x00,0x00,0x00,0xe0,0xff,0x00,0x00,0x00,0x00,0xff,0xe0,0x00,0x00,
    0x00,0x00,0x00,0xd8,0xff,0x32,0xff,0x58,0x90,0xe9,0x52,0xff,0x60,0x00,0x00,0x00,0xe4,0xac,0x76,0xf2,
    0x00,0x00,0xff,0xe0,0x00,0x00,0x00,0xe2,0xff,0x09,0xe7,0x5b,0x24,0xfa,0x26,0xd8,0xff,0x06,0xdf,0x59,
    0x00,0x00,0x00,0xe0,0xff,0x00,0x00,0x00,0x00,0xea,0xff,0x13,0xed,0x8c,0x3f,0xff,0x19,0xe0,0xff,0x00,
    0x00,0x00,0x00,0x00,0x00,0x00,0x00,0x00,0xff,0xe0,0x00,0x00,0x00,0x00,0x00,0x00,0x00,0x00,0x00,0x4a,
    0xff,0x96,0x00,0xa4,0xec,0x01,0x00,0x0d,0xfb,0xb6,0x00,0x8a,0xff,0x2f,0x00,0x00,0x00,0xff,0xe4,0x00,
    0x00,0x00,0xff,0xff,0xff,0xff,0xff,0xff,0x00,0x00,0xff,0xed,0x54,0x54,0x54,0x54,0x54,0x37,0x00,0x00,
    0x00,0xff,0xe4,0x00,0x00,0x00,0x00,0x00,0x00,0x00,0xd1,0xf7,0x03,0x00,0x02,0xb2,0xd0,0xff,0xe0,0x00,
    0x00,0x00,0xff,0xe0,0x00,0x00,0x00,0xe0,0xff,0x00,0x00,0x00,0x00,0x00,0xff,0xe0,0x00,0x00,0x00,0x00,
    0x00,0xff,0xe0,0x00,0x00,0x00,0x00,0xe0,0xff,0x00,0x00,0x00,0x00,0xe3,0xff,0x00,0x00,0x8b,0xff,0x4f,
    0x65,0xe4,0x00,0x00,0xe8,0xf4,0x00,0x00,0x00,0x00,0xff,0xe0,0x00,0x00,0x00,0x00,0x00,0xff,0xe0,0x00,
    0x00,0xbc,0xff,0xa2,0xfa,0xff,0xfd,0x6a,0x00,0xe0,0xff,0x00,0x00,0x00,0x00,0x00,0x00,0x00,0xc0,0xff,
    0x38,0x00,0x36,0xed,0x62,0x00,0x00,0xe0,0xff,0x00,0x00,0x00,0x00,0xff,0xe0,0x00,0x00,0x00,0x00,0x00,
    0xd8,0xff,0x8b,0xf3,0x0a,0x3a,0xff,0x8d,0xff,0x60,0x00,0x00,0x00,0xff,0xff,0xff,0xac,0x00,0x00,0xff,
    0xe0,0x00,0x00,0x00,0xc4,0xff,0x22,0xdb,0x89,0x5c,0xfc,0x21,0xd8,0xff,0x00,0x36,0xed,0x62,0x00,0x00,
    0xe0,0xff,0x00,0x00,0x00,0x00,0xcc,0xff,0x88,0xff,0xf3,0xff,0xa2,0x01,0xe0,0xff,0x00,0x00,0x00,0x00,
    0x00,0x00,0x00,0x00,0x00,0xff,0xe0,0x00,0x00,0x00,0x00,0x00,0x00,0x00,0x00,0x00,0x10,0xfe,0xd1,0x00,
    0xe6,0xaa,0x00,0x00,0x00,0xc7,0xf3,0x04,0xc6,0xf0,0x02,0x00,0x00,0x00,0xff,0xe4,0x00,0x00,0x00,0x54,
    0x54,0x54,0x54,0x54,0x54,0x00,0x00,0xff,0xe4,0x00,0x00,0x00,0x00,0x00,0x00,0x00,0x00,0x00,0xff,0xe4,
    0x00,0x00,0x00,0x00,0x00,0x00,0x00,0xf5,0xe7,0x03,0x00,0x00,0x1a,0xf6,0xff,0xe0,0x00,0x00,0x00,0xff,
    0xe0,0x02,0x00,0x00,0xe0,0xff,0x02,0x00,0x00,0x00,0x00,0xff,0xe0,0x00,0x00,0x00,0x00,0x00,0xff,0xe0,
    0x00,0x00,0x00,0x00,0xe0,0xff,0x00,0x06,0x55,0xa7,0xff,0xe7,0x00,0x00,0x8c,0xff,0xf9,0xe2,0x49,0x00,
    0x00,0xe8,0xf4,0x00,0x00,0x00,0x00,0xff,0xe0,0x00,0x00,0x00,0x00,0x00,0xff,0xe0,0x00,0x00,0x81,0xff,
    0xe7,0x93,0x27,0x19,0x00,0x00,0xe0,0xff,0x00,0x00,0x00,0x00,0x00,0x00,0x00,0xc0,0xff,0x38,0x00,0x00,
    0x3f,0xf8,0x58,0x00,0xe0,0xff,0x00,0x00,0x00,0x00,0xff,0xe0,0x02,0x00,0x00,0x00,0x00,0xd8,0xfd,0xdc,
    0xa4,0x00,0x01,0xe3,0xda,0xff,0x60,0x00,0x00,0x00,0xff,0xe5,0x2f,0x02,0x00,0x00,0xff,0xe0,0x00,0x00,
    0x00,0x8f,0xff,0x51,0x39,0xcf,0xff,0xa4,0x00,0xd8,0xff,0x00,0x00,0x3f,0xf8,0x58,0x00,0xe0,0xff,0x00,
    0x00,0x00,0x00,0x93,0xff,0xe2,0xf0,0x09,0x0c,0x00,0x00,0xe0,0xff,0x00,0x00,0x00,0x00,0x00,0x00,0x00,
    0x00,0x00,0xff,0xe0,0x00,0x00,0x00,0x00,0x00,0x00,0x00,0x00,0x00,0x00,0xd4,0xfd,0x36,0xff,0x66,0x00,
    0x00,0x00,0x84,0xff,0x3e,0xf9,0xb7,0x00,0x00,0x00,0x00,0xff,0xe4,0x00,0x00,0x00,0x00,0x00,0x00,0x00,
    0x00,0x00,0x00,0x00,0xff,0xe4,0x00,0x00,0x00,0x00,0x00,0x00,0x00,0x00,0x00,0xff,0xe4,0x00,0x00,0x00,
    0x00,0x00,0x00,0x00,0xfc,0xfe,0xf9,0xe3,0x45,0x00,0x9f,0xff,0xe0,0x00,0x00,0x00,0xff,0xff,0xfa,0x69,
    0x00,0xe0,0xff,0xfb,0x72,0x00,0x00,0x00,0xff,0xe0,0x00,0x00,0x00,0x00,0x00,0xff,0xe0,0x00,0x00,0x00,
    0x00,0xe0,0xff,0x39,0xe2,0xff,0xff,0xff,0xe2,0x43,0x00,0x8c,0xff,0x4c,0x00,0x00,0x00,0x00,0xe8,0xf4,
    0x00,0x00,0x00,0x00,0xff,0xe0,0x00,0x00,0x00,0x00,0x00,0xff,0xe0,0x00,0x00,0x45,0xff,0xff,0x40,0x00,
    0x00,0x00,0x00,0xe0,0xff,0x00,0x00,0x00,0x00,0x00,0x65,0xf0,0xfc,0xff,0x38,0x00,0x00,0x00,0x73,0xf8,
    0x30,0xe0,0xff,0x00,0x00,0x00,0x00,0xff,0xff,0xfa,0x69,0x00,0x00,0x00,0xd8,0xff,0xff,0x4a,0x00,0x00,
    0x8f,0xff,0xff,0x60,0x00,0x00,0x00,0xff,0xe0,0x00,0x00,0x00,0x00,0xff,0xe0,0x00,0x00,0x00,0x57,0xff,
    0x80,0x06,0xcb,0xdf,0x11,0x00,0xd8,0xff,0x00,0x00,0x00,0x73,0xf8,0x30,0xe0,0xff,0x00,0x00,0x00,0x00,
    0x57,0xff,0xff,0xb3,0x00,0x00,0x00,0x00,0xe0,0xff,0x00,0x00,0x00,0x00,0x00,0x00,0x00,0x00,0x00,0xff,
    0xe0,0x00,0x00,0x00,0x00,0x00,0x00,0x00,0x00,0x00,0x00,0x9a,0xff,0x96,0xff,0x22,0x00,0x00,0x00,0x41,
    0xff,0x9b,0xff,0x7a,0x00,0x00,0x00,0x00,0xff,0xe4,0x00,0x00,0x00,0x00,0x00,0x00,0x00,0x00,0x00,0x00,
    0x00,0xff,0xe4,0x00,0x00,0x00,0x00,0x00,0x00,0x00,0x00,0x00,0xff,0xe4,0x00,0x00,0x00,0x00,0x00,0x00,
    0x00,0xe9,0xff,0xaa,0x6c,0xe3,0x00,0x41,0xff,0xe0,0x00,0x00,0x00,0xfc,0xa2,0x6c,0xec,0x00,0xdc,0xa4,
    0x6e,0xed,0x00,0x00,0x00,0xff,0xe0,0x00,0x00,0x00,0x00,0x00,0xff,0xe0,0x00,0x00,0x00,0x00,0xe0,0xff,
    0xec,0xcb,0x31,0xef,0x2d,0x37,0xe6,0x00,0x8c,0xff,0x4c,0x00,0x00,0x00,0x01,0xf4,0xf4,0x00,0x00,0x00,
    0x00,0xff,0xe0,0x00,0x00,0x00,0x00,0x00,0xff,0xe0,0x00,0x00,0x11,0xff,0xff,0x1d,0x00,0x00,0x00,0x00,
    0xe0,0xff,0x00,0x00,0x00,0x00,0x02,0xf4,0x42,0xae,0xff,0x36,0x00,0x00,0x00,0x00,0xb8,0xd3,0xe5,0xff,
    0x00,0x00,0x00,0x00,0xfc,0xa2,0x6c,0xec,0x00,0x00,0x00,0xd8,0xff,0xeb,0x04,0x00,0x00,0x3a,0xff,0xff,
    0x60,0x00,0x00,0x00,0xff,0xe0,0x00,0x00,0x00,0x0b,0xff,0xdf,0x00,0x00,0x00,0x21,0xff,0xa6,0x92,0xf8,
    0x31,0x00,0x00,0xd8,0xff,0x00,0x00,0x00,0x00,0xb8,0xd3,0xe5,0xff,0x00,0x00,0x00,0x00,0x1e,0xff,0xff,
    0x8f,0x00,0x00,0x00,0x00,0xe0,0xff,0x00,0x00,0x00,0x00,0x00,0x00,0x00,0x00,0x00,0xff,0xe0,0x00,0x00,
    0x00,0x00,0x00,0x00,0x00,0x00,0x00,0x00,0x5f,0xff,0xf0,0xde,0x00,0x00,0x00,0x00,0x07,0xf7,0xf2,0xff,
    0x3e,0x00,0x00,0x00,0x00,0xff,0xe4,0x00,0x00,0x00,0x00,0x00,0x00,0x00,0x00,0x00,0x00,0x00,0xff,0xe4,
    0x00,0x00,0x00,0x00,0x00,0x00,0x00,0x00,0x00,0xff,0xe4,0x00,0x00,0x00,0x00,0x00,0x00,0x00,0xa4,0xff,
    0xb2,0x7c,0xe1,0x00,0x13,0xff,0xe0,0x00,0x00,0x00,0xd2,0x94,0x5c,0xe5,0x00,0xb0,0x9b,0x5d,0xe5,0x00,
    0x00,0x00,0xff,0xe0,0x00,0x00,0x00,0x00,0x00,0xff,0xe0,0x00,0x00,0x00,0x00,0xe0,0xff,0xd4,0x0c,0x00,
    0xe3,0x7e,0x82,0xde,0x00,0x8c,0xff,0x97,0x6c,0x6c,0x6c,0xa1,0xff,0xd7,0x00,0x00,0x00,0x00,0xff,0xe0,
    0x00,0x00,0x00,0x00,0x00,0xff,0xe0,0x00,0x00,0x00,0xf0,0xff,0x06,0x00,0x00,0x00,0x00,0xe0,0xff,0x00,
    0x00,0x00,0x00,0x03,0xf5,0x32,0xa3,0xfb,0x14,0x00,0x00,0x00,0x00,0x25,0xf8,0xff,0xff,0x00,0x00,0x00,
    0x00,0xd2,0x94,0x5c,0xe5,0x00,0x00,0x00,0xd8,0xff,0x96,0x00,0x00,0x00,0x01,0xe3,0xff,0x60,0x00,0x00,
    0x00,0xff,0xe9,0x4c,0x4c,0x4c,0x8f,0xff,0xbf,0x00,0x00,0x00,0x05,0xfe,0xe6,0xfe,0x6f,0x00,0x00,0x00,
    0xd8,0xff,0x00,0x00,0x00,0x00,0x25,0xf8,0xff,0xff,0x00,0x00,0x00,0x00,0x01,0xf8,0xff,0x71,0x00,0x00,
    0x00,0x00,0xe0,0xff,0x00,0x00,0x00,0x00,0x00,0x00,0x00,0x00,0x00,0xff,0xe0,0x00,0x00,0x00,0x00,0x00,
    0x00,0x00,0x00,0x00,0x00,0x24,0xff,0xff,0x9a,0x00,0x00,0x00,0x00,0x00,0xbc,0xff,0xf9,0x08,0x00,0x00,
    0x00,0x00,0xff,0xe4,0x00,0x00,0x00,0x00,0x00,0x00,0x00,0x00,0x00,0x00,0x00,0xff,0xe4,0x00,0x00,0x00,
    0x00,0x00,0x00,0x00,0x00,0x00,0xff,0xe4,0x00,0x00,0x00,0x00,0x00,0x00,0x00,0x14,0xaa,0xf3,0xe4,0x49,
    0x00,0x00,0xff,0xe0,0x00,0x00,0x00,0x3a,0xdf,0xe4,0x52,0x00,0x28,0xd7,0xe8,0x54,0x00,0x00,0x00,0xff,
    0xe0,0x00,0x00,0x00,0x00,0x00,0xff,0xe0,0x00,0x00,0x00,0x00,0xe0,0xff,0x3f,0x00,0x00,0x54,0xea,0xd6,
    0x3e,0x00,0x8c,0xff,0xff,0xff,0xff,0xff,0xfe,0xd9,0x40,0x00,0x00,0x00,0x00,0xff,0xe0,0x00,0x00,0x00,
    0x00,0x00,0xff,0xe0,0x00,0x00,0x00,0xe2,0xec,0x00,0x00,0x00,0x00,0x00,0xe0,0xff,0x00,0x00,0x00,0x00,
    0x00,0x66,0xf9,0xfb,0x72,0x00,0x00,0x00,0x00,0x00,0x00,0x8b,0xff,0xff,0x00,0x00,0x00,0x00,0x3a,0xdf,
    0xe4,0x52,0x00,0x00,0x00,0xd8,0xff,0x3c,0x00,0x00,0x00,0x00,0x8f,0xff,0x60,0x00,0x00,0x00,0xff,0xff,
    0xff,0xff,0xff,0xfe,0xda,0x35,0x00,0x00,0x00,0x00,0xed,0xff,0xc3,0x01,0x00,0x00,0x00,0xd8,0xff,0x00,
    0x00,0x00,0x00,0x00,0x8b,0xff,0xff,0x00,0x00,0x00,0x00,0x00,0xe8,0xff,0x5b,0x00,0x00,0x00,0x00,0xe0,
    0xff,0x00,0x00,0x00,0x00,0x00,0x00,0x00,0x00,0x00,0xff,0xe0,0x00,0x00,0x00,0x00,0x00,0x00,0x00,0x00,
    0x00,0x00,0x00,0xe9,0xff,0x56,0x00,0x00,0x00,0x00,0x00,0x79,0xff,0xc6,0x00,0x00,0x00,0x00,0x00,0xff,
    0xe4,0x00,0x00,0x00,0x00,0x00,0x00,0x00,0x00,0x00,0x00,0x00,0xff,0xe4,0x00,0x00,0x00,0x00,0x00,0x00,
    0x00,0x00,0x00,0xff,0xe4,0x00,0x00,0x00,0x00,0x00,0x00,0x00,0x00,0x00,0x00,0x00,0x00,0x00,0x00,0x00,
    0x00,0x00,0x00,0x00,0x00,0x00,0x00,0x00,0x00,0x00,0x00,0x00,0x00,0x00,0x00,0x00,0x00,0x00,0x00,0x00,
    0x00,0x00,0x00,0x00,0x00,0x00,0x00,0x00,0x00,0x00,0x00,0x00,0x00,0x00,0x00,0x00,0x00,0x00,0x00,0x00,
    0x00,0x00,0x00,0x00,0x00,0x00,0x00,0x00,0x00,0x00,0x00,0x00,0x00,0x00,0x00,0x00,0x00,0x00,0x00,0x00,
    0x00,0x00,0x00,0x00,0x00,0x00,0x00,0x00,0x00,0x00,0x00,0x00,0x00,0x00,0x00,0x00,0x00,0x00,0x00,0x06,
    0x09,0x00,0x00,0x00,0x00,0x00,0x00,0x00,0x00,0x00,0x00,0x00,0x00,0x00,0x00,0x00,0x00,0x00,0x00,0x00,
    0x00,0x00,0x00,0x00,0x00,0x00,0x00,0x00,0x00,0x00,0x00,0x00,0x00,0x00,0x00,0x00,0x00,0x00,0x00,0x00,
    0x00,0x00,0x00,0x00,0x00,0x00,0x00,0x5e,0x68,0x24,0x00,0x00,0x00,0x00,0x57,0x68,0x00,0x00,0x00,0x00,
    0x00,0x00,0x00,0x00,0x00,0x00,0x00,0x00,0x00,0x21,0x24,0x0b,0x00,0x00,0x00,0x00,0x1f,0x24,0x00,0x00,
    0x00,0x00,0x00,0x00,0x00,0x00,0x00,0x00,0x00,0x00,0x00,0x00,0x00,0x00,0x00,0x00,0x00,0x00,0x00,0x00,
    0x00,0x00,0x00,0x00,0x00,0x00,0x00,0x00,0x00,0x00,0x00,0x00,0x00,0x00,0x00,0x00,0x00,0x00,0x00,0x00,
    0x00,0x00,0x00,0x00,0x00,0x00,0x00,0x00,0x00,0x00,0x00,0x00,0x00,0x00,0x00,0x00,0x00,0x00,0x00,0x00,
    0x00,0x00,0x00,0x00,0x00,0x00,0x00,0x00,0x00,0x00,0x00,0x00,0x00,0x00,0x00,0x00,0x00,0x00,0x00,0x00,
    0x00,0x00,0x00,0x00,0x00,0x00,0x00,0x00,0x00,0x00,0x00,0x00,0x00,0x00,0x00,0x00,0x00,0x00,0x00,0x00,
    0x00,0x00,0x00,0x00,0x00,0x00,0x00,0x00,0x00,0x00,0x00,0x00,0x00,0x00,0x00,0x00,0x00,0x00,0x00,0x00,
    0x00,0x00,0x00,0x00,0x00,0x00,0x00,0x00,0x00,0x00,0x00,0x00,0x00,0x00,0x00,0x00,0x00,0x00,0x00,0x00,
    0x00,0x00,0x00,0x00,0x00,0x00,0x00,0x00,0x00,0x00,0x00,0x00,0x00,0x00,0x00,0x00,0x00,0x00,0x00,0x00,
    0x00,0x00,0x00,0x00,0x00,0x00,0x00,0x00,0x00,0x00,0x00,0x00,0x00,0x00,0x00,0x00,0x00,0x00,0x00,0x00,
    0x00,0x00,0x00,0x00,0x00,0x00,0x00,0x00,0x00,0x00,0x00,0x00,0x00,0x00,0x00,0x00,0x00,0x00,0x00,0x00,
    0x00,0x00,0x00,0x00,0x00,0x00,0x00,0x00,0x00,0x00,0x00,0x00,0x00,0x00,0x00,0x00,0x00,0x00,0x00,0x00,
    0x00,0x00,0x00,0x00,0x00,0x00,0x00,0x00,0x00,0x00,0x00,0x00,0x00,0x00,0x00,0x00,0x00,0x00,0x00,0x00,
    0x00,0x00,0x00,0x00,0x00,0x00,0x00,0x00,0x00,0x00,0x00,0x00,0x00,0x00,0x00,0x00,0x00,0x00,0x00,0x00,
    0x00,0x00,0x00,0x00,0x00,0x00,0x00,0x00,0x00,0x00,0x00,0x00,0x00,0x00,0x00,0x00,0x00,0x00,0x00,0x00,
    0x00,0x00,0x00,0x00,0x00,0x00,0x00,0x00,0x00,0x00,0x00,0x00,0x00,0x00,0x00,0x00,0x00,0x00,0x00,0x00,
    0x00,0x00,0x00,0x00,0x00,0x00,0x00,0x00,0x00,0x00,0x00,0x00,0x00,0x00,0x00,0x00,0x00,0x00,0x00,0x00,
    0x00,0x00,0x00,0x00,0x00,0x00,0x00,0x00,0x00,0x00,0x00,0x00,0x00,0x00,0x00,0x00,0x00,0x00,0x00,0x00,
    0x00,0x00,0x00,0x00,0x00,0x00,0x00,0x00,0x00,0x00,0x00,0x00,0x00,0x00,0x00,0x00,0x00,0x00,0x00,0x00,
    0x00,0x00,0x00,0x00,0x00,0x00,0x00,0x00,0x00,0x00,0x00,0x00,0x00,0x00,0x00,0x00,0x00,0x00,0x00,0x00,
    0x00,0x00,0x00,0x00,0x00,0x00,0x00,0x00,0x00,0x00,0x00,0x00,0x00,0x00,0x00,0x00,0x00,0x00,0x00,0x00,
    0x00,0x00,0x00,0x00,0x00,0x00,0x00,0x00,0x00,0x00,0x00,0x00,0x00,0x00,0x00,0x00,0x00,0x00,0x00,0x00,
    0x00,0x00,0x00,0x00,0x00,0x00,0x00,0x00,0x00,0x00,0x00,0x00,0x00,0x00,0x00,0x00,0x00,0x00,0x00,0x00,
    0x00,0x00,0x00,0x00,0x00,0x00,0x00,0x00,0x00,0x00,0x00,0x00,0x00,0x00,0x00,0x00,0x00,0x00,0x00,0x00,
    0x00,0x00,0x00,0x00,0x00,0x00,0x00,0x00,0x00,0x00,0x00,0x00,0x00,0x00,0x00,0x00,0x00,0x00,0x00,0x00,
    0x00,0x00,0x00,0x00,0x00,0x00,0x00,0x00,0x00,0x00,0x00,0x00,0x00,0x00,0x00,0x00,0x00,0x00,0x00,0x00,
    0x00,0x00,0x00,0x00,0x00,0x00,0x00,0x00,0x00,0x00,0x00,0x00,0x00,0x00,0x00,0x00,0x00,0x00,0x00,0x00,
    0x00,0x00,0x00,0x00,0x00,0x00,0x00,0x00,0x00,0x00,0x00,0x00,0x00,0x00,0x00,0x00,0x00,0x00,0x00,
};
const lv_image_dsc_t img_scan_setup = {
    .header.magic = LV_IMAGE_HEADER_MAGIC,
    .header.cf = LV_COLOR_FORMAT_A8,
    .header.w = 237,
    .header.h = 27,
    .header.stride = 237,
    .data_size = sizeof(img_scan_setup_map),
    .data = img_scan_setup_map,
};

// กำลังเชื่อมต่อ Wi-Fi...  (186x27)
static const uint8_t img_connecting_map[] = {
    0x00,0x00,0x00,0x00,0x00,0x00,0x00,0x00,0x00,0x00,0x00,0x00,0x00,0x00,0x00,0x00,0x00,0x00,0x00,0x00,
    0x00,0x00,0x00,0x00,0x00,0x00,0x00,0x00,0x00,0x00,0x00,0x00,0x00,0x00,0x00,0x00,0x00,0x00,0x00,0x00,
    0x00,0x00,0x00,0x00,0x00,0x00,0x00,0x00,0x00,0x00,0x00,0x00,0x00,0x00,0x00,0x00,0x00,0x00,0x00,0x00,
    0x00,0x00,0x00,0x00,0x00,0x00,0x00,0x00,0x00,0x00,0x00,0x00,0x00,0x00,0x00,0x00,0x00,0x00,0x00,0x00,
    0x00,0x00,0x00,0x00,0x00,0x00,0x00,0x00,0x00,0x00,0x00,0x00,0x00,0x00,0x00,0x00,0x00,0x00,0x00,0x00,
    0x00,0x00,0x00,0x00,0x00,0x00,0x00,0x00,0x00,0x00,0x00,0x00,0x00,0x00,0x00,0x00,0x00,0x00,0x00,0x00,
    0x00,0x00,0x00,0x00,0x00,0x00,0x00,0x00,0x00,0x00,0x00,0x00,0x00,0x00,0x00,0x00,0x00,0x00,0x00,0x00,
    0x00,0x00,0x00,0x00,0x00,0x00,0x00,0x00,0x00,0x00,0x00,0x00,0x00,0x00,0x00,0x00,0x00,0x00,0x00,0x00,
    0x00,0x00,0x00,0x00,0x00,0x00,0x00,0x00,0x00,0x00,0x00,0x00,0x00,0x00,0x00,0x00,0x00,0x00,0x00,0x00,
    0x00,0x00,0x00,0x00,0x00,0x00,0x00,0x00,0x00,0x00,0x00,0x00,0x00,0x00,0x00,0x00,0x00,0x00,0x00,0x00,
    0x00,0x00,0x00,0x00,0x00,0x00,0x00,0x00,0x00,0x00,0x00,0x00,0x00,0x00,0x00,0x00,0x00,0x00,0x00,0x00,
    0x00,0x00,0x00,0x00,0x00,0x00,0x00,0x00,0x00,0x00,0x00,0x00,0x00,0x00,0x00,0x00,0x00,0x00,0x00,0x00,
    0x00,0x00,0x00,0x00,0x00,0x00,0x00,0x00,0x00,0x00,0x00,0x00,0x00,0x00,0x00,0x00,0x00,0x00,0x00,0x00,
    0x00,0x00,0x00,0x00,0x00,0x00,0x00,0x00,0x00,0x00,0x00,0x00,0x00,0x00,0x00,0x00,0x00,0x00,0x00,0x00,
    0x00,0x00,0x00,0x00,0x00,0x00,0x00,0x00,0x00,0x00,0x00,0x00,0x00,0x00,0x00,0x00,0x00,0x00,0x00,0x00,
    0x00,0x00,0x00,0x00,0x00,0x00,0x00,0x00,0x00,0x00,0x00,0x00,0x00,0x00,0x00,0x00,0x00,0x00,0x00,0x00,
    0x00,0x00,0x00,0x00,0x00,0x00,0x00,0x00,0x00,0x00,0x00,0x00,0x00,0x00,0x00,0x00,0x00,0x00,0x00,0x00,
    0x00,0x00,0x00,0x00,0x00,0x00,0x00,0x00,0x00,0x00,0x00,0x00,0x00,0x00,0x00,0x00,0x00,0x00,0x00,0x00,
    0x00,0x00,0x00,0x00,0x00,0x00,0x00,0x00,0x00,0x00,0x00,0x00,0x00,0x00,0x00,0x00,0x00,0x00,0x00,0x00,
    0x00,0x00,0x00,0x00,0x00,0x00,0x00,0x00,0x00,0x00,0x00,0x00,0x00,0x00,0x00,0x00,0x00,0x00,0x00,0x00,
    0x00,0x00,0x00,0x00,0x00,0x00,0x00,0x00,0x00,0x00,0x00,0x00,0x00,0x00,0x00,0x00,0x00,0x00,0x00,0x00,
    0x00,0x00,0x00,0x00,0x00,0x00,0x00,0x00,0x00,0x00,0x00,0x00,0x7c,0xff,0x2c,0x00,0x00,0x00,0x00,0x00,
    0x00,0x00,0x00,0x00,0x00,0x00,0x00,0x00,0x00,0x00,0x00,0x00,0x00,0x00,0x00,0x00,0x00,0x00,0x00,0x00,
    0x00,0x00,0x00,0x00,0x00,0x00,0x00,0x00,0x00,0x00,0x00,0x00,0x00,0x00,0x00,0x00,0x00,0x00,0x00,0x00,
    0x00,0x00,0x00,0x00,0x00,0x00,0x00,0x00,0x00,0x00,0x00,0x00,0x00,0x00,0x00,0x00,0x00,0x00,0x00,0x00,
    0x00,0x00,0x00,0x00,0x00,0x00,0x00,0x00,0x00,0x00,0x00,0x00,0x00,0x00,0x00,0x00,0x00,0x00,0x00,0x00,
    0x00,0x00,0x00,0x00,0x00,0x00,0x00,0x00,0x00,0x00,0x00,0x00,0x00,0x00,0x00,0x00,0x00,0x00,0x00,0x00,
    0x00,0x00,0x00,0x00,0x00,0x00,0x00,0x00,0x00,0x00,0x00,0x00,0x00,0x00,0x00,0x00,0x00,0x00,0x00,0x00,
    0x00,0x00,0x00,0x00,0x00,0x00,0x00,0x00,0x00,0x00,0x00,0x00,0x00,0x00,0x00,0x00,0x00,0x00,0x00,0x00,
    0x00,0x00,0x00,0x00,0x00,0x00,0x00,0x00,0x00,0x00,0x00,0x00,0x00,0x00,0x00,0x00,0x00,0x00,0x00,0x00,
    0x00,0x00,0x00,0x00,0x00,0x00,0x00,0x00,0x00,0x00,0x00,0x00,0x00,0x00,0x00,0x00,0x00,0x00,0x7c,0xff,
    0x2c,0x00,0x00,0x00,0x00,0x00,0x00,0x00,0x00,0x00,0x00,0x00,0x00,0x00,0x00,0x00,0x00,0x00,0x00,0x00,
    0x00,0x00,0x00,0x00,0x00,0x00,0x00,0x00,0x00,0x00,0x00,0x00,0x00,0x00,0x00,0x00,0x00,0x00,0x00,0x00,
    0x00,0x00,0x00,0x00,0x00,0x00,0x00,0x00,0x00,0x00,0x00,0x00,0x00,0x00,0x00,0x00,0x00,0x00,0x00,0x00,
    0x00,0x00,0x00,0x00,0x00,0x00,0x00,0x00,0x00,0x00,0x00,0x00,0x00,0x00,0x00,0x00,0x00,0x00,0x00,0x00,
    0x00,0x00,0x00,0x00,0x00,0x00,0x00,0x00,0x00,0x00,0x00,0x00,0x00,0x00,0x00,0x00,0x00,0x00,0x00,0x00,
    0x00,0x00,0x00,0x00,0x00,0x00,0x00,0x00,0x00,0x00,0x00,0x00,0x00,0x00,0x00,0x00,0x00,0x00,0x00,0x00,
    0x00,0x00,0x00,0x00,0x00,0x00,0x00,0x00,0x00,0x00,0x00,0x00,0x00,0x00,0x00,0x00,0x00,0x00,0x00,0x00,
    0x00,0x00,0x00,0x00,0x00,0x00,0x00,0x00,0x00,0x00,0x00,0x00,0x00,0x00,0x00,0x00,0x00,0x00,0x00,0x00,
    0x00,0x00,0x00,0x00,0x00,0x00,0x00,0x00,0x00,0x00,0x00,0x00,0x00,0x00,0x00,0x00,0x00,0x00,0x00,0x00,
    0x00,0x00,0x00,0x00,0x7c,0xff,0x2c,0x00,0x00,0x00,0x00,0x00,0x00,0x00,0x00,0x00,0x00,0x00,0x00,0x00,
    0x00,0x00,0x00,0x00,0x00,0x00,0x00,0x00,0x00,0x00,0x00,0x00,0x00,0x00,0x00,0x00,0x00,0x00,0x00,0x00,
    0x00,0x00,0x00,0x00,0x00,0x00,0x00,0x00,0x00,0x00,0x00,0x00,0x00,0x00,0x00,0x00,0x00,0x00,0x00,0x00,
    0x00,0x00,0x00,0x00,0x00,0x00,0x00,0x00,0x00,0x00,0x00,0x00,0x00,0x00,0x00,0x00,0x00,0x00,0x00,0x00,
    0x00,0x00,0x00,0x00,0x00,0x00,0x00,0x00,0x00,0x00,0x00,0x00,0x00,0x00,0x00,0x00,0x00,0x00,0x00,0x00,
    0x00,0x00,0x00,0x00,0x00,0x00,0x00,0x00,0x00,0x00,0x00,0x00,0x00,0x00,0x00,0x00,0x00,0x00,0x00,0x00,
    0x00,0x00,0x00,0x00,0x00,0x00,0x00,0x00,0x00,0x00,0x00,0x00,0x00,0x00,0x00,0x00,0x00,0x00,0x00,0x00,
    0x00,0x00,0x00,0x00,0x00,0x00,0x00,0x00,0x00,0x00,0x00,0x00,0x00,0x00,0x00,0x00,0x00,0x00,0x00,0x00,
    0x00,0x00,0x00,0x00,0x00,0x00,0x00,0x00,0x00,0x00,0x00,0x00,0x00,0x00,0x00,0x00,0x00,0x00,0x00,0x00,
    0x00,0x00,0x00,0x00,0x00,0x00,0x00,0x00,0x00,0x00,0x20,0x44,0x0b,0x00,0x00,0x00,0x00,0x00,0x00,0x00,
    0x00,0x00,0x00,0x00,0x00,0x00,0x00,0x00,0x00,0x00,0x00,0x00,0x00,0x00,0x00,0x00,0x00,0x00,0x00,0x00,
    0x00,0x00,0x00,0x00,0x00,0x00,0x00,0x00,0x00,0x00,0x00,0x00,0x00,0x00,0x00,0x00,0x00,0x00,0x00,0x00,
    0x00,0x00,0x00,0x00,0x00,0x00,0x00,0x00,0x00,0x00,0x00,0x00,0x00,0x00,0x00,0x00,0x00,0x00,0x00,0x00,
    0x00,0x00,0x00,0x00,0x00,0x00,0x00,0x00,0x00,0x00,0x00,0x00,0x00,0x00,0x00,0x00,0x00,0x00,0x00,0x00,
    0x00,0x00,0x00,0x00,0x00,0x00,0x00,0x00,0x00,0x00,0x00,0x00,0x00,0x00,0x00,0x00,0x00,0x00,0x00,0x00,
    0x00,0x00,0x00,0x00,0x00,0x00,0x00,0x00,0x00,0x00,0x00,0x00,0x00,0x00,0x00,0x00,0x00,0x00,0x00,0x00,
    0x00,0x00,0x00,0x00,0x00,0x00,0x00,0x01,0x01,0x00,0x00,0x00,0x00,0x00,0x00,0x00,0x00,0x00,0x00,0x00,
    0x00,0x00,0x00,0x00,0x00,0x00,0x00,0x03,0x00,0x00,0x00,0x00,0x00,0x00,0x00,0x00,0x00,0x00,0x00,0x00,
    0x00,0x00,0x00,0x00,0x00,0x00,0x00,0x00,0x00,0x00,0x00,0x00,0x00,0x00,0x4d,0xac,0x33,0xac,0x08,0x00,
    0x00,0x00,0x00,0x00,0x00,0x00,0x00,0x00,0x00,0x00,0x00,0x00,0x00,0x00,0x00,0x00,0x00,0x00,0x00,0x00,
    0x00,0x00,0x00,0x00,0x00,0x00,0x00,0x00,0x00,0x00,0x00,0x00,0x00,0x1e,0x2c,0x00,0x00,0x00,0x00,0x00,
    0x00,0x00,0x00,0x00,0x00,0x00,0x00,0x00,0x00,0x00,0x00,0x00,0x00,0x00,0x00,0x00,0x00,0x00,0x00,0x00,
    0x00,0x00,0x00,0x00,0x00,0x00,0x00,0x00,0x00,0x00,0x00,0x00,0x00,0x00,0x00,0x00,0x00,0x00,0x00,0x00,
    0x00,0x00,0x00,0x00,0x00,0x00,0x00,0x00,0x00,0x00,0x00,0x00,0x00,0x00,0x00,0x00,0x00,0x00,0x00,0x00,
    0x00,0x00,0x00,0x00,0x00,0x00,0x00,0x00,0x00,0x00,0x00,0x00,0x00,0x00,0x00,0x00,0x00,0x00,0x00,0x00,
    0x00,0x00,0x00,0x00,0x00,0x00,0x00,0x00,0x00,0x00,0x00,0x00,0x58,0xef,0xef,0x51,0x00,0x00,0x00,0x00,
    0x00,0x00,0x00,0x00,0x00,0x00,0x00,0x00,0x00,0x00,0x00,0x00,0x9c,0xf7,0xd5,0x1b,0x00,0x02,0xf3,0xed,
    0x00,0x00,0x00,0x00,0x00,0x00,0x00,0x00,0x00,0x00,0x00,0x00,0x00,0x00,0x00,0x00,0x09,0x79,0xcb,0xe7,
    0xea,0xff,0x63,0xff,0x0c,0x00,0x00,0x00,0x00,0x00,0x00,0x00,0x00,0x00,0x00,0x00,0x00,0x00,0x00,0x00,
    0x00,0x00,0x00,0x00,0x00,0x00,0x00,0x00,0x00,0x00,0x00,0x00,0x00,0x00,0x00,0x00,0x00,0x00,0x00,0xb0,
    0xff,0x00,0x00,0x00,0x00,0x00,0x00,0x00,0x00,0x00,0x00,0x00,0x00,0x00,0x00,0x00,0x00,0x00,0x00,0x00,
    0x00,0x00,0x00,0x00,0x00,0x00,0x00,0x00,0x00,0x00,0x00,0x00,0x00,0x00,0x00,0x00,0x00,0x00,0x00,0x00,
    0x00,0x00,0x00,0x00,0x00,0x00,0x00,0x00,0x00,0x00,0x00,0x00,0x00,0x00,0x00,0x00,0x00,0x00,0x00,0x00,
    0x00,0x00,0x00,0x00,0x00,0x00,0x00,0x00,0x00,0x00,0x00,0x00,0x00,0x00,0x00,0x00,0x00,0x00,0x00,0x00,
    0x00,0x00,0x00,0x00,0x00,0x00,0x00,0x00,0x00,0x00,0x00,0x00,0x00,0x00,0x00,0x00,0x00,0x02,0xf2,0x3a,
    0x40,0xe6,0x00,0x00,0x00,0x00,0x00,0x00,0x00,0x00,0x00,0x00,0x00,0x00,0x00,0x00,0x00,0x28,0xec,0x0a,
    0xaf,0x78,0x00,0x57,0xff,0x91,0x00,0x00,0x00,0x00,0x00,0x00,0x00,0x00,0x00,0x00,0x00,0x00,0x00,0x00,
    0x00,0x07,0xc3,0xf6,0x48,0x09,0x3b,0xd6,0xf1,0xff,0x0c,0x00,0x00,0x00,0x00,0x00,0x00,0x00,0x00,0x00,
    0x00,0x00,0x00,0x00,0x00,0x00,0x00,0x00,0x00,0x00,0x00,0x00,0x00,0x00,0x00,0x00,0x00,0x00,0x00,0x00,
    0x00,0x00,0x00,0x00,0x00,0xb0,0xff,0x00,0x00,0x00,0x00,0x00,0x00,0x00,0x00,0x00,0x00,0x00,0x00,0x00,
    0x00,0x00,0x00,0x00,0x00,0x00,0x00,0x00,0x00,0x00,0x00,0x00,0x00,0x00,0x00,0x00,0x00,0x00,0x00,0x00,
    0x00,0x00,0x00,0x00,0x00,0x00,0x00,0x00,0x00,0x00,0x00,0x00,0x00,0x00,0x00,0x00,0x00,0x00,0x00,0x00,
    0x00,0x00,0x00,0x00,0x00,0x00,0x00,0x00,0x00,0x00,0x00,0x00,0x00,0x00,0x00,0x00,0x00,0x00,0x00,0x00,
    0x00,0x00,0x00,0x00,0x00,0x00,0x00,0x00,0x00,0x00,0x00,0x00,0x00,0x00,0x00,0x00,0x00,0x00,0x00,0x00,
    0x00,0x00,0x00,0x02,0xf0,0x3a,0x4a,0xe4,0x00,0x00,0x00,0x00,0x00,0x00,0x00,0x00,0x00,0x00,0x00,0x00,
    0x00,0x00,0x00,0x18,0xf6,0x76,0xdc,0x73,0x72,0xf5,0xbc,0x0a,0x00,0x00,0x00,0x00,0x00,0x00,0x00,0x00,
    0x00,0x00,0x00,0x00,0x00,0x00,0x00,0x7c,0xff,0x82,0x04,0x0a,0x02,0x1d,0xf1,0xff,0x0c,0x00,0x00,0x00,
    0x00,0x00,0x00,0x00,0x00,0x00,0x00,0x00,0x00,0x00,0x00,0x00,0x00,0x00,0x00,0x00,0x00,0x00,0x00,0x00,
    0x00,0x00,0x00,0x00,0x00,0x00,0x00,0x00,0x00,0x00,0x00,0xb0,0xff,0x00,0x00,0x00,0x00,0x00,0x00,0x00,
    0x00,0x00,0x00,0x00,0x00,0x00,0x00,0x00,0x00,0x00,0x00,0x00,0x00,0x1f,0xff,0xc4,0x00,0x00,0x00,0x00,
    0x00,0x8a,0xff,0xac,0x00,0x00,0x00,0x00,0x00,0xaa,0xfe,0x12,0x00,0xff,0xe4,0x00,0x00,0x00,0x00,0x00,
    0x00,0x00,0x00,0x00,0x00,0xff,0xff,0xff,0xff,0xff,0xff,0xff,0xff,0x80,0x00,0x00,0xff,0xe4,0x00,0x00,
    0x00,0x00,0x00,0x00,0x00,0x00,0x00,0x00,0x00,0x00,0x00,0x00,0x00,0x00,0x00,0x00,0x00,0x00,0x00,0x00,
    0x00,0x00,0x00,0x00,0x00,0x00,0x00,0x00,0x00,0x00,0x52,0xe5,0xe6,0x4e,0x00,0x00,0x00,0x00,0x00,0x00,
    0x00,0x00,0x00,0x00,0x00,0x00,0x00,0x00,0x00,0x00,0x4d,0xc3,0xf0,0xfa,0xd4,0x6f,0x03,0x00,0x00,0x00,
    0x00,0x00,0x00,0x00,0x00,0x00,0x00,0x00,0x00,0x00,0x00,0x00,0x00,0xd4,0xfd,0xe8,0xe1,0xd9,0xdc,0xd2,
    0xf0,0xff,0x0c,0x00,0x00,0x00,0x00,0x00,0x00,0x00,0x00,0x00,0x00,0x00,0x00,0x00,0x00,0x00,0x00,0x00,
    0x00,0x00,0x00,0x00,0x00,0x00,0x00,0x00,0x00,0x00,0x00,0x00,0x00,0x00,0x00,0x00,0x00,0x10,0x18,0x00,
    0x00,0x00,0x00,0x00,0x00,0x00,0x00,0x00,0x00,0x00,0x00,0x00,0x00,0x00,0x00,0x00,0x00,0x00,0x00,0x00,
    0xe4,0xf8,0x06,0x00,0x00,0x00,0x00,0xcd,0xff,0xec,0x01,0x00,0x00,0x00,0x00,0xe5,0xd5,0x00,0x00,0x7c,
    0x6e,0x00,0x00,0x00,0x00,0x00,0x00,0x00,0x00,0x00,0x00,0xff,0xf1,0x7c,0x7c,0x7c,0x7c,0x7c,0x7c,0x3e,
    0x00,0x00,0x7c,0x6e,0x00,0x00,0x00,0x00,0x00,0x00,0x00,0x00,0x00,0x00,0x00,0x00,0x00,0x00,0x00,0x00,
    0x00,0x00,0x00,0x00,0x00,0x00,0x00,0x00,0x00,0x00,0x00,0x00,0x00,0x00,0x00,0x00,0x00,0x00,0x00,0x00,
    0x00,0x00,0x00,0x00,0x00,0x00,0x00,0x00,0x00,0x00,0x00,0x00,0x00,0x00,0x00,0x00,0x00,0x00,0x00,0x00,
    0x00,0x00,0x00,0x00,0x00,0x00,0x00,0x00,0x00,0x00,0x00,0x00,0x00,0x00,0x00,0x00,0x00,0x00,0x00,0x1c,
    0x05,0x00,0x00,0x00,0x00,0x00,0x09,0x30,0x0a,0x00,0x00,0x00,0x00,0x00,0x00,0x00,0x00,0x00,0x00,0x00,
    0x00,0x00,0x00,0x00,0x00,0x00,0x00,0x00,0x00,0x00,0x00,0x00,0x00,0x00,0x00,0x00,0x00,0x00,0x00,0x00,
    0x00,0x00,0x00,0x00,0x00,0x00,0x00,0x00,0x00,0x00,0x00,0x00,0x00,0x00,0x00,0x00,0x00,0x00,0x00,0x00,
    0x00,0x00,0x00,0x00,0x00,0x00,0xaa,0xff,0x39,0x00,0x00,0x00,0x12,0xfd,0xe0,0xff,0x2e,0x00,0x00,0x00,
    0x22,0xff,0x99,0x00,0x00,0x00,0x00,0x00,0x00,0x00,0x00,0x00,0x00,0x00,0x00,0x00,0x00,0xff,0xe4,0x00,
    0x00,0x00,0x00,0x00,0x00,0x00,0x00,0x00,0x00,0x00,0x00,0x00,0x00,0x00,0x00,0x00,0x00,0x00,0x00,0x00,
    0x00,0x00,0x00,0x00,0x00,0x00,0x00,0x00,0x00,0x00,0x00,0x00,0x00,0x00,0x00,0x00,0x00,0x00,0x03,0x1a,
    0x1e,0x09,0x00,0x00,0x00,0x00,0x00,0x00,0x00,0x01,0x1a,0x13,0x00,0x00,0x00,0x00,0x00,0x00,0x00,0x04,
    0x19,0x20,0x0a,0x00,0x00,0x00,0x00,0x00,0x00,0x00,0x00,0x54,0xef,0xdf,0x3c,0x00,0x00,0x00,0x00,0x00,
    0xff,0xe0,0x00,0x00,0x00,0x01,0x30,0x4f,0x3a,0x02,0x00,0x00,0x1f,0xbc,0xba,0x04,0x00,0x00,0x2b,0xa2,
    0xe2,0xf9,0xe6,0xa9,0x2e,0x00,0x00,0x00,0x56,0xf0,0xde,0x3b,0x00,0x00,0x00,0x00,0xe0,0xff,0x00,0x00,
    0x00,0x00,0x00,0x10,0x43,0x00,0x00,0x23,0x3e,0x00,0x00,0x00,0x00,0x00,0x2b,0xa2,0xe2,0xf9,0xe6,0xa9,
    0x2e,0x00,0x00,0x00,0x00,0x00,0x00,0x00,0x00,0x00,0x00,0x00,0x6f,0xff,0x73,0x00,0x00,0x00,0x54,0xff,
    0x7d,0xff,0x6f,0x00,0x00,0x00,0x5e,0xff,0x5c,0x00,0x00,0x00,0x00,0x00,0x00,0x00,0x00,0x00,0x00,0x00,
    0x00,0x00,0x00,0xff,0xe4,0x00,0x00,0x00,0x00,0x00,0x00,0x00,0x00,0x00,0x00,0x00,0x00,0x00,0x00,0x00,
    0x00,0x00,0x00,0x00,0x00,0x00,0x00,0x00,0x00,0x00,0x00,0x00,0x00,0x00,0x00,0x00,0x00,0x00,0x00,0x00,
    0x00,0x00,0x0e,0x8b,0xed,0xff,0xff,0xfb,0xbf,0x35,0x00,0x00,0x00,0x05,0x89,0xf4,0xff,0xff,0xe6,0x6e,
    0x01,0x00,0x00,0x26,0xaf,0xf7,0xff,0xff,0xfe,0xca,0x4d,0x00,0x00,0x00,0x00,0x00,0x00,0xdf,0x82,0xaf,
    0xd1,0x00,0x00,0x00,0x00,0x00,0xff,0xe0,0x00,0x00,0x1c,0xca,0xe7,0xa4,0xd7,0xd2,0x17,0x17,0xb0,0xff,
    0xb0,0x00,0x00,0x45,0xf5,0xcc,0x6d,0x53,0x7c,0xf1,0xf5,0x2c,0x00,0x00,0xe0,0x82,0xad,0xd0,0x00,0x00,
    0x00,0x00,0xe0,0xff,0x00,0x00,0x00,0x00,0x5e,0xf0,0xff,0xb2,0x7c,0xf3,0xff,0xaa,0x04,0x00,0x00,0x45,
    0xf5,0xcc,0x6d,0x53,0x7c,0xf1,0xf5,0x2c,0x00,0x00,0x00,0x00,0x00,0x00,0x00,0x00,0x00,0x00,0x34,0xff,
    0xad,0x00,0x00,0x00,0x97,0xf6,0x1b,0xfe,0xb1,0x00,0x00,0x00,0x9a,0xff,0x20,0x00,0x00,0xff,0xe4,0x00,
    0x00,0x00,0x00,0x00,0x00,0x00,0x00,0x00,0x00,0xff,0xe4,0x00,0x00,0x00,0x00,0x00,0x00,0x00,0x00,0x00,
    0xff,0xe4,0x00,0x00,0x00,0x00,0x00,0x00,0x00,0x00,0x00,0x00,0x00,0x00,0x00,0x00,0x00,0x00,0x00,0x00,
    0x00,0x00,0x00,0x00,0x00,0x00,0x00,0x20,0xd7,0xb6,0x3c,0x0b,0x0d,0x50,0xeb,0xf8,0x2f,0x00,0x00,0x9a,
    0xdb,0x49,0x0e,0x1a,0xa4,0xff,0x77,0x00,0x3e,0xf6,0xa5,0x39,0x10,0x06,0x32,0xc0,0xff,0x4c,0x00,0x00,
    0x00,0x00,0x00,0xf1,0x42,0x82,0xfc,0x00,0x00,0x00,0x00,0x00,0xff,0xe0,0x00,0x00,0xb5,0xff,0xf6,0x7a,
    0x0a,0xe6,0xb2,0xf8,0xef,0x81,0x0e,0x00,0x00,0xd1,0xa5,0x01,0x00,0x00,0x00,0x5a,0xff,0xa8,0x00,0x00,
    0xf1,0x43,0x7c,0xfb,0x00,0x00,0x00,0x00,0xe0,0xff,0x00,0x00,0x00,0x40,0xfe,0xd4,0x70,0xd6,0xdf,0x7a,
    0xa9,0xff,0x7c,0x00,0x00,0xd1,0xa5,0x01,0x00,0x00,0x00,0x5a,0xff,0xa8,0x00,0x00,0x00,0x00,0x00,0x00,
    0x00,0x00,0x00,0x00,0x04,0xf5,0xe7,0x00,0x00,0x00,0xda,0xba,0x00,0xd1,0xef,0x02,0x00,0x00,0xd6,0xe4,
    0x00,0x00,0x00,0xff,0xe4,0x00,0x00,0x00,0x00,0x00,0x00,0x00,0x00,0x00,0x00,0xff,0xe4,0x00,0x00,0x00,
    0x00,0x00,0x00,0x00,0x00,0x00,0xff,0xe4,0x00,0x00,0x00,0x00,0x00,0x00,0x00,0x00,0x00,0x00,0x00,0x00,
    0x00,0x00,0x00,0x00,0x00,0x00,0x00,0x00,0x00,0x00,0x00,0x00,0x00,0xe9,0xe0,0x56,0x2e,0x07,0x00,0x00,
    0x71,0xff,0xb1,0x00,0x07,0xd4,0x24,0x00,0x00,0x00,0x0b,0xfb,0xdc,0x00,0x27,0x76,0x00,0x00,0x00,0x00,
    0x00,0x28,0xff,0xc0,0x00,0x00,0x00,0x00,0x00,0x8c,0xff,0xff,0xff,0x00,0x00,0x00,0x00,0x00,0xff,0xe0,
    0x00,0x00,0xf8,0x5e,0x30,0xf9,0x0f,0xbf,0xd1,0x34,0xff,0x76,0x00,0x00,0x00,0x2b,0x16,0x01,0x01,0x00,
    0x00,0x12,0xff,0xd7,0x00,0x00,0x84,0xff,0xff,0xff,0x00,0x00,0x00,0x00,0xe0,0xff,0x00,0x00,0x00,0xb1,
    0xff,0x3f,0x00,0x0e,0x17,0x00,0x0b,0xf9,0xd5,0x00,0x00,0x2b,0x16,0x01,0x01,0x00,0x00,0x12,0xff,0xd7,
    0x00,0x00,0x00,0x00,0x00,0x00,0x00,0x00,0x00,0x00,0x00,0xbf,0xff,0x22,0x00,0x1e,0xff,0x76,0x00,0x8e,
    0xff,0x33,0x00,0x13,0xfe,0xa8,0x00,0x00,0x00,0xff,0xe4,0x00,0x00,0x00,0x00,0x00,0x00,0x00,0x00,0x00,
    0x00,0xff,0xe7,0x24,0x24,0x24,0x24,0x24,0x17,0x00,0x00,0x00,0xff,0xe4,0x00,0x00,0x00,0x00,0x00,0x00,
    0x00,0x00,0x00,0x00,0x00,0x00,0x00,0x00,0x00,0x00,0x00,0x00,0x00,0x00,0x00,0x00,0x00,0x00,0x01,0x74,
    0x9e,0xfa,0xf8,0x43,0x00,0x00,0x40,0xff,0xd7,0x00,0x00,0x02,0x00,0x00,0x00,0x00,0x00,0xe8,0xfc,0x00,
    0x00,0x00,0x76,0xe8,0xf4,0xb5,0x29,0x04,0xff,0xe1,0x00,0x00,0x09,0x00,0x00,0x00,0x2d,0xe5,0xff,0x00,
    0x00,0x00,0x00,0x00,0xff,0xe0,0x00,0x00,0xe0,0x5e,0x2e,0xf7,0x14,0xe9,0xb7,0x00,0xeb,0xd9,0x00,0x00,
    0x00,0x00,0x49,0xee,0xf5,0x70,0x00,0x00,0xff,0xe0,0x00,0x00,0x00,0x29,0xe7,0xff,0x00,0x00,0x00,0x00,
    0xe0,0xff,0x00,0x00,0x00,0xe2,0xff,0x0b,0x67,0xfa,0xff,0x9d,0x00,0xdb,0xfa,0x00,0x00,0x00,0x49,0xee,
    0xf5,0x70,0x00,0x00,0xff,0xe0,0x00,0x00,0x00,0x00,0x00,0x00,0x00,0x00,0x00,0x00,0x00,0x84,0xff,0x5c,
    0x00,0x61,0xff,0x32,0x00,0x4c,0xff,0x74,0x00,0x4e,0xff,0x6b,0x00,0x00,0x00,0xff,0xe4,0x00,0x00,0x28,
    0x28,0x28,0x28,0x28,0x28,0x00,0x00,0xff,0xff,0xff,0xff,0xff,0xff,0xff,0xa8,0x00,0x00,0x00,0xff,0xe4,
    0x00,0x00,0x00,0x00,0x00,0x00,0x00,0x00,0x00,0x00,0x00,0x00,0x00,0x00,0x00,0x00,0x00,0x00,0x00,0x00,
    0x00,0x00,0x00,0x00,0x00,0x00,0xc1,0xfb,0x2a,0x00,0x00,0x00,0x38,0xff,0xdc,0x00,0x00,0x00,0x00,0x00,
    0x00,0x00,0x00,0xe4,0xff,0x00,0x00,0x59,0xff,0xa5,0x38,0x92,0xf2,0x28,0xff,0xe4,0x00,0x06,0xdf,0x59,
    0x00,0x00,0x00,0xe0,0xff,0x00,0x00,0x00,0x00,0x00,0xff,0xe0,0x00,0x00,0x3f,0xd8,0xe6,0x67,0x71,0xff,
    0x63,0x00,0xdc,0xe4,0x00,0x00,0x00,0x00,0xe4,0xac,0x76,0xf2,0x00,0x00,0xff,0xe0,0x00,0x00,0x00,0x00,
    0xe0,0xff,0x00,0x00,0x00,0x00,0xe0,0xff,0x00,0x00,0x00,0xdc,0xff,0x0e,0xeb,0x5c,0x32,0xfe,0x15,0xd8,
    0xff,0x00,0x00,0x00,0xe4,0xac,0x76,0xf2,0x00,0x00,0xff,0xe0,0x00,0x00,0x00,0x00,0x00,0x00,0x00,0x00,
    0x00,0x00,0x00,0x4a,0xff,0x96,0x00,0xa4,0xec,0x01,0x00,0x0d,0xfb,0xb6,0x00,0x8a,0xff,0x2f,0x00,0x00,
    0x00,0xff,0xe4,0x00,0x00,0xff,0xff,0xff,0xff,0xff,0xff,0x00,0x00,0xff,0xed,0x54,0x54,0x54,0x54,0x54,
    0x37,0x00,0x00,0x00,0xff,0xe4,0x00,0x00,0x00,0x00,0x00,0x00,0x00,0x00,0x00,0x00,0x00,0x00,0x00,0x00,
    0x00,0x00,0x00,0x00,0x00,0x00,0x00,0x00,0x00,0x00,0x00,0x00,0xfd,0xdc,0x00,0x00,0x00,0x00,0x38,0xff,
    0xdc,0x00,0x00,0x00,0x00,0x00,0x00,0x00,0x00,0xe4,0xff,0x00,0x00,0xb3,0xff,0x22,0x00,0x00,0x9c,0xcd,
    0xff,0xe4,0x00,0x00,0x36,0xed,0x62,0x00,0x00,0xe0,0xff,0x00,0x00,0x00,0x00,0x00,0xff,0xe0,0x00,0x00,
    0x00,0x00,0x00,0x29,0xf7,0xd0,0x04,0x00,0xdc,0xe4,0x00,0x00,0x00,0x00,0xff,0xff,0xff,0xac,0x00,0x00,
    0xff,0xe0,0x00,0x00,0x00,0x00,0xe1,0xff,0x01,0x00,0x00,0x00,0xe0,0xff,0x00,0x00,0x00,0xb5,0xff,0x2b,
    0xd1,0xa0,0x81,0xf3,0x09,0xd8,0xff,0x00,0x00,0x00,0xff,0xff,0xff,0xac,0x00,0x00,0xff,0xe0,0x00,0x00,
    0x00,0x00,0x00,0x00,0x00,0x00,0x00,0x00,0x00,0x10,0xfe,0xd1,0x00,0xe6,0xaa,0x00,0x00,0x00,0xc7,0xf3,
    0x04,0xc6,0xf0,0x02,0x00,0x00,0x00,0xff,0xe4,0x00,0x00,0x54,0x54,0x54,0x54,0x54,0x54,0x00,0x00,0xff,
    0xe4,0x00,0x00,0x00,0x00,0x00,0x00,0x00,0x00,0x00,0xff,0xe4,0x00,0x00,0x00,0x00,0x00,0x00,0x00,0x00,
    0x00,0x00,0x00,0x00,0x00,0x00,0x00,0x00,0x00,0x00,0x00,0x00,0x00,0x00,0x00,0x00,0x00,0x00,0xff,0xd8,
    0x00,0x00,0x00,0x00,0x38,0xff,0xdc,0x00,0x00,0x00,0x00,0x00,0x00,0x00,0x00,0xe4,0xff,0x00,0x00,0xd8,
    0xff,0x04,0x00,0x00,0x11,0xf0,0xff,0xe4,0x00,0x00,0x00,0x3f,0xf8,0x58,0x00,0xe0,0xff,0x00,0x00,0x00,
    0x00,0x00,0xff,0xe0,0x02,0x00,0x00,0x00,0x00,0xbb,0xff,0x35,0x00,0x00,0xdc,0xe4,0x00,0x00,0x00,0x00,
    0xff,0xe5,0x2f,0x02,0x00,0x00,0xff,0xe0,0x00,0x00,0x39,0xdf,0xff,0xff,0xf1,0x97,0x13,0x00,0xe0,0xff,
    0x00,0x00,0x00,0x7d,0xff,0x5e,0x26,0xc2,0xff,0x72,0x00,0xd8,0xff,0x00,0x00,0x00,0xff,0xe5,0x2f,0x02,
    0x00,0x00,0xff,0xe0,0x00,0x00,0x00,0x00,0x00,0x00,0x00,0x00,0x00,0x00,0x00,0x00,0xd4,0xfd,0x36,0xff,
    0x66,0x00,0x00,0x00,0x84,0xff,0x3e,0xf9,0xb7,0x00,0x00,0x00,0x00,0xff,0xe4,0x00,0x00,0x00,0x00,0x00,
    0x00,0x00,0x00,0x00,0x00,0xff,0xe4,0x00,0x00,0x00,0x00,0x00,0x00,0x00,0x00,0x00,0xff,0xe4,0x00,0x00,
    0x00,0x00,0x00,0x00,0x00,0x00,0x00,0x00,0x00,0x00,0x00,0x00,0x00,0x00,0x00,0x00,0x00,0x00,0x00,0x00,
    0x00,0x00,0x00,0x00,0xff,0xd8,0x00,0x00,0x00,0x00,0x38,0xff,0xdc,0x00,0x00,0x00,0x00,0x00,0x00,0x00,
    0x00,0xe4,0xff,0x00,0x00,0xe1,0xff,0xf2,0xdd,0x41,0x00,0x96,0xff,0xe4,0x00,0x00,0x00,0x00,0x73,0xf8,
    0x30,0xe0,0xff,0x00,0x00,0x00,0x00,0x00,0xff,0xff,0xfa,0x69,0x00,0x00,0x00,0xfb,0xeb,0x00,0x00,0x00,
    0xdc,0xe4,0x00,0x00,0x00,0x00,0xff,0xe0,0x00,0x00,0x00,0x00,0xff,0xe0,0x00,0x00,0xd2,0xf6,0xe8,0xff,
    0x83,0xec,0xd6,0x1b,0xe0,0xff,0x00,0x00,0x00,0x44,0xff,0x8c,0x1b,0xe9,0xb1,0x01,0x00,0xd8,0xff,0x00,
    0x00,0x00,0xff,0xe0,0x00,0x00,0x00,0x00,0xff,0xe0,0x00,0x00,0x00,0x00,0x00,0x00,0x00,0x00,0x00,0x00,
    0x00,0x00,0x9a,0xff,0x96,0xff,0x22,0x00,0x00,0x00,0x41,0xff,0x9b,0xff,0x7a,0x00,0x00,0x00,0x00,0xff,
    0xe4,0x00,0x00,0x00,0x00,0x00,0x00,0x00,0x00,0x00,0x00,0xff,0xe4,0x00,0x00,0x00,0x00,0x00,0x00,0x00,
    0x00,0x00,0xff,0xe4,0x00,0x00,0x00,0x00,0x00,0x00,0x00,0x00,0x00,0x00,0x00,0x00,0x00,0x00,0x00,0x00,
    0x00,0x00,0x00,0x00,0x00,0x00,0x00,0x00,0x00,0x00,0xff,0xd8,0x00,0x00,0x00,0x00,0x38,0xff,0xdc,0x00,
    0x00,0x00,0x00,0x00,0x00,0x00,0x00,0xe4,0xff,0x00,0x00,0xd0,0xfe,0x42,0x6d,0xdf,0x00,0x3e,0xff,0xe4,
    0x00,0x00,0x00,0x00,0x00,0xb8,0xd3,0xe5,0xff,0x00,0x00,0x00,0x00,0x00,0xfc,0xa2,0x6c,0xec,0x00,0x00,
    0x00,0xff,0xe0,0x00,0x00,0x00,0xe1,0xe3,0x00,0x00,0x00,0x00,0xff,0xe0,0x00,0x00,0x00,0x0b,0xff,0xdf,
    0x00,0x00,0xf8,0xe1,0xe0,0xff,0x00,0x17,0xce,0xe3,0xfa,0xfe,0x00,0x00,0x00,0x13,0xff,0xb0,0xc4,0xdb,
    0x0e,0x00,0x00,0xd8,0xff,0x00,0x00,0x00,0xff,0xe0,0x00,0x00,0x00,0x0b,0xff,0xdf,0x00,0x00,0x00,0x00,
    0x00,0x00,0x00,0x00,0x00,0x00,0x00,0x00,0x5f,0xff,0xf0,0xde,0x00,0x00,0x00,0x00,0x07,0xf7,0xf2,0xff,
    0x3e,0x00,0x00,0x00,0x00,0xff,0xe4,0x00,0x00,0x00,0x00,0x00,0x00,0x00,0x00,0x00,0x00,0xff,0xe4,0x00,
    0x00,0x00,0x00,0x00,0x00,0x00,0x00,0x00,0xff,0xe4,0x00,0x00,0x00,0x00,0xd8,0xd8,0xb6,0x00,0x00,0x00,
    0xd8,0xd8,0xb6,0x00,0x00,0x00,0xd8,0xd8,0xb6,0x00,0x00,0x00,0x00,0x00,0x00,0x00,0xff,0xd8,0x00,0x00,
    0x00,0x00,0x38,0xff,0xdc,0x00,0x00,0x00,0x00,0x00,0x00,0x00,0x00,0xe4,0xff,0x00,0x00,0x92,0xfc,0x2a,
    0x56,0xe8,0x00,0x15,0xff,0xe4,0x00,0x00,0x00,0x00,0x00,0x25,0xf8,0xff,0xff,0x00,0x00,0x00,0x00,0x00,
    0xd2,0x94,0x5c,0xe5,0x00,0x04,0x64,0xff,0xec,0x64,0x64,0x78,0xfe,0xca,0x00,0x00,0x00,0x00,0xff,0xe9,
    0x4c,0x4c,0x4c,0x8f,0xff,0xbf,0x00,0x00,0xcf,0xf2,0xed,0xf4,0x00,0x00,0x21,0xf3,0xff,0xe6,0x00,0x00,
    0x00,0x01,0xfa,0xfb,0xfa,0x34,0x00,0x00,0x00,0xd8,0xff,0x00,0x00,0x00,0xff,0xe9,0x4c,0x4c,0x4c,0x8f,
    0xff,0xbf,0x00,0x00,0x00,0x00,0x00,0x00,0x00,0x00,0x00,0x00,0x00,0x00,0x24,0xff,0xff,0x9a,0x00,0x00,
    0x00,0x00,0x00,0xbc,0xff,0xf9,0x08,0x00,0x00,0x00,0x00,0xff,0xe4,0x00,0x00,0x00,0x00,0x00,0x00,0x00,
    0x00,0x00,0x00,0xff,0xe4,0x00,0x00,0x00,0x00,0x00,0x00,0x00,0x00,0x00,0xff,0xe4,0x00,0x00,0x00,0x00,
    0xff,0xff,0xd8,0x00,0x00,0x00,0xff,0xff,0xd8,0x00,0x00,0x00,0xff,0xff,0xd8,0x00,0x00,0x00,0x00,0x00,
    0x00,0x00,0xff,0xd8,0x00,0x00,0x00,0x00,0x38,0xff,0xdc,0x00,0x00,0x00,0x00,0x00,0x00,0x00,0x00,0xe4,
    0xff,0x00,0x00,0x13,0xb8,0xff,0xf7,0x5d,0x00,0x00,0xff,0xe4,0x00,0x00,0x00,0x00,0x00,0x00,0x8b,0xff,
    0xff,0x00,0x00,0x00,0x00,0x00,0x3a,0xdf,0xe4,0x52,0x00,0x0c,0xff,0xff,0xff,0xff,0xff,0xff,0xdb,0x42,
    0x00,0x00,0x00,0x00,0xff,0xff,0xff,0xff,0xff,0xfe,0xda,0x35,0x00,0x00,0x38,0xda,0xf4,0x80,0x00,0x00,
    0x00,0x5f,0xef,0x64,0x00,0x00,0x00,0x00,0xe8,0xff,0x89,0x00,0x00,0x00,0x00,0xd8,0xff,0x00,0x00,0x00,
    0xff,0xff,0xff,0xff,0xff,0xfe,0xda,0x35,0x00,0x00,0x00,0x00,0x00,0x00,0x00,0x00,0x00,0x00,0x00,0x00,
    0x00,0xe9,0xff,0x56,0x00,0x00,0x00,0x00,0x00,0x79,0xff,0xc6,0x00,0x00,0x00,0x00,0x00,0xff,0xe4,0x00,
    0x00,0x00,0x00,0x00,0x00,0x00,0x00,0x00,0x00,0xff,0xe4,0x00,0x00,0x00,0x00,0x00,0x00,0x00,0x00,0x00,
    0xff,0xe4,0x00,0x00,0x00,0x00,0xff,0xff,0xd8,0x00,0x00,0x00,0xff,0xff,0xd8,0x00,0x00,0x00,0xff,0xff,
    0xd8,0x00,0x00,0x00,0x00,0x00,0x00,0x00,0x70,0x5e,0x00,0x00,0x00,0x00,0x18,0x70,0x60,0x00,0x00,0x00,
    0x00,0x00,0x00,0x00,0x00,0x63,0x70,0x00,0x00,0x00,0x00,0x0e,0x09,0x00,0x00,0x00,0x24,0x20,0x00,0x00,
    0x00,0x00,0x00,0x00,0x00,0x00,0x00,0x00,0x00,0x00,0x00,0x00,0x00,0x00,0x00,0x00,0x00,0x00,0x00,0x00,
    0x00,0x00,0x00,0x00,0x00,0x00,0x00,0x00,0x00,0x00,0x00,0x00,0x00,0x00,0x00,0x00,0x00,0x00,0x00,0x00,
    0x00,0x00,0x00,0x00,0x00,0x00,0x00,0x00,0x00,0x00,0x00,0x00,0x00,0x00,0x00,0x00,0x00,0x00,0x00,0x00,
    0x00,0x00,0x00,0x00,0x00,0x00,0x00,0x00,0x00,0x00,0x00,0x00,0x00,0x00,0x00,0x00,0x00,0x00,0x00,0x00,
    0x00,0x00,0x00,0x00,0x00,0x00,0x00,0x00,0x00,0x00,0x00,0x00,0x00,0x00,0x00,0x00,0x00,0x00,0x00,0x00,
    0x00,0x00,0x00,0x00,0x00,0x00,0x00,0x00,0x00,0x00,0x00,0x00,0x00,0x00,0x00,0x00,0x00,0x00,0x00,0x00,
    0x00,0x00,0x00,0x00,0x00,0x00,0x00,0x00,0x00,0x00,0x00,0x00,0x00,0x00,0x00,0x00,0x00,0x00,0x00,0x00,
    0x00,0x00,0x00,0x00,0x00,0x00,0x00,0x00,0x00,0x00,0x00,0x00,0x00,0x00,0x00,0x00,0x00,0x00,0x00,0x00,
    0x00,0x00,0x00,0x00,0x00,0x00,0x00,0x00,0x00,0x00,0x00,0x00,0x00,0x00,0x00,0x00,0x00,0x00,0x00,0x00,
    0x00,0x00,0x00,0x00,0x00,0x00,0x00,0x00,0x00,0x00,0x00,0x00,0x00,0x00,0x00,0x00,0x00,0x00,0x00,0x00,
    0x00,0x00,0x00,0x00,0x00,0x00,0x00,0x00,0x00,0x00,0x00,0x00,0x00,0x00,0x00,0x00,0x00,0x00,0x00,0x00,
    0x00,0x00,0x00,0x00,0x00,0x00,0x00,0x00,0x00,0x00,0x00,0x00,0x00,0x00,0x00,0x00,0x00,0x00,0x00,0x00,
    0x00,0x00,0x00,0x00,0x00,0x00,0x00,0x00,0x00,0x00,0x00,0x00,0x00,0x00,0x00,0x00,0x00,0x00,0x00,0x00,
    0x00,0x00,0x00,0x00,0x00,0x00,0x00,0x00,0x00,0x00,0x00,0x00,0x00,0x00,0x00,0x00,0x00,0x00,0x00,0x00,
    0x00,0x00,0x00,0x00,0x00,0x00,0x00,0x00,0x00,0x00,0x00,0x00,0x00,0x00,0x00,0x00,0x00,0x00,0x00,0x00,
    0x00,0x00,0x00,0x00,0x00,0x00,0x00,0x00,0x00,0x00,0x00,0x00,0x00,0x00,0x00,0x00,0x00,0x00,0x00,0x00,
    0x00,0x00,0x00,0x00,0x00,0x00,0x00,0x00,0x00,0x00,0x00,0x00,0x00,0x00,0x00,0x00,0x00,0x00,0x00,0x00,
    0x00,0x00,0x00,0x00,0x00,0x00,0x00,0x00,0x00,0x00,0x00,0x00,0x00,0x00,0x00,0x00,0x00,0x00,0x00,0x00,
    0x00,0x00,0x00,0x00,0x00,0x00,0x00,0x00,0x00,0x00,0x00,0x00,0x00,0x00,0x00,0x00,0x00,0x00,0x00,0x00,
    0x00,0x00,0x00,0x00,0x00,0x00,0x00,0x00,0x00,0x00,0x00,0x00,0x00,0x00,0x00,0x00,0x00,0x00,0x00,0x00,
    0x00,0x00,0x00,0x00,0x00,0x00,0x00,0x00,0x00,0x00,0x00,0x00,0x00,0x00,0x00,0x00,0x00,0x00,0x00,0x00,
    0x00,0x00,0x00,0x00,0x00,0x00,0x00,0x00,0x00,0x00,0x00,0x00,0x00,0x00,0x00,0x00,0x00,0x00,0x00,0x00,
    0x00,0x00,0x00,0x00,0x00,0x00,0x00,0x00,0x00,0x00,0x00,0x00,0x00,0x00,0x00,0x00,0x00,0x00,0x00,0x00,
    0x00,0x00,0x00,0x00,0x00,0x00,0x00,0x00,0x00,0x00,0x00,0x00,0x00,0x00,0x00,0x00,0x00,0x00,0x00,0x00,
    0x00,0x00,0x00,0x00,0x00,0x00,0x00,0x00,0x00,0x00,0x00,0x00,0x00,0x00,0x00,0x00,0x00,0x00,0x00,0x00,
    0x00,0x00,0x00,0x00,0x00,0x00,0x00,0x00,0x00,0x00,0x00,0x00,0x00,0x00,0x00,0x00,0x00,0x00,0x00,0x00,
    0x00,0x00,
};
const lv_image_dsc_t img_connecting = {
    .header.magic = LV_IMAGE_HEADER_MAGIC,
    .header.cf = LV_COLOR_FORMAT_A8,
    .header.w = 186,
    .header.h = 27,
    .header.stride = 186,
    .data_size = sizeof(img_connecting_map),
    .data = img_connecting_map,
};

// เชื่อมต่อ Wi-Fi แล้ว  (164x27)
static const uint8_t img_connected_map[] = {
    0x00,0x00,0x00,0x00,0x00,0x00,0x00,0x00,0x00,0x00,0x00,0x00,0x00,0x00,0x00,0x00,0x00,0x00,0x00,0x00,
    0x00,0x00,0x00,0x00,0x00,0x00,0x00,0x00,0x00,0x00,0x00,0x00,0x00,0x00,0x00,0x00,0x00,0x00,0x00,0x00,
    0x00,0x00,0x00,0x00,0x00,0x00,0x00,0x00,0x00,0x00,0x00,0x00,0x00,0x00,0x00,0x00,0x00,0x00,0x00,0x00,
    0x00,0x00,0x00,0x00,0x00,0x00,0x00,0x00,0x00,0x00,0x00,0x00,0x00,0x00,0x00,0x00,0x00,0x00,0x00,0x00,
    0x00,0x00,0x00,0x00,0x00,0x00,0x00,0x00,0x00,0x00,0x00,0x00,0x00,0x00,0x00,0x00,0x00,0x00,0x00,0x00,
    0x00,0x00,0x00,0x00,0x00,0x00,0x00,0x00,0x00,0x00,0x00,0x00,0x00,0x00,0x00,0x00,0x00,0x00,0x00,0x00,
    0x00,0x00,0x00,0x00,0x00,0x00,0x00,0x00,0x00,0x00,0x00,0x00,0x00,0x00,0x00,0x00,0x00,0x00,0x00,0x00,
    0x00,0x00,0x00,0x00,0x00,0x00,0x00,0x00,0x00,0x00,0x00,0x00,0x00,0x00,0x00,0x00,0x00,0x00,0x00,0x00,
    0x00,0x00,0x00,0x00,0x00,0x00,0x00,0x00,0x00,0x00,0x00,0x00,0x00,0x00,0x00,0x00,0x00,0x00,0x00,0x00,
    0x00,0x00,0x00,0x00,0x00,0x00,0x00,0x00,0x00,0x00,0x00,0x00,0x00,0x00,0x00,0x00,0x00,0x00,0x00,0x00,
    0x00,0x00,0x00,0x00,0x00,0x00,0x00,0x00,0x00,0x00,0x00,0x00,0x00,0x00,0x00,0x00,0x00,0x00,0x00,0x00,
    0x00,0x00,0x00,0x00,0x00,0x00,0x00,0x00,0x00,0x00,0x00,0x00,0x00,0x00,0x00,0x00,0x00,0x00,0x00,0x00,
    0x00,0x00,0x00,0x00,0x00,0x00,0x00,0x00,0x00,0x00,0x00,0x00,0x00,0x00,0x00,0x00,0x00,0x00,0x00,0x00,
    0x00,0x00,0x00,0x00,0x00,0x00,0x00,0x00,0x00,0x00,0x00,0x00,0x00,0x00,0x00,0x00,0x00,0x00,0x00,0x00,
    0x00,0x00,0x00,0x00,0x00,0x00,0x00,0x00,0x00,0x00,0x00,0x00,0x00,0x00,0x00,0x00,0x00,0x00,0x00,0x00,
    0x00,0x00,0x00,0x00,0x00,0x00,0x00,0x00,0x00,0x00,0x00,0x00,0x00,0x00,0x00,0x00,0x00,0x00,0x00,0x00,
    0x00,0x00,0x00,0x00,0x00,0x00,0x00,0x00,0x00,0x00,0x00,0x00,0x00,0x00,0x00,0x00,0x00,0x00,0x00,0x00,
    0x00,0x00,0x00,0x00,0x7c,0xff,0x2c,0x00,0x00,0x00,0x00,0x00,0x00,0x00,0x00,0x00,0x00,0x00,0x00,0x00,
    0x00,0x00,0x00,0x00,0x00,0x00,0x00,0x00,0x00,0x00,0x00,0x00,0x00,0x00,0x00,0x00,0x00,0x00,0x00,0x00,
    0x00,0x00,0x00,0x00,0x00,0x00,0x00,0x00,0x00,0x00,0x00,0x00,0x00,0x00,0x00,0x00,0x00,0x00,0x00,0x00,
    0x00,0x00,0x00,0x00,0x00,0x00,0x00,0x00,0x00,0x00,0x00,0x00,0x00,0x00,0x00,0x00,0x00,0x00,0x00,0x00,
    0x00,0x00,0x00,0x00,0x00,0x00,0x00,0x00,0x00,0x00,0x00,0x00,0x00,0x00,0x00,0x00,0x00,0x00,0x00,0x00,
    0x00,0x00,0x00,0x00,0x00,0x00,0x00,0x00,0x00,0x00,0x00,0x00,0x00,0x00,0x00,0x00,0x00,0x00,0x00,0x00,
    0x00,0x00,0x00,0x00,0x00,0x00,0x00,0x00,0x00,0x00,0x00,0x00,0x00,0x00,0x00,0x00,0x00,0x00,0x00,0x00,
    0x00,0x00,0x00,0x00,0x00,0x00,0x00,0x00,0x00,0x00,0x00,0x00,0x00,0x00,0x00,0x00,0x00,0x00,0x00,0x00,
    0x00,0x00,0x00,0x00,0x00,0x00,0x00,0x00,0x7c,0xff,0x2c,0x00,0x00,0x00,0x00,0x00,0x00,0x00,0x00,0x00,
    0x00,0x00,0x00,0x00,0x00,0x00,0x00,0x00,0x00,0x00,0x00,0x00,0x00,0x00,0x00,0x00,0x00,0x00,0x00,0x00,
    0x00,0x00,0x00,0x00,0x00,0x00,0x00,0x00,0x00,0x00,0x00,0x00,0x00,0x00,0x00,0x00,0x00,0x00,0x00,0x00,
    0x00,0x00,0x00,0x00,0x00,0x00,0x00,0x00,0x00,0x00,0x00,0x00,0x00,0x00,0x00,0x00,0x00,0x00,0x00,0x00,
    0x00,0x00,0x00,0x00,0x00,0x00,0x00,0x00,0x00,0x00,0x00,0x00,0x00,0x00,0x00,0x00,0x00,0x00,0x00,0x00,
    0x00,0x00,0x00,0x00,0x00,0x00,0x00,0x00,0x00,0x00,0x00,0x00,0x00,0x00,0x00,0x00,0x00,0x00,0x00,0x00,
    0x00,0x00,0x00,0x00,0x00,0x00,0x00,0x00,0x00,0x00,0x00,0x00,0x00,0x00,0x00,0x00,0x00,0x00,0x00,0x00,
    0x00,0x00,0x00,0x00,0x00,0x00,0x00,0x00,0x00,0x00,0x00,0x00,0x00,0x00,0x00,0x00,0x00,0x00,0x00,0x00,
    0x00,0x00,0x00,0x00,0x00,0x00,0x00,0x00,0x00,0x00,0x00,0x00,0x7c,0xff,0x2c,0x00,0x00,0x00,0x00,0x00,
    0x00,0x00,0x00,0x00,0x00,0x00,0x00,0x00,0x00,0x00,0x00,0x00,0x00,0x00,0x00,0x00,0x00,0x00,0x00,0x00,
    0x00,0x00,0x00,0x00,0x00,0x00,0x00,0x00,0x00,0x00,0x00,0x00,0x00,0x00,0x00,0x00,0x00,0x00,0x00,0x00,
    0x00,0x00,0x00,0x00,0x00,0x00,0x00,0x00,0x00,0x00,0x00,0x00,0x00,0x00,0x00,0x00,0x00,0x00,0x00,0x00,
    0x00,0x00,0x00,0x00,0x00,0x00,0x00,0x00,0x00,0x00,0x00,0x00,0x00,0x00,0x00,0x00,0x00,0x00,0x00,0x00,
    0x00,0x00,0x00,0x00,0x00,0x00,0x00,0x00,0x00,0x00,0x00,0x00,0x00,0x00,0x00,0x00,0x00,0x00,0x00,0x00,
    0x00,0x00,0x00,0x00,0x00,0x00,0x00,0x00,0x00,0x00,0x00,0x00,0x00,0x00,0x00,0x00,0x00,0x00,0x00,0x00,
    0x00,0x00,0x00,0x00,0x00,0x00,0x00,0x00,0x00,0x00,0x00,0x00,0x00,0x00,0x00,0x00,0x00,0x00,0x00,0x00,
    0x00,0x00,0x00,0x00,0x00,0x00,0x00,0x00,0x00,0x00,0x00,0x00,0x00,0x00,0x00,0x00,0x20,0x44,0x0b,0x00,
    0x00,0x00,0x00,0x00,0x00,0x00,0x00,0x00,0x00,0x00,0x00,0x00,0x00,0x00,0x00,0x00,0x00,0x00,0x00,0x00,
    0x00,0x00,0x00,0x00,0x00,0x00,0x00,0x00,0x00,0x00,0x00,0x00,0x00,0x00,0x00,0x00,0x00,0x00,0x00,0x00,
    0x00,0x00,0x00,0x00,0x00,0x00,0x00,0x00,0x00,0x00,0x00,0x00,0x00,0x00,0x00,0x00,0x00,0x00,0x00,0x00,
    0x00,0x00,0x00,0x00,0x00,0x00,0x00,0x00,0x00,0x00,0x00,0x00,0x00,0x00,0x00,0x00,0x00,0x00,0x00,0x00,
    0x00,0x00,0x00,0x00,0x00,0x00,0x00,0x00,0x00,0x00,0x00,0x00,0x00,0x00,0x00,0x00,0x00,0x00,0x00,0x00,
    0x00,0x00,0x00,0x00,0x00,0x00,0x00,0x00,0x00,0x00,0x00,0x00,0x00,0x00,0x00,0x00,0x00,0x00,0x00,0x00,
    0x00,0x00,0x00,0x00,0x00,0x00,0x00,0x00,0x00,0x00,0x00,0x00,0x00,0x00,0x00,0x00,0x00,0x00,0x00,0x00,
    0x00,0x00,0x00,0x00,0x00,0x00,0x00,0x00,0x00,0x00,0x00,0x00,0x00,0x00,0x00,0x00,0x00,0x00,0x4d,0xac,
    0x33,0xac,0x08,0x00,0x00,0x00,0x00,0x00,0x00,0x00,0x00,0x00,0x00,0x00,0x00,0x00,0x00,0x00,0x00,0x00,
    0x00,0x00,0x00,0x00,0x00,0x00,0x00,0x00,0x00,0x00,0x00,0x00,0x00,0x00,0x00,0x00,0x00,0x1e,0x2c,0x00,
    0x00,0x00,0x00,0x00,0x00,0x00,0x00,0x00,0x00,0x00,0x00,0x00,0x00,0x00,0x00,0x00,0x00,0x00,0x00,0x00,
    0x00,0x00,0x00,0x00,0x00,0x00,0x00,0x00,0x00,0x00,0x00,0x00,0x00,0x00,0x00,0x00,0x00,0x00,0x00,0x00,
    0x00,0x00,0x00,0x00,0x00,0x00,0x00,0x00,0x00,0x00,0x00,0x00,0x00,0x00,0x00,0x00,0x00,0x00,0x00,0x00,
    0x00,0x00,0x00,0x00,0x00,0x00,0x00,0x00,0x00,0x00,0x00,0x00,0x00,0x00,0x00,0x00,0x00,0x00,0x00,0x00,
    0x00,0x00,0x00,0x00,0x00,0x00,0x00,0x00,0x00,0x1e,0xb8,0xcc,0x42,0x00,0x04,0x6c,0x57,0x00,0x00,0x00,
    0x00,0x00,0x00,0x00,0x00,0x00,0x00,0x00,0x00,0x00,0x00,0x00,0x00,0x00,0x00,0x00,0x00,0x00,0x09,0x79,
    0xcb,0xe7,0xea,0xff,0x63,0xff,0x0c,0x00,0x00,0x00,0x00,0x00,0x00,0x00,0x00,0x00,0x00,0x00,0x00,0x00,
    0x00,0x00,0x00,0x00,0x00,0x00,0x00,0x00,0x00,0x00,0x00,0x00,0x00,0x00,0x00,0x00,0x00,0x00,0x00,0x00,
    0x00,0xb0,0xff,0x00,0x00,0x00,0x00,0x00,0x00,0x00,0x00,0x00,0x00,0x00,0x00,0x00,0x00,0x00,0x00,0x00,
    0x00,0x00,0x00,0x00,0x00,0x00,0x00,0x00,0x00,0x00,0x00,0x00,0x00,0x00,0x00,0x00,0x00,0x00,0x00,0x00,
    0x00,0x00,0x00,0x00,0x00,0x00,0x00,0x00,0x00,0x00,0x00,0x00,0x00,0x00,0x00,0x00,0x00,0x00,0x00,0x00,
    0x00,0x00,0x00,0x00,0x00,0x00,0x00,0x00,0x00,0x00,0x00,0x00,0x00,0x00,0x00,0x00,0x00,0x00,0x00,0x00,
    0x00,0x00,0x00,0x00,0x00,0x00,0x00,0x00,0x00,0x00,0x00,0x00,0x00,0x88,0x7e,0x4d,0xe0,0x00,0x38,0xff,
    0xab,0x00,0x00,0x00,0x00,0x00,0x00,0x00,0x00,0x00,0x00,0x00,0x00,0x00,0x00,0x00,0x00,0x00,0x00,0x00,
    0x00,0x07,0xc3,0xf6,0x48,0x09,0x3b,0xd6,0xf1,0xff,0x0c,0x00,0x00,0x00,0x00,0x00,0x00,0x00,0x00,0x00,
    0x00,0x00,0x00,0x00,0x00,0x00,0x00,0x00,0x00,0x00,0x00,0x00,0x00,0x00,0x00,0x00,0x00,0x00,0x00,0x00,
    0x00,0x00,0x00,0x00,0x00,0xb0,0xff,0x00,0x00,0x00,0x00,0x00,0x00,0x00,0x00,0x00,0x00,0x00,0x00,0x00,
    0x00,0x00,0x00,0x00,0x00,0x00,0x00,0x00,0x00,0x00,0x00,0x00,0x00,0x00,0x00,0x00,0x00,0x00,0x00,0x00,
    0x00,0x00,0x00,0x00,0x00,0x00,0x00,0x00,0x00,0x00,0x00,0x00,0x00,0x00,0x00,0x00,0x00,0x00,0x00,0x00,
    0x00,0x00,0x00,0x00,0x00,0x00,0x00,0x00,0x00,0x00,0x00,0x00,0x00,0x00,0x00,0x00,0x00,0x00,0x00,0x00,
    0x00,0x00,0x00,0x00,0x00,0x00,0x00,0x00,0x00,0x00,0x00,0x00,0x00,0x00,0x00,0x00,0x00,0x51,0xd8,0xbf,
    0xe7,0x0c,0xc8,0xf8,0x31,0x00,0x00,0x00,0x00,0x00,0x00,0x00,0x00,0x00,0x00,0x00,0x00,0x00,0x00,0x00,
    0x00,0x00,0x00,0x00,0x00,0x7c,0xff,0x82,0x04,0x0a,0x02,0x1d,0xf1,0xff,0x0c,0x00,0x00,0x00,0x00,0x00,
    0x00,0x00,0x00,0x00,0x00,0x00,0x00,0x00,0x00,0x00,0x00,0x00,0x00,0x00,0x00,0x00,0x00,0x00,0x00,0x00,
    0x00,0x00,0x00,0x00,0x00,0x00,0x00,0x00,0x00,0xb0,0xff,0x00,0x00,0x00,0x00,0x00,0x00,0x00,0x00,0x00,
    0x00,0x00,0x00,0x00,0x00,0x00,0x00,0x00,0x00,0x00,0x00,0x1f,0xff,0xc4,0x00,0x00,0x00,0x00,0x00,0x8a,
    0xff,0xac,0x00,0x00,0x00,0x00,0x00,0xaa,0xfe,0x12,0x00,0xff,0xe4,0x00,0x00,0x00,0x00,0x00,0x00,0x00,
    0x00,0x00,0x00,0xff,0xff,0xff,0xff,0xff,0xff,0xff,0xff,0x80,0x00,0x00,0xff,0xe4,0x00,0x00,0x00,0x00,
    0x00,0x00,0x00,0x00,0x00,0x00,0x00,0x00,0x00,0x00,0x00,0x00,0x00,0x00,0x00,0x00,0x00,0x00,0x00,0x00,
    0x00,0x00,0x1c,0xd2,0xd1,0xdd,0xe3,0x3f,0x00,0x00,0x00,0x00,0x00,0x00,0x00,0x00,0x00,0x00,0x00,0x00,
    0x00,0x00,0x00,0x00,0x00,0x00,0x00,0x00,0x00,0xd4,0xfd,0xe8,0xe1,0xd9,0xdc,0xd2,0xf0,0xff,0x0c,0x00,
    0x00,0x00,0x00,0x00,0x00,0x00,0x00,0x00,0x00,0x00,0x00,0x00,0x00,0x00,0x00,0x00,0x00,0x00,0x00,0x00,
    0x00,0x00,0x00,0x00,0x00,0x00,0x00,0x00,0x00,0x00,0x00,0x00,0x00,0x10,0x18,0x00,0x00,0x00,0x00,0x00,
    0x00,0x00,0x00,0x00,0x00,0x00,0x00,0x00,0x00,0x00,0x00,0x00,0x00,0x00,0x00,0x00,0xe4,0xf8,0x06,0x00,
    0x00,0x00,0x00,0xcd,0xff,0xec,0x01,0x00,0x00,0x00,0x00,0xe5,0xd5,0x00,0x00,0x7c,0x6e,0x00,0x00,0x00,
    0x00,0x00,0x00,0x00,0x00,0x00,0x00,0xff,0xf1,0x7c,0x7c,0x7c,0x7c,0x7c,0x7c,0x3e,0x00,0x00,0x7c,0x6e,
    0x00,0x00,0x00,0x00,0x00,0x00,0x00,0x00,0x00,0x00,0x00,0x00,0x00,0x00,0x00,0x00,0x00,0x00,0x00,0x00,
    0x00,0x00,0x00,0x00,0x00,0x00,0xb3,0xe9,0xbb,0x6b,0x0b,0x00,0x00,0x00,0x00,0x00,0x00,0x00,0x00,0x00,
    0x00,0x00,0x00,0x00,0x00,0x00,0x00,0x00,0x00,0x00,0x00,0x00,0x00,0x1c,0x05,0x00,0x00,0x00,0x00,0x00,
    0x09,0x30,0x0a,0x00,0x00,0x00,0x00,0x00,0x00,0x00,0x00,0x00,0x00,0x00,0x00,0x00,0x00,0x00,0x00,0x00,
    0x00,0x00,0x00,0x00,0x00,0x00,0x00,0x00,0x00,0x00,0x00,0x00,0x00,0x00,0x00,0x00,0x00,0x00,0x00,0x00,
    0x00,0x00,0x00,0x00,0x00,0x00,0x00,0x00,0x00,0x00,0x00,0x00,0x00,0x00,0x00,0x00,0x00,0x00,0x00,0x00,
    0xaa,0xff,0x39,0x00,0x00,0x00,0x12,0xfd,0xe0,0xff,0x2e,0x00,0x00,0x00,0x22,0xff,0x99,0x00,0x00,0x00,
    0x00,0x00,0x00,0x00,0x00,0x00,0x00,0x00,0x00,0x00,0x00,0xff,0xe4,0x00,0x00,0x00,0x00,0x00,0x00,0x00,
    0x00,0x00,0x00,0x00,0x00,0x00,0x00,0x00,0x00,0x00,0x00,0x00,0x00,0x00,0x00,0x00,0x00,0x00,0x00,0x00,
    0x00,0x00,0x00,0x00,0x00,0x00,0x00,0x00,0x00,0x00,0x00,0x00,0x00,0x00,0x00,0x00,0x00,0x00,0x00,0x00,
    0x00,0x00,0x00,0x00,0x00,0x00,0x00,0x00,0x00,0x00,0x00,0x00,0xff,0xe0,0x00,0x00,0x00,0x01,0x30,0x4f,
    0x3a,0x02,0x00,0x00,0x1f,0xbc,0xba,0x04,0x00,0x00,0x2b,0xa2,0xe2,0xf9,0xe6,0xa9,0x2e,0x00,0x00,0x00,
    0x00,0x56,0xf0,0xde,0x3b,0x00,0x00,0x00,0x00,0xe0,0xff,0x00,0x00,0x00,0x00,0x10,0x43,0x00,0x00,0x23,
    0x3e,0x00,0x00,0x00,0x00,0x00,0x00,0x2b,0xa2,0xe2,0xf9,0xe6,0xa9,0x2e,0x00,0x00,0x00,0x00,0x00,0x00,
    0x00,0x00,0x00,0x00,0x6f,0xff,0x73,0x00,0x00,0x00,0x54,0xff,0x7d,0xff,0x6f,0x00,0x00,0x00,0x5e,0xff,
    0x5c,0x00,0x00,0x00,0x00,0x00,0x00,0x00,0x00,0x00,0x00,0x00,0x00,0x00,0x00,0xff,0xe4,0x00,0x00,0x00,
    0x00,0x00,0x00,0x00,0x00,0x00,0x00,0x00,0x00,0x00,0x00,0x00,0x00,0x00,0x00,0x00,0x00,0x00,0x00,0xff,
    0xe0,0x00,0x00,0x00,0xe0,0xff,0x00,0x00,0x00,0x00,0x00,0x03,0x17,0x21,0x0d,0x00,0x00,0x00,0x00,0x00,
    0x00,0x55,0xca,0xf0,0xea,0xbd,0x41,0x00,0x00,0x00,0x00,0x00,0x00,0x00,0x00,0x00,0xff,0xe0,0x00,0x00,
    0x1c,0xca,0xe7,0xa4,0xd7,0xd2,0x17,0x17,0xb0,0xff,0xb0,0x00,0x00,0x45,0xf5,0xcc,0x6d,0x53,0x7c,0xf1,
    0xf5,0x2c,0x00,0x00,0x00,0xe0,0x82,0xad,0xd0,0x00,0x00,0x00,0x00,0xe0,0xff,0x00,0x00,0x00,0x5e,0xf0,
    0xff,0xb2,0x7c,0xf3,0xff,0xaa,0x04,0x00,0x00,0x00,0x45,0xf5,0xcc,0x6d,0x53,0x7c,0xf1,0xf5,0x2c,0x00,
    0x00,0x00,0x00,0x00,0x00,0x00,0x00,0x00,0x34,0xff,0xad,0x00,0x00,0x00,0x97,0xf6,0x1b,0xfe,0xb1,0x00,
    0x00,0x00,0x9a,0xff,0x20,0x00,0x00,0xff,0xe4,0x00,0x00,0x00,0x00,0x00,0x00,0x00,0x00,0x00,0x00,0xff,
    0xe4,0x00,0x00,0x00,0x00,0x00,0x00,0x00,0x00,0x00,0xff,0xe4,0x00,0x00,0x00,0x00,0x00,0x00,0x00,0x00,
    0x00,0x00,0x00,0xff,0xe0,0x00,0x00,0x00,0xe0,0xff,0x00,0x00,0x00,0x23,0xab,0xf5,0xff,0xff,0xff,0xd4,
    0x65,0x00,0x00,0x00,0x62,0xfe,0x9f,0x5c,0x6f,0xdf,0xff,0x56,0x00,0x00,0x00,0x00,0x00,0x00,0x00,0x00,
    0xff,0xe0,0x00,0x00,0xb5,0xff,0xf6,0x7a,0x0a,0xe6,0xb2,0xf8,0xef,0x81,0x0e,0x00,0x00,0xd1,0xa5,0x01,
    0x00,0x00,0x00,0x5a,0xff,0xa8,0x00,0x00,0x00,0xf1,0x43,0x7c,0xfb,0x00,0x00,0x00,0x00,0xe0,0xff,0x00,
    0x00,0x40,0xfe,0xd4,0x70,0xd6,0xdf,0x7a,0xa9,0xff,0x7c,0x00,0x00,0x00,0xd1,0xa5,0x01,0x00,0x00,0x00,
    0x5a,0xff,0xa8,0x00,0x00,0x00,0x00,0x00,0x00,0x00,0x00,0x00,0x04,0xf5,0xe7,0x00,0x00,0x00,0xda,0xba,
    0x00,0xd1,0xef,0x02,0x00,0x00,0xd6,0xe4,0x00,0x00,0x00,0xff,0xe4,0x00,0x00,0x00,0x00,0x00,0x00,0x00,
    0x00,0x00,0x00,0xff,0xe4,0x00,0x00,0x00,0x00,0x00,0x00,0x00,0x00,0x00,0xff,0xe4,0x00,0x00,0x00,0x00,
    0x00,0x00,0x00,0x00,0x00,0x00,0x00,0xff,0xe0,0x00,0x00,0x00,0xe0,0xff,0x00,0x00,0x3c,0xf5,0xa9,0x3d,
    0x12,0x05,0x27,0xa7,0xff,0x73,0x00,0x04,0xe9,0x6c,0x00,0x00,0x00,0x26,0xff,0xd0,0x00,0x00,0x00,0x00,
    0x00,0x00,0x00,0x00,0xff,0xe0,0x00,0x00,0xf8,0x5e,0x30,0xf9,0x0f,0xbf,0xd1,0x34,0xff,0x76,0x00,0x00,
    0x00,0x2b,0x16,0x01,0x01,0x00,0x00,0x12,0xff,0xd7,0x00,0x00,0x00,0x84,0xff,0xff,0xff,0x00,0x00,0x00,
    0x00,0xe0,0xff,0x00,0x00,0xb1,0xff,0x3f,0x00,0x0e,0x17,0x00,0x0b,0xf9,0xd5,0x00,0x00,0x00,0x2b,0x16,
    0x01,0x01,0x00,0x00,0x12,0xff,0xd7,0x00,0x00,0x00,0x00,0x00,0x00,0x00,0x00,0x00,0x00,0xbf,0xff,0x22,
    0x00,0x1e,0xff,0x76,0x00,0x8e,0xff,0x33,0x00,0x13,0xfe,0xa8,0x00,0x00,0x00,0xff,0xe4,0x00,0x00,0x00,
    0x00,0x00,0x00,0x00,0x00,0x00,0x00,0xff,0xe7,0x24,0x24,0x24,0x24,0x24,0x17,0x00,0x00,0x00,0xff,0xe4,
    0x00,0x00,0x00,0x00,0x00,0x00,0x00,0x00,0x00,0x00,0x00,0xff,0xe0,0x00,0x00,0x00,0xe0,0xff,0x00,0x00,
    0x27,0x78,0x00,0x00,0x00,0x00,0x00,0x09,0xf4,0xea,0x00,0x00,0x36,0x04,0x00,0x00,0x00,0x00,0xec,0xf8,
    0x00,0x00,0x00,0x00,0x00,0x00,0x00,0x00,0xff,0xe0,0x00,0x00,0xe0,0x5e,0x2e,0xf7,0x14,0xe9,0xb7,0x00,
    0xeb,0xd9,0x00,0x00,0x00,0x00,0x49,0xee,0xf5,0x70,0x00,0x00,0xff,0xe0,0x00,0x00,0x00,0x00,0x29,0xe7,
    0xff,0x00,0x00,0x00,0x00,0xe0,0xff,0x00,0x00,0xe2,0xff,0x0b,0x67,0xfa,0xff,0x9d,0x00,0xdb,0xfa,0x00,
    0x00,0x00,0x00,0x49,0xee,0xf5,0x70,0x00,0x00,0xff,0xe0,0x00,0x00,0x00,0x00,0x00,0x00,0x00,0x00,0x00,
    0x00,0x84,0xff,0x5c,0x00,0x61,0xff,0x32,0x00,0x4c,0xff,0x74,0x00,0x4e,0xff,0x6b,0x00,0x00,0x00,0xff,
    0xe4,0x00,0x00,0x00,0x28,0x28,0x28,0x28,0x28,0x28,0x00,0xff,0xff,0xff,0xff,0xff,0xff,0xff,0xa8,0x00,
    0x00,0x00,0xff,0xe4,0x00,0x00,0x00,0x00,0x00,0x00,0x00,0x00,0x00,0x00,0x00,0xff,0xe0,0x00,0x00,0x00,
    0xe0,0xff,0x00,0x00,0x00,0x00,0x70,0xe5,0xf5,0xc0,0x3b,0x00,0xd8,0xff,0x0c,0x00,0x00,0x00,0x00,0x00,
    0x00,0x00,0xe0,0xff,0x00,0x00,0x00,0x00,0x00,0x00,0x00,0x00,0xff,0xe0,0x00,0x00,0x3f,0xd8,0xe6,0x67,
    0x71,0xff,0x63,0x00,0xdc,0xe4,0x00,0x00,0x00,0x00,0xe4,0xac,0x76,0xf2,0x00,0x00,0xff,0xe0,0x00,0x00,
    0x00,0x00,0x00,0xe0,0xff,0x00,0x00,0x00,0x00,0xe0,0xff,0x00,0x00,0xdc,0xff,0x0e,0xeb,0x5c,0x32,0xfe,
    0x15,0xd8,0xff,0x00,0x00,0x00,0x00,0xe4,0xac,0x76,0xf2,0x00,0x00,0xff,0xe0,0x00,0x00,0x00,0x00,0x00,
    0x00,0x00,0x00,0x00,0x00,0x4a,0xff,0x96,0x00,0xa4,0xec,0x01,0x00,0x0d,0xfb,0xb6,0x00,0x8a,0xff,0x2f,
    0x00,0x00,0x00,0xff,0xe4,0x00,0x00,0x00,0xff,0xff,0xff,0xff,0xff,0xff,0x00,0xff,0xed,0x54,0x54,0x54,
    0x54,0x54,0x37,0x00,0x00,0x00,0xff,0xe4,0x00,0x00,0x00,0x00,0x00,0x00,0x00,0x00,0x00,0x00,0x00,0xff,
    0xe0,0x00,0x00,0x00,0xe0,0xff,0x00,0x00,0x00,0x56,0xff,0xa8,0x38,0x82,0xfa,0x43,0xd4,0xff,0x10,0x00,
    0x00,0x00,0x00,0x00,0x00,0x00,0xe0,0xff,0x00,0x00,0x00,0x00,0x00,0x00,0x00,0x00,0xff,0xe0,0x00,0x00,
    0x00,0x00,0x00,0x29,0xf7,0xd0,0x04,0x00,0xdc,0xe4,0x00,0x00,0x00,0x00,0xff,0xff,0xff,0xac,0x00,0x00,
    0xff,0xe0,0x00,0x00,0x00,0x00,0x00,0xe1,0xff,0x01,0x00,0x00,0x00,0xe0,0xff,0x00,0x00,0xb5,0xff,0x2b,
    0xd1,0xa0,0x81,0xf3,0x09,0xd8,0xff,0x00,0x00,0x00,0x00,0xff,0xff,0xff,0xac,0x00,0x00,0xff,0xe0,0x00,
    0x00,0x00,0x00,0x00,0x00,0x00,0x00,0x00,0x00,0x10,0xfe,0xd1,0x00,0xe6,0xaa,0x00,0x00,0x00,0xc7,0xf3,
    0x04,0xc6,0xf0,0x02,0x00,0x00,0x00,0xff,0xe4,0x00,0x00,0x00,0x54,0x54,0x54,0x54,0x54,0x54,0x00,0xff,
    0xe4,0x00,0x00,0x00,0x00,0x00,0x00,0x00,0x00,0x00,0xff,0xe4,0x00,0x00,0x00,0x00,0x00,0x00,0x00,0x00,
    0x00,0x00,0x00,0xff,0xe0,0x00,0x00,0x00,0xe0,0xff,0x00,0x00,0x00,0xb2,0xff,0x24,0x00,0x00,0x7d,0xe9,
    0xe2,0xff,0x10,0x00,0x00,0x00,0x00,0x00,0x00,0x00,0xe0,0xff,0x00,0x00,0x00,0x00,0x00,0x00,0x00,0x00,
    0xff,0xe0,0x02,0x00,0x00,0x00,0x00,0xbb,0xff,0x35,0x00,0x00,0xdc,0xe4,0x00,0x00,0x00,0x00,0xff,0xe5,
    0x2f,0x02,0x00,0x00,0xff,0xe0,0x00,0x00,0x00,0x39,0xdf,0xff,0xff,0xf1,0x97,0x13,0x00,0xe0,0xff,0x00,
    0x00,0x7d,0xff,0x5e,0x26,0xc2,0xff,0x72,0x00,0xd8,0xff,0x00,0x00,0x00,0x00,0xff,0xe5,0x2f,0x02,0x00,
    0x00,0xff,0xe0,0x00,0x00,0x00,0x00,0x00,0x00,0x00,0x00,0x00,0x00,0x00,0xd4,0xfd,0x36,0xff,0x66,0x00,
    0x00,0x00,0x84,0xff,0x3e,0xf9,0xb7,0x00,0x00,0x00,0x00,0xff,0xe4,0x00,0x00,0x00,0x00,0x00,0x00,0x00,
    0x00,0x00,0x00,0xff,0xe4,0x00,0x00,0x00,0x00,0x00,0x00,0x00,0x00,0x00,0xff,0xe4,0x00,0x00,0x00,0x00,
    0x00,0x00,0x00,0x00,0x00,0x00,0x00,0xff,0xe0,0x02,0x00,0x00,0xe0,0xff,0x02,0x00,0x00,0xd8,0xff,0x04,
    0x00,0x00,0x05,0xd9,0xff,0xff,0x10,0x00,0x00,0x00,0x00,0x00,0x00,0x02,0xe0,0xff,0x00,0x00,0x00,0x00,
    0x00,0x00,0x00,0x00,0xff,0xff,0xfa,0x69,0x00,0x00,0x00,0xfb,0xeb,0x00,0x00,0x00,0xdc,0xe4,0x00,0x00,
    0x00,0x00,0xff,0xe0,0x00,0x00,0x00,0x00,0xff,0xe0,0x00,0x00,0x00,0xd2,0xf6,0xe8,0xff,0x83,0xec,0xd6,
    0x1b,0xe0,0xff,0x00,0x00,0x44,0xff,0x8c,0x1b,0xe9,0xb1,0x01,0x00,0xd8,0xff,0x00,0x00,0x00,0x00,0xff,
    0xe0,0x00,0x00,0x00,0x00,0xff,0xe0,0x00,0x00,0x00,0x00,0x00,0x00,0x00,0x00,0x00,0x00,0x00,0x9a,0xff,
    0x96,0xff,0x22,0x00,0x00,0x00,0x41,0xff,0x9b,0xff,0x7a,0x00,0x00,0x00,0x00,0xff,0xe4,0x00,0x00,0x00,
    0x00,0x00,0x00,0x00,0x00,0x00,0x00,0xff,0xe4,0x00,0x00,0x00,0x00,0x00,0x00,0x00,0x00,0x00,0xff,0xe4,
    0x00,0x00,0x00,0x00,0x00,0x00,0x00,0x00,0x00,0x00,0x00,0xff,0xff,0xfa,0x69,0x00,0xe0,0xff,0xfb,0x72,
    0x00,0xe1,0xff,0xf2,0xdd,0x41,0x00,0x6f,0xff,0xff,0x10,0x00,0x00,0x00,0x00,0x00,0x6c,0xfa,0xff,0xff,
    0x00,0x00,0x00,0x00,0x00,0x00,0x00,0x00,0xfc,0xa2,0x6c,0xec,0x00,0x00,0x00,0xff,0xe0,0x00,0x00,0x00,
    0xe1,0xe3,0x00,0x00,0x00,0x00,0xff,0xe0,0x00,0x00,0x00,0x0b,0xff,0xdf,0x00,0x00,0x00,0xf8,0xe1,0xe0,
    0xff,0x00,0x17,0xce,0xe3,0xfa,0xfe,0x00,0x00,0x13,0xff,0xb0,0xc4,0xdb,0x0e,0x00,0x00,0xd8,0xff,0x00,
    0x00,0x00,0x00,0xff,0xe0,0x00,0x00,0x00,0x0b,0xff,0xdf,0x00,0x00,0x00,0x00,0x00,0x00,0x00,0x00,0x00,
    0x00,0x00,0x5f,0xff,0xf0,0xde,0x00,0x00,0x00,0x00,0x07,0xf7,0xf2,0xff,0x3e,0x00,0x00,0x00,0x00,0xff,
    0xe4,0x00,0x00,0x00,0x00,0x00,0x00,0x00,0x00,0x00,0x00,0xff,0xe4,0x00,0x00,0x00,0x00,0x00,0x00,0x00,
    0x00,0x00,0xff,0xe4,0x00,0x00,0x00,0x00,0x00,0x00,0x00,0x00,0x00,0x00,0x00,0xfc,0xa2,0x6c,0xec,0x00,
    0xdc,0xa4,0x6e,0xed,0x00,0xd0,0xfe,0x42,0x6d,0xdf,0x00,0x14,0xff,0xff,0x10,0x00,0x00,0x00,0x00,0x00,
    0xec,0x68,0xd4,0xfc,0x00,0x00,0x00,0x00,0x00,0x00,0x00,0x00,0xd2,0x94,0x5c,0xe5,0x00,0x04,0x64,0xff,
    0xec,0x64,0x64,0x78,0xfe,0xca,0x00,0x00,0x00,0x00,0xff,0xe9,0x4c,0x4c,0x4c,0x8f,0xff,0xbf,0x00,0x00,
    0x00,0xcf,0xf2,0xed,0xf4,0x00,0x00,0x21,0xf3,0xff,0xe6,0x00,0x00,0x01,0xfa,0xfb,0xfa,0x34,0x00,0x00,
    0x00,0xd8,0xff,0x00,0x00,0x00,0x00,0xff,0xe9,0x4c,0x4c,0x4c,0x8f,0xff,0xbf,0x00,0x00,0x00,0x00,0x00,
    0x00,0x00,0x00,0x00,0x00,0x00,0x24,0xff,0xff,0x9a,0x00,0x00,0x00,0x00,0x00,0xbc,0xff,0xf9,0x08,0x00,
    0x00,0x00,0x00,0xff,0xe4,0x00,0x00,0x00,0x00,0x00,0x00,0x00,0x00,0x00,0x00,0xff,0xe4,0x00,0x00,0x00,
    0x00,0x00,0x00,0x00,0x00,0x00,0xff,0xe4,0x00,0x00,0x00,0x00,0x00,0x00,0x00,0x00,0x00,0x00,0x00,0xd2,
    0x94,0x5c,0xe5,0x00,0xb0,0x9b,0x5d,0xe5,0x00,0x92,0xfc,0x2a,0x56,0xe8,0x00,0x00,0xe9,0xff,0x10,0x00,
    0x00,0x00,0x00,0x00,0xe8,0x76,0xd6,0xcb,0x00,0x00,0x00,0x00,0x00,0x00,0x00,0x00,0x3a,0xdf,0xe4,0x52,
    0x00,0x0c,0xff,0xff,0xff,0xff,0xff,0xff,0xdb,0x42,0x00,0x00,0x00,0x00,0xff,0xff,0xff,0xff,0xff,0xfe,
    0xda,0x35,0x00,0x00,0x00,0x38,0xda,0xf4,0x80,0x00,0x00,0x00,0x5f,0xef,0x64,0x00,0x00,0x00,0xe8,0xff,
    0x89,0x00,0x00,0x00,0x00,0xd8,0xff,0x00,0x00,0x00,0x00,0xff,0xff,0xff,0xff,0xff,0xfe,0xda,0x35,0x00,
    0x00,0x00,0x00,0x00,0x00,0x00,0x00,0x00,0x00,0x00,0x00,0xe9,0xff,0x56,0x00,0x00,0x00,0x00,0x00,0x79,
    0xff,0xc6,0x00,0x00,0x00,0x00,0x00,0xff,0xe4,0x00,0x00,0x00,0x00,0x00,0x00,0x00,0x00,0x00,0x00,0xff,
    0xe4,0x00,0x00,0x00,0x00,0x00,0x00,0x00,0x00,0x00,0xff,0xe4,0x00,0x00,0x00,0x00,0x00,0x00,0x00,0x00,
    0x00,0x00,0x00,0x3a,0xdf,0xe4,0x52,0x00,0x28,0xd7,0xe8,0x54,0x00,0x13,0xb8,0xff,0xf7,0x5d,0x00,0x00,
    0xd4,0xff,0x10,0x00,0x00,0x00,0x00,0x00,0x5a,0xec,0xd8,0x32,0x00,0x00,0x00,0x00,0x00,0x00,0x00,0x00,
    0x00,0x00,0x00,0x00,0x00,0x00,0x00,0x00,0x00,0x00,0x00,0x00,0x00,0x00,0x00,0x00,0x00,0x00,0x00,0x00,
    0x00,0x00,0x00,0x00,0x00,0x00,0x00,0x00,0x00,0x00,0x00,0x00,0x00,0x00,0x00,0x00,0x00,0x00,0x00,0x00,
    0x00,0x00,0x00,0x00,0x00,0x00,0x00,0x00,0x00,0x00,0x00,0x00,0x00,0x00,0x00,0x00,0x00,0x00,0x00,0x00,
    0x00,0x00,0x00,0x00,0x00,0x00,0x00,0x00,0x00,0x00,0x00,0x00,0x00,0x00,0x00,0x00,0x00,0x00,0x00,0x00,
    0x00,0x00,0x00,0x00,0x00,0x00,0x00,0x00,0x00,0x00,0x00,0x00,0x00,0x00,0x00,0x00,0x00,0x00,0x00,0x00,
    0x00,0x00,0x00,0x00,0x00,0x00,0x00,0x00,0x00,0x00,0x00,0x00,0x00,0x00,0x00,0x00,0x00,0x00,0x00,0x00,
    0x00,0x00,0x00,0x00,0x00,0x00,0x00,0x00,0x00,0x00,0x00,0x00,0x00,0x00,0x00,0x00,0x00,0x00,0x00,0x0e,
    0x09,0x00,0x00,0x00,0x1d,0x24,0x02,0x00,0x00,0x00,0x00,0x00,0x00,0x00,0x00,0x00,0x00,0x00,0x00,0x00,
    0x00,0x00,0x00,0x00,0x00,0x00,0x00,0x00,0x00,0x00,0x00,0x00,0x00,0x00,0x00,0x00,0x00,0x00,0x00,0x00,
    0x00,0x00,0x00,0x00,0x00,0x00,0x00,0x00,0x00,0x00,0x00,0x00,0x00,0x00,0x00,0x00,0x00,0x00,0x00,0x00,
    0x00,0x00,0x00,0x00,0x00,0x00,0x00,0x00,0x00,0x00,0x00,0x00,0x00,0x00,0x00,0x00,0x00,0x00,0x00,0x00,
    0x00,0x00,0x00,0x00,0x00,0x00,0x00,0x00,0x00,0x00,0x00,0x00,0x00,0x00,0x00,0x00,0x00,0x00,0x00,0x00,
    0x00,0x00,0x00,0x00,0x00,0x00,0x00,0x00,0x00,0x00,0x00,0x00,0x00,0x00,0x00,0x00,0x00,0x00,0x00,0x00,
    0x00,0x00,0x00,0x00,0x00,0x00,0x00,0x00,0x00,0x00,0x00,0x00,0x00,0x00,0x00,0x00,0x00,0x00,0x00,0x00,
    0x00,0x00,0x00,0x00,0x00,0x00,0x00,0x00,0x00,0x00,0x00,0x00,0x00,0x00,0x00,0x00,0x00,0x00,0x00,0x00,
    0x00,0x00,0x00,0x00,0x00,0x00,0x00,0x00,0x00,0x00,0x00,0x00,0x00,0x00,0x00,0x00,0x00,0x00,0x00,0x00,
    0x00,0x00,0x00,0x00,0x00,0x00,0x00,0x00,0x00,0x00,0x00,0x00,0x00,0x00,0x00,0x00,0x00,0x00,0x00,0x00,
    0x00,0x00,0x00,0x00,0x00,0x00,0x00,0x00,0x00,0x00,0x00,0x00,0x00,0x00,0x00,0x00,0x00,0x00,0x00,0x00,
    0x00,0x00,0x00,0x00,0x00,0x00,0x00,0x00,0x00,0x00,0x00,0x00,0x00,0x00,0x00,0x00,0x00,0x00,0x00,0x00,
    0x00,0x00,0x00,0x00,0x00,0x00,0x00,0x00,0x00,0x00,0x00,0x00,0x00,0x00,0x00,0x00,0x00,0x00,0x00,0x00,
    0x00,0x00,0x00,0x00,0x00,0x00,0x00,0x00,0x00,0x00,0x00,0x00,0x00,0x00,0x00,0x00,0x00,0x00,0x00,0x00,
    0x00,0x00,0x00,0x00,0x00,0x00,0x00,0x00,0x00,0x00,0x00,0x00,0x00,0x00,0x00,0x00,0x00,0x00,0x00,0x00,
    0x00,0x00,0x00,0x00,0x00,0x00,0x00,0x00,0x00,0x00,0x00,0x00,0x00,0x00,0x00,0x00,0x00,0x00,0x00,0x00,
    0x00,0x00,0x00,0x00,0x00,0x00,0x00,0x00,0x00,0x00,0x00,0x00,0x00,0x00,0x00,0x00,0x00,0x00,0x00,0x00,
    0x00,0x00,0x00,0x00,0x00,0x00,0x00,0x00,
};
const lv_image_dsc_t img_connected = {
    .header.magic = LV_IMAGE_HEADER_MAGIC,
    .header.cf = LV_COLOR_FORMAT_A8,
    .header.w = 164,
    .header.h = 27,
    .header.stride = 164,
    .data_size = sizeof(img_connected_map),
    .data = img_connected_map,
};

// เชื่อมต่อไม่สำเร็จ  (140x27)
static const uint8_t img_failed_map[] = {
    0x00,0x00,0x00,0x00,0x00,0x00,0x00,0x00,0x00,0x00,0x00,0x00,0x00,0x00,0x00,0x00,0x00,0x00,0x00,0x00,
    0x00,0x00,0x00,0x00,0x00,0x00,0x00,0x00,0x00,0x00,0x00,0x00,0x00,0x00,0x00,0x00,0x00,0x00,0x00,0x00,
    0x00,0x00,0x00,0x00,0x00,0x00,0x00,0x00,0x00,0x00,0x00,0x00,0x00,0x00,0x00,0x00,0x00,0x00,0x00,0x00,
    0x00,0x00,0x00,0x00,0x00,0x00,0x00,0x00,0x00,0x00,0x00,0x00,0x00,0x00,0x00,0x00,0x00,0x00,0x00,0x00,
    0x00,0x00,0x00,0x00,0x00,0x00,0x00,0x00,0x00,0x00,0x00,0x00,0x00,0x00,0x00,0x00,0x00,0x00,0x00,0x00,
    0x00,0x00,0x00,0x00,0x00,0x00,0x00,0x00,0x00,0x00,0x00,0x00,0x00,0x00,0x00,0x00,0x00,0x00,0x00,0x00,
    0x00,0x00,0x00,0x00,0x00,0x00,0x00,0x00,0x00,0x00,0x00,0x00,0x00,0x00,0x00,0x00,0x00,0x00,0x00,0x00,
    0x00,0x00,0x00,0x00,0x00,0x00,0x00,0x00,0x00,0x00,0x00,0x00,0x00,0x00,0x00,0x00,0x00,0x00,0x00,0x00,
    0x00,0x00,0x00,0x00,0x00,0x00,0x00,0x00,0x00,0x00,0x00,0x00,0x00,0x00,0x00,0x00,0x00,0x00,0x00,0x00,
    0x00,0x00,0x00,0x00,0x00,0x00,0x00,0x00,0x00,0x00,0x00,0x00,0x00,0x00,0x00,0x00,0x00,0x00,0x00,0x00,
    0x00,0x00,0x00,0x00,0x00,0x00,0x00,0x00,0x00,0x00,0x00,0x00,0x00,0x00,0x00,0x00,0x00,0x00,0x00,0x00,
    0x00,0x00,0x00,0x00,0x00,0x00,0x00,0x00,0x00,0x00,0x00,0x00,0x00,0x00,0x00,0x00,0x00,0x00,0x00,0x00,
    0x00,0x00,0x00,0x00,0x00,0x00,0x00,0x00,0x00,0x00,0x00,0x00,0x00,0x00,0x00,0x00,0x00,0x00,0x00,0x00,
    0x00,0x00,0x00,0x00,0x00,0x00,0x00,0x00,0x00,0x00,0x00,0x00,0x00,0x00,0x00,0x00,0x00,0x00,0x00,0x00,
    0x00,0x00,0x00,0x00,0x00,0x00,0x00,0x00,0x00,0x00,0x00,0x00,0x00,0x00,0x00,0x00,0x7c,0xff,0x2c,0x00,
    0x00,0x00,0x00,0x00,0x00,0x00,0x00,0x00,0x00,0x00,0x00,0x00,0x00,0x00,0x00,0x00,0x00,0x00,0x00,0x00,
    0x00,0x00,0x00,0x00,0x00,0x00,0x00,0x00,0x00,0x00,0x00,0x00,0x00,0x00,0x00,0x00,0x00,0x00,0x00,0x00,
    0x00,0x00,0x00,0x00,0x00,0x00,0x00,0x00,0x00,0x00,0x00,0x00,0x00,0x00,0x00,0x00,0x00,0x00,0x00,0x00,
    0x00,0x00,0x00,0x00,0x00,0x00,0x00,0x00,0x00,0x00,0x00,0x00,0x00,0x00,0x00,0x00,0x00,0x00,0x00,0x00,
    0x00,0x00,0x00,0x00,0x00,0x00,0x00,0x00,0x00,0x00,0x00,0x00,0x00,0x00,0x00,0x00,0x00,0x00,0x00,0x00,
    0x00,0x00,0x00,0x00,0x00,0x00,0x00,0x00,0x00,0x00,0x00,0x00,0x00,0x00,0x00,0x00,0x00,0x00,0x00,0x00,
    0x00,0x00,0x00,0x00,0x00,0x00,0x00,0x00,0x00,0x00,0x00,0x00,0x00,0x00,0x00,0x00,0x7c,0xff,0x2c,0x00,
    0x00,0x00,0x00,0x00,0x00,0x00,0x00,0x00,0x00,0x00,0x00,0x00,0x00,0x00,0x00,0x00,0x00,0x00,0x00,0x00,
    0x00,0x00,0x00,0x00,0x00,0x00,0x00,0x00,0x00,0x00,0x00,0x00,0x00,0x00,0x00,0x00,0x00,0x00,0x00,0x00,
    0x00,0x00,0x00,0x00,0x00,0x00,0x00,0x00,0x0e,0x00,0x00,0x00,0x00,0x00,0x00,0x00,0x00,0x00,0x00,0x00,
    0x00,0x00,0x00,0x00,0x00,0x00,0x00,0x00,0x00,0x00,0x00,0x00,0x00,0x00,0x00,0x00,0x00,0x00,0x00,0x00,
    0x00,0x00,0x00,0x00,0x00,0x00,0x00,0x00,0x00,0x00,0x00,0x00,0x00,0x00,0x00,0x00,0x00,0x00,0x00,0x00,
    0x00,0x00,0x00,0x00,0x00,0x00,0x00,0x00,0x00,0x00,0x00,0x00,0x00,0x00,0x00,0x00,0x00,0x00,0x00,0x00,
    0x00,0x00,0x00,0x00,0x00,0x00,0x00,0x00,0x00,0x00,0x00,0x00,0x00,0x00,0x00,0x00,0x7c,0xff,0x2c,0x00,
    0x00,0x00,0x00,0x00,0x00,0x00,0x00,0x00,0x00,0x00,0x00,0x00,0x00,0x00,0x00,0x00,0x00,0x00,0x00,0x00,
    0x00,0x00,0x00,0x00,0x00,0x00,0x00,0x00,0x00,0x00,0x00,0x00,0x00,0x00,0x00,0x00,0x00,0x00,0x00,0x00,
    0x00,0x00,0x00,0x00,0x00,0x00,0x00,0x30,0xea,0x18,0x3d,0xe9,0xe0,0x36,0x00,0x00,0x00,0x00,0x00,0x00,
    0x00,0x00,0x00,0x00,0x00,0x00,0x00,0x00,0x00,0x00,0x00,0x00,0x00,0x00,0x00,0x00,0x00,0x00,0x00,0x00,
    0x00,0x00,0x00,0x00,0x00,0x00,0x00,0x00,0x00,0x00,0x00,0x00,0x00,0x00,0x00,0x00,0x00,0x00,0x00,0x00,
    0x00,0x00,0x00,0x00,0x00,0x00,0x68,0x27,0x00,0x00,0x00,0x00,0x00,0x00,0x00,0x00,0x00,0x00,0x00,0x00,
    0x00,0x00,0x00,0x00,0x00,0x00,0x00,0x00,0x00,0x00,0x00,0x00,0x00,0x00,0x00,0x00,0x20,0x44,0x0b,0x00,
    0x00,0x00,0x00,0x00,0x00,0x00,0x00,0x00,0x00,0x00,0x00,0x00,0x00,0x00,0x00,0x00,0x00,0x00,0x00,0x00,
    0x00,0x00,0x00,0x00,0x00,0x00,0x00,0x00,0x00,0x00,0x00,0x00,0x00,0x00,0x00,0x00,0x00,0x00,0x00,0x00,
    0x00,0x00,0x00,0x00,0x00,0x00,0x00,0x4a,0xf2,0x7d,0xe1,0xad,0xff,0xbd,0x00,0x00,0x00,0x00,0x00,0x00,
    0x00,0x00,0x00,0x00,0x00,0x00,0x00,0x00,0x00,0x00,0x00,0x00,0x00,0x00,0x00,0x00,0x00,0x00,0x00,0x00,
    0x00,0x00,0x00,0x00,0x00,0x00,0x00,0x00,0x00,0x00,0x00,0x00,0x00,0x00,0x00,0x00,0x00,0x00,0x00,0x00,
    0x00,0x00,0x04,0x03,0x05,0x51,0xf9,0x52,0x00,0x00,0x00,0x00,0x00,0x00,0x00,0x00,0x00,0x00,0x00,0x00,
    0x00,0x00,0x00,0x00,0x00,0x00,0x00,0x00,0x00,0x00,0x00,0x00,0x00,0x00,0x4d,0xac,0x33,0xac,0x08,0x00,
    0x00,0x00,0x00,0x00,0x00,0x00,0x00,0x00,0x00,0x00,0x00,0x00,0x00,0x00,0x00,0x00,0x00,0x00,0x00,0x00,
    0x00,0x00,0x00,0x00,0x00,0x00,0x00,0x00,0x00,0x00,0x00,0x00,0x00,0x1e,0x2c,0x00,0x00,0x00,0x00,0x00,
    0x00,0x00,0x00,0x00,0x00,0x00,0x00,0x00,0x5a,0xf7,0xc6,0x00,0xff,0xde,0x00,0x00,0x00,0x00,0x00,0x00,
    0x00,0x00,0x00,0x00,0x00,0x00,0x00,0x00,0x00,0x00,0x00,0x00,0x00,0x00,0x00,0x00,0x00,0x00,0x01,0x01,
    0x00,0x00,0x00,0x00,0x00,0x00,0x00,0x00,0x00,0x00,0x00,0x00,0x00,0x00,0x00,0x00,0x00,0x00,0x00,0x29,
    0xb7,0xef,0xfd,0xff,0xfa,0xdc,0x72,0x00,0x00,0x00,0x00,0x00,0x00,0x00,0x00,0x00,0x00,0x00,0x00,0x00,
    0x00,0x00,0x00,0x00,0x00,0x00,0x00,0x00,0x00,0x00,0x09,0x79,0xcb,0xe7,0xea,0xff,0x63,0xff,0x0c,0x00,
    0x00,0x00,0x00,0x00,0x00,0x00,0x00,0x00,0x00,0x00,0x00,0x00,0x00,0x00,0x00,0x00,0x00,0x00,0x00,0x00,
    0x00,0x00,0x00,0x00,0x00,0x00,0x00,0x00,0x00,0x00,0x00,0x00,0x00,0xb0,0xff,0x00,0x00,0x00,0x00,0x00,
    0x00,0x00,0x00,0x00,0x00,0x00,0x00,0x00,0x0f,0xff,0x58,0x00,0xff,0xe0,0x00,0x00,0x00,0x00,0x00,0x00,
    0x00,0x00,0x00,0x00,0x00,0x00,0x00,0x00,0x00,0x00,0x00,0x00,0x00,0x00,0x00,0x00,0x00,0x3e,0xe9,0xea,
    0x3a,0x00,0x00,0x00,0x00,0x00,0x00,0x00,0x00,0x00,0x00,0x00,0x00,0x00,0x00,0x00,0x00,0x00,0x00,0xce,
    0xe3,0x2b,0x01,0x03,0x02,0x0e,0x0a,0x00,0x00,0x00,0x00,0x00,0x00,0x00,0x00,0x00,0x00,0x00,0x00,0x00,
    0x00,0x00,0x00,0x00,0x00,0x00,0x00,0x00,0x00,0x07,0xc3,0xf6,0x48,0x09,0x3b,0xd6,0xf1,0xff,0x0c,0x00,
    0x00,0x00,0x00,0x00,0x00,0x00,0x00,0x00,0x00,0x00,0x00,0x00,0x00,0x00,0x00,0x00,0x00,0x00,0x00,0x00,
    0x00,0x00,0x00,0x00,0x00,0x00,0x00,0x00,0x00,0x00,0x00,0x00,0x00,0xb0,0xff,0x00,0x00,0x00,0x00,0x00,
    0x00,0x00,0x00,0x00,0x00,0x00,0x00,0x00,0x00,0x24,0x04,0x00,0xff,0xe0,0x00,0x00,0x00,0x00,0x00,0x00,
    0x00,0x00,0x00,0x00,0x00,0x00,0xb0,0xff,0x00,0x00,0x00,0x00,0x00,0x00,0x00,0x00,0x00,0xc4,0x50,0x68,
    0xb9,0x00,0x00,0x00,0x00,0x00,0x00,0x00,0x00,0x00,0x00,0x00,0x00,0x00,0x00,0x00,0x00,0x00,0x01,0xfd,
    0x97,0x07,0x11,0x00,0x21,0xfa,0xf5,0x28,0x00,0x00,0x00,0x00,0x00,0x00,0x00,0x00,0x00,0x00,0x00,0x00,
    0x00,0x00,0x00,0x00,0x00,0x00,0x00,0x00,0x00,0x7c,0xff,0x82,0x04,0x0a,0x02,0x1d,0xf1,0xff,0x0c,0x00,
    0x00,0x00,0x00,0x00,0x00,0x00,0x00,0x00,0x00,0x00,0x00,0x00,0x00,0x00,0x00,0x00,0x00,0x00,0x00,0x00,
    0x00,0x00,0x00,0x00,0x00,0x00,0x00,0x00,0x00,0x00,0x00,0x00,0x00,0xb0,0xff,0x00,0x00,0x00,0x00,0x00,
    0x00,0x00,0x00,0x00,0x00,0x00,0x00,0x00,0x00,0x00,0x00,0x00,0xff,0xe0,0x00,0x00,0x00,0x00,0x00,0x00,
    0x00,0x00,0x00,0x00,0x00,0x00,0xb0,0xff,0x00,0x00,0x00,0x00,0x00,0x00,0x00,0x00,0x00,0xc2,0x5a,0x70,
    0xb7,0x00,0x00,0x00,0x00,0x00,0x00,0x00,0x00,0x00,0x00,0x00,0x00,0x00,0x00,0x00,0x00,0x00,0x00,0xdb,
    0xcf,0xed,0xfc,0x9c,0x22,0xa4,0xff,0x4a,0x00,0x00,0x00,0x00,0x00,0x00,0x00,0x00,0x00,0x00,0x00,0x00,
    0x00,0x00,0x00,0x00,0x00,0x00,0x00,0x00,0x00,0xd4,0xfd,0xe8,0xe1,0xd9,0xdc,0xd2,0xf0,0xff,0x0c,0x00,
    0x00,0x00,0x00,0x00,0x00,0x00,0x00,0x00,0x00,0x00,0x00,0x00,0x00,0x00,0x00,0x00,0x00,0x00,0x00,0x00,
    0x00,0x00,0x00,0x00,0x00,0x00,0x00,0x00,0x00,0x00,0x00,0x00,0x00,0x10,0x18,0x00,0x00,0x00,0x00,0x00,
    0x00,0x00,0x00,0x00,0x00,0x00,0x00,0x00,0x00,0x00,0x00,0x00,0xff,0xe0,0x00,0x00,0x00,0x00,0x00,0x00,
    0x00,0x00,0x00,0x00,0x00,0x00,0xb0,0xff,0x00,0x00,0x00,0x00,0x00,0x00,0x00,0x00,0x00,0x39,0xe0,0xe1,
    0x35,0x00,0x00,0x00,0x00,0x00,0x00,0x00,0x00,0x00,0x00,0x00,0x00,0x00,0x00,0x00,0x00,0x00,0x00,0x4a,
    0xd9,0x47,0x10,0x7e,0xe4,0xf7,0xa4,0x05,0x00,0x00,0x00,0x00,0x00,0x00,0x00,0x00,0x00,0x00,0x00,0x00,
    0x00,0x00,0x00,0x00,0x00,0x00,0x00,0x00,0x00,0x1c,0x05,0x00,0x00,0x00,0x00,0x00,0x09,0x30,0x0a,0x00,
    0x00,0x00,0x00,0x00,0x00,0x00,0x00,0x00,0x00,0x00,0x00,0x00,0x00,0x00,0x00,0x00,0x00,0x00,0x00,0x00,
    0x00,0x00,0x00,0x00,0x00,0x00,0x00,0x00,0x00,0x00,0x00,0x00,0x00,0x00,0x00,0x00,0x00,0x00,0x00,0x00,
    0x00,0x00,0x00,0x00,0x00,0x00,0x00,0x00,0x00,0x00,0x00,0x00,0xff,0xe0,0x00,0x00,0x00,0x00,0x00,0x00,
    0x00,0x00,0x00,0x00,0x00,0x00,0x2c,0x40,0x00,0x00,0x00,0x00,0x00,0x00,0x00,0x00,0x00,0x00,0x03,0x00,
    0x00,0x00,0x00,0x00,0x00,0x00,0x00,0x00,0x00,0x00,0x00,0x00,0x00,0x00,0x00,0x00,0x00,0x00,0x00,0x00,
    0x00,0x00,0x00,0x00,0x00,0x01,0x00,0x00,0x00,0x00,0x00,0x00,0x00,0x00,0x00,0x00,0x00,0x00,0x00,0x00,
    0x00,0x00,0x00,0x00,0xff,0xe0,0x00,0x00,0x00,0x01,0x30,0x4f,0x3a,0x02,0x00,0x00,0x1f,0xbc,0xba,0x04,
    0x00,0x00,0x2b,0xa2,0xe2,0xf9,0xe6,0xa9,0x2e,0x00,0x00,0x00,0x00,0x56,0xf0,0xde,0x3b,0x00,0x00,0x00,
    0x00,0xe0,0xff,0x00,0x00,0x00,0x00,0x10,0x43,0x00,0x00,0x23,0x3e,0x00,0x00,0x00,0x00,0x00,0x00,0x2b,
    0xa2,0xe2,0xf9,0xe6,0xa9,0x2e,0x00,0x00,0x00,0x00,0x00,0x00,0xff,0xe0,0x00,0x00,0x00,0x00,0x00,0x0e,
    0x03,0x00,0x00,0x00,0x00,0x00,0x00,0x00,0x00,0x00,0x00,0x00,0x00,0x05,0x19,0x20,0x0d,0x00,0x8d,0xdf,
    0x56,0x00,0x00,0x00,0x03,0x1c,0x10,0x00,0x00,0x00,0x00,0x00,0x00,0x00,0xff,0xe0,0x00,0x00,0x00,0x00,
    0x00,0x17,0x1f,0x02,0x00,0x00,0x0a,0x00,0x00,0x40,0xb1,0xe2,0xf9,0xee,0xc9,0x73,0x05,0x00,0x00,0x00,
    0x00,0x00,0x00,0x00,0xff,0xe0,0x00,0x00,0x1c,0xca,0xe7,0xa4,0xd7,0xd2,0x17,0x17,0xb0,0xff,0xb0,0x00,
    0x00,0x45,0xf5,0xcc,0x6d,0x53,0x7c,0xf1,0xf5,0x2c,0x00,0x00,0x00,0xe0,0x82,0xad,0xd0,0x00,0x00,0x00,
    0x00,0xe0,0xff,0x00,0x00,0x00,0x5e,0xf0,0xff,0xb2,0x7c,0xf3,0xff,0xaa,0x04,0x00,0x00,0x00,0x45,0xf5,
    0xcc,0x6d,0x53,0x7c,0xf1,0xf5,0x2c,0x00,0x00,0x00,0x00,0x00,0xff,0xe0,0x00,0x00,0x00,0x00,0x78,0xfd,
    0xf4,0x56,0x00,0x00,0x00,0x00,0xcd,0xf4,0x00,0x00,0x00,0x31,0xb6,0xf9,0xff,0xff,0xff,0xd9,0xfe,0xcd,
    0x1a,0x00,0x11,0x9d,0xf9,0xff,0xff,0xe2,0x68,0x00,0x00,0x00,0x00,0x00,0xff,0xe0,0x00,0x00,0x00,0x36,
    0xd5,0xff,0xff,0xf0,0xbb,0xac,0xf2,0x8d,0x72,0xf8,0x9f,0x60,0x52,0x79,0xef,0xff,0xbe,0x03,0x00,0x00,
    0x00,0x00,0x00,0x00,0xff,0xe0,0x00,0x00,0xb5,0xff,0xf6,0x7a,0x0a,0xe6,0xb2,0xf8,0xef,0x81,0x0e,0x00,
    0x00,0xd1,0xa5,0x01,0x00,0x00,0x00,0x5a,0xff,0xa8,0x00,0x00,0x00,0xf1,0x43,0x7c,0xfb,0x00,0x00,0x00,
    0x00,0xe0,0xff,0x00,0x00,0x40,0xfe,0xd4,0x70,0xd6,0xdf,0x7a,0xa9,0xff,0x7c,0x00,0x00,0x00,0xd1,0xa5,
    0x01,0x00,0x00,0x00,0x5a,0xff,0xa8,0x00,0x00,0x00,0x00,0x00,0xff,0xe0,0x00,0x00,0x00,0x03,0xf6,0x31,
    0xbb,0xe3,0x00,0x00,0x00,0x00,0xd8,0xff,0x00,0x00,0x53,0xf9,0x95,0x32,0x0e,0x07,0x36,0xc8,0xff,0x4e,
    0x00,0x02,0xc7,0xca,0x3d,0x0c,0x1c,0xa8,0xff,0x73,0x00,0x00,0x00,0x00,0xff,0xe0,0x00,0x00,0x0b,0xe6,
    0xd2,0x2b,0x06,0x1d,0x4e,0x77,0x68,0x12,0x5e,0x41,0x00,0x03,0x00,0x00,0x3b,0xff,0xff,0x5b,0x00,0x00,
    0x00,0x00,0x00,0x00,0xff,0xe0,0x00,0x00,0xf8,0x5e,0x30,0xf9,0x0f,0xbf,0xd1,0x34,0xff,0x76,0x00,0x00,
    0x00,0x2b,0x16,0x01,0x01,0x00,0x00,0x12,0xff,0xd7,0x00,0x00,0x00,0x84,0xff,0xff,0xff,0x00,0x00,0x00,
    0x00,0xe0,0xff,0x00,0x00,0xb1,0xff,0x3f,0x00,0x0e,0x17,0x00,0x0b,0xf9,0xd5,0x00,0x00,0x00,0x2b,0x16,
    0x01,0x01,0x00,0x00,0x12,0xff,0xd7,0x00,0x00,0x00,0x00,0x00,0xff,0xe0,0x00,0x00,0x00,0x03,0xf6,0x3f,
    0xbf,0xff,0x00,0x00,0x00,0x00,0xd8,0xff,0x00,0x00,0x35,0x63,0x00,0x00,0x00,0x00,0x00,0x2e,0xff,0xb6,
    0x00,0x1e,0xc9,0x0e,0x00,0x00,0x00,0x0c,0xfb,0xdc,0x00,0x00,0x00,0x00,0xff,0xe0,0x00,0x00,0x50,0xff,
    0xfe,0xf0,0xd2,0x9f,0x55,0x06,0x00,0x00,0x00,0x42,0xd9,0xfe,0xc4,0x18,0x00,0xef,0xff,0x86,0x00,0x00,
    0x00,0x00,0x00,0x00,0xff,0xe0,0x00,0x00,0xe0,0x5e,0x2e,0xf7,0x14,0xe9,0xb7,0x00,0xeb,0xd9,0x00,0x00,
    0x00,0x00,0x49,0xee,0xf5,0x70,0x00,0x00,0xff,0xe0,0x00,0x00,0x00,0x00,0x29,0xe7,0xff,0x00,0x00,0x00,
    0x00,0xe0,0xff,0x00,0x00,0xe2,0xff,0x0b,0x67,0xfa,0xff,0x9d,0x00,0xdb,0xfa,0x00,0x00,0x00,0x00,0x49,
    0xee,0xf5,0x70,0x00,0x00,0xff,0xe0,0x00,0x00,0x00,0x00,0x00,0xff,0xe0,0x00,0x00,0x00,0x00,0x6f,0xf6,
    0xfe,0xff,0x00,0x00,0x00,0x00,0xd8,0xff,0x00,0x00,0x00,0x02,0x87,0xec,0xf1,0xaf,0x2a,0x05,0xff,0xd8,
    0x00,0x00,0x00,0x00,0x00,0x00,0x00,0x00,0xe9,0xfc,0x00,0x00,0x00,0x00,0xff,0xe0,0x00,0x00,0x09,0x15,
    0x1b,0x36,0x56,0x95,0xf6,0xd7,0x18,0x00,0x00,0xe1,0x8f,0x72,0xff,0xb7,0x00,0xe0,0xff,0x77,0x00,0x00,
    0x00,0x00,0x00,0x00,0xff,0xe0,0x00,0x00,0x3f,0xd8,0xe6,0x67,0x71,0xff,0x63,0x00,0xdc,0xe4,0x00,0x00,
    0x00,0x00,0xe4,0xac,0x76,0xf2,0x00,0x00,0xff,0xe0,0x00,0x00,0x00,0x00,0x00,0xe0,0xff,0x00,0x00,0x00,
    0x00,0xe0,0xff,0x00,0x00,0xdc,0xff,0x0e,0xeb,0x5c,0x32,0xfe,0x15,0xd8,0xff,0x00,0x00,0x00,0x00,0xe4,
    0xac,0x76,0xf2,0x00,0x00,0xff,0xe0,0x00,0x00,0x00,0x00,0x00,0xff,0xe0,0x00,0x00,0x00,0x00,0x00,0x00,
    0xe0,0xff,0x00,0x00,0x00,0x00,0xd8,0xff,0x00,0x00,0x00,0x71,0xff,0x8b,0x39,0xa5,0xf1,0x2b,0xff,0xdc,
    0x00,0x00,0x00,0x00,0x00,0x00,0x00,0x00,0xe4,0xff,0x00,0x00,0x00,0x00,0xff,0xe0,0x00,0x00,0x00,0x00,
    0x00,0x00,0x00,0x00,0x68,0xff,0x82,0x00,0x00,0xf3,0x68,0x3c,0xff,0xe7,0x00,0xe0,0xff,0x60,0x00,0x00,
    0x00,0x00,0x00,0x00,0xff,0xe0,0x00,0x00,0x00,0x00,0x00,0x29,0xf7,0xd0,0x04,0x00,0xdc,0xe4,0x00,0x00,
    0x00,0x00,0xff,0xff,0xff,0xac,0x00,0x00,0xff,0xe0,0x00,0x00,0x00,0x00,0x00,0xe1,0xff,0x01,0x00,0x00,
    0x00,0xe0,0xff,0x00,0x00,0xb5,0xff,0x2b,0xd1,0xa0,0x81,0xf3,0x09,0xd8,0xff,0x00,0x00,0x00,0x00,0xff,
    0xff,0xff,0xac,0x00,0x00,0xff,0xe0,0x00,0x00,0x00,0x00,0x00,0xff,0xe0,0x00,0x00,0x00,0x00,0x00,0x00,
    0xe0,0xff,0x00,0x00,0x00,0x00,0xd8,0xff,0x00,0x00,0x00,0xcd,0xf6,0x01,0x00,0x01,0xb4,0xcf,0xff,0xdc,
    0x00,0x00,0x00,0x00,0x00,0x00,0x00,0x00,0xe4,0xff,0x00,0x00,0x00,0x00,0xff,0xe0,0x00,0x00,0x00,0x00,
    0x00,0x00,0x00,0x00,0x4c,0xff,0x94,0x00,0x00,0x75,0xfd,0xff,0xff,0xf6,0x00,0xe0,0xff,0x4a,0x00,0x00,
    0x00,0x00,0x00,0x00,0xff,0xe0,0x02,0x00,0x00,0x00,0x00,0xbb,0xff,0x35,0x00,0x00,0xdc,0xe4,0x00,0x00,
    0x00,0x00,0xff,0xe5,0x2f,0x02,0x00,0x00,0xff,0xe0,0x00,0x00,0x00,0x39,0xdf,0xff,0xff,0xf1,0x97,0x13,
    0x00,0xe0,0xff,0x00,0x00,0x7d,0xff,0x5e,0x26,0xc2,0xff,0x72,0x00,0xd8,0xff,0x00,0x00,0x00,0x00,0xff,
    0xe5,0x2f,0x02,0x00,0x00,0xff,0xe0,0x00,0x00,0x00,0x00,0x00,0xff,0xe0,0x02,0x00,0x00,0x00,0x37,0xd5,
    0xff,0xff,0xbb,0x5f,0x02,0x00,0xd8,0xff,0x00,0x00,0x00,0xf4,0xe7,0x00,0x00,0x00,0x21,0xfa,0xff,0xdc,
    0x00,0x00,0x00,0x00,0x00,0x00,0x00,0x00,0xe4,0xff,0x00,0x00,0x00,0x00,0xff,0xe0,0x02,0x00,0x00,0x00,
    0x00,0x00,0x00,0x00,0x4c,0xff,0x94,0x00,0x00,0x00,0x1c,0x1e,0xf5,0xff,0x06,0xe0,0xff,0x33,0x00,0x00,
    0x00,0x00,0x00,0x00,0xff,0xff,0xfa,0x69,0x00,0x00,0x00,0xfb,0xeb,0x00,0x00,0x00,0xdc,0xe4,0x00,0x00,
    0x00,0x00,0xff,0xe0,0x00,0x00,0x00,0x00,0xff,0xe0,0x00,0x00,0x00,0xd2,0xf6,0xe8,0xff,0x83,0xec,0xd6,
    0x1b,0xe0,0xff,0x00,0x00,0x44,0xff,0x8c,0x1b,0xe9,0xb1,0x01,0x00,0xd8,0xff,0x00,0x00,0x00,0x00,0xff,
    0xe0,0x00,0x00,0x00,0x00,0xff,0xe0,0x00,0x00,0x00,0x00,0x00,0xff,0xff,0xf9,0x68,0x00,0x00,0xd8,0xb4,
    0xec,0xff,0xa3,0xf8,0xb7,0x0c,0xd8,0xff,0x00,0x00,0x00,0xfd,0xfe,0xf2,0xd7,0x3c,0x00,0xae,0xff,0xdc,
    0x00,0x00,0x00,0x00,0x00,0x00,0x00,0x00,0xe4,0xff,0x00,0x00,0x00,0x00,0xff,0xff,0xfa,0x69,0x00,0x00,
    0x00,0x00,0x48,0xe0,0xfa,0xff,0x94,0x00,0x00,0x00,0x00,0x00,0xd8,0xff,0x15,0xe0,0xff,0x1d,0x00,0x00,
    0x00,0x00,0x00,0x00,0xfc,0xa2,0x6c,0xec,0x00,0x00,0x00,0xff,0xe0,0x00,0x00,0x00,0xe1,0xe3,0x00,0x00,
    0x00,0x00,0xff,0xe0,0x00,0x00,0x00,0x0b,0xff,0xdf,0x00,0x00,0x00,0xf8,0xe1,0xe0,0xff,0x00,0x17,0xce,
    0xe3,0xfa,0xfe,0x00,0x00,0x13,0xff,0xb0,0xc4,0xdb,0x0e,0x00,0x00,0xd8,0xff,0x00,0x00,0x00,0x00,0xff,
    0xe0,0x00,0x00,0x00,0x0b,0xff,0xdf,0x00,0x00,0x00,0x00,0x00,0xfc,0xa1,0x69,0xec,0x00,0x04,0xff,0x43,
    0xe0,0xff,0x00,0x29,0xdc,0xd0,0xf2,0xff,0x00,0x00,0x00,0xec,0xf2,0x36,0x69,0xde,0x00,0x50,0xff,0xdc,
    0x00,0x00,0x00,0x00,0x00,0x00,0x00,0x00,0xe4,0xff,0x00,0x00,0x00,0x00,0xfc,0xa2,0x6c,0xec,0x00,0x00,
    0x00,0x00,0xe3,0x56,0x46,0xff,0x92,0x00,0x00,0x00,0x00,0x00,0xba,0xff,0x25,0xe0,0xff,0x07,0x00,0x00,
    0x00,0x00,0x00,0x00,0xd2,0x94,0x5c,0xe5,0x00,0x04,0x64,0xff,0xec,0x64,0x64,0x78,0xfe,0xca,0x00,0x00,
    0x00,0x00,0xff,0xe9,0x4c,0x4c,0x4c,0x8f,0xff,0xbf,0x00,0x00,0x00,0xcf,0xf2,0xed,0xf4,0x00,0x00,0x21,
    0xf3,0xff,0xe6,0x00,0x00,0x01,0xfa,0xfb,0xfa,0x34,0x00,0x00,0x00,0xd8,0xff,0x00,0x00,0x00,0x00,0xff,
    0xe9,0x4c,0x4c,0x4c,0x8f,0xff,0xbf,0x00,0x00,0x00,0x00,0x00,0xce,0xac,0x79,0xe5,0x00,0x00,0xe2,0x6a,
    0xea,0xf8,0x00,0x00,0x2b,0xf7,0xff,0xed,0x00,0x00,0x00,0xae,0xed,0x1d,0x53,0xe7,0x00,0x1f,0xff,0xdc,
    0x00,0x00,0x00,0x00,0x00,0x00,0x00,0x00,0xe4,0xff,0x00,0x00,0x00,0x00,0xd2,0x94,0x5c,0xe5,0x00,0x00,
    0x00,0x00,0xe7,0x47,0x36,0xff,0x69,0x00,0x00,0x00,0x00,0x00,0x95,0xff,0x86,0xf3,0xd6,0x00,0x00,0x00,
    0x00,0x00,0x00,0x00,0x3a,0xdf,0xe4,0x52,0x00,0x0c,0xff,0xff,0xff,0xff,0xff,0xff,0xdb,0x42,0x00,0x00,
    0x00,0x00,0xff,0xff,0xff,0xff,0xff,0xfe,0xda,0x35,0x00,0x00,0x00,0x38,0xda,0xf4,0x80,0x00,0x00,0x00,
    0x5f,0xef,0x64,0x00,0x00,0x00,0xe8,0xff,0x89,0x00,0x00,0x00,0x00,0xd8,0xff,0x00,0x00,0x00,0x00,0xff,
    0xff,0xff,0xff,0xff,0xfe,0xda,0x35,0x00,0x00,0x00,0x00,0x00,0x39,0xe0,0xe4,0x52,0x00,0x00,0x52,0xf3,
    0xff,0x97,0x00,0x00,0x00,0x67,0xf7,0x72,0x00,0x00,0x00,0x1d,0xc4,0xff,0xf6,0x59,0x00,0x02,0xff,0xdc,
    0x00,0x00,0x00,0x00,0x00,0x00,0x00,0x00,0xe4,0xff,0x00,0x00,0x00,0x00,0x3a,0xdf,0xe4,0x52,0x00,0x00,
    0x00,0x00,0x52,0xf1,0xff,0xb5,0x07,0x00,0x00,0x00,0x00,0x00,0x1f,0xc7,0xfb,0xe1,0x48,0x00,0x00,0x00,
    0x00,0x00,0x00,0x00,0x00,0x00,0x00,0x00,0x00,0x00,0x00,0x00,0x00,0x00,0x00,0x00,0x00,0x00,0x00,0x00,
    0x00,0x00,0x00,0x00,0x00,0x00,0x00,0x00,0x00,0x00,0x00,0x00,0x00,0x00,0x00,0x00,0x00,0x00,0x00,0x00,
    0x00,0x00,0x00,0x00,0x00,0x00,0x00,0x00,0x00,0x00,0x00,0x00,0x00,0x00,0x00,0x00,0x00,0x00,0x00,0x00,
    0x00,0x00,0x00,0x00,0x00,0x00,0x00,0x00,0x00,0x00,0x00,0x00,0x00,0x00,0x00,0x00,0x00,0x00,0x00,0x08,
    0x10,0x00,0x00,0x00,0x00,0x00,0x01,0x00,0x00,0x00,0x00,0x00,0x00,0x0f,0x08,0x00,0x00,0x00,0x70,0x60,
    0x00,0x00,0x00,0x00,0x00,0x00,0x00,0x00,0x63,0x70,0x00,0x00,0x00,0x00,0x00,0x00,0x00,0x00,0x00,0x00,
    0x00,0x00,0x00,0x02,0x0e,0x00,0x00,0x00,0x00,0x00,0x00,0x00,0x00,0x00,0x00,0x00,0x00,0x00,0x00,0x00,
    0x00,0x00,0x00,0x00,0x00,0x00,0x00,0x00,0x00,0x00,0x00,0x00,0x00,0x00,0x00,0x00,0x00,0x00,0x00,0x00,
    0x00,0x00,0x00,0x00,0x00,0x00,0x00,0x00,0x00,0x00,0x00,0x00,0x00,0x00,0x00,0x00,0x00,0x00,0x00,0x00,
    0x00,0x00,0x00,0x00,0x00,0x00,0x00,0x00,0x00,0x00,0x00,0x00,0x00,0x00,0x00,0x00,0x00,0x00,0x00,0x00,
    0x00,0x00,0x00,0x00,0x00,0x00,0x00,0x00,0x00,0x00,0x00,0x00,0x00,0x00,0x00,0x00,0x00,0x00,0x00,0x00,
    0x00,0x00,0x00,0x00,0x00,0x00,0x00,0x00,0x00,0x00,0x00,0x00,0x00,0x00,0x00,0x00,0x00,0x00,0x00,0x00,
    0x00,0x00,0x00,0x00,0x00,0x00,0x00,0x00,0x00,0x00,0x00,0x00,0x00,0x00,0x00,0x00,0x00,0x00,0x00,0x00,
    0x00,0x00,0x00,0x00,0x00,0x00,0x00,0x00,0x00,0x00,0x00,0x00,0x00,0x00,0x00,0x00,0x00,0x00,0x00,0x00,
    0x00,0x00,0x00,0x00,0x00,0x00,0x00,0x00,0x00,0x00,0x00,0x00,0x00,0x00,0x00,0x00,0x00,0x00,0x00,0x00,
    0x00,0x00,0x00,0x00,0x00,0x00,0x00,0x00,0x00,0x00,0x00,0x00,0x00,0x00,0x00,0x00,0x00,0x00,0x00,0x00,
    0x00,0x00,0x00,0x00,0x00,0x00,0x00,0x00,0x00,0x00,0x00,0x00,0x00,0x00,0x00,0x00,0x00,0x00,0x00,0x00,
    0x00,0x00,0x00,0x00,0x00,0x00,0x00,0x00,0x00,0x00,0x00,0x00,0x00,0x00,0x00,0x00,0x00,0x00,0x00,0x00,
    0x00,0x00,0x00,0x00,0x00,0x00,0x00,0x00,0x00,0x00,0x00,0x00,0x00,0x00,0x00,0x00,0x00,0x00,0x00,0x00,
    0x00,0x00,0x00,0x00,0x00,0x00,0x00,0x00,0x00,0x00,0x00,0x00,0x00,0x00,0x00,0x00,0x00,0x00,0x00,0x00,
    0x00,0x00,0x00,0x00,0x00,0x00,0x00,0x00,0x00,0x00,0x00,0x00,0x00,0x00,0x00,0x00,0x00,0x00,0x00,0x00,
};
const lv_image_dsc_t img_failed = {
    .header.magic = LV_IMAGE_HEADER_MAGIC,
    .header.cf = LV_COLOR_FORMAT_A8,
    .header.w = 140,
    .header.h = 27,
    .header.stride = 140,
    .data_size = sizeof(img_failed_map),
    .data = img_failed_map,
};

// กำลังทดสอบการเชื่อมต่อ...  (226x27)
static const uint8_t img_testing_map[] = {
    0x00,0x00,0x00,0x00,0x00,0x00,0x00,0x00,0x00,0x00,0x00,0x00,0x00,0x00,0x00,0x00,0x00,0x00,0x00,0x00,
    0x00,0x00,0x00,0x00,0x00,0x00,0x00,0x00,0x00,0x00,0x00,0x00,0x00,0x00,0x00,0x00,0x00,0x00,0x00,0x00,
    0x00,0x00,0x00,0x00,0x00,0x00,0x00,0x00,0x00,0x00,0x00,0x00,0x00,0x00,0x00,0x00,0x00,0x00,0x00,0x00,
    0x00,0x00,0x00,0x00,0x00,0x00,0x00,0x00,0x00,0x00,0x00,0x00,0x00,0x00,0x00,0x00,0x00,0x00,0x00,0x00,
    0x00,0x00,0x00,0x00,0x00,0x00,0x00,0x00,0x00,0x00,0x00,0x00,0x00,0x00,0x00,0x00,0x00,0x00,0x00,0x00,
    0x00,0x00,0x00,0x00,0x00,0x00,0x00,0x00,0x00,0x00,0x00,0x00,0x00,0x00,0x00,0x00,0x00,0x00,0x00,0x00,
    0x00,0x00,0x00,0x00,0x00,0x00,0x00,0x00,0x00,0x00,0x00,0x00,0x00,0x00,0x00,0x00,0x00,0x00,0x00,0x00,
    0x00,0x00,0x00,0x00,0x00,0x00,0x00,0x00,0x00,0x00,0x00,0x00,0x00,0x00,0x00,0x00,0x00,0x00,0x00,0x00,
    0x00,0x00,0x00,0x00,0x00,0x00,0x00,0x00,0x00,0x00,0x00,0x00,0x00,0x00,0x00,0x00,0x00,0x00,0x00,0x00,
    0x00,0x00,0x00,0x00,0x00,0x00,0x00,0x00,0x00,0x00,0x00,0x00,0x00,0x00,0x00,0x00,0x00,0x00,0x00,0x00,
    0x00,0x00,0x00,0x00,0x00,0x00,0x00,0x00,0x00,0x00,0x00,0x00,0x00,0x00,0x00,0x00,0x00,0x00,0x00,0x00,
    0x00,0x00,0x00,0x00,0x00,0x00,0x00,0x00,0x00,0x00,0x00,0x00,0x00,0x00,0x00,0x00,0x00,0x00,0x00,0x00,
    0x00,0x00,0x00,0x00,0x00,0x00,0x00,0x00,0x00,0x00,0x00,0x00,0x00,0x00,0x00,0x00,0x00,0x00,0x00,0x00,
    0x00,0x00,0x00,0x00,0x00,0x00,0x00,0x00,0x00,0x00,0x00,0x00,0x00,0x00,0x00,0x00,0x00,0x00,0x00,0x00,
    0x00,0x00,0x00,0x00,0x00,0x00,0x00,0x00,0x00,0x00,0x00,0x00,0x00,0x00,0x00,0x00,0x00,0x00,0x00,0x00,
    0x00,0x00,0x00,0x00,0x00,0x00,0x00,0x00,0x00,0x00,0x00,0x00,0x00,0x00,0x00,0x00,0x00,0x00,0x00,0x00,
    0x00,0x00,0x00,0x00,0x00,0x00,0x00,0x00,0x00,0x00,0x00,0x00,0x00,0x00,0x00,0x00,0x00,0x00,0x00,0x00,
    0x00,0x00,0x00,0x00,0x00,0x00,0x00,0x00,0x00,0x00,0x00,0x00,0x00,0x00,0x00,0x00,0x00,0x00,0x00,0x00,
    0x00,0x00,0x00,0x00,0x00,0x00,0x00,0x00,0x00,0x00,0x00,0x00,0x00,0x00,0x00,0x00,0x00,0x00,0x00,0x00,
    0x00,0x00,0x00,0x00,0x00,0x00,0x00,0x00,0x00,0x00,0x00,0x00,0x00,0x00,0x00,0x00,0x00,0x00,0x00,0x00,
    0x00,0x00,0x00,0x00,0x00,0x00,0x00,0x00,0x00,0x00,0x00,0x00,0x00,0x00,0x00,0x00,0x00,0x00,0x00,0x00,
    0x00,0x00,0x00,0x00,0x00,0x00,0x00,0x00,0x00,0x00,0x00,0x00,0x00,0x00,0x00,0x00,0x00,0x00,0x00,0x00,
    0x00,0x00,0x00,0x00,0x00,0x00,0x00,0x00,0x00,0x00,0x00,0x00,0x00,0x00,0x00,0x00,0x00,0x00,0x00,0x00,
    0x00,0x00,0x00,0x00,0x00,0x00,0x00,0x00,0x00,0x00,0x00,0x00,0x00,0x00,0x00,0x00,0x00,0x00,0x00,0x00,
    0x00,0x00,0x00,0x00,0x00,0x00,0x00,0x00,0x00,0x00,0x00,0x00,0x00,0x00,0x00,0x00,0x00,0x00,0x00,0x00,
    0x00,0x00,0x00,0x00,0x00,0x00,0x00,0x00,0x00,0x00,0x00,0x00,0x00,0x00,0x00,0x00,0x00,0x00,0x00,0x00,
    0x00,0x00,0x00,0x00,0x00,0x00,0x00,0x00,0x00,0x00,0x00,0x00,0x00,0x00,0x00,0x00,0x00,0x00,0x00,0x00,
    0x00,0x00,0x00,0x00,0x00,0x00,0x00,0x00,0x00,0x00,0x00,0x00,0x00,0x00,0x00,0x00,0x00,0x00,0x00,0x00,
    0x00,0x00,0x00,0x00,0x00,0x00,0x00,0x00,0x00,0x00,0x00,0x00,0x00,0x00,0x00,0x00,0x00,0x00,0x00,0x00,
    0x00,0x00,0x00,0x00,0x00,0x00,0x00,0x00,0x00,0x00,0x00,0x00,0x00,0x00,0x00,0x00,0x00,0x00,0x00,0x00,
    0x00,0x00,0x00,0x00,0x00,0x7c,0xff,0x2c,0x00,0x00,0x00,0x00,0x00,0x00,0x00,0x00,0x00,0x00,0x00,0x00,
    0x00,0x00,0x00,0x00,0x00,0x00,0x00,0x00,0x00,0x00,0x00,0x00,0x00,0x00,0x00,0x00,0x00,0x00,0x00,0x00,
    0x00,0x00,0x00,0x00,0x00,0x00,0x00,0x00,0x00,0x00,0x00,0x00,0x00,0x00,0x00,0x00,0x00,0x00,0x00,0x00,
    0x00,0x00,0x00,0x00,0x00,0x00,0x00,0x00,0x00,0x00,0x00,0x00,0x00,0x00,0x00,0x00,0x00,0x00,0x00,0x00,
    0x00,0x00,0x00,0x00,0x00,0x00,0x00,0x00,0x00,0x00,0x00,0x00,0x00,0x00,0x00,0x00,0x00,0x00,0x00,0x00,
    0x00,0x00,0x00,0x00,0x00,0x00,0x00,0x00,0x00,0x00,0x00,0x00,0x00,0x00,0x00,0x00,0x00,0x00,0x00,0x00,
    0x00,0x00,0x00,0x00,0x00,0x00,0x00,0x00,0x00,0x00,0x00,0x00,0x00,0x00,0x00,0x00,0x00,0x00,0x00,0x00,
    0x00,0x00,0x00,0x00,0x00,0x00,0x00,0x00,0x00,0x00,0x00,0x00,0x00,0x00,0x00,0x00,0x00,0x00,0x00,0x00,
    0x00,0x00,0x00,0x00,0x00,0x00,0x00,0x00,0x00,0x00,0x00,0x00,0x00,0x00,0x00,0x00,0x00,0x00,0x00,0x00,
    0x00,0x00,0x00,0x00,0x00,0x00,0x00,0x00,0x00,0x00,0x00,0x00,0x00,0x00,0x00,0x00,0x00,0x00,0x00,0x00,
    0x00,0x00,0x00,0x00,0x00,0x00,0x00,0x00,0x00,0x00,0x00,0x00,0x00,0x00,0x00,0x00,0x00,0x00,0x00,0x00,
    0x00,0x00,0x00,0x00,0x00,0x00,0x00,0x00,0x00,0x00,0x00,0x7c,0xff,0x2c,0x00,0x00,0x00,0x00,0x00,0x00,
    0x00,0x00,0x00,0x00,0x00,0x00,0x00,0x00,0x00,0x00,0x00,0x00,0x00,0x00,0x00,0x00,0x00,0x00,0x00,0x00,
    0x00,0x00,0x00,0x00,0x00,0x00,0x00,0x00,0x00,0x00,0x00,0x00,0x00,0x00,0x00,0x00,0x00,0x00,0x00,0x00,
    0x00,0x00,0x00,0x00,0x00,0x00,0x00,0x00,0x00,0x00,0x00,0x00,0x00,0x00,0x00,0x00,0x00,0x00,0x00,0x00,
    0x00,0x00,0x00,0x00,0x00,0x00,0x00,0x00,0x00,0x00,0x00,0x00,0x00,0x00,0x00,0x00,0x00,0x00,0x00,0x00,
    0x00,0x00,0x00,0x00,0x00,0x00,0x00,0x00,0x00,0x00,0x00,0x00,0x00,0x00,0x00,0x00,0x00,0x00,0x00,0x00,
    0x00,0x00,0x00,0x00,0x00,0x00,0x00,0x00,0x00,0x00,0x00,0x00,0x00,0x00,0x00,0x00,0x00,0x00,0x00,0x00,
    0x00,0x00,0x00,0x00,0x00,0x00,0x00,0x00,0x00,0x00,0x00,0x00,0x00,0x00,0x00,0x00,0x00,0x00,0x00,0x00,
    0x00,0x00,0x00,0x00,0x00,0x00,0x00,0x00,0x00,0x00,0x00,0x00,0x00,0x00,0x00,0x00,0x00,0x00,0x00,0x00,
    0x00,0x00,0x00,0x00,0x00,0x00,0x00,0x00,0x00,0x00,0x00,0x00,0x00,0x00,0x00,0x00,0x00,0x00,0x00,0x00,
    0x00,0x00,0x00,0x00,0x00,0x00,0x00,0x00,0x00,0x00,0x00,0x00,0x00,0x00,0x00,0x00,0x00,0x00,0x00,0x00,
    0x00,0x00,0x00,0x00,0x00,0x00,0x00,0x00,0x00,0x00,0x00,0x00,0x00,0x00,0x00,0x00,0x00,0x7c,0xff,0x2c,
    0x00,0x00,0x00,0x00,0x00,0x00,0x00,0x00,0x00,0x00,0x00,0x00,0x00,0x00,0x00,0x00,0x00,0x00,0x00,0x00,
    0x00,0x00,0x00,0x00,0x00,0x00,0x00,0x00,0x00,0x00,0x00,0x00,0x00,0x00,0x00,0x00,0x00,0x00,0x00,0x00,
    0x00,0x00,0x00,0x00,0x00,0x00,0x00,0x00,0x00,0x00,0x00,0x00,0x00,0x00,0x00,0x00,0x00,0x00,0x00,0x00,
    0x00,0x00,0x00,0x00,0x00,0x00,0x00,0x00,0x00,0x00,0x00,0x00,0x00,0x00,0x00,0x00,0x00,0x00,0x00,0x00,
    0x00,0x00,0x00,0x00,0x00,0x00,0x00,0x00,0x00,0x00,0x00,0x00,0x00,0x00,0x00,0x00,0x00,0x00,0x00,0x00,
    0x00,0x00,0x00,0x00,0x00,0x00,0x00,0x00,0x00,0x00,0x00,0x00,0x00,0x00,0x00,0x00,0x00,0x00,0x00,0x00,
    0x00,0x00,0x00,0x00,0x00,0x00,0x00,0x00,0x00,0x00,0x00,0x00,0x00,0x00,0x00,0x00,0x00,0x00,0x00,0x00,
    0x00,0x00,0x00,0x00,0x00,0x00,0x00,0x00,0x00,0x00,0x00,0x00,0x00,0x00,0x00,0x00,0x00,0x00,0x00,0x00,
    0x00,0x00,0x00,0x00,0x00,0x00,0x00,0x00,0x00,0x00,0x00,0x00,0x00,0x00,0x00,0x00,0x00,0x00,0x00,0x00,
    0x00,0x00,0x00,0x00,0x00,0x00,0x00,0x00,0x00,0x00,0x00,0x00,0x00,0x00,0x00,0x00,0x00,0x00,0x00,0x00,
    0x00,0x00,0x00,0x00,0x00,0x00,0x00,0x00,0x00,0x00,0x00,0x00,0x00,0x00,0x00,0x00,0x00,0x00,0x00,0x00,
    0x00,0x00,0x00,0x20,0x44,0x0b,0x00,0x00,0x00,0x00,0x00,0x00,0x00,0x00,0x00,0x00,0x00,0x00,0x00,0x00,
    0x00,0x00,0x00,0x00,0x00,0x00,0x00,0x00,0x00,0x00,0x00,0x00,0x00,0x00,0x00,0x00,0x00,0x00,0x00,0x00,
    0x00,0x00,0x00,0x00,0x00,0x00,0x00,0x00,0x00,0x00,0x00,0x00,0x00,0x00,0x00,0x00,0x00,0x00,0x00,0x00,
    0x00,0x00,0x00,0x00,0x00,0x00,0x00,0x00,0x00,0x00,0x00,0x00,0x00,0x00,0x00,0x00,0x00,0x00,0x00,0x00,
    0x00,0x00,0x00,0x00,0x00,0x00,0x00,0x01,0x01,0x00,0x00,0x00,0x00,0x00,0x00,0x00,0x00,0x00,0x00,0x00,
    0x00,0x00,0x00,0x00,0x00,0x00,0x00,0x03,0x00,0x00,0x00,0x00,0x00,0x00,0x00,0x00,0x00,0x00,0x00,0x00,
    0x00,0x00,0x00,0x00,0x00,0x00,0x00,0x00,0x00,0x00,0x00,0x00,0x00,0x00,0x00,0x00,0x00,0x00,0x00,0x00,
    0x00,0x00,0x00,0x00,0x00,0x00,0x00,0x00,0x00,0x00,0x00,0x00,0x00,0x00,0x00,0x00,0x00,0x00,0x00,0x00,
    0x00,0x00,0x00,0x00,0x00,0x00,0x00,0x00,0x00,0x00,0x00,0x00,0x00,0x00,0x00,0x00,0x00,0x00,0x00,0x00,
    0x00,0x00,0x00,0x00,0x00,0x00,0x00,0x00,0x00,0x00,0x00,0x00,0x00,0x00,0x00,0x00,0x00,0x00,0x00,0x00,
    0x00,0x00,0x00,0x00,0x00,0x00,0x00,0x00,0x00,0x00,0x00,0x00,0x00,0x00,0x00,0x00,0x00,0x00,0x00,0x00,
    0x00,0x00,0x00,0x00,0x00,0x00,0x00,0x4d,0xac,0x33,0xac,0x08,0x00,0x00,0x00,0x00,0x00,0x00,0x00,0x00,
    0x00,0x00,0x00,0x00,0x00,0x00,0x00,0x00,0x00,0x00,0x00,0x00,0x00,0x00,0x00,0x00,0x00,0x00,0x00,0x00,
    0x00,0x00,0x00,0x00,0x00,0x00,0x1e,0x2c,0x00,0x00,0x00,0x00,0x00,0x00,0x00,0x00,0x00,0x00,0x00,0x00,
    0x00,0x00,0x00,0x00,0x00,0x00,0x00,0x00,0x00,0x00,0x00,0x00,0x00,0x00,0x00,0x00,0x00,0x00,0x00,0x00,
    0x00,0x00,0x00,0x00,0x00,0x00,0x00,0x00,0x00,0x00,0x00,0x00,0x58,0xef,0xef,0x51,0x00,0x00,0x00,0x00,
    0x00,0x00,0x00,0x00,0x00,0x00,0x00,0x00,0x00,0x00,0x00,0x00,0x9c,0xf7,0xd5,0x1b,0x00,0x02,0xf3,0xed,
    0x00,0x00,0x00,0x00,0x00,0x00,0x00,0x00,0x00,0x00,0x00,0x00,0x00,0x00,0x00,0x00,0x00,0x00,0x00,0x00,
    0x00,0x00,0x00,0x00,0x00,0x00,0x00,0x00,0x00,0x00,0x00,0x00,0x00,0x00,0x00,0x00,0x00,0x00,0x00,0x00,
    0x00,0x00,0x00,0x00,0x00,0x00,0x00,0x00,0x00,0x00,0x00,0x00,0x00,0x00,0x00,0x00,0x00,0x00,0x00,0x00,
    0x00,0x00,0x00,0x00,0x00,0x00,0x00,0x00,0x00,0x00,0x00,0x00,0x00,0x00,0x00,0x00,0x00,0x00,0x00,0x00,
    0x00,0x00,0x00,0x00,0x00,0x00,0x00,0x00,0x00,0x00,0x00,0x00,0x00,0x00,0x00,0x00,0x00,0x00,0x00,0x00,
    0x00,0x00,0x00,0x00,0x00,0x00,0x00,0x00,0x00,0x09,0x79,0xcb,0xe7,0xea,0xff,0x63,0xff,0x0c,0x00,0x00,
    0x00,0x00,0x00,0x00,0x00,0x00,0x00,0x00,0x00,0x00,0x00,0x00,0x00,0x00,0x00,0x00,0x00,0x00,0x00,0x00,
    0x00,0x00,0x00,0x00,0x00,0x00,0x00,0x00,0x00,0x00,0x00,0x00,0xb0,0xff,0x00,0x00,0x00,0x00,0x00,0x00,
    0x00,0x00,0x00,0x00,0x00,0x00,0x00,0x00,0x00,0x00,0x00,0x00,0x00,0x00,0x00,0x00,0x00,0x00,0x00,0x00,
    0x00,0x00,0x00,0x00,0x00,0x00,0x00,0x00,0x00,0x00,0x00,0x00,0x00,0x00,0x00,0x00,0x00,0x02,0xf2,0x3a,
    0x40,0xe6,0x00,0x00,0x00,0x00,0x00,0x00,0x00,0x00,0x00,0x00,0x00,0x00,0x00,0x00,0x00,0x28,0xec,0x0a,
    0xaf,0x78,0x00,0x57,0xff,0x91,0x00,0x00,0x00,0x00,0x00,0x00,0x00,0x00,0x00,0x00,0x00,0x00,0x00,0x00,
    0x00,0x00,0x00,0x00,0x00,0x00,0x00,0x00,0x00,0x00,0x00,0x00,0x00,0x00,0x00,0x00,0x00,0x00,0x00,0x00,
    0x00,0x00,0x00,0x00,0x00,0x00,0x00,0x00,0x00,0x00,0x00,0x00,0x00,0x00,0x00,0x00,0x00,0x00,0x00,0x00,
    0x00,0x00,0x00,0x00,0x00,0x00,0x00,0x00,0x00,0x00,0x00,0x00,0x00,0x00,0x00,0x00,0x00,0x00,0x00,0x00,
    0x00,0x00,0x00,0x00,0x00,0x00,0x00,0x00,0x00,0x00,0x00,0x00,0x00,0x00,0x00,0x00,0x00,0x00,0x00,0x00,
    0x00,0x00,0x00,0x00,0x00,0x00,0x00,0x00,0x00,0x00,0x00,0x00,0x00,0x00,0x07,0xc3,0xf6,0x48,0x09,0x3b,
    0xd6,0xf1,0xff,0x0c,0x00,0x00,0x00,0x00,0x00,0x00,0x00,0x00,0x00,0x00,0x00,0x00,0x00,0x00,0x00,0x00,
    0x00,0x00,0x00,0x00,0x00,0x00,0x00,0x00,0x00,0x00,0x00,0x00,0x00,0x00,0x00,0x00,0x00,0x00,0xb0,0xff,
    0x00,0x00,0x00,0x00,0x00,0x00,0x00,0x00,0x00,0x00,0x00,0x00,0x00,0x00,0x00,0x00,0x00,0x00,0x00,0x00,
    0x00,0x00,0x00,0x00,0x00,0x00,0x00,0x00,0x00,0x00,0x00,0x00,0x00,0x00,0x00,0x00,0x00,0x00,0x00,0x00,
    0x00,0x00,0x00,0x02,0xf0,0x3a,0x4a,0xe4,0x00,0x00,0x00,0x00,0x00,0x00,0x00,0x00,0x00,0x00,0x00,0x00,
    0x00,0x00,0x00,0x18,0xf6,0x76,0xdc,0x73,0x72,0xf5,0xbc,0x0a,0x00,0x00,0x00,0x00,0x00,0x00,0x00,0x00,
    0x00,0x00,0x00,0x00,0x00,0x00,0x00,0x00,0x00,0x00,0x00,0x00,0x00,0x00,0x00,0x00,0x00,0x00,0x00,0x00,
    0x00,0x00,0x00,0x00,0x00,0x00,0x00,0x00,0x00,0x00,0x00,0x00,0x00,0x00,0x00,0x00,0x00,0x00,0x00,0x00,
    0x00,0x00,0x00,0x00,0x00,0x00,0x00,0x00,0x00,0x00,0x00,0x00,0x00,0x00,0x00,0x00,0x00,0x00,0x00,0x00,
    0x00,0x00,0x00,0x00,0x00,0x00,0x00,0x00,0x00,0x00,0x00,0x00,0x00,0x00,0x00,0x00,0x00,0x00,0x00,0x00,
    0x00,0x00,0x00,0x00,0x00,0x00,0x00,0x00,0x00,0x00,0x00,0x00,0x00,0x00,0x00,0x00,0x00,0x00,0x00,0x00,
    0x7c,0xff,0x82,0x04,0x0a,0x02,0x1d,0xf1,0xff,0x0c,0x00,0x00,0x00,0x00,0x00,0x00,0x00,0x00,0x00,0x00,
    0x00,0x00,0x00,0x00,0x00,0x00,0x00,0x00,0x00,0x00,0x00,0x00,0x00,0x00,0x00,0x00,0x00,0x00,0x00,0x00,
    0x00,0x00,0x00,0x00,0xb0,0xff,0x00,0x00,0x00,0x00,0x00,0x00,0x00,0x00,0x00,0x00,0x00,0x00,0x00,0x00,
    0x00,0x00,0x00,0x00,0x00,0x00,0x00,0x00,0x00,0x00,0x00,0x00,0x00,0x00,0x00,0x00,0x00,0x00,0x00,0x00,
    0x00,0x00,0x00,0x00,0x00,0x00,0x00,0x00,0x00,0x00,0x52,0xe5,0xe6,0x4e,0x00,0x00,0x00,0x00,0x00,0x00,
    0x00,0x00,0x00,0x00,0x00,0x00,0x00,0x00,0x00,0x00,0x4d,0xc3,0xf0,0xfa,0xd4,0x6f,0x03,0x00,0x00,0x00,
    0x00,0x00,0x00,0x00,0x00,0x00,0x00,0x00,0x00,0x00,0x00,0x00,0x00,0x00,0x00,0x00,0x00,0x00,0x00,0x00,
    0x00,0x00,0x00,0x00,0x00,0x00,0x00,0x00,0x00,0x00,0x00,0x00,0x00,0x00,0x00,0x00,0x00,0x00,0x00,0x00,
    0x03,0x00,0x00,0x00,0x00,0x00,0x00,0x00,0x00,0x00,0x00,0x00,0x00,0x00,0x00,0x00,0x00,0x00,0x00,0x00,
    0x00,0x00,0x00,0x00,0x00,0x00,0x00,0x00,0x00,0x00,0x00,0x00,0x00,0x00,0x00,0x00,0x00,0x00,0x00,0x00,
    0x00,0x00,0x00,0x00,0x00,0x00,0x00,0x00,0x00,0x00,0x00,0x00,0x00,0x00,0x00,0x00,0x00,0x00,0x00,0x00,
    0x00,0x00,0x00,0x00,0x00,0x00,0xd4,0xfd,0xe8,0xe1,0xd9,0xdc,0xd2,0xf0,0xff,0x0c,0x00,0x00,0x00,0x00,
    0x00,0x00,0x00,0x00,0x00,0x00,0x00,0x00,0x00,0x00,0x00,0x00,0x00,0x00,0x00,0x00,0x00,0x00,0x00,0x00,
    0x00,0x00,0x00,0x00,0x00,0x00,0x00,0x00,0x00,0x00,0x10,0x18,0x00,0x00,0x00,0x00,0x00,0x00,0x00,0x00,
    0x00,0x00,0x00,0x00,0x00,0x00,0x00,0x00,0x00,0x00,0x00,0x00,0x00,0x00,0x00,0x00,0x00,0x00,0x00,0x00,
    0x00,0x00,0x00,0x00,0x00,0x00,0x00,0x00,0x00,0x00,0x00,0x00,0x00,0x00,0x00,0x00,0x00,0x00,0x00,0x00,
    0x00,0x00,0x00,0x00,0x00,0x00,0x00,0x00,0x00,0x00,0x00,0x00,0x00,0x00,0x00,0x00,0x00,0x00,0x00,0x00,
    0x00,0x00,0x00,0x00,0x00,0x00,0x00,0x00,0x00,0x00,0x00,0x00,0x00,0x00,0x00,0x00,0x00,0x00,0x00,0x00,
    0x00,0x00,0x00,0x00,0x00,0x00,0x00,0x00,0x00,0x00,0x00,0x00,0x00,0x00,0x00,0x00,0x00,0x00,0x00,0x00,
    0x00,0x00,0x00,0x00,0x00,0x00,0x82,0xd6,0x44,0x00,0x00,0x00,0x00,0x00,0x00,0x00,0x00,0x00,0x00,0x00,
    0x00,0x00,0x00,0x00,0x00,0x00,0x00,0x00,0x00,0x00,0x00,0x00,0x00,0x00,0x00,0x00,0x00,0x00,0x00,0x00,
    0x00,0x00,0x00,0x00,0x00,0x00,0x00,0x00,0x00,0x00,0x00,0x00,0x00,0x00,0x00,0x00,0x00,0x00,0x00,0x00,
    0x00,0x00,0x00,0x00,0x00,0x00,0x00,0x00,0x00,0x00,0x00,0x00,0x1c,0x05,0x00,0x00,0x00,0x00,0x00,0x09,
    0x30,0x0a,0x00,0x00,0x00,0x00,0x00,0x00,0x00,0x00,0x00,0x00,0x00,0x00,0x00,0x00,0x00,0x00,0x00,0x00,
    0x00,0x00,0x00,0x00,0x00,0x00,0x00,0x00,0x00,0x00,0x00,0x00,0x00,0x00,0x00,0x00,0x00,0x00,0x00,0x00,
    0x00,0x00,0x00,0x00,0x00,0x00,0x00,0x00,0x00,0x00,0x00,0x00,0x00,0x00,0x00,0x00,0x00,0x00,0x00,0x00,
    0x00,0x00,0x00,0x00,0x00,0x00,0x00,0x00,0x00,0x00,0x00,0x00,0x00,0x00,0x00,0x00,0x00,0x00,0x03,0x1a,
    0x1e,0x09,0x00,0x00,0x00,0x00,0x00,0x00,0x00,0x01,0x1a,0x13,0x00,0x00,0x00,0x00,0x00,0x00,0x00,0x04,
    0x19,0x20,0x0a,0x00,0x00,0x00,0x00,0x00,0x00,0x00,0x00,0x54,0xef,0xdf,0x3c,0x00,0x00,0x00,0x00,0x57,
    0xf0,0xdf,0x3e,0x00,0x00,0x24,0xd2,0xeb,0x93,0x07,0x00,0x00,0x08,0x76,0xce,0xf5,0xf9,0xe0,0xa1,0x29,
    0x00,0x00,0x00,0x00,0x00,0x08,0x76,0xca,0xec,0xf8,0xe1,0xa8,0xf7,0xed,0x23,0x00,0x00,0x2b,0xa2,0xe2,
    0xf9,0xe6,0xa9,0x2e,0x00,0x00,0x00,0x53,0xee,0xe0,0x3a,0x00,0x00,0x00,0x00,0x00,0xe0,0xff,0x00,0x00,
    0x00,0x00,0x59,0xc4,0xf1,0xf6,0xdd,0x98,0x17,0x00,0x00,0x00,0x10,0x8a,0xd8,0xf6,0xdf,0xa5,0x24,0x00,
    0x00,0x00,0x18,0xaf,0xf4,0xdb,0x76,0x1e,0x6a,0x9b,0x08,0x00,0x00,0xff,0xe0,0x00,0x00,0x00,0x01,0x30,
    0x4f,0x3a,0x02,0x00,0x00,0x1f,0xbc,0xba,0x04,0x00,0x00,0x2b,0xa2,0xe2,0xf9,0xe6,0xa9,0x2e,0x00,0x00,
    0x00,0x00,0x56,0xf0,0xde,0x3b,0x00,0x00,0x00,0x00,0xe0,0xff,0x00,0x00,0x00,0x00,0x10,0x43,0x00,0x00,
    0x23,0x3e,0x00,0x00,0x00,0x00,0x00,0x00,0x2b,0xa2,0xe2,0xf9,0xe6,0xa9,0x2e,0x00,0x00,0x00,0x00,0x00,
    0x00,0x00,0x00,0x00,0x00,0x00,0x00,0x00,0x00,0x00,0x00,0x00,0x00,0x00,0x00,0x00,0x00,0x00,0x00,0x00,
    0x00,0x00,0x0e,0x8b,0xed,0xff,0xff,0xfb,0xbf,0x35,0x00,0x00,0x00,0x05,0x89,0xf4,0xff,0xff,0xe6,0x6e,
    0x01,0x00,0x00,0x26,0xaf,0xf7,0xff,0xff,0xfe,0xca,0x4d,0x00,0x00,0x00,0x00,0x00,0x00,0xdf,0x82,0xaf,
    0xd1,0x00,0x00,0x00,0x00,0xe0,0x82,0xaf,0xd1,0x00,0x05,0xd0,0xc7,0x76,0xff,0x7f,0x00,0x0f,0xcc,0xff,
    0xae,0x61,0x5d,0x92,0xf9,0xf6,0x34,0x00,0x00,0x00,0x0f,0xcd,0xf1,0x8e,0x5e,0x54,0x8a,0xf6,0xff,0x47,
    0x00,0x00,0x45,0xf5,0xcc,0x6d,0x53,0x7c,0xf1,0xf5,0x2c,0x00,0x00,0xdf,0x80,0xb8,0xcd,0x00,0x00,0x00,
    0x00,0x00,0xe0,0xff,0x00,0x00,0x05,0xa6,0xf5,0x95,0x5b,0x55,0x8b,0xf6,0xe8,0x19,0x00,0x0d,0xd1,0xe8,
    0x7b,0x57,0x7e,0xf3,0xf4,0x2e,0x00,0x00,0xc3,0xfa,0x83,0x59,0xa0,0xf6,0xff,0xe1,0x18,0x00,0x00,0xff,
    0xe0,0x00,0x00,0x1c,0xca,0xe7,0xa4,0xd7,0xd2,0x17,0x17,0xb0,0xff,0xb0,0x00,0x00,0x45,0xf5,0xcc,0x6d,
    0x53,0x7c,0xf1,0xf5,0x2c,0x00,0x00,0x00,0xe0,0x82,0xad,0xd0,0x00,0x00,0x00,0x00,0xe0,0xff,0x00,0x00,
    0x00,0x5e,0xf0,0xff,0xb2,0x7c,0xf3,0xff,0xaa,0x04,0x00,0x00,0x00,0x45,0xf5,0xcc,0x6d,0x53,0x7c,0xf1,
    0xf5,0x2c,0x00,0x00,0x00,0x00,0x00,0x00,0x00,0x00,0x00,0x00,0x00,0x00,0x00,0x00,0x00,0x00,0x00,0x00,
    0x00,0x00,0x00,0x00,0x00,0x00,0x00,0x20,0xd7,0xb6,0x3c,0x0b,0x0d,0x50,0xeb,0xf8,0x2f,0x00,0x00,0x9a,
    0xdb,0x49,0x0e,0x1a,0xa4,0xff,0x77,0x00,0x3e,0xf6,0xa5,0x39,0x10,0x06,0x32,0xc0,0xff,0x4c,0x00,0x00,
    0x00,0x00,0x00,0xf1,0x42,0x82,0xfc,0x00,0x00,0x00,0x00,0xf2,0x43,0x80,0xfb,0x00,0x6e,0xfa,0x24,0x01,
    0xff,0xcc,0x00,0x90,0xff,0x8c,0x00,0x01,0x01,0x00,0x51,0xff,0xb9,0x00,0x00,0x00,0x89,0xe2,0x20,0x00,
    0x00,0x00,0x00,0x61,0xff,0xa0,0x00,0x00,0xd1,0xa5,0x01,0x00,0x00,0x00,0x5a,0xff,0xa8,0x00,0x00,0xf1,
    0x43,0x8b,0xfb,0x00,0x00,0x00,0x00,0x00,0xe0,0xff,0x00,0x00,0xb7,0xe0,0x21,0x00,0x00,0x00,0x00,0x60,
    0xff,0x9e,0x00,0x77,0xe0,0x14,0x00,0x00,0x00,0x4e,0xff,0xa8,0x00,0x37,0xff,0x8f,0x00,0x00,0x00,0x0e,
    0x32,0x08,0x00,0x00,0x00,0xff,0xe0,0x00,0x00,0xb5,0xff,0xf6,0x7a,0x0a,0xe6,0xb2,0xf8,0xef,0x81,0x0e,
    0x00,0x00,0xd1,0xa5,0x01,0x00,0x00,0x00,0x5a,0xff,0xa8,0x00,0x00,0x00,0xf1,0x43,0x7c,0xfb,0x00,0x00,
    0x00,0x00,0xe0,0xff,0x00,0x00,0x40,0xfe,0xd4,0x70,0xd6,0xdf,0x7a,0xa9,0xff,0x7c,0x00,0x00,0x00,0xd1,
    0xa5,0x01,0x00,0x00,0x00,0x5a,0xff,0xa8,0x00,0x00,0x00,0x00,0x00,0x00,0x00,0x00,0x00,0x00,0x00,0x00,
    0x00,0x00,0x00,0x00,0x00,0x00,0x00,0x00,0x00,0x00,0x00,0x00,0x00,0xe9,0xe0,0x56,0x2e,0x07,0x00,0x00,
    0x71,0xff,0xb1,0x00,0x07,0xd4,0x24,0x00,0x00,0x00,0x0b,0xfb,0xdc,0x00,0x27,0x76,0x00,0x00,0x00,0x00,
    0x00,0x28,0xff,0xc0,0x00,0x00,0x00,0x00,0x00,0x8c,0xff,0xff,0xff,0x00,0x00,0x00,0x00,0x8d,0xff,0xff,
    0xff,0x05,0xe6,0x9e,0x00,0x00,0xff,0xe0,0x00,0xe4,0xff,0x0f,0x5a,0xf2,0xef,0x50,0x01,0xf3,0xf2,0x00,
    0x00,0x00,0x11,0x3e,0x00,0x02,0x02,0x00,0x00,0x13,0xff,0xd6,0x00,0x00,0x2b,0x16,0x01,0x01,0x00,0x00,
    0x12,0xff,0xd7,0x00,0x00,0x8c,0xff,0xff,0xff,0x00,0x00,0x00,0x00,0x00,0xe0,0xff,0x00,0x01,0xde,0xfc,
    0xf3,0xcb,0x49,0x00,0x00,0x13,0xff,0xd7,0x00,0x0e,0x38,0x00,0x00,0x00,0x00,0x0e,0xff,0xd7,0x00,0x6f,
    0xff,0xff,0xf6,0xcf,0x96,0x38,0x00,0x00,0x00,0x00,0x00,0xff,0xe0,0x00,0x00,0xf8,0x5e,0x30,0xf9,0x0f,
    0xbf,0xd1,0x34,0xff,0x76,0x00,0x00,0x00,0x2b,0x16,0x01,0x01,0x00,0x00,0x12,0xff,0xd7,0x00,0x00,0x00,
    0x84,0xff,0xff,0xff,0x00,0x00,0x00,0x00,0xe0,0xff,0x00,0x00,0xb1,0xff,0x3f,0x00,0x0e,0x17,0x00,0x0b,
    0xf9,0xd5,0x00,0x00,0x00,0x2b,0x16,0x01,0x01,0x00,0x00,0x12,0xff,0xd7,0x00,0x00,0x00,0x00,0x00,0x00,
    0x00,0x00,0x00,0x00,0x00,0x00,0x00,0x00,0x00,0x00,0x00,0x00,0x00,0x00,0x00,0x00,0x00,0x00,0x01,0x74,
    0x9e,0xfa,0xf8,0x43,0x00,0x00,0x40,0xff,0xd7,0x00,0x00,0x02,0x00,0x00,0x00,0x00,0x00,0xe8,0xfc,0x00,
    0x00,0x00,0x76,0xe8,0xf4,0xb5,0x29,0x04,0xff,0xe1,0x00,0x00,0x09,0x00,0x00,0x00,0x2d,0xe5,0xff,0x00,
    0x00,0x00,0x00,0x01,0x2e,0xe5,0xff,0x58,0xff,0x30,0x00,0x00,0xff,0xe0,0x00,0xfa,0xe8,0x00,0xe5,0x72,
    0x71,0xdd,0x00,0xe0,0xff,0x00,0x00,0x00,0x00,0x03,0x93,0xf6,0xfa,0xbb,0x30,0x00,0xff,0xe0,0x00,0x00,
    0x00,0x49,0xee,0xf5,0x70,0x00,0x00,0xff,0xe0,0x00,0x00,0x00,0x2d,0xe5,0xff,0x00,0x00,0x00,0x00,0x00,
    0xe0,0xff,0x00,0x00,0x00,0x6a,0xfa,0x9d,0x1c,0x00,0x00,0x00,0xff,0xdf,0x00,0x00,0x00,0x00,0x00,0x00,
    0x00,0x00,0xff,0xe0,0x00,0x20,0x3c,0x43,0x5c,0x83,0xdb,0xff,0x79,0x00,0x00,0x00,0x00,0xff,0xe0,0x00,
    0x00,0xe0,0x5e,0x2e,0xf7,0x14,0xe9,0xb7,0x00,0xeb,0xd9,0x00,0x00,0x00,0x00,0x49,0xee,0xf5,0x70,0x00,
    0x00,0xff,0xe0,0x00,0x00,0x00,0x00,0x29,0xe7,0xff,0x00,0x00,0x00,0x00,0xe0,0xff,0x00,0x00,0xe2,0xff,
    0x0b,0x67,0xfa,0xff,0x9d,0x00,0xdb,0xfa,0x00,0x00,0x00,0x00,0x49,0xee,0xf5,0x70,0x00,0x00,0xff,0xe0,
    0x00,0x00,0x00,0x00,0x00,0x00,0x00,0x00,0x00,0x00,0x00,0x00,0x00,0x00,0x00,0x00,0x00,0x00,0x00,0x00,
    0x00,0x00,0x00,0x00,0x00,0x00,0xc1,0xfb,0x2a,0x00,0x00,0x00,0x38,0xff,0xdc,0x00,0x00,0x00,0x00,0x00,
    0x00,0x00,0x00,0xe4,0xff,0x00,0x00,0x59,0xff,0xa5,0x38,0x92,0xf2,0x28,0xff,0xe4,0x00,0x06,0xdf,0x59,
    0x00,0x00,0x00,0xe0,0xff,0x00,0x00,0x00,0x00,0x00,0x00,0xe0,0xf7,0xbd,0xc4,0x00,0x00,0x00,0xff,0xe0,
    0x00,0xe7,0xf7,0x00,0xf0,0x2f,0x2f,0xec,0x00,0xe0,0xff,0x00,0x00,0x00,0x00,0x78,0xff,0x9c,0x4c,0xb0,
    0xf3,0x2d,0xff,0xe0,0x00,0x00,0x00,0xe4,0xac,0x76,0xf2,0x00,0x00,0xff,0xe0,0x00,0x00,0x00,0x00,0xe0,
    0xff,0x00,0x00,0x00,0x00,0x00,0xe0,0xff,0x00,0x00,0x00,0xf1,0xf1,0x02,0x00,0x00,0x00,0x00,0xff,0xe0,
    0x00,0x00,0x00,0x00,0x00,0x00,0x00,0x00,0xff,0xe0,0x00,0x00,0x00,0x00,0x00,0x00,0x0e,0xf8,0xeb,0x00,
    0x00,0x00,0x00,0xff,0xe0,0x00,0x00,0x3f,0xd8,0xe6,0x67,0x71,0xff,0x63,0x00,0xdc,0xe4,0x00,0x00,0x00,
    0x00,0xe4,0xac,0x76,0xf2,0x00,0x00,0xff,0xe0,0x00,0x00,0x00,0x00,0x00,0xe0,0xff,0x00,0x00,0x00,0x00,
    0xe0,0xff,0x00,0x00,0xdc,0xff,0x0e,0xeb,0x5c,0x32,0xfe,0x15,0xd8,0xff,0x00,0x00,0x00,0x00,0xe4,0xac,
    0x76,0xf2,0x00,0x00,0xff,0xe0,0x00,0x00,0x00,0x00,0x00,0x00,0x00,0x00,0x00,0x00,0x00,0x00,0x00,0x00,
    0x00,0x00,0x00,0x00,0x00,0x00,0x00,0x00,0x00,0x00,0x00,0x00,0xfd,0xdc,0x00,0x00,0x00,0x00,0x38,0xff,
    0xdc,0x00,0x00,0x00,0x00,0x00,0x00,0x00,0x00,0xe4,0xff,0x00,0x00,0xb3,0xff,0x22,0x00,0x00,0x9c,0xcd,
    0xff,0xe4,0x00,0x00,0x36,0xed,0x62,0x00,0x00,0xe0,0xff,0x00,0x00,0x00,0x00,0x00,0x00,0xe0,0xec,0xfd,
    0x6b,0x00,0x00,0x00,0xff,0xe0,0x00,0xbb,0xff,0x1e,0x67,0xf6,0xff,0x89,0x00,0xe0,0xff,0x00,0x00,0x00,
    0x00,0xd1,0xf7,0x03,0x00,0x02,0xb2,0xd0,0xff,0xe0,0x00,0x00,0x00,0xff,0xff,0xff,0xac,0x00,0x00,0xff,
    0xe0,0x00,0x00,0x00,0x00,0xe0,0xff,0x00,0x00,0x00,0x00,0x00,0xe0,0xff,0x00,0x00,0x00,0xff,0xe0,0x00,
    0x00,0x00,0x00,0x00,0xff,0xe0,0x00,0x00,0x00,0x00,0x00,0x00,0x00,0x00,0xff,0xe0,0x00,0x00,0x00,0x00,
    0x00,0x00,0x00,0xe0,0xff,0x00,0x00,0x00,0x00,0xff,0xe0,0x00,0x00,0x00,0x00,0x00,0x29,0xf7,0xd0,0x04,
    0x00,0xdc,0xe4,0x00,0x00,0x00,0x00,0xff,0xff,0xff,0xac,0x00,0x00,0xff,0xe0,0x00,0x00,0x00,0x00,0x00,
    0xe1,0xff,0x01,0x00,0x00,0x00,0xe0,0xff,0x00,0x00,0xb5,0xff,0x2b,0xd1,0xa0,0x81,0xf3,0x09,0xd8,0xff,
    0x00,0x00,0x00,0x00,0xff,0xff,0xff,0xac,0x00,0x00,0xff,0xe0,0x00,0x00,0x00,0x00,0x00,0x00,0x00,0x00,
    0x00,0x00,0x00,0x00,0x00,0x00,0x00,0x00,0x00,0x00,0x00,0x00,0x00,0x00,0x00,0x00,0x00,0x00,0xff,0xd8,
    0x00,0x00,0x00,0x00,0x38,0xff,0xdc,0x00,0x00,0x00,0x00,0x00,0x00,0x00,0x00,0xe4,0xff,0x00,0x00,0xd8,
    0xff,0x04,0x00,0x00,0x11,0xf0,0xff,0xe4,0x00,0x00,0x00,0x3f,0xf8,0x58,0x00,0xe0,0xff,0x00,0x00,0x00,
    0x00,0x00,0x00,0xe0,0xff,0xfe,0x1c,0x00,0x00,0x00,0xff,0xe0,0x00,0x89,0xff,0x54,0x00,0xb9,0xe4,0x0e,
    0x00,0xe0,0xff,0x00,0x00,0x00,0x00,0xf5,0xe7,0x03,0x00,0x00,0x1a,0xf6,0xff,0xe0,0x00,0x00,0x00,0xff,
    0xe5,0x2f,0x02,0x00,0x00,0xff,0xe0,0x00,0x00,0x00,0x00,0xe0,0xff,0x00,0x00,0x00,0x00,0x00,0xe0,0xff,
    0x00,0x00,0x00,0xff,0xe0,0x00,0x00,0x00,0x00,0x00,0xff,0xe0,0x00,0x00,0x00,0x00,0x00,0x00,0x00,0x00,
    0xff,0xe0,0x00,0x00,0x00,0x00,0x00,0x00,0x02,0xe0,0xff,0x00,0x00,0x00,0x00,0xff,0xe0,0x02,0x00,0x00,
    0x00,0x00,0xbb,0xff,0x35,0x00,0x00,0xdc,0xe4,0x00,0x00,0x00,0x00,0xff,0xe5,0x2f,0x02,0x00,0x00,0xff,
    0xe0,0x00,0x00,0x00,0x39,0xdf,0xff,0xff,0xf1,0x97,0x13,0x00,0xe0,0xff,0x00,0x00,0x7d,0xff,0x5e,0x26,
    0xc2,0xff,0x72,0x00,0xd8,0xff,0x00,0x00,0x00,0x00,0xff,0xe5,0x2f,0x02,0x00,0x00,0xff,0xe0,0x00,0x00,
    0x00,0x00,0x00,0x00,0x00,0x00,0x00,0x00,0x00,0x00,0x00,0x00,0x00,0x00,0x00,0x00,0x00,0x00,0x00,0x00,
    0x00,0x00,0x00,0x00,0xff,0xd8,0x00,0x00,0x00,0x00,0x38,0xff,0xdc,0x00,0x00,0x00,0x00,0x00,0x00,0x00,
    0x00,0xe4,0xff,0x00,0x00,0xe1,0xff,0xf2,0xdd,0x41,0x00,0x96,0xff,0xe4,0x00,0x00,0x00,0x00,0x73,0xf8,
    0x30,0xe0,0xff,0x00,0x00,0x00,0x00,0x00,0x00,0xe0,0xff,0xd3,0x00,0x00,0x00,0x00,0xff,0xe0,0x00,0x54,
    0xff,0x83,0x5b,0xff,0x4e,0x00,0x00,0xe0,0xff,0x00,0x00,0x00,0x00,0xfc,0xfe,0xf9,0xe3,0x45,0x00,0x9f,
    0xff,0xe0,0x00,0x00,0x00,0xff,0xe0,0x00,0x00,0x00,0x00,0xff,0xe0,0x00,0x00,0x00,0x00,0xe0,0xff,0x00,
    0x00,0x00,0x00,0x00,0xe0,0xff,0x00,0x00,0x00,0xff,0xe0,0x00,0x00,0x00,0x00,0x00,0xff,0xe0,0x00,0x00,
    0x00,0x00,0x00,0x00,0x00,0x00,0xff,0xe0,0x00,0x00,0x00,0x00,0x00,0x6c,0xfa,0xff,0xff,0x00,0x00,0x00,
    0x00,0xff,0xff,0xfa,0x69,0x00,0x00,0x00,0xfb,0xeb,0x00,0x00,0x00,0xdc,0xe4,0x00,0x00,0x00,0x00,0xff,
    0xe0,0x00,0x00,0x00,0x00,0xff,0xe0,0x00,0x00,0x00,0xd2,0xf6,0xe8,0xff,0x83,0xec,0xd6,0x1b,0xe0,0xff,
    0x00,0x00,0x44,0xff,0x8c,0x1b,0xe9,0xb1,0x01,0x00,0xd8,0xff,0x00,0x00,0x00,0x00,0xff,0xe0,0x00,0x00,
    0x00,0x00,0xff,0xe0,0x00,0x00,0x00,0x00,0x00,0x00,0x00,0x00,0x00,0x00,0x00,0x00,0x00,0x00,0x00,0x00,
    0x00,0x00,0x00,0x00,0x00,0x00,0x00,0x00,0x00,0x00,0xff,0xd8,0x00,0x00,0x00,0x00,0x38,0xff,0xdc,0x00,
    0x00,0x00,0x00,0x00,0x00,0x00,0x00,0xe4,0xff,0x00,0x00,0xd0,0xfe,0x42,0x6d,0xdf,0x00,0x3e,0xff,0xe4,
    0x00,0x00,0x00,0x00,0x00,0xb8,0xd3,0xe5,0xff,0x00,0x00,0x00,0x00,0x00,0x00,0xe0,0xff,0x99,0x00,0x00,
    0x00,0x00,0xff,0xe0,0x00,0x28,0xff,0xaf,0xe6,0xac,0x00,0x00,0x00,0xe0,0xff,0x00,0x00,0x00,0x00,0xe9,
    0xff,0xaa,0x6c,0xe3,0x00,0x41,0xff,0xe0,0x00,0x00,0x00,0xff,0xe0,0x00,0x00,0x00,0x0b,0xff,0xdf,0x00,
    0x00,0x00,0x00,0xe0,0xff,0x00,0x00,0x00,0x00,0x00,0xe4,0xfe,0x00,0x00,0x00,0xff,0xe0,0x00,0x00,0x00,
    0x00,0x00,0xff,0xe0,0x00,0x00,0x00,0x00,0x00,0x00,0x00,0x00,0xff,0xe0,0x00,0x00,0x00,0x00,0x00,0xec,
    0x6c,0xa4,0xfd,0x00,0x00,0x00,0x00,0xfc,0xa2,0x6c,0xec,0x00,0x00,0x00,0xff,0xe0,0x00,0x00,0x00,0xe1,
    0xe3,0x00,0x00,0x00,0x00,0xff,0xe0,0x00,0x00,0x00,0x0b,0xff,0xdf,0x00,0x00,0x00,0xf8,0xe1,0xe0,0xff,
    0x00,0x17,0xce,0xe3,0xfa,0xfe,0x00,0x00,0x13,0xff,0xb0,0xc4,0xdb,0x0e,0x00,0x00,0xd8,0xff,0x00,0x00,
    0x00,0x00,0xff,0xe0,0x00,0x00,0x00,0x0b,0xff,0xdf,0x00,0x00,0x00,0xd8,0xd8,0xb6,0x00,0x00,0x00,0xd8,
    0xd8,0xb6,0x00,0x00,0x00,0xd8,0xd8,0xb6,0x00,0x00,0x00,0x00,0x00,0x00,0x00,0x00,0xff,0xd8,0x00,0x00,
    0x00,0x00,0x38,0xff,0xdc,0x00,0x00,0x00,0x00,0x00,0x00,0x00,0x00,0xe4,0xff,0x00,0x00,0x92,0xfc,0x2a,
    0x56,0xe8,0x00,0x15,0xff,0xe4,0x00,0x00,0x00,0x00,0x00,0x25,0xf8,0xff,0xff,0x00,0x00,0x00,0x00,0x00,
    0x00,0xe0,0xff,0x5f,0x00,0x00,0x00,0x00,0xff,0xe0,0x00,0x10,0xff,0xfe,0xf4,0x1c,0x00,0x00,0x00,0xe0,
    0xff,0x00,0x00,0x00,0x00,0xa4,0xff,0xb2,0x7c,0xe1,0x00,0x13,0xff,0xe0,0x00,0x00,0x00,0xff,0xe9,0x4c,
    0x4c,0x4c,0x8f,0xff,0xbf,0x00,0x00,0x00,0x53,0xef,0xff,0x7c,0x7c,0x7c,0x7c,0x96,0xff,0xdf,0x00,0x00,
    0x00,0xff,0xe0,0x00,0x00,0x00,0x00,0x00,0xff,0xe0,0x00,0x00,0x00,0x00,0x00,0x00,0x00,0x00,0xff,0xe0,
    0x00,0x00,0x00,0x00,0x00,0xe6,0x7c,0xaf,0xd2,0x00,0x00,0x00,0x00,0xd2,0x94,0x5c,0xe5,0x00,0x04,0x64,
    0xff,0xec,0x64,0x64,0x78,0xfe,0xca,0x00,0x00,0x00,0x00,0xff,0xe9,0x4c,0x4c,0x4c,0x8f,0xff,0xbf,0x00,
    0x00,0x00,0xcf,0xf2,0xed,0xf4,0x00,0x00,0x21,0xf3,0xff,0xe6,0x00,0x00,0x01,0xfa,0xfb,0xfa,0x34,0x00,
    0x00,0x00,0xd8,0xff,0x00,0x00,0x00,0x00,0xff,0xe9,0x4c,0x4c,0x4c,0x8f,0xff,0xbf,0x00,0x00,0x00,0xff,
    0xff,0xd8,0x00,0x00,0x00,0xff,0xff,0xd8,0x00,0x00,0x00,0xff,0xff,0xd8,0x00,0x00,0x00,0x00,0x00,0x00,
    0x00,0x00,0xff,0xd8,0x00,0x00,0x00,0x00,0x38,0xff,0xdc,0x00,0x00,0x00,0x00,0x00,0x00,0x00,0x00,0xe4,
    0xff,0x00,0x00,0x13,0xb8,0xff,0xf7,0x5d,0x00,0x00,0xff,0xe4,0x00,0x00,0x00,0x00,0x00,0x00,0x8b,0xff,
    0xff,0x00,0x00,0x00,0x00,0x00,0x00,0xe0,0xff,0x31,0x00,0x00,0x00,0x00,0xff,0xe0,0x00,0x05,0xff,0xff,
    0x7b,0x00,0x00,0x00,0x00,0xe0,0xff,0x00,0x00,0x00,0x00,0x14,0xaa,0xf3,0xe4,0x49,0x00,0x00,0xff,0xe0,
    0x00,0x00,0x00,0xff,0xff,0xff,0xff,0xff,0xfe,0xda,0x35,0x00,0x00,0x00,0xac,0xff,0xff,0xff,0xff,0xff,
    0xff,0xff,0xe4,0x50,0x00,0x00,0x00,0xff,0xe0,0x00,0x00,0x00,0x00,0x00,0xff,0xe0,0x00,0x00,0x00,0x00,
    0x00,0x00,0x00,0x00,0xff,0xe0,0x00,0x00,0x00,0x00,0x00,0x51,0xe6,0xe0,0x3b,0x00,0x00,0x00,0x00,0x3a,
    0xdf,0xe4,0x52,0x00,0x0c,0xff,0xff,0xff,0xff,0xff,0xff,0xdb,0x42,0x00,0x00,0x00,0x00,0xff,0xff,0xff,
    0xff,0xff,0xfe,0xda,0x35,0x00,0x00,0x00,0x38,0xda,0xf4,0x80,0x00,0x00,0x00,0x5f,0xef,0x64,0x00,0x00,
    0x00,0xe8,0xff,0x89,0x00,0x00,0x00,0x00,0xd8,0xff,0x00,0x00,0x00,0x00,0xff,0xff,0xff,0xff,0xff,0xfe,
    0xda,0x35,0x00,0x00,0x00,0xff,0xff,0xd8,0x00,0x00,0x00,0xff,0xff,0xd8,0x00,0x00,0x00,0xff,0xff,0xd8,
    0x00,0x00,0x00,0x00,0x00,0x00,0x00,0x00,0x70,0x5e,0x00,0x00,0x00,0x00,0x18,0x70,0x60,0x00,0x00,0x00,
    0x00,0x00,0x00,0x00,0x00,0x63,0x70,0x00,0x00,0x00,0x00,0x0e,0x09,0x00,0x00,0x00,0x24,0x20,0x00,0x00,
    0x00,0x00,0x00,0x00,0x00,0x00,0x00,0x00,0x00,0x00,0x00,0x00,0x00,0x00,0x00,0x00,0x00,0x00,0x00,0x00,
    0x00,0x00,0x00,0x00,0x00,0x00,0x00,0x00,0x00,0x00,0x00,0x00,0x00,0x00,0x00,0x00,0x00,0x00,0x00,0x00,
    0x00,0x00,0x00,0x00,0x00,0x00,0x00,0x00,0x00,0x00,0x00,0x00,0x00,0x00,0x00,0x00,0x00,0x00,0x00,0x00,
    0x00,0x00,0x00,0x00,0x00,0x00,0x00,0x00,0x00,0x00,0x00,0x00,0x00,0x00,0x00,0x00,0x00,0x00,0x00,0x00,
    0x00,0x00,0x00,0x00,0x00,0x00,0x00,0x00,0x00,0x00,0x00,0x00,0x00,0x00,0x00,0x00,0x00,0x00,0x00,0x00,
    0x00,0x00,0x00,0x00,0x00,0x00,0x00,0x00,0x00,0x00,0x00,0x00,0x00,0x00,0x00,0x00,0x00,0x00,0x00,0x00,
    0x00,0x00,0x00,0x00,0x00,0x00,0x00,0x00,0x00,0x00,0x00,0x00,0x00,0x00,0x00,0x00,0x00,0x00,0x00,0x00,
    0x00,0x00,0x00,0x00,0x00,0x00,0x00,0x00,0x00,0x00,0x00,0x00,0x00,0x00,0x00,0x00,0x00,0x00,0x00,0x00,
    0x00,0x00,0x00,0x00,0x00,0x00,0x00,0x00,0x00,0x00,0x00,0x00,0x00,0x00,0x00,0x00,0x00,0x00,0x00,0x00,
    0x00,0x00,0x00,0x00,0x00,0x00,0x00,0x00,0x00,0x00,0x00,0x00,0x00,0x00,0x00,0x00,0x00,0x00,0x00,0x00,
    0x00,0x00,0x00,0x00,0x00,0x00,0x00,0x00,0x00,0x00,0x00,0x00,0x00,0x00,0x00,0x00,0x00,0x00,0x00,0x00,
    0x00,0x00,0x00,0x00,0x00,0x00,0x00,0x00,0x00,0x00,0x00,0x00,0x00,0x00,0x00,0x00,0x00,0x00,0x00,0x00,
    0x00,0x00,0x00,0x00,0x00,0x00,0x00,0x00,0x00,0x00,0x00,0x00,0x00,0x00,0x00,0x00,0x00,0x00,0x00,0x00,
    0x00,0x00,0x00,0x00,0x00,0x00,0x00,0x00,0x00,0x00,0x00,0x00,0x00,0x00,0x00,0x00,0x00,0x00,0x00,0x00,
    0x00,0x00,0x00,0x00,0x00,0x00,0x00,0x00,0x00,0x00,0x00,0x00,0x00,0x00,0x00,0x00,0x00,0x00,0x00,0x00,
    0x00,0x00,0x00,0x00,0x00,0x00,0x00,0x00,0x00,0x00,0x00,0x00,0x00,0x00,0x00,0x00,0x00,0x00,0x00,0x00,
    0x00,0x00,0x00,0x00,0x00,0x00,0x00,0x00,0x00,0x00,0x00,0x00,0x00,0x00,0x00,0x00,0x00,0x00,0x00,0x00,
    0x00,0x00,0x00,0x00,0x00,0x00,0x00,0x00,0x00,0x00,0x00,0x00,0x00,0x00,0x00,0x00,0x00,0x00,0x00,0x00,
    0x00,0x00,0x00,0x00,0x00,0x00,0x00,0x00,0x00,0x00,0x00,0x00,0x00,0x00,0x00,0x00,0x00,0x00,0x00,0x00,
    0x00,0x00,0x00,0x00,0x00,0x00,0x00,0x00,0x00,0x00,0x00,0x00,0x00,0x00,0x00,0x00,0x00,0x00,0x00,0x00,
    0x00,0x00,0x00,0x00,0x00,0x00,0x00,0x00,0x00,0x00,0x00,0x00,0x00,0x00,0x00,0x00,0x00,0x00,0x00,0x00,
    0x00,0x00,0x00,0x00,0x00,0x00,0x00,0x00,0x00,0x00,0x00,0x00,0x00,0x00,0x00,0x00,0x00,0x00,0x00,0x00,
    0x00,0x00,0x00,0x00,0x00,0x00,0x00,0x00,0x00,0x00,0x00,0x00,0x00,0x00,0x00,0x00,0x00,0x00,0x00,0x00,
    0x00,0x00,0x00,0x00,0x00,0x00,0x00,0x00,0x00,0x00,0x00,0x00,0x00,0x00,0x00,0x00,0x00,0x00,0x00,0x00,
    0x00,0x00,0x00,0x00,0x00,0x00,0x00,0x00,0x00,0x00,0x00,0x00,0x00,0x00,0x00,0x00,0x00,0x00,0x00,0x00,
    0x00,0x00,0x00,0x00,0x00,0x00,0x00,0x00,0x00,0x00,0x00,0x00,0x00,0x00,0x00,0x00,0x00,0x00,0x00,0x00,
    0x00,0x00,0x00,0x00,0x00,0x00,0x00,0x00,0x00,0x00,0x00,0x00,0x00,0x00,0x00,0x00,0x00,0x00,0x00,0x00,
    0x00,0x00,0x00,0x00,0x00,0x00,0x00,0x00,0x00,0x00,0x00,0x00,0x00,0x00,0x00,0x00,0x00,0x00,0x00,0x00,
    0x00,0x00,0x00,0x00,0x00,0x00,0x00,0x00,0x00,0x00,0x00,0x00,0x00,0x00,0x00,0x00,0x00,0x00,0x00,0x00,
    0x00,0x00,0x00,0x00,0x00,0x00,0x00,0x00,0x00,0x00,0x00,0x00,0x00,0x00,0x00,0x00,0x00,0x00,0x00,0x00,
    0x00,0x00,0x00,0x00,0x00,0x00,0x00,0x00,0x00,0x00,0x00,0x00,0x00,0x00,0x00,0x00,0x00,0x00,0x00,0x00,
    0x00,0x00,0x00,0x00,0x00,0x00,0x00,0x00,0x00,0x00,0x00,0x00,0x00,0x00,0x00,0x00,0x00,0x00,0x00,0x00,
    0x00,0x00,
};
const lv_image_dsc_t img_testing = {
    .header.magic = LV_IMAGE_HEADER_MAGIC,
    .header.cf = LV_COLOR_FORMAT_A8,
    .header.w = 226,
    .header.h = 27,
    .header.stride = 226,
    .data_size = sizeof(img_testing_map),
    .data = img_testing_map,
};

// ล้างค่า Wi-Fi แล้ว  (152x23)
static const uint8_t img_reset_map[] = {
    0x00,0x00,0x00,0x00,0x00,0x00,0x00,0x00,0x00,0x00,0x00,0x00,0x00,0x00,0x00,0x00,0x00,0x00,0x00,0x00,
    0x00,0x00,0x00,0x00,0x00,0x00,0x00,0x00,0x00,0x00,0x00,0x00,0x00,0x00,0x00,0x00,0x00,0x00,0x00,0x00,
    0x00,0x00,0x00,0x00,0x00,0x00,0x00,0x00,0x00,0x00,0x00,0x00,0x00,0x00,0x00,0x00,0x00,0x00,0x00,0x00,
    0x00,0x00,0x00,0x00,0x00,0x00,0x00,0x00,0x00,0x00,0x00,0x00,0x00,0x00,0x00,0x00,0x00,0x00,0x00,0x00,
    0x00,0x00,0x00,0x00,0x00,0x00,0x00,0x00,0x00,0x00,0x00,0x00,0x00,0x00,0x00,0x00,0x00,0x00,0x00,0x00,
    0x00,0x00,0x00,0x00,0x00,0x00,0x00,0x00,0x00,0x00,0x00,0x00,0x00,0x00,0x00,0x00,0x00,0x00,0x00,0x00,
    0x00,0x00,0x00,0x00,0x00,0x00,0x00,0x00,0x00,0x00,0x00,0x00,0x00,0x00,0x00,0x00,0x00,0x00,0x00,0x00,
    0x00,0x00,0x00,0x00,0x00,0x00,0x00,0x00,0x00,0x00,0x00,0x00,0x00,0x00,0x00,0x00,0x00,0x00,0x00,0x00,
    0x00,0x00,0x00,0x00,0x00,0x00,0x00,0x00,0x00,0x00,0x00,0x00,0x00,0x00,0x00,0x00,0x00,0x00,0x00,0x00,
    0x00,0x00,0x00,0x00,0x00,0x00,0x00,0x00,0x00,0x00,0x00,0x00,0x00,0x00,0x00,0x00,0x00,0x00,0x00,0x00,
    0x00,0x00,0x00,0x00,0x00,0x00,0x00,0x00,0x00,0x00,0x00,0x00,0x00,0x00,0x00,0x00,0x00,0x00,0x00,0x00,
    0x00,0x00,0x00,0x00,0x00,0x00,0x00,0x00,0x00,0x00,0x00,0x00,0x00,0x00,0x00,0x00,0x00,0x00,0x00,0x00,
    0x00,0x00,0x00,0x00,0x00,0x00,0x00,0x00,0x00,0x00,0x00,0x00,0x00,0x00,0x00,0x00,0x00,0x00,0x00,0x00,
    0x00,0x00,0x00,0x00,0x00,0x00,0x00,0x00,0x00,0x00,0x00,0x00,0x00,0x00,0x00,0x00,0x00,0x00,0x00,0x00,
    0x00,0x00,0x00,0x00,0x00,0x00,0x00,0x00,0x00,0x00,0x00,0x00,0x00,0x00,0x00,0x00,0x00,0x00,0x00,0x00,
    0x00,0x00,0x00,0x00,0x00,0x00,0x00,0x00,0x00,0x00,0x00,0x1e,0xb8,0xcc,0x42,0x00,0x04,0x6c,0x57,0x00,
    0x00,0x00,0x00,0x00,0x00,0x00,0x00,0x00,0x00,0x00,0x00,0x00,0x00,0x00,0x00,0x00,0x00,0x00,0x00,0x00,
    0x00,0x00,0x00,0x00,0x00,0x00,0x00,0x00,0x00,0x00,0x00,0x00,0x00,0x00,0x00,0x00,0x00,0x00,0x00,0x00,
    0x00,0x00,0x00,0x00,0x00,0x00,0x00,0x00,0x00,0x00,0x00,0x00,0x00,0x00,0x00,0x00,0x00,0x00,0x00,0x00,
    0x00,0x00,0x00,0x00,0x00,0x00,0x00,0x00,0x00,0x00,0x00,0x00,0x00,0x00,0x00,0x00,0x00,0x00,0x00,0x00,
    0x00,0x00,0x00,0x00,0x00,0x00,0x00,0x00,0x00,0x00,0x00,0x00,0x00,0x00,0x00,0x00,0x00,0x00,0x00,0x00,
    0x00,0x00,0x00,0x00,0x00,0x00,0x00,0x00,0x00,0x00,0x00,0x00,0x00,0x00,0x00,0x00,0x00,0x1e,0xb8,0xcc,
    0x42,0x00,0x04,0x6c,0x57,0x00,0x00,0x00,0x00,0x00,0x00,0x00,0x00,0x00,0x00,0x00,0x00,0x00,0x00,0x00,
    0x00,0x00,0x00,0x88,0x7e,0x4d,0xe0,0x00,0x38,0xff,0xab,0x00,0x00,0x00,0x00,0x00,0x00,0x00,0x00,0x00,
    0x00,0x00,0x00,0x00,0x00,0x00,0x00,0x00,0x00,0x00,0x00,0x00,0x00,0x00,0x00,0x00,0x00,0x00,0x28,0x44,
    0x06,0x00,0x00,0x00,0x00,0x00,0x00,0x00,0x00,0x00,0x00,0x00,0x00,0x00,0x00,0x00,0x00,0x00,0x00,0x00,
    0x00,0x00,0x00,0x00,0x00,0x00,0x00,0x00,0x00,0x00,0x00,0x00,0x00,0x00,0x00,0x00,0x00,0x00,0x00,0x00,
    0x00,0x00,0x00,0x00,0x00,0x00,0x00,0x00,0x00,0x00,0x00,0x00,0x00,0x00,0x00,0x00,0x00,0x00,0x00,0x00,
    0x00,0x00,0x00,0x00,0x00,0x00,0x00,0x00,0x00,0x00,0x00,0x00,0x00,0x00,0x00,0x00,0x00,0x00,0x00,0x00,
    0x00,0x00,0x00,0x00,0x00,0x00,0x00,0x00,0x00,0x88,0x7e,0x4d,0xe0,0x00,0x38,0xff,0xab,0x00,0x00,0x00,
    0x00,0x00,0x00,0x00,0x00,0x00,0x00,0x00,0x00,0x00,0x00,0x00,0x00,0x00,0x00,0x51,0xd8,0xbf,0xe7,0x0c,
    0xc8,0xf8,0x31,0x00,0x00,0x00,0x00,0x00,0x00,0x00,0x00,0x00,0x00,0x00,0x00,0x00,0x00,0x00,0x00,0x00,
    0x00,0x00,0x00,0x00,0x00,0x00,0x00,0x00,0x00,0x00,0x98,0xff,0x18,0x00,0x00,0x00,0x00,0x00,0x00,0x00,
    0x00,0x00,0x00,0x00,0x00,0x00,0x00,0x00,0x00,0x00,0x00,0x00,0x00,0x00,0x00,0x00,0x00,0x00,0x00,0x00,
    0x00,0x00,0x00,0x00,0x00,0x00,0x00,0x00,0x00,0x00,0x00,0x00,0x00,0x00,0x00,0x00,0x00,0x00,0x00,0x00,
    0x00,0x00,0x00,0x00,0x00,0x00,0x00,0x00,0x00,0x00,0x00,0x00,0x00,0x00,0x00,0x00,0x00,0x00,0x00,0x00,
    0x00,0x00,0x00,0x00,0x00,0x00,0x00,0x00,0x00,0x00,0x00,0x00,0x00,0x00,0x00,0x00,0x00,0x00,0x00,0x00,
    0x00,0x51,0xd8,0xbf,0xe7,0x0c,0xc8,0xf8,0x31,0x00,0x00,0x00,0x00,0x00,0x00,0x00,0x00,0x00,0x00,0x00,
    0x00,0x00,0x00,0x00,0x00,0x00,0x00,0x00,0x1c,0xd2,0xd1,0xdd,0xe3,0x3f,0x00,0x00,0x00,0x00,0x00,0x00,
    0x00,0x00,0x00,0x00,0x00,0x00,0x00,0x00,0x00,0x00,0x00,0x00,0x00,0x00,0x00,0x00,0x00,0x00,0x00,0x00,
    0x00,0x00,0x98,0xff,0x18,0x00,0x00,0x00,0x00,0x00,0x00,0x00,0x00,0x00,0x00,0x00,0x00,0x00,0x00,0x00,
    0x00,0x00,0x00,0x1f,0xff,0xc4,0x00,0x00,0x00,0x00,0x00,0x8a,0xff,0xac,0x00,0x00,0x00,0x00,0x00,0xaa,
    0xfe,0x12,0x00,0xff,0xe4,0x00,0x00,0x00,0x00,0x00,0x00,0x00,0x00,0x00,0x00,0xff,0xff,0xff,0xff,0xff,
    0xff,0xff,0xff,0x80,0x00,0x00,0xff,0xe4,0x00,0x00,0x00,0x00,0x00,0x00,0x00,0x00,0x00,0x00,0x00,0x00,
    0x00,0x00,0x00,0x00,0x00,0x00,0x00,0x00,0x00,0x00,0x00,0x00,0x00,0x00,0x1c,0xd2,0xd1,0xdd,0xe3,0x3f,
    0x00,0x00,0x00,0x00,0x00,0x00,0x00,0x00,0x00,0x00,0x00,0x00,0x00,0x00,0x00,0x00,0x00,0x00,0x00,0x00,
    0xb3,0xe9,0xbb,0x6b,0x0b,0x00,0x00,0x00,0x00,0x00,0x00,0x00,0x00,0x00,0x00,0x00,0x00,0x00,0x00,0x00,
    0x00,0x00,0x00,0x00,0x00,0x00,0x00,0x00,0x00,0x00,0x00,0x00,0x00,0x00,0x98,0xff,0x18,0x00,0x00,0x00,
    0x00,0x00,0x00,0x00,0x00,0x00,0x00,0x00,0x00,0x00,0x00,0x00,0x00,0x00,0x00,0x00,0xe4,0xf8,0x06,0x00,
    0x00,0x00,0x00,0xcd,0xff,0xec,0x01,0x00,0x00,0x00,0x00,0xe5,0xd5,0x00,0x00,0x7c,0x6e,0x00,0x00,0x00,
    0x00,0x00,0x00,0x00,0x00,0x00,0x00,0xff,0xf1,0x7c,0x7c,0x7c,0x7c,0x7c,0x7c,0x3e,0x00,0x00,0x7c,0x6e,
    0x00,0x00,0x00,0x00,0x00,0x00,0x00,0x00,0x00,0x00,0x00,0x00,0x00,0x00,0x00,0x00,0x00,0x00,0x00,0x00,
    0x00,0x00,0x00,0x00,0x00,0x00,0xb3,0xe9,0xbb,0x6b,0x0b,0x00,0x00,0x00,0x00,0x00,0x00,0x00,0x00,0x00,
    0x00,0x00,0x00,0x00,0x00,0x00,0x00,0x00,0x00,0x00,0x00,0x00,0x00,0x00,0x00,0x00,0x00,0x00,0x00,0x00,
    0x00,0x00,0x00,0x00,0x00,0x00,0x00,0x00,0x00,0x00,0x00,0x00,0x00,0x00,0x00,0x00,0x00,0x00,0x00,0x00,
    0x00,0x00,0x00,0x00,0x00,0x00,0x00,0x00,0x00,0x00,0x00,0x00,0x00,0x00,0x00,0x00,0x00,0x00,0x00,0x00,
    0x00,0x00,0x00,0x00,0x00,0x00,0x00,0x00,0xaa,0xff,0x39,0x00,0x00,0x00,0x12,0xfd,0xe0,0xff,0x2e,0x00,
    0x00,0x00,0x22,0xff,0x99,0x00,0x00,0x00,0x00,0x00,0x00,0x00,0x00,0x00,0x00,0x00,0x00,0x00,0x00,0xff,
    0xe4,0x00,0x00,0x00,0x00,0x00,0x00,0x00,0x00,0x00,0x00,0x00,0x00,0x00,0x00,0x00,0x00,0x00,0x00,0x00,
    0x00,0x00,0x00,0x00,0x00,0x00,0x00,0x00,0x00,0x00,0x00,0x00,0x00,0x00,0x00,0x00,0x00,0x00,0x00,0x00,
    0x00,0x00,0x00,0x00,0x00,0x00,0x00,0x00,0x00,0x00,0x00,0x00,0x00,0x00,0x00,0x00,0x00,0x00,0x00,0x00,
    0x00,0x03,0x17,0x21,0x0d,0x00,0x00,0x00,0x00,0x00,0x00,0x10,0x8a,0xd8,0xf6,0xdf,0xa5,0x24,0x00,0x00,
    0x00,0x00,0x00,0x54,0xef,0xdf,0x3c,0x00,0x00,0x00,0x00,0x00,0x00,0x03,0x1d,0x21,0x0b,0x00,0x00,0x00,
    0x00,0x00,0x00,0x10,0x8a,0xd8,0xf6,0xdf,0xa5,0x24,0x00,0x00,0x00,0x00,0x00,0x00,0x00,0x00,0x00,0x00,
    0x6f,0xff,0x73,0x00,0x00,0x00,0x54,0xff,0x7d,0xff,0x6f,0x00,0x00,0x00,0x5e,0xff,0x5c,0x00,0x00,0x00,
    0x00,0x00,0x00,0x00,0x00,0x00,0x00,0x00,0x00,0x00,0x00,0xff,0xe4,0x00,0x00,0x00,0x00,0x00,0x00,0x00,
    0x00,0x00,0x00,0x00,0x00,0x00,0x00,0x00,0x00,0x00,0x00,0x00,0x00,0x00,0x00,0xff,0xe0,0x00,0x00,0x00,
    0xe0,0xff,0x00,0x00,0x00,0x00,0x00,0x03,0x17,0x21,0x0d,0x00,0x00,0x00,0x00,0x00,0x00,0x55,0xca,0xf0,
    0xea,0xbd,0x41,0x00,0x00,0x00,0x00,0x00,0x00,0x00,0x00,0x23,0xab,0xf5,0xff,0xff,0xff,0xd4,0x65,0x00,
    0x00,0x00,0x0d,0xd1,0xe8,0x7b,0x57,0x7e,0xf3,0xf4,0x2e,0x00,0x00,0x00,0x00,0xdf,0x82,0xaf,0xd1,0x00,
    0x00,0x00,0x00,0x1f,0xa7,0xf6,0xff,0xff,0xfe,0xcd,0x52,0x00,0x00,0x00,0x0d,0xd1,0xe8,0x7b,0x57,0x7e,
    0xf3,0xf4,0x2e,0x00,0x00,0x00,0x00,0x00,0x00,0x00,0x00,0x00,0x34,0xff,0xad,0x00,0x00,0x00,0x97,0xf6,
    0x1b,0xfe,0xb1,0x00,0x00,0x00,0x9a,0xff,0x20,0x00,0x00,0xff,0xe4,0x00,0x00,0x00,0x00,0x00,0x00,0x00,
    0x00,0x00,0x00,0xff,0xe4,0x00,0x00,0x00,0x00,0x00,0x00,0x00,0x00,0x00,0xff,0xe4,0x00,0x00,0x00,0x00,
    0x00,0x00,0x00,0x00,0x00,0x00,0x00,0xff,0xe0,0x00,0x00,0x00,0xe0,0xff,0x00,0x00,0x00,0x23,0xab,0xf5,
    0xff,0xff,0xff,0xd4,0x65,0x00,0x00,0x00,0x62,0xfe,0x9f,0x5c,0x6f,0xdf,0xff,0x56,0x00,0x00,0x00,0x00,
    0x00,0x00,0x3c,0xf5,0xa9,0x3d,0x12,0x05,0x27,0xa7,0xff,0x73,0x00,0x00,0x77,0xe0,0x14,0x00,0x00,0x00,
    0x4e,0xff,0xa8,0x00,0x00,0x00,0x00,0xf1,0x42,0x82,0xfc,0x00,0x00,0x00,0x20,0xe8,0xec,0x5f,0x15,0x0e,
    0x3f,0xce,0xff,0x58,0x00,0x00,0x77,0xe0,0x14,0x00,0x00,0x00,0x4e,0xff,0xa8,0x00,0x00,0x00,0x00,0x00,
    0x00,0x00,0x00,0x00,0x04,0xf5,0xe7,0x00,0x00,0x00,0xda,0xba,0x00,0xd1,0xef,0x02,0x00,0x00,0xd6,0xe4,
    0x00,0x00,0x00,0xff,0xe4,0x00,0x00,0x00,0x00,0x00,0x00,0x00,0x00,0x00,0x00,0xff,0xe4,0x00,0x00,0x00,
    0x00,0x00,0x00,0x00,0x00,0x00,0xff,0xe4,0x00,0x00,0x00,0x00,0x00,0x00,0x00,0x00,0x00,0x00,0x00,0xff,
    0xe0,0x00,0x00,0x00,0xe0,0xff,0x00,0x00,0x3c,0xf5,0xa9,0x3d,0x12,0x05,0x27,0xa7,0xff,0x73,0x00,0x04,
    0xe9,0x6c,0x00,0x00,0x00,0x26,0xff,0xd0,0x00,0x00,0x00,0x00,0x00,0x00,0x27,0x78,0x00,0x00,0x00,0x00,
    0x00,0x09,0xf4,0xea,0x00,0x00,0x0e,0x38,0x00,0x00,0x00,0x00,0x0e,0xff,0xd7,0x00,0x00,0x00,0x00,0x8c,
    0xff,0xff,0xff,0x00,0x00,0x00,0xa3,0xff,0x53,0x00,0x0d,0x11,0x00,0x1f,0xff,0xd2,0x00,0x00,0x0e,0x38,
    0x00,0x00,0x00,0x00,0x0e,0xff,0xd7,0x00,0x00,0x00,0x00,0x00,0x00,0x00,0x00,0x00,0x00,0xbf,0xff,0x22,
    0x00,0x1e,0xff,0x76,0x00,0x8e,0xff,0x33,0x00,0x13,0xfe,0xa8,0x00,0x00,0x00,0xff,0xe4,0x00,0x00,0x00,
    0x00,0x00,0x00,0x00,0x00,0x00,0x00,0xff,0xe7,0x24,0x24,0x24,0x24,0x24,0x17,0x00,0x00,0x00,0xff,0xe4,
    0x00,0x00,0x00,0x00,0x00,0x00,0x00,0x00,0x00,0x00,0x00,0xff,0xe0,0x00,0x00,0x00,0xe0,0xff,0x00,0x00,
    0x27,0x78,0x00,0x00,0x00,0x00,0x00,0x09,0xf4,0xea,0x00,0x00,0x36,0x04,0x00,0x00,0x00,0x00,0xec,0xf8,
    0x00,0x00,0x00,0x00,0x00,0x00,0x00,0x00,0x70,0xe5,0xf5,0xc0,0x3b,0x00,0xd8,0xff,0x0c,0x00,0x00,0x00,
    0x00,0x00,0x00,0x00,0x00,0xff,0xe0,0x00,0x09,0x00,0x00,0x00,0x2d,0xe5,0xff,0x00,0x00,0x00,0xe4,0xff,
    0x0e,0x66,0xfd,0xff,0xab,0x00,0xe6,0xf9,0x00,0x00,0x00,0x00,0x00,0x00,0x00,0x00,0x00,0xff,0xe0,0x00,
    0x00,0x00,0x00,0x00,0x00,0x00,0x00,0x00,0x00,0x84,0xff,0x5c,0x00,0x61,0xff,0x32,0x00,0x4c,0xff,0x74,
    0x00,0x4e,0xff,0x6b,0x00,0x00,0x00,0xff,0xe4,0x00,0x00,0x00,0x28,0x28,0x28,0x28,0x28,0x28,0x00,0xff,
    0xff,0xff,0xff,0xff,0xff,0xff,0xa8,0x00,0x00,0x00,0xff,0xe4,0x00,0x00,0x00,0x00,0x00,0x00,0x00,0x00,
    0x00,0x00,0x00,0xff,0xe0,0x00,0x00,0x00,0xe0,0xff,0x00,0x00,0x00,0x00,0x70,0xe5,0xf5,0xc0,0x3b,0x00,
    0xd8,0xff,0x0c,0x00,0x00,0x00,0x00,0x00,0x00,0x00,0xe0,0xff,0x00,0x00,0x00,0x00,0x00,0x00,0x00,0x56,
    0xff,0xa8,0x38,0x82,0xfa,0x43,0xd4,0xff,0x10,0x00,0x00,0x00,0x00,0x00,0x00,0x00,0x00,0xff,0xe0,0x06,
    0xdf,0x59,0x00,0x00,0x00,0xe0,0xff,0x00,0x00,0x00,0xea,0xff,0x13,0xed,0x8c,0x3f,0xff,0x19,0xe0,0xff,
    0x00,0x00,0x00,0x00,0x00,0x00,0x00,0x00,0x00,0xff,0xe0,0x00,0x00,0x00,0x00,0x00,0x00,0x00,0x00,0x00,
    0x00,0x4a,0xff,0x96,0x00,0xa4,0xec,0x01,0x00,0x0d,0xfb,0xb6,0x00,0x8a,0xff,0x2f,0x00,0x00,0x00,0xff,
    0xe4,0x00,0x00,0x00,0xff,0xff,0xff,0xff,0xff,0xff,0x00,0xff,0xed,0x54,0x54,0x54,0x54,0x54,0x37,0x00,
    0x00,0x00,0xff,0xe4,0x00,0x00,0x00,0x00,0x00,0x00,0x00,0x00,0x00,0x00,0x00,0xff,0xe0,0x00,0x00,0x00,
    0xe0,0xff,0x00,0x00,0x00,0x56,0xff,0xa8,0x38,0x82,0xfa,0x43,0xd4,0xff,0x10,0x00,0x00,0x00,0x00,0x00,
    0x00,0x00,0xe0,0xff,0x00,0x00,0x00,0x00,0x00,0x00,0x00,0xb2,0xff,0x24,0x00,0x00,0x7d,0xe9,0xe2,0xff,
    0x10,0x00,0x00,0x00,0x00,0x00,0x00,0x00,0x00,0xff,0xe0,0x00,0x36,0xed,0x62,0x00,0x00,0xe0,0xff,0x00,
    0x00,0x00,0xcc,0xff,0x88,0xff,0xf3,0xff,0xa2,0x01,0xe0,0xff,0x00,0x00,0x00,0x00,0x00,0x00,0x00,0x00,
    0x00,0xff,0xe0,0x00,0x00,0x00,0x00,0x00,0x00,0x00,0x00,0x00,0x00,0x10,0xfe,0xd1,0x00,0xe6,0xaa,0x00,
    0x00,0x00,0xc7,0xf3,0x04,0xc6,0xf0,0x02,0x00,0x00,0x00,0xff,0xe4,0x00,0x00,0x00,0x54,0x54,0x54,0x54,
    0x54,0x54,0x00,0xff,0xe4,0x00,0x00,0x00,0x00,0x00,0x00,0x00,0x00,0x00,0xff,0xe4,0x00,0x00,0x00,0x00,
    0x00,0x00,0x00,0x00,0x00,0x00,0x00,0xff,0xe0,0x00,0x00,0x00,0xe0,0xff,0x00,0x00,0x00,0xb2,0xff,0x24,
    0x00,0x00,0x7d,0xe9,0xe2,0xff,0x10,0x00,0x00,0x00,0x00,0x00,0x00,0x00,0xe0,0xff,0x00,0x00,0x00,0x00,
    0x00,0x00,0x00,0xd8,0xff,0x04,0x00,0x00,0x05,0xd9,0xff,0xff,0x10,0x00,0x00,0x00,0x00,0x00,0x00,0x00,
    0x00,0xff,0xe0,0x00,0x00,0x3f,0xf8,0x58,0x00,0xe0,0xff,0x00,0x00,0x00,0x93,0xff,0xe2,0xf0,0x09,0x0c,
    0x00,0x00,0xe0,0xff,0x00,0x00,0x00,0x00,0x00,0x00,0x00,0x00,0x00,0xff,0xe0,0x00,0x00,0x00,0x00,0x00,
    0x00,0x00,0x00,0x00,0x00,0x00,0xd4,0xfd,0x36,0xff,0x66,0x00,0x00,0x00,0x84,0xff,0x3e,0xf9,0xb7,0x00,
    0x00,0x00,0x00,0xff,0xe4,0x00,0x00,0x00,0x00,0x00,0x00,0x00,0x00,0x00,0x00,0xff,0xe4,0x00,0x00,0x00,
    0x00,0x00,0x00,0x00,0x00,0x00,0xff,0xe4,0x00,0x00,0x00,0x00,0x00,0x00,0x00,0x00,0x00,0x00,0x00,0xff,
    0xe0,0x02,0x00,0x00,0xe0,0xff,0x02,0x00,0x00,0xd8,0xff,0x04,0x00,0x00,0x05,0xd9,0xff,0xff,0x10,0x00,
    0x00,0x00,0x00,0x00,0x00,0x02,0xe0,0xff,0x00,0x00,0x00,0x00,0x00,0x00,0x00,0xe1,0xff,0xf2,0xdd,0x41,
    0x00,0x6f,0xff,0xff,0x10,0x00,0x00,0x00,0x00,0x00,0x00,0x00,0x00,0xff,0xe0,0x00,0x00,0x00,0x73,0xf8,
    0x30,0xe0,0xff,0x00,0x00,0x00,0x57,0xff,0xff,0xb3,0x00,0x00,0x00,0x00,0xe0,0xff,0x00,0x00,0x00,0x00,
    0x00,0x00,0x00,0x00,0x00,0xff,0xe0,0x00,0x00,0x00,0x00,0x00,0x00,0x00,0x00,0x00,0x00,0x00,0x9a,0xff,
    0x96,0xff,0x22,0x00,0x00,0x00,0x41,0xff,0x9b,0xff,0x7a,0x00,0x00,0x00,0x00,0xff,0xe4,0x00,0x00,0x00,
    0x00,0x00,0x00,0x00,0x00,0x00,0x00,0xff,0xe4,0x00,0x00,0x00,0x00,0x00,0x00,0x00,0x00,0x00,0xff,0xe4,
    0x00,0x00,0x00,0x00,0x00,0x00,0x00,0x00,0x00,0x00,0x00,0xff,0xff,0xfa,0x69,0x00,0xe0,0xff,0xfb,0x72,
    0x00,0xe1,0xff,0xf2,0xdd,0x41,0x00,0x6f,0xff,0xff,0x10,0x00,0x00,0x00,0x00,0x00,0x6c,0xfa,0xff,0xff,
    0x00,0x00,0x00,0x00,0x00,0x00,0x00,0xd0,0xfe,0x42,0x6d,0xdf,0x00,0x14,0xff,0xff,0x10,0x00,0x00,0x00,
    0x00,0x00,0x00,0x00,0x00,0xff,0xe0,0x00,0x00,0x00,0x00,0xb8,0xd3,0xe5,0xff,0x00,0x00,0x00,0x1e,0xff,
    0xff,0x8f,0x00,0x00,0x00,0x00,0xe0,0xff,0x00,0x00,0x00,0x00,0x00,0x00,0x00,0x00,0x00,0xff,0xe0,0x00,
    0x00,0x00,0x00,0x00,0x00,0x00,0x00,0x00,0x00,0x00,0x5f,0xff,0xf0,0xde,0x00,0x00,0x00,0x00,0x07,0xf7,
    0xf2,0xff,0x3e,0x00,0x00,0x00,0x00,0xff,0xe4,0x00,0x00,0x00,0x00,0x00,0x00,0x00,0x00,0x00,0x00,0xff,
    0xe4,0x00,0x00,0x00,0x00,0x00,0x00,0x00,0x00,0x00,0xff,0xe4,0x00,0x00,0x00,0x00,0x00,0x00,0x00,0x00,
    0x00,0x00,0x00,0xfc,0xa2,0x6c,0xec,0x00,0xdc,0xa4,0x6e,0xed,0x00,0xd0,0xfe,0x42,0x6d,0xdf,0x00,0x14,
    0xff,0xff,0x10,0x00,0x00,0x00,0x00,0x00,0xec,0x68,0xd4,0xfc,0x00,0x00,0x00,0x00,0x00,0x00,0x00,0x92,
    0xfc,0x2a,0x56,0xe8,0x00,0x00,0xe9,0xff,0x10,0x00,0x00,0x00,0x00,0x00,0x00,0x00,0x00,0xff,0xe0,0x00,
    0x00,0x00,0x00,0x25,0xf8,0xff,0xff,0x00,0x00,0x00,0x01,0xf8,0xff,0x71,0x00,0x00,0x00,0x00,0xe0,0xff,
    0x00,0x00,0x00,0x00,0x00,0x00,0x00,0x00,0x00,0xff,0xe0,0x00,0x00,0x00,0x00,0x00,0x00,0x00,0x00,0x00,
    0x00,0x00,0x24,0xff,0xff,0x9a,0x00,0x00,0x00,0x00,0x00,0xbc,0xff,0xf9,0x08,0x00,0x00,0x00,0x00,0xff,
    0xe4,0x00,0x00,0x00,0x00,0x00,0x00,0x00,0x00,0x00,0x00,0xff,0xe4,0x00,0x00,0x00,0x00,0x00,0x00,0x00,
    0x00,0x00,0xff,0xe4,0x00,0x00,0x00,0x00,0x00,0x00,0x00,0x00,0x00,0x00,0x00,0xd2,0x94,0x5c,0xe5,0x00,
    0xb0,0x9b,0x5d,0xe5,0x00,0x92,0xfc,0x2a,0x56,0xe8,0x00,0x00,0xe9,0xff,0x10,0x00,0x00,0x00,0x00,0x00,
    0xe8,0x76,0xd6,0xcb,0x00,0x00,0x00,0x00,0x00,0x00,0x00,0x13,0xb8,0xff,0xf7,0x5d,0x00,0x00,0xd4,0xff,
    0x10,0x00,0x00,0x00,0x00,0x00,0x00,0x00,0x00,0xff,0xe0,0x00,0x00,0x00,0x00,0x00,0x8b,0xff,0xff,0x00,
    0x00,0x00,0x00,0xe8,0xff,0x5b,0x00,0x00,0x00,0x00,0xe0,0xff,0x00,0x00,0x00,0x00,0x00,0x00,0x00,0x00,
    0x00,0xff,0xe0,0x00,0x00,0x00,0x00,0x00,0x00,0x00,0x00,0x00,0x00,0x00,0x00,0xe9,0xff,0x56,0x00,0x00,
    0x00,0x00,0x00,0x79,0xff,0xc6,0x00,0x00,0x00,0x00,0x00,0xff,0xe4,0x00,0x00,0x00,0x00,0x00,0x00,0x00,
    0x00,0x00,0x00,0xff,0xe4,0x00,0x00,0x00,0x00,0x00,0x00,0x00,0x00,0x00,0xff,0xe4,0x00,0x00,0x00,0x00,
    0x00,0x00,0x00,0x00,0x00,0x00,0x00,0x3a,0xdf,0xe4,0x52,0x00,0x28,0xd7,0xe8,0x54,0x00,0x13,0xb8,0xff,
    0xf7,0x5d,0x00,0x00,0xd4,0xff,0x10,0x00,0x00,0x00,0x00,0x00,0x5a,0xec,0xd8,0x32,0x00,0x00,0x00,0x00,
    0x00,0x00,0x00,0x00,0x00,0x0e,0x09,0x00,0x00,0x00,0x1d,0x24,0x02,0x00,0x00,0x00,0x00,0x00,0x00,0x00,
    0x00,0x00,0x00,0x00,0x00,0x00,0x00,0x00,0x00,0x00,0x00,0x00,0x00,0x00,0x00,0x21,0x24,0x0b,0x00,0x00,
    0x00,0x00,0x1f,0x24,0x00,0x00,0x00,0x00,0x00,0x00,0x00,0x00,0x00,0x00,0x00,0x00,0x00,0x00,0x00,0x00,
    0x00,0x00,0x00,0x00,0x00,0x00,0x00,0x00,0x00,0x00,0x00,0x00,0x00,0x00,0x00,0x00,0x00,0x00,0x00,0x00,
    0x00,0x00,0x00,0x00,0x00,0x00,0x00,0x00,0x00,0x00,0x00,0x00,0x00,0x00,0x00,0x00,0x00,0x00,0x00,0x00,
    0x00,0x00,0x00,0x00,0x00,0x00,0x00,0x00,0x00,0x00,0x00,0x00,0x00,0x00,0x00,0x00,0x00,0x00,0x00,0x00,
    0x00,0x00,0x00,0x00,0x00,0x00,0x00,0x00,0x00,0x00,0x00,0x0e,0x09,0x00,0x00,0x00,0x1d,0x24,0x02,0x00,
    0x00,0x00,0x00,0x00,0x00,0x00,0x00,0x00,0x00,0x00,0x00,0x00,0x00,0x00,0x00,0x00,0x00,0x00,0x00,0x00,
    0x00,0x00,0x00,0x00,0x00,0x00,0x00,0x00,0x00,0x00,0x00,0x00,0x00,0x00,0x00,0x00,0x00,0x00,0x00,0x00,
    0x00,0x00,0x00,0x00,0x00,0x00,0x00,0x00,0x00,0x00,0x00,0x00,0x00,0x00,0x00,0x00,0x00,0x00,0x00,0x00,
    0x00,0x00,0x00,0x00,0x00,0x00,0x00,0x00,0x00,0x00,0x00,0x00,0x00,0x00,0x00,0x00,0x00,0x00,0x00,0x00,
    0x00,0x00,0x00,0x00,0x00,0x00,0x00,0x00,0x00,0x00,0x00,0x00,0x00,0x00,0x00,0x00,0x00,0x00,0x00,0x00,
    0x00,0x00,0x00,0x00,0x00,0x00,0x00,0x00,0x00,0x00,0x00,0x00,0x00,0x00,0x00,0x00,0x00,0x00,0x00,0x00,
    0x00,0x00,0x00,0x00,0x00,0x00,0x00,0x00,0x00,0x00,0x00,0x00,0x00,0x00,0x00,0x00,0x00,0x00,0x00,0x00,
    0x00,0x00,0x00,0x00,0x00,0x00,0x00,0x00,0x00,0x00,0x00,0x00,0x00,0x00,0x00,0x00,0x00,0x00,0x00,0x00,
    0x00,0x00,0x00,0x00,0x00,0x00,0x00,0x00,0x00,0x00,0x00,0x00,0x00,0x00,0x00,0x00,0x00,0x00,0x00,0x00,
    0x00,0x00,0x00,0x00,0x00,0x00,0x00,0x00,0x00,0x00,0x00,0x00,0x00,0x00,0x00,0x00,0x00,0x00,0x00,0x00,
    0x00,0x00,0x00,0x00,0x00,0x00,0x00,0x00,0x00,0x00,0x00,0x00,0x00,0x00,0x00,0x00,0x00,0x00,0x00,0x00,
    0x00,0x00,0x00,0x00,0x00,0x00,0x00,0x00,0x00,0x00,0x00,0x00,0x00,0x00,0x00,0x00,0x00,0x00,0x00,0x00,
    0x00,0x00,0x00,0x00,0x00,0x00,0x00,0x00,0x00,0x00,0x00,0x00,0x00,0x00,0x00,0x00,0x00,0x00,0x00,0x00,
    0x00,0x00,0x00,0x00,0x00,0x00,0x00,0x00,0x00,0x00,0x00,0x00,0x00,0x00,0x00,0x00,0x00,0x00,0x00,0x00,
    0x00,0x00,0x00,0x00,0x00,0x00,0x00,0x00,0x00,0x00,0x00,0x00,0x00,0x00,0x00,0x00,0x00,0x00,0x00,0x00,
    0x00,0x00,0x00,0x00,0x00,0x00,0x00,0x00,0x00,0x00,0x00,0x00,0x00,0x00,0x00,0x00,
};
const lv_image_dsc_t img_reset = {
    .header.magic = LV_IMAGE_HEADER_MAGIC,
    .header.cf = LV_COLOR_FORMAT_A8,
    .header.w = 152,
    .header.h = 23,
    .header.stride = 152,
    .data_size = sizeof(img_reset_map),
    .data = img_reset_map,
};

// Wi-Fi หลุด กำลังต่อใหม่  (205x30)
static const uint8_t img_wifi_lost_map[] = {
    0x00,0x00,0x00,0x00,0x00,0x00,0x00,0x00,0x00,0x00,0x00,0x00,0x00,0x00,0x00,0x00,0x00,0x00,0x00,0x00,
    0x00,0x00,0x00,0x00,0x00,0x00,0x00,0x00,0x00,0x00,0x00,0x00,0x00,0x00,0x00,0x00,0x00,0x00,0x00,0x00,
    0x00,0x00,0x00,0x00,0x00,0x00,0x00,0x00,0x00,0x00,0x00,0x00,0x00,0x00,0x00,0x00,0x00,0x00,0x00,0x00,
    0x00,0x00,0x00,0x00,0x00,0x00,0x00,0x00,0x00,0x00,0x00,0x00,0x00,0x00,0x00,0x00,0x00,0x00,0x00,0x00,
    0x00,0x00,0x00,0x00,0x00,0x00,0x00,0x00,0x00,0x00,0x00,0x00,0x00,0x00,0x00,0x00,0x00,0x00,0x00,0x00,
    0x00,0x00,0x00,0x00,0x00,0x00,0x00,0x00,0x00,0x00,0x00,0x00,0x00,0x00,0x00,0x00,0x00,0x00,0x00,0x00,
    0x00,0x00,0x00,0x00,0x00,0x00,0x00,0x00,0x00,0x00,0x00,0x00,0x00,0x00,0x00,0x00,0x00,0x00,0x00,0x00,
    0x00,0x00,0x00,0x00,0x00,0x00,0x00,0x00,0x00,0x00,0x00,0x00,0x00,0x00,0x00,0x00,0x00,0x00,0x00,0x00,
    0x00,0x00,0x00,0x00,0x00,0x00,0x00,0x00,0x00,0x00,0x00,0x00,0x00,0x00,0x00,0x00,0x00,0x00,0x00,0x00,
    0x00,0x00,0x00,0x00,0x00,0x00,0x00,0x00,0x00,0x00,0x00,0x00,0x00,0x00,0x00,0x00,0x00,0x00,0x00,0x00,
    0x00,0x00,0x00,0x00,0x00,0x00,0x00,0x00,0x00,0x00,0x00,0x00,0x00,0x00,0x00,0x00,0x00,0x00,0x00,0x00,
    0x00,0x00,0x00,0x00,0x00,0x00,0x00,0x00,0x00,0x00,0x00,0x00,0x00,0x00,0x00,0x00,0x00,0x00,0x00,0x00,
    0x00,0x00,0x00,0x00,0x00,0x00,0x00,0x00,0x00,0x00,0x00,0x00,0x00,0x00,0x00,0x00,0x00,0x00,0x00,0x00,
    0x00,0x00,0x00,0x00,0x00,0x00,0x00,0x00,0x00,0x00,0x00,0x00,0x00,0x00,0x00,0x00,0x00,0x00,0x00,0x00,
    0x00,0x00,0x00,0x00,0x00,0x00,0x00,0x00,0x00,0x00,0x00,0x00,0x00,0x00,0x00,0x00,0x00,0x00,0x00,0x00,
    0x00,0x00,0x00,0x00,0x00,0x00,0x00,0x00,0x00,0x00,0x00,0x00,0x00,0x00,0x00,0x00,0x00,0x00,0x00,0x00,
    0x00,0x00,0x00,0x00,0x00,0x00,0x00,0x00,0x00,0x00,0x00,0x00,0x00,0x00,0x00,0x00,0x00,0x00,0x00,0x00,
    0x00,0x00,0x00,0x00,0x00,0x00,0x00,0x00,0x00,0x00,0x00,0x00,0x00,0x00,0x00,0x00,0x00,0x00,0x00,0x00,
    0x00,0x00,0x00,0x00,0x00,0x00,0x00,0x00,0x00,0x00,0x00,0x00,0x00,0x00,0x00,0x00,0x00,0x00,0x00,0x00,
    0x00,0x00,0x00,0x00,0x00,0x00,0x00,0x00,0x00,0x00,0x00,0x00,0x00,0x00,0x00,0x00,0x00,0x00,0x00,0x00,
    0x00,0x00,0x00,0x00,0x00,0x00,0x00,0x00,0x00,0x00,0x00,0x00,0x00,0x00,0x00,0x00,0x00,0x00,0x00,0x00,
    0x00,0x00,0x00,0x00,0x00,0x00,0x00,0x00,0x00,0x00,0x00,0x00,0x00,0x00,0x00,0x00,0x00,0x00,0x00,0x00,
    0x00,0x00,0x00,0x00,0x00,0x00,0x00,0x00,0x00,0x00,0x00,0x00,0x00,0x00,0x00,0x00,0x00,0x00,0x00,0x00,
    0x00,0x00,0x00,0x00,0x00,0x00,0x00,0x00,0x00,0x00,0x00,0x00,0x00,0x00,0x00,0x00,0x00,0x00,0x00,0x00,
    0x00,0x00,0x00,0x00,0x00,0x00,0x00,0x00,0x00,0x00,0x00,0x00,0x00,0x00,0x00,0x00,0x00,0x00,0x00,0x00,
    0x00,0x00,0x00,0x00,0x00,0x00,0x00,0x00,0x00,0x00,0x00,0x00,0x00,0x00,0x00,0x00,0x00,0x00,0x00,0x00,
    0x00,0x00,0x00,0x00,0x00,0x00,0x00,0x00,0x00,0x00,0x00,0x00,0x00,0x00,0x00,0x00,0x00,0x00,0x00,0x00,
    0x00,0x00,0x00,0x00,0x00,0x00,0x00,0x00,0x00,0x00,0x00,0x00,0x00,0x00,0x00,0x00,0x00,0x00,0x00,0x00,
    0x00,0x00,0x00,0x00,0x00,0x00,0x00,0x00,0x00,0x00,0x00,0x00,0x00,0x00,0x00,0x00,0x00,0x00,0x00,0x00,
    0x64,0xd4,0xf6,0xdc,0x79,0x03,0x00,0x00,0x00,0x00,0x00,0x00,0x00,0x00,0x00,0x00,0x00,0x00,0x00,0x00,
    0x00,0x00,0x00,0x00,0x00,0x00,0x00,0x00,0x00,0x00,0x00,0x00,0x00,0x00,0x00,0x00,0x00,0x00,0x00,0x00,
    0x00,0x00,0x00,0x00,0x00,0x00,0x00,0x00,0x00,0x00,0x00,0x00,0x00,0x00,0x00,0x00,0x00,0x00,0x00,0x00,
    0x00,0x00,0x00,0x00,0x00,0x00,0x00,0x00,0x00,0x00,0x00,0x00,0x00,0x00,0x00,0x00,0x00,0x00,0x00,0x00,
    0x00,0x00,0x00,0x00,0x00,0x00,0x00,0x00,0x00,0x00,0x00,0x00,0x00,0x00,0x00,0x00,0x00,0x00,0x00,0x00,
    0x00,0x00,0x00,0x00,0x00,0x00,0x00,0x00,0x00,0x00,0x00,0x00,0x00,0x00,0x00,0x00,0x00,0x00,0x00,0x00,
    0x00,0x00,0x00,0x00,0x00,0x00,0x00,0x00,0x00,0x00,0x00,0x00,0x00,0x00,0x00,0x00,0x00,0x00,0x00,0x00,
    0x00,0x00,0x00,0x00,0x00,0x00,0x00,0x00,0x00,0x00,0x00,0x00,0x00,0x00,0x00,0x00,0x00,0x00,0x00,0x00,
    0x00,0x00,0x00,0x00,0x00,0x00,0x00,0x00,0x00,0x00,0x00,0x00,0x00,0x00,0x00,0x00,0x00,0x00,0x00,0x00,
    0x00,0x00,0x00,0x00,0x00,0x00,0x00,0x00,0x00,0x00,0x00,0x00,0x00,0x00,0x00,0x00,0x00,0x00,0x00,0x00,
    0x00,0x00,0x00,0x00,0x5f,0xe9,0x76,0x53,0xad,0xff,0x7a,0x00,0x00,0x00,0x00,0x00,0x00,0x00,0x00,0x00,
    0x00,0x00,0x00,0x00,0x00,0x00,0x00,0x00,0x00,0x00,0x00,0x00,0x00,0x00,0x00,0x00,0x00,0x00,0x00,0x00,
    0x00,0x00,0x00,0x00,0x00,0x00,0x00,0x00,0x00,0x00,0x00,0x00,0x00,0x00,0x00,0x00,0x00,0x00,0x00,0x00,
    0x00,0x00,0x00,0x00,0x00,0x00,0x00,0x00,0x00,0x00,0x00,0x00,0x00,0x00,0x00,0x00,0x00,0x00,0x00,0x00,
    0x00,0x00,0x00,0x00,0x00,0x00,0x00,0x00,0x00,0x00,0x00,0x00,0x00,0x00,0x00,0x00,0x00,0x00,0x00,0x00,
    0x00,0x00,0x00,0x00,0x00,0x00,0x00,0x00,0x00,0x00,0x00,0x00,0x00,0x00,0x00,0x00,0x00,0x00,0x00,0x00,
    0x00,0x00,0x00,0x00,0x00,0x00,0x00,0x00,0x00,0x00,0x00,0x00,0x00,0x00,0x00,0x00,0x00,0x00,0x00,0x00,
    0x00,0x00,0x00,0x00,0x00,0x00,0x00,0x00,0x01,0x01,0x00,0x00,0x00,0x00,0x00,0x00,0x00,0x00,0x00,0x00,
    0x00,0x00,0x00,0x00,0x00,0x00,0x00,0x00,0x00,0x03,0x00,0x00,0x00,0x00,0x00,0x00,0x00,0x00,0x00,0x00,
    0x00,0x00,0x00,0x00,0x00,0x00,0x00,0x00,0x00,0x00,0x00,0x00,0x1e,0x2c,0x00,0x00,0x00,0x00,0x00,0x00,
    0x00,0x00,0x00,0x00,0x00,0x00,0x00,0x00,0x00,0xce,0xff,0xf1,0x54,0x0e,0xff,0xcf,0x00,0x00,0x00,0x00,
    0x00,0x00,0x00,0x00,0x00,0x00,0x00,0x00,0x00,0x00,0x00,0x00,0x00,0x00,0x00,0x00,0x00,0x00,0x00,0x00,
    0x00,0x00,0x00,0x00,0x00,0x00,0x00,0x00,0x00,0x00,0x00,0x00,0x00,0x00,0x00,0x00,0x00,0x00,0x00,0x00,
    0x00,0x00,0x00,0x00,0x00,0x00,0x00,0x00,0x00,0x00,0x00,0x00,0x00,0x00,0x00,0x00,0x00,0x00,0x00,0x00,
    0x00,0x00,0x00,0x00,0x00,0x00,0x00,0x00,0x00,0x00,0x00,0x00,0x00,0x00,0x00,0x00,0x00,0x00,0x00,0x00,
    0x00,0x00,0x00,0x00,0x00,0x00,0x00,0x00,0x00,0x00,0x00,0x00,0x00,0x00,0x00,0x00,0x00,0x00,0x00,0x00,
    0x00,0x00,0x00,0x00,0x00,0x00,0x00,0x00,0x00,0x00,0x00,0x00,0x00,0x00,0x00,0x00,0x00,0x00,0x00,0x00,
    0x00,0x00,0x00,0x00,0x00,0x00,0x00,0x00,0x00,0x00,0x00,0x00,0x58,0xef,0xef,0x51,0x00,0x00,0x00,0x00,
    0x00,0x00,0x00,0x00,0x00,0x00,0x00,0x00,0x00,0x00,0x00,0x00,0x00,0x9c,0xf7,0xd5,0x1b,0x00,0x02,0xf3,
    0xed,0x00,0x00,0x00,0x00,0x00,0x00,0x00,0x00,0x00,0x00,0x00,0x00,0x00,0x00,0x00,0x00,0xb0,0xff,0x00,
    0x00,0x00,0x00,0x00,0x00,0x00,0x00,0x00,0x00,0x00,0x00,0x00,0x00,0x00,0xf6,0x6f,0x66,0xdf,0x00,0xff,
    0xe0,0x00,0x00,0x00,0x00,0x00,0x00,0x00,0x00,0x00,0x00,0x00,0x00,0x00,0x00,0x00,0x00,0x00,0x00,0x00,
    0x00,0x00,0x00,0x00,0x00,0x00,0x00,0x00,0x00,0x00,0x00,0x00,0x00,0x00,0x00,0x00,0x00,0x00,0x00,0x00,
    0x00,0x00,0x00,0x00,0x00,0x00,0x00,0x00,0x00,0x00,0x00,0x00,0x00,0x00,0x00,0x00,0x00,0x00,0x00,0x00,
    0x00,0x00,0x00,0x00,0x00,0x00,0x00,0x00,0x00,0x00,0x00,0x00,0x00,0x00,0x00,0x00,0x00,0x00,0x00,0x00,
    0x00,0x00,0x00,0x00,0x00,0x00,0x00,0x00,0x00,0x00,0x00,0x00,0x00,0x00,0x00,0x00,0x00,0x00,0x00,0x00,
    0x00,0x00,0x00,0x00,0x00,0x00,0x00,0x00,0x00,0x00,0x00,0x00,0x00,0x00,0x00,0x00,0x00,0x00,0x00,0x00,
    0x00,0x00,0x00,0x00,0x00,0x00,0x00,0x00,0x00,0x00,0x00,0x00,0x00,0x00,0x00,0x00,0x02,0xf2,0x3a,0x40,
    0xe6,0x00,0x00,0x00,0x00,0x00,0x00,0x00,0x00,0x00,0x00,0x00,0x00,0x00,0x00,0x00,0x00,0x28,0xec,0x0a,
    0xaf,0x78,0x00,0x57,0xff,0x91,0x00,0x00,0x00,0x00,0x00,0x00,0x00,0x00,0x00,0x00,0x00,0x00,0x00,0x00,
    0x00,0x00,0xb0,0xff,0x00,0x00,0x00,0x00,0x00,0x00,0x00,0x00,0x00,0x00,0x00,0x00,0x00,0x00,0x00,0xda,
    0x36,0x43,0xf2,0x00,0xff,0xe0,0x00,0x00,0x00,0x00,0x00,0x00,0x00,0x00,0x00,0x00,0x00,0x00,0x00,0x00,
    0x00,0x00,0x00,0x00,0x00,0x00,0x00,0x00,0x00,0x00,0xb0,0xff,0x00,0x00,0x00,0x00,0x00,0x1f,0xff,0xc4,
    0x00,0x00,0x00,0x00,0x00,0x8a,0xff,0xac,0x00,0x00,0x00,0x00,0x00,0xaa,0xfe,0x12,0x00,0xff,0xe4,0x00,
    0x00,0x00,0x00,0x00,0x00,0x00,0x00,0x00,0x00,0xff,0xff,0xff,0xff,0xff,0xff,0xff,0xff,0x80,0x00,0x00,
    0xff,0xe4,0x00,0x00,0x00,0x00,0x00,0x00,0x00,0x00,0x00,0x00,0x00,0x00,0x00,0x00,0x00,0x00,0x00,0x00,
    0x00,0x00,0x00,0x00,0x00,0x00,0x00,0x00,0x00,0x00,0x00,0x00,0x00,0x00,0x00,0x00,0x00,0x00,0x00,0x00,
    0x00,0x00,0x00,0x00,0x00,0x00,0x00,0x00,0x00,0x00,0x00,0x00,0x00,0x00,0x00,0x00,0x00,0x00,0x00,0x00,
    0x00,0x02,0xf0,0x3a,0x4a,0xe4,0x00,0x00,0x00,0x00,0x00,0x00,0x00,0x00,0x00,0x00,0x00,0x00,0x00,0x00,
    0x00,0x00,0x18,0xf6,0x76,0xdc,0x73,0x72,0xf5,0xbc,0x0a,0x00,0x00,0x00,0x00,0x00,0x00,0x00,0x00,0x00,
    0x00,0x00,0x00,0x00,0x00,0x00,0x00,0xb0,0xff,0x00,0x00,0x00,0x00,0x00,0x00,0x00,0x00,0x00,0x00,0x00,
    0x00,0x00,0x00,0x00,0x57,0xfb,0xff,0x89,0x00,0xff,0xe0,0x00,0x00,0x00,0x00,0x00,0x00,0x00,0x00,0x00,
    0x00,0x00,0x00,0x00,0x00,0x00,0x00,0x00,0x00,0x00,0x00,0x00,0x00,0x00,0x00,0xb0,0xff,0x00,0x00,0x00,
    0x00,0x00,0x00,0xe4,0xf8,0x06,0x00,0x00,0x00,0x00,0xcd,0xff,0xec,0x01,0x00,0x00,0x00,0x00,0xe5,0xd5,
    0x00,0x00,0x7c,0x6e,0x00,0x00,0x00,0x00,0x00,0x00,0x00,0x00,0x00,0x00,0xff,0xf1,0x7c,0x7c,0x7c,0x7c,
    0x7c,0x7c,0x3e,0x00,0x00,0x7c,0x6e,0x00,0x00,0x00,0x00,0x00,0x00,0x00,0x00,0x00,0x00,0x00,0x00,0x00,
    0x00,0x00,0x00,0x00,0x00,0x00,0x00,0x00,0x00,0x00,0x00,0x00,0x00,0x00,0x00,0x00,0x00,0x00,0x00,0x00,
    0x00,0x00,0x00,0x00,0x00,0x00,0x00,0x00,0x00,0x00,0x00,0x00,0x00,0x00,0x00,0x00,0x00,0x00,0x00,0x00,
    0x00,0x00,0x00,0x00,0x00,0x00,0x00,0x52,0xe5,0xe6,0x4e,0x00,0x00,0x00,0x00,0x00,0x00,0x00,0x00,0x00,
    0x00,0x00,0x00,0x00,0x00,0x00,0x00,0x00,0x4d,0xc3,0xf0,0xfa,0xd4,0x6f,0x03,0x00,0x00,0x00,0x00,0x00,
    0x00,0x00,0x00,0x00,0x00,0x00,0x00,0x00,0x00,0x00,0x00,0x00,0x10,0x18,0x00,0x00,0x00,0x00,0x00,0x00,
    0x00,0x00,0x00,0x00,0x00,0x00,0x00,0x00,0x00,0x00,0x1b,0x27,0x00,0x00,0xff,0xe0,0x00,0x00,0x00,0x00,
    0x00,0x00,0x00,0x00,0x00,0x00,0x00,0x00,0x00,0x00,0x00,0x00,0x00,0x00,0x00,0x00,0x00,0x00,0x00,0x00,
    0xb0,0xff,0x00,0x00,0x00,0x00,0x00,0x00,0xaa,0xff,0x39,0x00,0x00,0x00,0x12,0xfd,0xe0,0xff,0x2e,0x00,
    0x00,0x00,0x22,0xff,0x99,0x00,0x00,0x00,0x00,0x00,0x00,0x00,0x00,0x00,0x00,0x00,0x00,0x00,0x00,0xff,
    0xe4,0x00,0x00,0x00,0x00,0x00,0x00,0x00,0x00,0x00,0x00,0x00,0x00,0x00,0x00,0x00,0x00,0x00,0x00,0x00,
    0x00,0x00,0x00,0x00,0x00,0x00,0x00,0x00,0x00,0x00,0x00,0x00,0x00,0x00,0x00,0x00,0x00,0x00,0x00,0x00,
    0x00,0x00,0x00,0x00,0x00,0x00,0x00,0x00,0x00,0x00,0x00,0x00,0x00,0x00,0x00,0x00,0x00,0x00,0x00,0x00,
    0x00,0x00,0x00,0x00,0x00,0x00,0x00,0x00,0x00,0x00,0x00,0x00,0x00,0x00,0x00,0x00,0x00,0x00,0x00,0x00,
    0x00,0x00,0x00,0x00,0x00,0x00,0x00,0x00,0x00,0x00,0x00,0x00,0x00,0x00,0x00,0x00,0x00,0x00,0x00,0x00,
    0x00,0x00,0x00,0x00,0x00,0x00,0x00,0x00,0x00,0x00,0x00,0x00,0x00,0x00,0x00,0x00,0x00,0x00,0x00,0x00,
    0x00,0x00,0x00,0x00,0x00,0x00,0x00,0x00,0x00,0x00,0x00,0x00,0x00,0x00,0x00,0x00,0x00,0x00,0x00,0xff,
    0xe0,0x00,0x00,0x00,0x00,0x00,0x00,0x00,0x00,0x00,0x00,0x00,0x00,0x00,0x00,0x00,0x00,0x00,0x00,0x00,
    0x00,0x00,0x00,0x00,0x00,0x2c,0x40,0x00,0x00,0x00,0x00,0x00,0x00,0x6f,0xff,0x73,0x00,0x00,0x00,0x54,
    0xff,0x7d,0xff,0x6f,0x00,0x00,0x00,0x5e,0xff,0x5c,0x00,0x00,0x00,0x00,0x00,0x00,0x00,0x00,0x00,0x00,
    0x00,0x00,0x00,0x00,0xff,0xe4,0x00,0x00,0x00,0x00,0x00,0x00,0x00,0x00,0x00,0x00,0x00,0x00,0x00,0x00,
    0x00,0x00,0x00,0x00,0x00,0x00,0x00,0x53,0xee,0xe5,0x48,0x00,0x00,0x00,0x59,0xe6,0xe7,0x4c,0x00,0x00,
    0x00,0x04,0x19,0x20,0x0a,0x00,0x00,0x00,0x00,0x00,0x00,0x00,0x08,0x76,0xce,0xf5,0xf9,0xe0,0xa1,0x29,
    0x00,0x00,0x00,0x00,0x00,0x00,0x00,0x00,0x00,0x00,0x00,0x00,0x00,0x03,0x1a,0x1e,0x09,0x00,0x00,0x00,
    0x00,0x00,0x00,0x00,0x01,0x1a,0x13,0x00,0x00,0x00,0x00,0x00,0x00,0x00,0x00,0x04,0x19,0x20,0x0a,0x00,
    0x00,0x00,0x00,0x00,0x00,0x00,0x54,0xef,0xdf,0x3c,0x00,0x00,0x00,0x00,0x00,0x00,0x10,0x43,0x00,0x00,
    0x23,0x3e,0x00,0x00,0x00,0x00,0x00,0x2b,0xa2,0xe2,0xf9,0xe6,0xa9,0x2e,0x00,0x00,0x00,0x00,0x00,0x00,
    0x00,0x00,0x00,0x00,0xff,0xe0,0x00,0x00,0x00,0x53,0xee,0xe5,0x48,0x00,0x00,0x00,0x59,0xe6,0xe7,0x4c,
    0x00,0x00,0x00,0x0e,0x03,0x00,0x00,0x00,0x00,0x00,0x00,0x00,0x00,0x00,0x00,0x00,0x00,0x00,0x34,0xff,
    0xad,0x00,0x00,0x00,0x97,0xf6,0x1b,0xfe,0xb1,0x00,0x00,0x00,0x9a,0xff,0x20,0x00,0x00,0xff,0xe4,0x00,
    0x00,0x00,0x00,0x00,0x00,0x00,0x00,0x00,0x00,0xff,0xe4,0x00,0x00,0x00,0x00,0x00,0x00,0x00,0x00,0x00,
    0xff,0xe4,0x00,0x00,0x00,0x00,0x00,0x00,0x00,0x00,0x00,0x00,0xdf,0x80,0xb8,0xde,0x00,0x00,0x00,0xef,
    0x85,0x84,0xe0,0x00,0x26,0xaf,0xf7,0xff,0xff,0xfe,0xca,0x4d,0x00,0x00,0x00,0x00,0x0f,0xcc,0xff,0xae,
    0x61,0x5d,0x92,0xf9,0xf6,0x34,0x00,0x00,0x00,0x00,0x00,0x00,0x00,0x00,0x00,0x00,0x0e,0x8b,0xed,0xff,
    0xff,0xfb,0xbf,0x35,0x00,0x00,0x00,0x05,0x89,0xf4,0xff,0xff,0xe6,0x6e,0x01,0x00,0x00,0x00,0x26,0xaf,
    0xf7,0xff,0xff,0xfe,0xca,0x4d,0x00,0x00,0x00,0x00,0x00,0xdf,0x82,0xaf,0xd1,0x00,0x00,0x00,0x00,0x00,
    0x5e,0xf0,0xff,0xb2,0x7c,0xf3,0xff,0xaa,0x04,0x00,0x00,0x45,0xf5,0xcc,0x6d,0x53,0x7c,0xf1,0xf5,0x2c,
    0x00,0x00,0x00,0x00,0x00,0x00,0x00,0x00,0x00,0xff,0xe0,0x00,0x00,0x00,0xdf,0x80,0xb8,0xde,0x00,0x00,
    0x00,0xef,0x85,0x84,0xe0,0x00,0x00,0x78,0xfd,0xf4,0x56,0x00,0x00,0x00,0x00,0xcd,0xf4,0x00,0x00,0x00,
    0x00,0x00,0x00,0x04,0xf5,0xe7,0x00,0x00,0x00,0xda,0xba,0x00,0xd1,0xef,0x02,0x00,0x00,0xd6,0xe4,0x00,
    0x00,0x00,0xff,0xe4,0x00,0x00,0x00,0x00,0x00,0x00,0x00,0x00,0x00,0x00,0xff,0xe4,0x00,0x00,0x00,0x00,
    0x00,0x00,0x00,0x00,0x00,0xff,0xe4,0x00,0x00,0x00,0x00,0x00,0x00,0x00,0x00,0x00,0x00,0xf1,0x38,0x85,
    0xff,0x00,0x00,0x00,0xcd,0x3a,0x3a,0xef,0x3e,0xf6,0xa5,0x39,0x10,0x06,0x32,0xc0,0xff,0x4c,0x00,0x00,
    0x00,0x90,0xff,0x8c,0x00,0x01,0x01,0x00,0x51,0xff,0xb9,0x00,0x00,0x00,0x00,0x00,0x00,0x00,0x00,0x00,
    0x20,0xd7,0xb6,0x3c,0x0b,0x0d,0x50,0xeb,0xf8,0x2f,0x00,0x00,0x9a,0xdb,0x49,0x0e,0x1a,0xa4,0xff,0x77,
    0x00,0x00,0x3e,0xf6,0xa5,0x39,0x10,0x06,0x32,0xc0,0xff,0x4c,0x00,0x00,0x00,0x00,0xf1,0x42,0x82,0xfc,
    0x00,0x00,0x00,0x00,0x40,0xfe,0xd4,0x70,0xd6,0xdf,0x7a,0xa9,0xff,0x7c,0x00,0x00,0xd1,0xa5,0x01,0x00,
    0x00,0x00,0x5a,0xff,0xa8,0x00,0x00,0x00,0x00,0x00,0x00,0x00,0x00,0x00,0xff,0xe0,0x00,0x00,0x00,0xf1,
    0x38,0x85,0xff,0x00,0x00,0x00,0xcd,0x3a,0x3a,0xef,0x00,0x03,0xf6,0x31,0xbb,0xe3,0x00,0x00,0x00,0x00,
    0xd8,0xff,0x00,0x00,0x00,0x00,0x00,0x00,0x00,0xbf,0xff,0x22,0x00,0x1e,0xff,0x76,0x00,0x8e,0xff,0x33,
    0x00,0x13,0xfe,0xa8,0x00,0x00,0x00,0xff,0xe4,0x00,0x00,0x00,0x00,0x00,0x00,0x00,0x00,0x00,0x00,0xff,
    0xe7,0x24,0x24,0x24,0x24,0x24,0x17,0x00,0x00,0x00,0xff,0xe4,0x00,0x00,0x00,0x00,0x00,0x00,0x00,0x00,
    0x00,0x00,0x8c,0xff,0xff,0xff,0x00,0x04,0x96,0xfd,0xff,0xff,0x72,0x27,0x76,0x00,0x00,0x00,0x00,0x00,
    0x28,0xff,0xc0,0x00,0x00,0x00,0xe4,0xff,0x0f,0x5a,0xf2,0xef,0x50,0x01,0xf3,0xf2,0x00,0x00,0x00,0x00,
    0x00,0x00,0x00,0x00,0x00,0xe9,0xe0,0x56,0x2e,0x07,0x00,0x00,0x71,0xff,0xb1,0x00,0x07,0xd4,0x24,0x00,
    0x00,0x00,0x0b,0xfb,0xdc,0x00,0x00,0x27,0x76,0x00,0x00,0x00,0x00,0x00,0x28,0xff,0xc0,0x00,0x00,0x00,
    0x00,0x8c,0xff,0xff,0xff,0x00,0x00,0x00,0x00,0xb1,0xff,0x3f,0x00,0x0e,0x17,0x00,0x0b,0xf9,0xd5,0x00,
    0x00,0x2b,0x16,0x01,0x01,0x00,0x00,0x12,0xff,0xd7,0x00,0x00,0x00,0x00,0x00,0x00,0x00,0x00,0x00,0xff,
    0xe0,0x00,0x00,0x00,0x8c,0xff,0xff,0xff,0x00,0x04,0x96,0xfd,0xff,0xff,0x72,0x00,0x03,0xf6,0x3f,0xbf,
    0xff,0x00,0x00,0x00,0x00,0xd8,0xff,0x00,0x00,0x00,0x00,0x00,0x00,0x00,0x84,0xff,0x5c,0x00,0x61,0xff,
    0x32,0x00,0x4c,0xff,0x74,0x00,0x4e,0xff,0x6b,0x00,0x00,0x00,0xff,0xe4,0x00,0x00,0x00,0x28,0x28,0x28,
    0x28,0x28,0x28,0x00,0xff,0xff,0xff,0xff,0xff,0xff,0xff,0xa8,0x00,0x00,0x00,0xff,0xe4,0x00,0x00,0x00,
    0x00,0x00,0x00,0x00,0x00,0x00,0x00,0x00,0x2c,0xe4,0xff,0x01,0xa3,0xff,0xb2,0x63,0xff,0x98,0x00,0x00,
    0x72,0xe7,0xf4,0xb5,0x29,0x04,0xff,0xe1,0x00,0x00,0x00,0xfa,0xe8,0x00,0xe5,0x72,0x71,0xdd,0x00,0xe0,
    0xff,0x00,0x00,0x00,0x00,0x00,0x00,0x00,0x00,0x01,0x74,0x9e,0xfa,0xf8,0x43,0x00,0x00,0x40,0xff,0xd7,
    0x00,0x00,0x02,0x00,0x00,0x00,0x00,0x00,0xe8,0xfc,0x00,0x00,0x00,0x00,0x76,0xe8,0xf4,0xb5,0x29,0x04,
    0xff,0xe1,0x00,0x09,0x00,0x00,0x00,0x2d,0xe5,0xff,0x00,0x00,0x00,0x00,0xe2,0xff,0x0b,0x67,0xfa,0xff,
    0x9d,0x00,0xdb,0xfa,0x00,0x00,0x00,0x49,0xee,0xf5,0x70,0x00,0x00,0xff,0xe0,0x00,0x00,0x00,0x00,0x00,
    0x00,0x00,0x00,0x00,0xff,0xe0,0x00,0x00,0x00,0x00,0x2c,0xe4,0xff,0x01,0xa3,0xff,0xb2,0x63,0xff,0x98,
    0x00,0x00,0x6f,0xf6,0xfe,0xff,0x00,0x00,0x00,0x00,0xd8,0xff,0x00,0x00,0x00,0x00,0x00,0x00,0x00,0x4a,
    0xff,0x96,0x00,0xa4,0xec,0x01,0x00,0x0d,0xfb,0xb6,0x00,0x8a,0xff,0x2f,0x00,0x00,0x00,0xff,0xe4,0x00,
    0x00,0x00,0xff,0xff,0xff,0xff,0xff,0xff,0x00,0xff,0xed,0x54,0x54,0x54,0x54,0x54,0x37,0x00,0x00,0x00,
    0xff,0xe4,0x00,0x00,0x00,0x00,0x00,0x00,0x00,0x00,0x00,0x00,0x00,0x00,0xe0,0xff,0x78,0xff,0xb3,0x03,
    0x00,0xff,0xdf,0x00,0x54,0xff,0xa5,0x38,0x92,0xf2,0x28,0xff,0xe4,0x00,0x00,0x00,0xe7,0xf7,0x00,0xf0,
    0x2f,0x2f,0xec,0x00,0xe0,0xff,0x00,0x00,0x00,0x00,0x00,0x00,0x00,0x00,0x00,0x00,0xc1,0xfb,0x2a,0x00,
    0x00,0x00,0x38,0xff,0xdc,0x00,0x00,0x00,0x00,0x00,0x00,0x00,0x00,0xe4,0xff,0x00,0x00,0x00,0x59,0xff,
    0xa5,0x38,0x92,0xf2,0x28,0xff,0xe4,0x06,0xdf,0x59,0x00,0x00,0x00,0xe0,0xff,0x00,0x00,0x00,0x00,0xdc,
    0xff,0x0e,0xeb,0x5c,0x32,0xfe,0x15,0xd8,0xff,0x00,0x00,0x00,0xe4,0xac,0x76,0xf2,0x00,0x00,0xff,0xe0,
    0x00,0x00,0x00,0x00,0x00,0x00,0x00,0x00,0x00,0xff,0xe0,0x00,0x00,0x00,0x00,0x00,0xe0,0xff,0x78,0xff,
    0xb3,0x03,0x00,0xff,0xdf,0x00,0x00,0x00,0x00,0xe0,0xff,0x00,0x00,0x00,0x00,0xd8,0xff,0x00,0x00,0x00,
    0x00,0x00,0x00,0x00,0x10,0xfe,0xd1,0x00,0xe6,0xaa,0x00,0x00,0x00,0xc7,0xf3,0x04,0xc6,0xf0,0x02,0x00,
    0x00,0x00,0xff,0xe4,0x00,0x00,0x00,0x54,0x54,0x54,0x54,0x54,0x54,0x00,0xff,0xe4,0x00,0x00,0x00,0x00,
    0x00,0x00,0x00,0x00,0x00,0xff,0xe4,0x00,0x00,0x00,0x00,0x00,0x00,0x00,0x00,0x00,0x00,0x00,0x00,0xe0,
    0xff,0xf6,0xe3,0x10,0x00,0x00,0xff,0xe0,0x00,0xb0,0xff,0x22,0x00,0x00,0x9c,0xcd,0xff,0xe4,0x00,0x00,
    0x00,0xbb,0xff,0x1e,0x67,0xf6,0xff,0x89,0x00,0xe0,0xff,0x00,0x00,0x00,0x00,0x00,0x00,0x00,0x00,0x00,
    0x00,0xfd,0xdc,0x00,0x00,0x00,0x00,0x38,0xff,0xdc,0x00,0x00,0x00,0x00,0x00,0x00,0x00,0x00,0xe4,0xff,
    0x00,0x00,0x00,0xb3,0xff,0x22,0x00,0x00,0x9c,0xcd,0xff,0xe4,0x00,0x36,0xed,0x62,0x00,0x00,0xe0,0xff,
    0x00,0x00,0x00,0x00,0xb5,0xff,0x2b,0xd1,0xa0,0x81,0xf3,0x09,0xd8,0xff,0x00,0x00,0x00,0xff,0xff,0xff,
    0xac,0x00,0x00,0xff,0xe0,0x00,0x00,0x00,0x00,0x00,0x00,0x00,0x00,0x00,0xff,0xe0,0x00,0x00,0x00,0x00,
    0x00,0xe0,0xff,0xf6,0xe3,0x10,0x00,0x00,0xff,0xe0,0x00,0x00,0x00,0x00,0xe0,0xff,0x00,0x00,0x00,0x00,
    0xd8,0xff,0x00,0x00,0x00,0x00,0x00,0x00,0x00,0x00,0xd4,0xfd,0x36,0xff,0x66,0x00,0x00,0x00,0x84,0xff,
    0x3e,0xf9,0xb7,0x00,0x00,0x00,0x00,0xff,0xe4,0x00,0x00,0x00,0x00,0x00,0x00,0x00,0x00,0x00,0x00,0xff,
    0xe4,0x00,0x00,0x00,0x00,0x00,0x00,0x00,0x00,0x00,0xff,0xe4,0x00,0x00,0x00,0x00,0x00,0x00,0x00,0x00,
    0x00,0x00,0x00,0x00,0xe0,0xff,0xff,0x58,0x00,0x00,0x00,0xff,0xe0,0x00,0xd7,0xff,0x04,0x00,0x00,0x11,
    0xf0,0xff,0xe4,0x00,0x00,0x00,0x89,0xff,0x54,0x00,0xb9,0xe4,0x0e,0x00,0xe0,0xff,0x00,0x00,0x00,0x00,
    0x00,0x00,0x00,0x00,0x00,0x00,0xff,0xd8,0x00,0x00,0x00,0x00,0x38,0xff,0xdc,0x00,0x00,0x00,0x00,0x00,
    0x00,0x00,0x00,0xe4,0xff,0x00,0x00,0x00,0xd8,0xff,0x04,0x00,0x00,0x11,0xf0,0xff,0xe4,0x00,0x00,0x3f,
    0xf8,0x58,0x00,0xe0,0xff,0x00,0x00,0x00,0x00,0x7d,0xff,0x5e,0x26,0xc2,0xff,0x72,0x00,0xd8,0xff,0x00,
    0x00,0x00,0xff,0xe5,0x2f,0x02,0x00,0x00,0xff,0xe0,0x00,0x00,0x00,0x00,0x00,0x00,0x00,0x00,0x00,0xff,
    0xe0,0x03,0x00,0x00,0x00,0x00,0xe0,0xff,0xff,0x58,0x00,0x00,0x00,0xff,0xe0,0x00,0x00,0x37,0xd5,0xff,
    0xff,0xbb,0x5f,0x02,0x00,0xd8,0xff,0x00,0x00,0x00,0x00,0x00,0x00,0x00,0x00,0x9a,0xff,0x96,0xff,0x22,
    0x00,0x00,0x00,0x41,0xff,0x9b,0xff,0x7a,0x00,0x00,0x00,0x00,0xff,0xe4,0x00,0x00,0x00,0x00,0x00,0x00,
    0x00,0x00,0x00,0x00,0xff,0xe4,0x00,0x00,0x00,0x00,0x00,0x00,0x00,0x00,0x00,0xff,0xe4,0x00,0x00,0x00,
    0x00,0x00,0x00,0x00,0x00,0x00,0x00,0x00,0x00,0xe0,0xff,0xe0,0x02,0x00,0x00,0x00,0xff,0xe0,0x00,0xe1,
    0xff,0xf2,0xdb,0x3c,0x00,0x96,0xff,0xe4,0x00,0x00,0x00,0x54,0xff,0x83,0x5b,0xff,0x4e,0x00,0x00,0xe0,
    0xff,0x00,0x00,0x00,0x00,0x00,0x00,0x00,0x00,0x00,0x00,0xff,0xd8,0x00,0x00,0x00,0x00,0x38,0xff,0xdc,
    0x00,0x00,0x00,0x00,0x00,0x00,0x00,0x00,0xe4,0xff,0x00,0x00,0x00,0xe1,0xff,0xf2,0xdd,0x41,0x00,0x96,
    0xff,0xe4,0x00,0x00,0x00,0x73,0xf8,0x30,0xe0,0xff,0x00,0x00,0x00,0x00,0x44,0xff,0x8c,0x1b,0xe9,0xb1,
    0x01,0x00,0xd8,0xff,0x00,0x00,0x00,0xff,0xe0,0x00,0x00,0x00,0x00,0xff,0xe0,0x00,0x00,0x00,0x00,0x00,
    0x00,0x00,0x00,0x00,0xff,0xff,0xfa,0x6c,0x00,0x00,0x00,0xe0,0xff,0xe0,0x02,0x00,0x00,0x00,0xff,0xe0,
    0x00,0x00,0xd8,0xb4,0xec,0xff,0xa3,0xf8,0xb7,0x0c,0xd8,0xff,0x00,0x00,0x00,0x00,0x00,0x00,0x00,0x00,
    0x5f,0xff,0xf0,0xde,0x00,0x00,0x00,0x00,0x07,0xf7,0xf2,0xff,0x3e,0x00,0x00,0x00,0x00,0xff,0xe4,0x00,
    0x00,0x00,0x00,0x00,0x00,0x00,0x00,0x00,0x00,0xff,0xe4,0x00,0x00,0x00,0x00,0x00,0x00,0x00,0x00,0x00,
    0xff,0xe4,0x00,0x00,0x00,0x00,0x00,0x00,0x00,0x00,0x00,0x00,0x00,0x00,0xe0,0xff,0x8b,0x00,0x00,0x00,
    0x00,0xff,0xe0,0x00,0xd4,0xfe,0x42,0x6d,0xda,0x00,0x3e,0xff,0xe4,0x00,0x00,0x00,0x28,0xff,0xaf,0xe6,
    0xac,0x00,0x00,0x00,0xe0,0xff,0x00,0x00,0x00,0x00,0x00,0x00,0x00,0x00,0x00,0x00,0xff,0xd8,0x00,0x00,
    0x00,0x00,0x38,0xff,0xdc,0x00,0x00,0x00,0x00,0x00,0x00,0x00,0x00,0xe4,0xff,0x00,0x00,0x00,0xd0,0xfe,
    0x42,0x6d,0xdf,0x00,0x3e,0xff,0xe4,0x00,0x00,0x00,0x00,0xb8,0xd3,0xe5,0xff,0x00,0x00,0x00,0x00,0x13,
    0xff,0xb0,0xc4,0xdb,0x0e,0x00,0x00,0xd8,0xff,0x00,0x00,0x00,0xff,0xe0,0x00,0x00,0x00,0x0b,0xff,0xdf,
    0x00,0x00,0x00,0x00,0x00,0x00,0x00,0x00,0x00,0xfc,0xa4,0x6c,0xec,0x00,0x00,0x00,0xe0,0xff,0x8b,0x00,
    0x00,0x00,0x00,0xff,0xe0,0x00,0x04,0xff,0x43,0xe0,0xff,0x00,0x29,0xdc,0xd0,0xf2,0xff,0x00,0x00,0x00,
    0x00,0x00,0x00,0x00,0x00,0x24,0xff,0xff,0x9a,0x00,0x00,0x00,0x00,0x00,0xbc,0xff,0xf9,0x08,0x00,0x00,
    0x00,0x00,0xff,0xe4,0x00,0x00,0x00,0x00,0x00,0x00,0x00,0x00,0x00,0x00,0xff,0xe4,0x00,0x00,0x00,0x00,
    0x00,0x00,0x00,0x00,0x00,0xff,0xe4,0x00,0x00,0x00,0x00,0x00,0x00,0x00,0x00,0x00,0x00,0x00,0x00,0xe0,
    0xff,0x4d,0x00,0x00,0x00,0x00,0xff,0xe0,0x00,0x9f,0xfc,0x23,0x51,0xee,0x00,0x15,0xff,0xe4,0x00,0x00,
    0x00,0x10,0xff,0xfe,0xf4,0x1c,0x00,0x00,0x00,0xe0,0xff,0x00,0x00,0x00,0x00,0x00,0x00,0x00,0x00,0x00,
    0x00,0xff,0xd8,0x00,0x00,0x00,0x00,0x38,0xff,0xdc,0x00,0x00,0x00,0x00,0x00,0x00,0x00,0x00,0xe4,0xff,
    0x00,0x00,0x00,0x92,0xfc,0x2a,0x56,0xe8,0x00,0x15,0xff,0xe4,0x00,0x00,0x00,0x00,0x25,0xf8,0xff,0xff,
    0x00,0x00,0x00,0x00,0x01,0xfa,0xfb,0xfa,0x34,0x00,0x00,0x00,0xd8,0xff,0x00,0x00,0x00,0xff,0xe9,0x4c,
    0x4c,0x4c,0x8f,0xff,0xbf,0x00,0x00,0x00,0x00,0x00,0x00,0x00,0x00,0x00,0xd1,0xaf,0x7c,0xe4,0x00,0x00,
    0x00,0xe0,0xff,0x4d,0x00,0x00,0x00,0x00,0xff,0xe0,0x00,0x00,0xe2,0x6a,0xea,0xf8,0x00,0x00,0x2b,0xf7,
    0xff,0xed,0x00,0x00,0x00,0x00,0x00,0x00,0x00,0x00,0x00,0xe9,0xff,0x56,0x00,0x00,0x00,0x00,0x00,0x79,
    0xff,0xc6,0x00,0x00,0x00,0x00,0x00,0xff,0xe4,0x00,0x00,0x00,0x00,0x00,0x00,0x00,0x00,0x00,0x00,0xff,
    0xe4,0x00,0x00,0x00,0x00,0x00,0x00,0x00,0x00,0x00,0xff,0xe4,0x00,0x00,0x00,0x00,0x00,0x00,0x00,0x00,
    0x00,0x00,0x00,0x00,0xe0,0xff,0x26,0x00,0x00,0x00,0x00,0xff,0xe0,0x00,0x22,0xdb,0xfe,0xff,0x78,0x00,
    0x00,0xff,0xe4,0x00,0x00,0x00,0x05,0xff,0xff,0x7b,0x00,0x00,0x00,0x00,0xe0,0xff,0x00,0x00,0x00,0x00,
    0x00,0x00,0x00,0x00,0x00,0x00,0xff,0xd8,0x00,0x00,0x00,0x00,0x38,0xff,0xdc,0x00,0x00,0x00,0x00,0x00,
    0x00,0x00,0x00,0xe4,0xff,0x00,0x00,0x00,0x13,0xb8,0xff,0xf7,0x5d,0x00,0x00,0xff,0xe4,0x00,0x00,0x00,
    0x00,0x00,0x8b,0xff,0xff,0x00,0x00,0x00,0x00,0x00,0xe8,0xff,0x89,0x00,0x00,0x00,0x00,0xd8,0xff,0x00,
    0x00,0x00,0xff,0xff,0xff,0xff,0xff,0xfe,0xda,0x35,0x00,0x00,0x00,0x00,0x00,0x00,0x00,0x00,0x00,0x3a,
    0xdf,0xe4,0x50,0x00,0x00,0x00,0xe0,0xff,0x26,0x00,0x00,0x00,0x00,0xff,0xe0,0x00,0x00,0x52,0xf3,0xff,
    0x97,0x00,0x00,0x00,0x67,0xf7,0x72,0x00,0x00,0x00,0x00,0x00,0x00,0x00,0x00,0x00,0x00,0x00,0x00,0x00,
    0x00,0x00,0x00,0x00,0x00,0x00,0x00,0x00,0x00,0x00,0x00,0x00,0x00,0x00,0x00,0x00,0x00,0x00,0x00,0x00,
    0x00,0x00,0x00,0x00,0x00,0x00,0x00,0x00,0x00,0x00,0x00,0x00,0x00,0x00,0x00,0x00,0x00,0x00,0x00,0x00,
    0x00,0x00,0x00,0x00,0x00,0x00,0x00,0x00,0x00,0x00,0x00,0x00,0x00,0x00,0x00,0x00,0x00,0x00,0x00,0x00,
    0x07,0x39,0x2b,0x00,0x00,0x00,0x24,0x20,0x00,0x00,0x00,0x00,0x00,0x00,0x00,0x00,0x00,0x00,0x00,0x00,
    0x00,0x00,0x00,0x00,0x00,0x00,0x00,0x00,0x00,0x00,0x00,0x70,0x5e,0x00,0x00,0x00,0x00,0x18,0x70,0x60,
    0x00,0x00,0x00,0x00,0x00,0x00,0x00,0x00,0x63,0x70,0x00,0x00,0x00,0x00,0x00,0x0e,0x09,0x00,0x00,0x00,
    0x24,0x20,0x00,0x00,0x00,0x00,0x00,0x00,0x00,0x00,0x00,0x00,0x00,0x00,0x00,0x00,0x00,0x00,0x00,0x00,
    0x00,0x00,0x00,0x00,0x00,0x00,0x00,0x00,0x00,0x00,0x00,0x00,0x00,0x00,0x00,0x00,0x00,0x00,0x00,0x00,
    0x00,0x00,0x00,0x00,0x00,0x00,0x00,0x00,0x00,0x00,0x00,0x00,0x00,0x00,0x00,0x00,0x00,0x00,0x00,0x00,
    0x00,0x00,0x00,0x08,0x10,0x00,0x00,0x00,0x00,0x00,0x01,0x00,0x00,0x00,0x00,0x00,0x00,0x00,0x00,0x00,
    0x00,0x00,0x00,0x00,0x00,0x00,0x00,0x00,0x00,0x00,0x00,0x00,0x00,0x00,0x00,0x00,0x00,0x00,0x00,0x00,
    0x00,0x00,0x00,0x00,0x00,0x00,0x00,0x00,0x00,0x00,0x00,0x00,0x00,0x00,0x00,0x00,0x00,0x00,0x00,0x00,
    0x00,0x00,0x00,0x00,0x00,0x00,0x00,0x00,0x00,0x00,0x00,0x00,0x00,0x00,0x00,0x00,0x00,0x00,0x00,0x00,
    0x00,0x00,0x00,0x00,0x00,0x00,0x00,0x00,0x00,0x40,0xd9,0xe2,0x55,0x00,0x00,0x00,0x00,0x00,0x00,0x00,
    0x00,0x00,0x00,0x00,0x00,0x00,0x00,0x00,0x00,0x00,0x00,0x00,0x00,0x00,0x00,0x00,0x00,0x00,0x00,0x00,
    0x00,0x00,0x00,0x00,0x00,0x00,0x00,0x00,0x00,0x00,0x00,0x00,0x00,0x00,0x00,0x00,0x00,0x00,0x00,0x00,
    0x00,0x00,0x00,0x00,0x00,0x00,0x00,0x00,0x00,0x00,0x00,0x00,0x00,0x00,0x00,0x00,0x00,0x00,0x00,0x00,
    0x00,0x00,0x00,0x00,0x00,0x00,0x00,0x00,0x00,0x00,0x00,0x00,0x00,0x00,0x00,0x00,0x00,0x00,0x00,0x00,
    0x00,0x00,0x00,0x00,0x00,0x00,0x00,0x00,0x00,0x00,0x00,0x00,0x00,0x00,0x00,0x00,0x00,0x00,0x00,0x00,
    0x00,0x00,0x00,0x00,0x00,0x00,0x00,0x00,0x00,0x00,0x00,0x00,0x00,0x00,0x00,0x00,0x00,0x00,0x00,0x00,
    0x00,0x00,0x00,0x00,0x00,0x00,0x00,0x00,0x00,0x00,0x00,0x00,0x00,0x00,0x00,0x00,0x00,0x00,0x00,0x00,
    0x00,0x00,0x00,0x00,0x00,0x00,0x00,0x00,0x00,0x00,0x00,0x00,0x00,0x00,0x00,0x00,0x00,0x00,0x00,0x00,
    0x00,0x00,0x00,0x00,0x00,0x00,0x00,0x00,0x00,0x00,0x00,0x00,0x00,0x00,0x00,0x00,0x00,0x00,0x00,0x00,
    0x00,0x00,0x00,0x00,0x00,0x00,0x00,0x00,0x00,0x00,0x00,0x00,0x00,0x00,0xa9,0x4d,0x2b,0xe1,0x00,0x00,
    0x00,0x00,0x00,0x00,0x00,0x00,0x00,0x00,0x00,0x00,0x00,0x00,0x00,0x00,0x00,0x00,0x00,0x00,0x00,0x00,
    0x00,0x00,0x00,0x00,0x00,0x00,0x00,0x00,0x00,0x00,0x00,0x00,0x00,0x00,0x00,0x00,0x00,0x00,0x00,0x00,
    0x00,0x00,0x00,0x00,0x00,0x00,0x00,0x00,0x00,0x00,0x00,0x00,0x00,0x00,0x00,0x00,0x00,0x00,0x00,0x00,
    0x00,0x00,0x00,0x00,0x00,0x00,0x00,0x00,0x00,0x00,0x00,0x00,0x00,0x00,0x00,0x00,0x00,0x00,0x00,0x00,
    0x00,0x00,0x00,0x00,0x00,0x00,0x00,0x00,0x00,0x00,0x00,0x00,0x00,0x00,0x00,0x00,0x00,0x00,0x00,0x00,
    0x00,0x00,0x00,0x00,0x00,0x00,0x00,0x00,0x00,0x00,0x00,0x00,0x00,0x00,0x00,0x00,0x00,0x00,0x00,0x00,
    0x00,0x00,0x00,0x00,0x00,0x00,0x00,0x00,0x00,0x00,0x00,0x00,0x00,0x00,0x00,0x00,0x00,0x00,0x00,0x00,
    0x00,0x00,0x00,0x00,0x00,0x00,0x00,0x00,0x00,0x00,0x00,0x00,0x00,0x00,0x00,0x00,0x00,0x00,0x00,0x00,
    0x00,0x00,0x00,0x00,0x00,0x00,0x00,0x00,0x00,0x00,0x00,0x00,0x00,0x00,0x00,0x00,0x00,0x00,0x00,0x00,
    0x00,0x00,0x00,0x00,0x00,0x00,0x00,0x00,0x00,0x00,0x00,0x00,0x00,0x00,0x00,0x00,0x00,0x00,0x00,0x50,
    0xdf,0xe7,0xfe,0x00,0x00,0x00,0x00,0x00,0x00,0x00,0x00,0x00,0x00,0x00,0x00,0x00,0x00,0x00,0x00,0x00,
    0x00,0x00,0x00,0x00,0x00,0x00,0x00,0x00,0x00,0x00,0x00,0x00,0x00,0x00,0x00,0x00,0x00,0x00,0x00,0x00,
    0x00,0x00,0x00,0x00,0x00,0x00,0x00,0x00,0x00,0x00,0x00,0x00,0x00,0x00,0x00,0x00,0x00,0x00,0x00,0x00,
    0x00,0x00,0x00,0x00,0x00,0x00,0x00,0x00,0x00,0x00,0x00,0x00,0x00,0x00,0x00,0x00,0x00,0x00,0x00,0x00,
    0x00,0x00,0x00,0x00,0x00,0x00,0x00,0x00,0x00,0x00,0x00,0x00,0x00,0x00,0x00,0x00,0x00,0x00,0x00,0x00,
    0x00,0x00,0x00,0x00,0x00,0x00,0x00,0x00,0x00,0x00,0x00,0x00,0x00,0x00,0x00,0x00,0x00,0x00,0x00,0x00,
    0x00,0x00,0x00,0x00,0x00,0x00,0x00,0x00,0x00,0x00,0x00,0x00,0x00,0x00,0x00,0x00,0x00,0x00,0x00,0x00,
    0x00,0x00,0x00,0x00,0x00,0x00,0x00,0x00,0x00,0x00,0x00,0x00,0x00,0x00,0x00,0x00,0x00,0x00,0x00,0x00,
    0x00,0x00,0x00,0x00,0x00,0x00,0x00,0x00,0x00,0x00,0x00,0x00,0x00,0x00,0x00,0x00,0x00,0x00,0x00,0x00,
    0x00,0x00,0x00,0x00,0x00,0x00,0x00,0x00,0x00,0x00,0x00,0x00,0x00,0x00,0x00,0x00,0x00,0x00,0x00,0x00,
    0x00,0x00,0x00,0x00,0x00,0x00,0x84,0xff,0x00,0x00,0x00,0x00,0x00,0x00,0x00,0x00,0x00,0x00,0x00,0x00,
    0x00,0x00,0x00,0x00,0x00,0x00,0x00,0x00,0x00,0x00,0x00,0x00,0x00,0x00,0x00,0x00,0x00,0x00,0x00,0x00,
    0x00,0x00,0x00,0x00,0x00,0x00,0x00,0x00,0x00,0x00,0x00,0x00,0x00,0x00,0x00,0x00,0x00,0x00,0x00,0x00,
    0x00,0x00,0x00,0x00,0x00,0x00,0x00,0x00,0x00,0x00,0x00,0x00,0x00,0x00,0x00,0x00,0x00,0x00,0x00,0x00,
    0x00,0x00,0x00,0x00,0x00,0x00,0x00,0x00,0x00,0x00,0x00,0x00,0x00,0x00,0x00,0x00,0x00,0x00,0x00,0x00,
    0x00,0x00,0x00,0x00,0x00,0x00,0x00,0x00,0x00,0x00,0x00,0x00,0x00,0x00,0x00,0x00,0x00,0x00,0x00,0x00,
    0x00,0x00,0x00,0x00,0x00,0x00,0x00,0x00,0x00,0x00,0x00,0x00,0x00,0x00,0x00,0x00,0x00,0x00,0x00,0x00,
    0x00,0x00,0x00,0x00,0x00,0x00,0x00,0x00,0x00,0x00,0x00,0x00,0x00,0x00,0x00,0x00,0x00,0x00,0x00,0x00,
    0x00,0x00,0x00,0x00,0x00,0x00,0x00,0x00,0x00,0x00,0x00,0x00,0x00,0x00,0x00,0x00,0x00,0x00,0x00,0x00,
    0x00,0x00,0x00,0x00,0x00,0x00,0x00,0x00,0x00,0x00,0x00,0x00,0x00,0x00,0x00,0x00,0x00,0x00,0x00,0x00,
    0x00,0x00,0x00,0x00,0x00,0x00,0x00,0x00,0x00,0x00,0x00,0x16,0x2c,0x00,0x00,0x00,0x00,0x00,0x00,0x00,
    0x00,0x00,0x00,0x00,0x00,0x00,0x00,0x00,0x00,0x00,0x00,0x00,0x00,0x00,0x00,0x00,0x00,0x00,0x00,0x00,
    0x00,0x00,0x00,0x00,0x00,0x00,0x00,0x00,0x00,0x00,0x00,0x00,0x00,0x00,0x00,0x00,0x00,0x00,0x00,0x00,
    0x00,0x00,0x00,0x00,0x00,0x00,0x00,0x00,0x00,0x00,0x00,0x00,0x00,0x00,0x00,0x00,0x00,0x00,0x00,0x00,
    0x00,0x00,0x00,0x00,0x00,0x00,0x00,0x00,0x00,0x00,0x00,0x00,0x00,0x00,0x00,0x00,0x00,0x00,0x00,0x00,
    0x00,0x00,0x00,0x00,0x00,0x00,0x00,0x00,0x00,0x00,0x00,0x00,0x00,0x00,0x00,0x00,0x00,0x00,0x00,0x00,
    0x00,0x00,0x00,0x00,0x00,0x00,0x00,0x00,0x00,0x00,0x00,0x00,0x00,0x00,0x00,0x00,0x00,0x00,0x00,0x00,
    0x00,0x00,0x00,0x00,0x00,0x00,0x00,0x00,0x00,0x00,0x00,0x00,0x00,0x00,0x00,0x00,0x00,0x00,0x00,0x00,
    0x00,0x00,0x00,0x00,0x00,0x00,0x00,0x00,0x00,0x00,0x00,0x00,0x00,0x00,0x00,0x00,0x00,0x00,0x00,0x00,
    0x00,0x00,0x00,0x00,0x00,0x00,0x00,0x00,0x00,0x00,0x00,0x00,0x00,0x00,0x00,0x00,0x00,0x00,0x00,0x00,
    0x00,0x00,0x00,0x00,0x00,0x00,0x00,0x00,0x00,0x00,0x00,0x00,0x00,0x00,0x00,0x00,0x00,0x00,0x00,0x00,
    0x00,0x00,0x00,0x00,0x00,0x00,0x00,0x00,0x00,0x00,0x00,0x00,0x00,0x00,0x00,0x00,0x00,0x00,0x00,0x00,
    0x00,0x00,0x00,0x00,0x00,0x00,0x00,0x00,0x00,0x00,0x00,0x00,0x00,0x00,0x00,0x00,0x00,0x00,0x00,0x00,
    0x00,0x00,0x00,0x00,0x00,0x00,0x00,0x00,0x00,0x00,0x00,0x00,0x00,0x00,0x00,0x00,0x00,0x00,0x00,0x00,
    0x00,0x00,0x00,0x00,0x00,0x00,0x00,0x00,0x00,0x00,0x00,0x00,0x00,0x00,0x00,0x00,0x00,0x00,0x00,0x00,
    0x00,0x00,0x00,0x00,0x00,0x00,0x00,0x00,0x00,0x00,0x00,0x00,0x00,0x00,0x00,0x00,0x00,0x00,0x00,0x00,
    0x00,0x00,0x00,0x00,0x00,0x00,0x00,0x00,0x00,0x00,0x00,0x00,0x00,0x00,0x00,0x00,0x00,0x00,0x00,0x00,
    0x00,0x00,0x00,0x00,0x00,0x00,0x00,0x00,0x00,0x00,0x00,0x00,0x00,0x00,0x00,0x00,0x00,0x00,0x00,0x00,
    0x00,0x00,0x00,0x00,0x00,0x00,0x00,0x00,0x00,0x00,0x00,0x00,0x00,0x00,0x00,0x00,0x00,0x00,0x00,0x00,
    0x00,0x00,0x00,0x00,0x00,0x00,0x00,0x00,0x00,0x00,0x00,0x00,0x00,0x00,0x00,0x00,0x00,0x00,0x00,0x00,
    0x00,0x00,0x00,0x00,0x00,0x00,0x00,0x00,0x00,0x00,0x00,0x00,0x00,0x00,0x00,0x00,0x00,0x00,0x00,0x00,
    0x00,0x00,0x00,0x00,0x00,0x00,0x00,0x00,0x00,0x00,0x00,0x00,0x00,0x00,0x00,0x00,0x00,0x00,0x00,0x00,
    0x00,0x00,0x00,0x00,0x00,0x00,0x00,0x00,0x00,0x00,0x00,0x00,0x00,0x00,0x00,0x00,0x00,0x00,0x00,0x00,
    0x00,0x00,0x00,0x00,0x00,0x00,0x00,0x00,0x00,0x00,0x00,0x00,0x00,0x00,0x00,0x00,0x00,0x00,0x00,0x00,
    0x00,0x00,0x00,0x00,0x00,0x00,0x00,0x00,0x00,0x00,0x00,0x00,0x00,0x00,0x00,0x00,0x00,0x00,0x00,0x00,
    0x00,0x00,0x00,0x00,0x00,0x00,0x00,0x00,0x00,0x00,0x00,0x00,0x00,0x00,0x00,0x00,0x00,0x00,0x00,0x00,
    0x00,0x00,0x00,0x00,0x00,0x00,0x00,0x00,0x00,0x00,0x00,0x00,0x00,0x00,0x00,0x00,0x00,0x00,0x00,0x00,
    0x00,0x00,0x00,0x00,0x00,0x00,0x00,0x00,0x00,0x00,
};
const lv_image_dsc_t img_wifi_lost = {
    .header.magic = LV_IMAGE_HEADER_MAGIC,
    .header.cf = LV_COLOR_FORMAT_A8,
    .header.w = 205,
    .header.h = 30,
    .header.stride = 205,
    .data_size = sizeof(img_wifi_lost_map),
    .data = img_wifi_lost_map,
};

// กำลังอัปเดตเฟิร์มแวร์  (180x25)
static const uint8_t img_updating_map[] = {
    0x00,0x00,0x00,0x00,0x00,0x00,0x00,0x00,0x00,0x00,0x00,0x00,0x00,0x00,0x00,0x00,0x00,0x00,0x00,0x00,
    0x00,0x00,0x00,0x00,0x00,0x00,0x00,0x00,0x00,0x00,0x00,0x00,0x00,0x00,0x00,0x00,0x00,0x00,0x00,0x00,
    0x00,0x00,0x00,0x00,0x00,0x00,0x00,0x00,0x00,0x00,0x00,0x00,0x00,0x00,0x00,0x00,0x00,0x00,0x00,0x00,
    0x00,0x00,0x00,0x00,0x00,0x00,0x00,0x00,0x00,0x00,0x00,0x00,0x00,0x00,0x00,0x00,0x00,0x00,0x00,0x00,
    0x00,0x00,0x00,0x00,0x00,0x00,0x00,0x00,0x00,0x00,0x00,0x00,0x00,0x00,0x00,0x00,0x00,0x00,0x00,0x00,
    0x00,0x00,0x00,0x00,0x00,0x00,0x00,0x00,0x00,0x00,0x00,0x00,0x00,0x00,0x00,0x00,0x00,0x00,0x00,0x00,
    0x00,0x00,0x00,0x00,0x00,0x00,0x00,0x00,0x00,0x00,0x00,0x00,0x00,0x00,0x00,0x00,0x00,0x00,0x00,0x00,
    0x00,0x00,0x00,0x00,0x00,0x00,0x00,0x00,0x00,0x00,0x00,0x00,0x00,0x00,0x00,0x00,0x00,0x00,0x00,0x00,
    0x00,0x00,0x00,0x00,0x00,0x00,0x00,0x00,0x00,0x00,0x00,0x00,0x00,0x00,0x00,0x00,0x00,0x00,0x00,0x00,
    0x00,0x00,0x00,0x00,0x00,0x00,0x00,0x00,0x00,0x00,0x00,0x00,0x00,0x00,0x00,0x00,0x00,0x00,0x00,0x00,
    0x00,0x00,0x00,0x00,0x00,0x00,0x00,0x00,0x00,0x00,0x00,0x00,0x00,0x00,0x00,0x00,0x00,0x00,0x00,0x00,
    0x00,0x00,0x00,0x00,0x00,0x00,0x00,0x00,0x00,0x00,0x00,0x00,0x00,0x00,0x00,0x00,0x00,0x00,0x00,0x00,
    0x00,0x00,0x00,0x00,0x00,0x00,0x00,0x00,0x00,0x00,0x00,0x00,0x00,0x00,0x00,0x00,0x00,0x00,0x00,0x00,
    0x00,0x00,0x00,0x00,0x00,0x00,0x00,0x00,0x00,0x00,0x00,0x00,0x00,0x00,0x00,0x00,0x00,0x00,0x00,0x00,
    0x00,0x00,0x00,0x00,0x00,0x00,0x00,0x00,0x00,0x00,0x00,0x00,0x00,0x00,0x00,0x00,0x00,0x00,0x00,0x00,
    0x00,0x00,0x00,0x00,0x00,0x00,0x00,0x00,0x00,0x00,0x00,0x00,0x00,0x00,0x00,0x00,0x00,0x00,0x00,0x00,
    0x00,0x00,0x00,0x00,0x00,0x00,0x00,0x00,0x00,0x00,0x00,0x00,0x00,0x00,0x00,0x00,0x00,0x00,0x00,0x00,
    0x00,0x00,0x00,0x00,0x00,0x00,0x00,0x00,0x00,0x00,0x00,0x00,0x00,0x00,0x00,0x00,0x00,0x00,0x00,0x00,
    0x00,0x00,0x00,0x00,0x00,0x00,0x00,0x00,0x00,0x00,0x00,0x00,0x00,0x00,0x00,0x00,0x00,0x00,0x00,0x00,
    0x00,0x00,0x00,0x00,0x00,0x00,0x00,0x00,0x00,0x00,0x00,0x00,0x00,0x00,0x00,0x00,0x00,0x00,0x00,0x00,
    0x00,0x00,0x00,0x00,0x00,0x00,0x00,0x00,0x00,0x00,0x00,0x00,0x00,0x00,0x00,0x00,0x00,0x00,0x00,0x00,
    0x00,0x00,0x00,0x00,0x00,0x00,0x00,0x00,0x00,0x00,0x00,0x00,0x00,0x00,0x00,0x00,0x00,0x00,0x00,0x00,
    0x00,0x00,0x00,0x00,0x00,0x00,0x00,0x00,0x00,0x00,0x00,0x00,0x00,0x00,0x00,0x00,0x00,0x00,0x00,0x00,
    0x00,0x00,0x00,0x00,0x00,0x00,0x00,0x00,0x00,0x00,0x00,0x00,0x00,0x00,0x00,0x00,0x00,0x00,0x00,0x00,
    0x00,0x00,0x00,0x00,0x00,0x00,0x00,0x00,0x00,0x00,0x00,0x01,0x50,0x17,0x00,0x00,0x00,0x00,0x00,0x00,
    0x00,0x00,0x00,0x00,0x00,0x00,0x00,0x00,0x00,0x00,0x00,0x00,0x00,0x00,0x00,0x00,0x00,0x00,0x00,0x00,
    0x00,0x00,0x00,0x00,0x00,0x00,0x00,0x00,0x00,0x00,0x00,0x00,0x00,0x00,0x00,0x01,0x50,0x17,0x00,0x00,
    0x00,0x00,0x00,0x00,0x00,0x00,0x00,0x00,0x00,0x00,0x00,0x00,0x00,0x00,0x00,0x00,0x00,0x00,0x00,0x00,
    0x00,0x00,0x00,0x00,0x00,0x00,0x00,0x00,0x00,0x00,0x00,0x00,0x00,0x00,0x00,0x00,0x00,0x00,0x00,0x00,
    0x00,0x00,0x00,0x00,0x00,0x00,0x00,0x00,0x00,0x00,0x00,0x00,0x00,0x00,0x00,0x00,0x00,0x00,0x00,0x00,
    0x00,0x00,0x00,0x00,0x00,0x00,0x00,0x00,0x00,0x00,0x00,0x00,0x00,0x00,0x00,0x00,0x00,0x00,0x00,0x00,
    0x00,0x00,0x00,0x00,0x00,0x00,0x00,0x00,0x00,0x00,0x00,0x00,0x00,0x00,0x00,0x00,0x00,0x00,0x00,0x00,
    0x00,0x00,0x00,0x00,0x00,0x00,0x00,0x00,0x00,0x00,0x00,0x00,0x00,0x00,0x00,0x00,0x00,0x00,0x00,0x00,
    0x00,0x00,0x00,0x00,0x00,0x00,0x00,0x00,0x00,0x00,0x00,0x37,0xff,0xbf,0x00,0x00,0x00,0x00,0x00,0x00,
    0x00,0x00,0x00,0x00,0x00,0x00,0x00,0x00,0x00,0x00,0x00,0x00,0x00,0x00,0x00,0x00,0x00,0x00,0x00,0x00,
    0x00,0x00,0x00,0x00,0x00,0x00,0x00,0x00,0x00,0x00,0x00,0x00,0x00,0x00,0x00,0x37,0xff,0xbf,0x00,0x00,
    0x00,0x00,0x00,0x00,0x00,0x00,0x00,0x00,0x00,0x00,0x00,0x01,0x01,0x00,0x00,0x00,0x00,0x00,0x00,0x00,
    0x00,0x00,0x00,0x00,0x00,0x00,0x00,0x00,0x00,0x00,0x00,0x03,0x00,0x00,0x00,0x00,0x00,0x00,0x00,0x00,
    0x00,0x00,0x00,0x00,0x00,0x00,0x00,0x00,0x00,0x00,0x00,0x00,0x00,0x03,0x00,0x00,0x00,0x00,0x00,0x00,
    0x00,0x00,0x00,0x00,0x00,0x00,0x00,0x00,0x00,0x00,0x00,0x00,0x00,0x00,0x00,0x00,0x00,0x00,0x00,0x00,
    0x00,0x00,0x00,0x00,0x00,0x00,0x00,0x00,0x00,0x00,0x00,0x00,0x00,0x00,0x00,0x00,0x00,0x00,0x00,0x00,
    0x00,0x00,0x00,0x00,0x00,0x00,0x00,0x00,0x00,0x00,0x00,0x00,0x00,0x00,0x00,0x00,0x00,0x00,0x00,0x00,
    0x00,0x00,0x00,0x00,0x00,0x00,0x00,0x00,0x00,0x0a,0x4e,0xdb,0xf4,0x43,0x00,0x00,0x00,0x00,0x00,0x00,
    0x00,0x00,0x00,0x00,0x00,0x00,0x00,0x00,0x00,0x00,0x00,0x00,0x00,0x00,0x00,0x00,0x00,0x00,0x00,0x00,
    0x00,0x00,0x00,0x00,0x00,0x00,0x00,0x00,0x00,0x00,0x00,0x00,0x00,0x0a,0x4e,0xdb,0xf4,0x43,0x00,0x00,
    0x00,0x00,0x00,0x00,0x00,0x00,0x00,0x00,0x00,0x00,0x58,0xef,0xef,0x51,0x00,0x00,0x00,0x00,0x00,0x00,
    0x00,0x00,0x00,0x00,0x00,0x00,0x00,0x00,0x00,0x00,0x9c,0xf7,0xd5,0x1b,0x00,0x02,0xf3,0xed,0x00,0x00,
    0x00,0x00,0x00,0x00,0x00,0x00,0x00,0x00,0x00,0x00,0x00,0x00,0x9a,0xf7,0xd0,0x16,0x00,0x02,0xf3,0xed,
    0x00,0x00,0x00,0x00,0x00,0x00,0x00,0x00,0x00,0x00,0x00,0x00,0x00,0x00,0x00,0x00,0x00,0x00,0x00,0x00,
    0x00,0x00,0x00,0x00,0x00,0x00,0x00,0x00,0x00,0x00,0x00,0x00,0x00,0x00,0x00,0x00,0x00,0x00,0x00,0x00,
    0x00,0x00,0x00,0x00,0x00,0x00,0x00,0x00,0x01,0x6b,0xcb,0xe8,0xe4,0xad,0x36,0x00,0x00,0x00,0x00,0x00,
    0x00,0x00,0x00,0x00,0x00,0x00,0x00,0x29,0xac,0xf6,0xbd,0x7e,0x1d,0x00,0x00,0x00,0x00,0x00,0x00,0x00,
    0x00,0x00,0x00,0x00,0x00,0x00,0x00,0x00,0x00,0x00,0x00,0x00,0x00,0x00,0x00,0x00,0x00,0x00,0x00,0x00,
    0x00,0x00,0x00,0x00,0x00,0x00,0x00,0x00,0x00,0x00,0x00,0x29,0xac,0xf6,0xbd,0x7e,0x1d,0x00,0x00,0x00,
    0x00,0x00,0x00,0x00,0x00,0x00,0x00,0x00,0x00,0x02,0xf2,0x3a,0x40,0xe6,0x00,0x00,0x00,0x00,0x00,0x00,
    0x00,0x00,0x00,0x00,0x00,0x00,0x00,0x00,0x00,0x28,0xec,0x0a,0xaf,0x78,0x00,0x57,0xff,0x91,0x00,0x00,
    0x00,0x00,0x00,0x00,0x00,0x00,0x00,0x00,0x00,0x00,0x00,0x27,0xe8,0x09,0xbb,0x70,0x00,0x57,0xff,0x92,
    0x00,0x00,0x00,0x00,0x00,0x00,0x00,0xe0,0xff,0x00,0x00,0x00,0x00,0x00,0x00,0x00,0x00,0x00,0x00,0x00,
    0x00,0x00,0x00,0x00,0x00,0x00,0x00,0x00,0x00,0x00,0x00,0x00,0x00,0x00,0x00,0x00,0x00,0x00,0x00,0x00,
    0x00,0x00,0x00,0x00,0x00,0x00,0x00,0x00,0x9d,0xd6,0x28,0x00,0x1a,0x92,0xfb,0x54,0x00,0x02,0x8c,0x76,
    0x00,0x00,0x00,0x00,0x00,0x00,0x00,0xdc,0x77,0xe5,0x52,0x00,0x00,0x00,0x00,0x00,0x00,0x00,0x00,0x00,
    0x00,0x00,0x00,0x00,0x00,0x00,0x00,0x00,0x00,0x00,0x00,0x00,0x00,0x00,0x00,0x00,0x00,0x00,0x00,0x00,
    0x00,0x00,0x00,0x00,0x00,0x00,0x00,0x00,0x00,0x00,0x00,0xdc,0x77,0xe5,0x52,0x00,0x00,0x00,0x00,0x00,
    0x00,0x00,0x00,0x00,0x00,0x00,0x00,0x00,0x00,0x02,0xf0,0x3a,0x4a,0xe4,0x00,0x00,0x00,0x00,0x00,0x00,
    0x00,0x00,0x00,0x00,0x00,0x00,0x00,0x00,0x00,0x18,0xf6,0x76,0xdc,0x73,0x72,0xf5,0xbc,0x0a,0x00,0x00,
    0x00,0x00,0x00,0x00,0x00,0x00,0x00,0x00,0x00,0x00,0x00,0x17,0xf4,0x74,0xe5,0x6d,0x74,0xf5,0xbe,0x0a,
    0x00,0x00,0x00,0x00,0x00,0x00,0x00,0xe0,0xff,0x00,0x00,0x00,0x00,0x00,0x00,0x00,0x00,0x00,0x00,0x00,
    0x00,0x00,0x00,0x00,0x00,0x00,0x00,0x00,0x00,0x00,0x00,0x00,0x00,0x00,0x00,0x00,0x00,0x00,0x00,0x00,
    0x00,0x00,0x00,0x00,0x00,0x00,0x00,0x3c,0xff,0xc6,0xa5,0xaa,0xa1,0x89,0xd8,0xf4,0x18,0x04,0xff,0xd8,
    0x00,0x00,0x00,0x00,0x00,0x00,0x03,0xe1,0x06,0xc0,0x7f,0x00,0x00,0x00,0x00,0x00,0x00,0x00,0x00,0x00,
    0x00,0x00,0x00,0x00,0x00,0x00,0x00,0x00,0x00,0x00,0x00,0x00,0x00,0x00,0x00,0x00,0x00,0x00,0x00,0x00,
    0x00,0x00,0x00,0x00,0x00,0x00,0x00,0x00,0x00,0x00,0x03,0xe1,0x06,0xc0,0x7f,0x00,0x00,0x00,0x00,0x00,
    0x00,0x00,0x00,0x00,0x00,0x00,0x00,0x00,0x00,0x00,0x52,0xe5,0xe6,0x4e,0x00,0x00,0x00,0x00,0x00,0x00,
    0x00,0x00,0x00,0x00,0x00,0x00,0x00,0x00,0x00,0x00,0x4d,0xc3,0xf0,0xfa,0xd4,0x6f,0x03,0x00,0x00,0x00,
    0x00,0x00,0x00,0x00,0x00,0x00,0x00,0x00,0x00,0x00,0x00,0x00,0x4b,0xc2,0xf0,0xfa,0xd5,0x70,0x04,0x00,
    0x00,0x00,0x00,0x00,0x00,0x00,0x00,0xe0,0xff,0x00,0x00,0x00,0x00,0x00,0x00,0x00,0x00,0x00,0x00,0x00,
    0x00,0x00,0x00,0x00,0x00,0x00,0x00,0x00,0x00,0x00,0x00,0x00,0x00,0x00,0x00,0x00,0x00,0x00,0x00,0x00,
    0x00,0x00,0x00,0x00,0x00,0x00,0x00,0x4b,0x77,0x57,0x48,0x3c,0x3f,0x49,0x64,0x87,0x47,0x04,0xff,0xd8,
    0x00,0x00,0x00,0x00,0x00,0x00,0x00,0x6a,0xe9,0xd0,0x1b,0x00,0x00,0x00,0x00,0x00,0x00,0x00,0x00,0x00,
    0x00,0x00,0x00,0x00,0x00,0x00,0x00,0x00,0x00,0x00,0x00,0x00,0x00,0x00,0x00,0x00,0x00,0x00,0x00,0x00,
    0x00,0x00,0x00,0x00,0x00,0x00,0x00,0x00,0x00,0x00,0x00,0x6a,0xe9,0xd0,0x1b,0x00,0x00,0x00,0x00,0x00,
    0x00,0x00,0x00,0x00,0x00,0x00,0x00,0x00,0x00,0x00,0x00,0x00,0x00,0x00,0x00,0x00,0x00,0x00,0x00,0x00,
    0x00,0x00,0x00,0x00,0x00,0x00,0x00,0x00,0x00,0x00,0x00,0x00,0x00,0x00,0x00,0x00,0x00,0x00,0x00,0x00,
    0x00,0x00,0x00,0x00,0x00,0x00,0x00,0x00,0x00,0x00,0x00,0x00,0x00,0x00,0x00,0x00,0x00,0x00,0x00,0x00,
    0x00,0x00,0x00,0x00,0x00,0x00,0x00,0xe0,0xff,0x00,0x00,0x00,0x00,0x00,0x00,0x00,0x00,0x00,0x00,0x00,
    0x00,0x00,0x00,0x00,0x00,0x00,0x00,0x00,0x00,0x00,0x00,0x00,0x00,0x06,0x00,0x00,0x00,0x00,0x00,0x00,
    0x00,0x00,0x00,0x00,0x00,0x00,0x00,0x00,0x00,0x00,0x00,0x00,0x00,0x00,0x00,0x00,0x00,0x04,0xff,0xd8,
    0x00,0x00,0x00,0x00,0x00,0x00,0x00,0x00,0x00,0x00,0x00,0x00,0x00,0x00,0x00,0x00,0x00,0x00,0x00,0x00,
    0x00,0x00,0x00,0x00,0x00,0x00,0x00,0x00,0x00,0x00,0x00,0x00,0x00,0x00,0x00,0x00,0x00,0x00,0x00,0x00,
    0x00,0x00,0x00,0x00,0x00,0x00,0x00,0x00,0x00,0x00,0x00,0x00,0x00,0x00,0x00,0x00,0x00,0x00,0x00,0x00,
    0x00,0x00,0x00,0x00,0x00,0x00,0x03,0x1a,0x1e,0x09,0x00,0x00,0x00,0x00,0x00,0x00,0x00,0x01,0x1a,0x13,
    0x00,0x00,0x00,0x00,0x00,0x00,0x00,0x04,0x19,0x20,0x0a,0x00,0x00,0x00,0x00,0x00,0x00,0x00,0x00,0x54,
    0xef,0xdf,0x3c,0x00,0x00,0x00,0x00,0x00,0x00,0x03,0x18,0x20,0x0b,0x00,0x00,0x00,0x00,0x00,0x53,0xee,
    0xe0,0x38,0x00,0x00,0x00,0x00,0x00,0xe0,0xff,0x00,0x00,0x00,0xff,0xe0,0x00,0x00,0x00,0x00,0x08,0x76,
    0xce,0xf5,0xf9,0xe0,0xa1,0x29,0x00,0x00,0x00,0x00,0x00,0x2a,0xc0,0xf6,0x61,0x2d,0xc1,0xdf,0x47,0x00,
    0x00,0x00,0x00,0x00,0xff,0xe0,0x00,0x00,0x03,0x41,0x36,0x00,0x00,0x00,0x17,0x17,0x00,0x04,0xff,0xd8,
    0x00,0x00,0x00,0x00,0x02,0x1f,0x14,0x00,0x00,0x04,0x06,0x00,0x56,0xf0,0xde,0x3b,0x00,0x00,0x00,0x00,
    0xe0,0xff,0x00,0x00,0x00,0x00,0xff,0xe0,0x00,0x00,0x00,0xe0,0xff,0x00,0x00,0x00,0x55,0xca,0xf0,0xea,
    0xbd,0x41,0x00,0x00,0x00,0x00,0x00,0x00,0x02,0x1f,0x14,0x00,0x00,0x04,0x06,0x00,0x00,0x00,0x00,0x00,
    0x00,0x00,0x00,0x00,0x0e,0x8b,0xed,0xff,0xff,0xfb,0xbf,0x35,0x00,0x00,0x00,0x05,0x89,0xf4,0xff,0xff,
    0xe6,0x6e,0x01,0x00,0x00,0x26,0xaf,0xf7,0xff,0xff,0xfe,0xca,0x4d,0x00,0x00,0x00,0x00,0x00,0x00,0xdf,
    0x82,0xaf,0xd1,0x00,0x00,0x00,0x00,0x25,0xa8,0xf3,0xff,0xff,0xfe,0xcb,0x4d,0x00,0x00,0x00,0xdf,0x80,
    0xb8,0xcb,0x00,0x00,0x00,0x00,0x00,0xe0,0xff,0x00,0x00,0x00,0xff,0xe0,0x00,0x00,0x00,0x0f,0xcc,0xff,
    0xae,0x61,0x5d,0x92,0xf9,0xf6,0x34,0x00,0x00,0x00,0x24,0xef,0xed,0xbf,0xff,0xfe,0xb9,0xe6,0xfb,0x37,
    0x00,0x00,0x00,0x00,0xff,0xe0,0x00,0x00,0x9c,0xe7,0xff,0x95,0x00,0x00,0xbd,0xbf,0x00,0x04,0xff,0xd8,
    0x00,0x00,0x00,0x53,0xe9,0xff,0xff,0xda,0xaa,0xd1,0xeb,0x48,0xe0,0x82,0xad,0xd0,0x00,0x00,0x00,0x00,
    0xe0,0xff,0x00,0x00,0x00,0x00,0xff,0xe0,0x00,0x00,0x00,0xe0,0xff,0x00,0x00,0x62,0xfe,0x9f,0x5c,0x6f,
    0xdf,0xff,0x56,0x00,0x00,0x00,0x00,0x53,0xe9,0xff,0xff,0xda,0xaa,0xd1,0xeb,0x48,0x00,0x00,0x00,0x00,
    0x00,0x00,0x00,0x20,0xd7,0xb6,0x3c,0x0b,0x0d,0x50,0xeb,0xf8,0x2f,0x00,0x00,0x9a,0xdb,0x49,0x0e,0x1a,
    0xa4,0xff,0x77,0x00,0x3e,0xf6,0xa5,0x39,0x10,0x06,0x32,0xc0,0xff,0x4c,0x00,0x00,0x00,0x00,0x00,0xf1,
    0x42,0x82,0xfc,0x00,0x00,0x00,0x35,0xf6,0xa8,0x3a,0x10,0x07,0x36,0xcb,0xff,0x49,0x00,0x00,0xf1,0x43,
    0x8b,0xfa,0x00,0x00,0x00,0x00,0x00,0xe0,0xff,0x00,0x00,0x00,0xff,0xe0,0x00,0x00,0x00,0x90,0xff,0x8c,
    0x00,0x01,0x01,0x00,0x51,0xff,0xb9,0x00,0x00,0x00,0xa0,0xff,0x46,0x00,0x26,0x20,0x00,0x37,0xff,0xb8,
    0x00,0x00,0x00,0x00,0xff,0xe0,0x00,0x00,0xf5,0x2c,0xc0,0xf6,0x01,0x1a,0xfd,0xfd,0x1a,0x04,0xff,0xd8,
    0x00,0x00,0x1d,0xf8,0xbd,0x22,0x06,0x26,0x5a,0x79,0x55,0x03,0xf1,0x43,0x7c,0xfb,0x00,0x00,0x00,0x00,
    0xe0,0xff,0x00,0x00,0x00,0x00,0xff,0xe0,0x00,0x00,0x00,0xe0,0xff,0x00,0x04,0xe9,0x6c,0x00,0x00,0x00,
    0x26,0xff,0xd0,0x00,0x00,0x00,0x1d,0xf8,0xbd,0x22,0x06,0x26,0x5a,0x79,0x55,0x03,0x00,0x00,0x00,0x00,
    0x00,0x00,0x00,0xe9,0xe0,0x56,0x2e,0x07,0x00,0x00,0x71,0xff,0xb1,0x00,0x07,0xd4,0x24,0x00,0x00,0x00,
    0x0b,0xfb,0xdc,0x00,0x27,0x76,0x00,0x00,0x00,0x00,0x00,0x28,0xff,0xc0,0x00,0x00,0x00,0x00,0x00,0x8c,
    0xff,0xff,0xff,0x00,0x00,0x00,0x18,0x6c,0x00,0x00,0x00,0x00,0x00,0x32,0xff,0xba,0x00,0x00,0x8c,0xff,
    0xff,0xff,0x00,0x00,0x00,0x00,0x00,0xe0,0xff,0x00,0x00,0x00,0xff,0xe0,0x00,0x00,0x00,0xe4,0xff,0x0f,
    0x5a,0xf2,0xef,0x50,0x01,0xf3,0xf2,0x00,0x00,0x00,0xe7,0xf7,0x00,0x4b,0xef,0xf9,0x60,0x00,0xee,0xe8,
    0x00,0x00,0x00,0x00,0xff,0xe0,0x00,0x00,0xc9,0xb7,0xf3,0xff,0x08,0x72,0xff,0xff,0x72,0x04,0xff,0xd8,
    0x00,0x00,0x6d,0xff,0xfc,0xeb,0xc6,0x88,0x29,0x00,0x00,0x00,0x84,0xff,0xff,0xff,0x00,0x00,0x00,0x00,
    0xe0,0xff,0x00,0x00,0x00,0x00,0xff,0xe0,0x00,0x00,0x00,0xe0,0xff,0x00,0x00,0x36,0x04,0x00,0x00,0x00,
    0x00,0xec,0xf8,0x00,0x00,0x00,0x6d,0xff,0xfc,0xeb,0xc6,0x88,0x29,0x00,0x00,0x00,0x00,0x00,0x00,0x00,
    0x00,0x00,0x01,0x74,0x9e,0xfa,0xf8,0x43,0x00,0x00,0x40,0xff,0xd7,0x00,0x00,0x02,0x00,0x00,0x00,0x00,
    0x00,0xe8,0xfc,0x00,0x00,0x00,0x76,0xe8,0xf4,0xb5,0x29,0x04,0xff,0xe1,0x00,0x00,0x09,0x00,0x00,0x00,
    0x2d,0xe5,0xff,0x00,0x00,0x00,0x00,0x04,0x9f,0xf4,0xdf,0x48,0x00,0x06,0xff,0xd9,0x00,0x00,0x00,0x2d,
    0xe5,0xff,0x00,0x00,0x00,0x00,0x00,0xe0,0xff,0x00,0x00,0x00,0xff,0xe0,0x00,0x00,0x00,0xfa,0xe8,0x00,
    0xe5,0x72,0x71,0xdd,0x00,0xe0,0xff,0x00,0x00,0x00,0xfa,0xe6,0x00,0xdd,0x74,0x75,0xdd,0x00,0xe0,0xff,
    0x00,0x00,0x00,0x00,0xff,0xe0,0x00,0x00,0x1c,0x80,0xec,0xff,0x08,0xcc,0xc4,0xce,0xcb,0x04,0xff,0xd8,
    0x00,0x00,0x0c,0x15,0x21,0x40,0x6d,0xcd,0xfc,0x6c,0x00,0x00,0x00,0x29,0xe7,0xff,0x00,0x00,0x00,0x00,
    0xe0,0xff,0x00,0x00,0x00,0x00,0xff,0xe0,0x00,0x00,0x00,0xe0,0xff,0x00,0x00,0x00,0x00,0x00,0x00,0x00,
    0x00,0xe0,0xff,0x00,0x00,0x00,0x0c,0x15,0x21,0x40,0x6d,0xcd,0xfc,0x6c,0x00,0x00,0x00,0x00,0x00,0x00,
    0x00,0x00,0x00,0x00,0xc1,0xfb,0x2a,0x00,0x00,0x00,0x38,0xff,0xdc,0x00,0x00,0x00,0x00,0x00,0x00,0x00,
    0x00,0xe4,0xff,0x00,0x00,0x59,0xff,0xa5,0x38,0x92,0xf2,0x28,0xff,0xe4,0x00,0x06,0xdf,0x59,0x00,0x00,
    0x00,0xe0,0xff,0x00,0x00,0x00,0x00,0x68,0xff,0x44,0x5c,0xe4,0x00,0x00,0xff,0xdc,0x00,0x00,0x00,0x00,
    0xe0,0xff,0x00,0x00,0x00,0x00,0x00,0xe0,0xff,0x00,0x00,0x00,0xff,0xe0,0x00,0x00,0x00,0xe7,0xf7,0x00,
    0xf0,0x2f,0x2f,0xec,0x00,0xe0,0xff,0x00,0x00,0x00,0xe4,0xfa,0x01,0xf0,0x23,0x22,0xef,0x00,0xe0,0xff,
    0x00,0x00,0x00,0x00,0xff,0xe0,0x00,0x00,0x00,0x00,0xd8,0xff,0x2e,0xff,0x68,0x72,0xff,0x28,0xff,0xd8,
    0x00,0x00,0x00,0x00,0x00,0x00,0x00,0x0a,0xf6,0xe8,0x00,0x00,0x00,0x00,0xe0,0xff,0x00,0x00,0x00,0x00,
    0xe0,0xff,0x00,0x00,0x00,0x00,0xff,0xe0,0x00,0x00,0x00,0xe0,0xff,0x00,0x00,0x00,0x00,0x00,0x00,0x00,
    0x00,0xe0,0xff,0x00,0x00,0x00,0x00,0x00,0x00,0x00,0x00,0x0a,0xf6,0xe8,0x00,0x00,0x00,0x00,0x00,0x00,
    0x00,0x00,0x00,0x00,0xfd,0xdc,0x00,0x00,0x00,0x00,0x38,0xff,0xdc,0x00,0x00,0x00,0x00,0x00,0x00,0x00,
    0x00,0xe4,0xff,0x00,0x00,0xb3,0xff,0x22,0x00,0x00,0x9c,0xcd,0xff,0xe4,0x00,0x00,0x36,0xed,0x62,0x00,
    0x00,0xe0,0xff,0x00,0x00,0x00,0x00,0x8b,0xff,0x4f,0x65,0xe4,0x00,0x00,0xff,0xdc,0x00,0x00,0x00,0x00,
    0xe0,0xff,0x00,0x00,0x00,0x00,0x00,0xe0,0xff,0x00,0x00,0x00,0xff,0xe0,0x00,0x00,0x00,0xbb,0xff,0x1e,
    0x67,0xf6,0xff,0x89,0x00,0xe0,0xff,0x00,0x00,0x00,0xb8,0xff,0x25,0x88,0xf6,0xf6,0x97,0x00,0xe0,0xff,
    0x00,0x00,0x00,0x00,0xff,0xe0,0x00,0x00,0x00,0x00,0xd8,0xff,0x88,0xf9,0x12,0x19,0xfc,0x81,0xff,0xd8,
    0x00,0x00,0x00,0x00,0x00,0x00,0x00,0x00,0xe0,0xff,0x00,0x00,0x00,0x00,0xe1,0xff,0x01,0x00,0x00,0x00,
    0xe0,0xff,0x00,0x00,0x00,0x00,0xff,0xe0,0x00,0x00,0x00,0xe0,0xff,0x00,0x00,0x00,0x00,0x00,0x00,0x00,
    0x00,0xe0,0xff,0x00,0x00,0x00,0x00,0x00,0x00,0x00,0x00,0x00,0xe0,0xff,0x00,0x00,0x00,0x00,0x00,0x00,
    0x00,0x00,0x00,0x00,0xff,0xd8,0x00,0x00,0x00,0x00,0x38,0xff,0xdc,0x00,0x00,0x00,0x00,0x00,0x00,0x00,
    0x00,0xe4,0xff,0x00,0x00,0xd8,0xff,0x04,0x00,0x00,0x11,0xf0,0xff,0xe4,0x00,0x00,0x00,0x3f,0xf8,0x58,
    0x00,0xe0,0xff,0x00,0x00,0x00,0x00,0x8c,0xff,0xf9,0xe2,0x49,0x00,0x00,0xff,0xdc,0x00,0x00,0x00,0x00,
    0xe0,0xff,0x00,0x00,0x00,0x00,0x00,0xe0,0xff,0x00,0x00,0x00,0xff,0xe0,0x02,0x00,0x00,0x89,0xff,0x54,
    0x00,0xb9,0xe4,0x0e,0x00,0xe0,0xff,0x00,0x00,0x00,0x86,0xff,0x5b,0x00,0xbb,0xeb,0x17,0x00,0xe0,0xff,
    0x00,0x00,0x00,0x00,0xff,0xe0,0x02,0x00,0x00,0x00,0xd8,0xfd,0xdb,0xaf,0x00,0x00,0xba,0xd7,0xfe,0xd8,
    0x00,0x00,0x00,0x00,0x00,0x00,0x00,0x00,0xe0,0xff,0x00,0x00,0x39,0xdf,0xff,0xff,0xf1,0x97,0x13,0x00,
    0xe0,0xff,0x00,0x00,0x00,0x00,0xff,0xe0,0x02,0x00,0x00,0xe0,0xff,0x02,0x00,0x00,0x00,0x00,0x00,0x00,
    0x02,0xe0,0xff,0x00,0x00,0x00,0x00,0x00,0x00,0x00,0x00,0x00,0xe0,0xff,0x00,0x00,0x00,0x00,0x00,0x00,
    0x00,0x00,0x00,0x00,0xff,0xd8,0x00,0x00,0x00,0x00,0x38,0xff,0xdc,0x00,0x00,0x00,0x00,0x00,0x00,0x00,
    0x00,0xe4,0xff,0x00,0x00,0xe1,0xff,0xf2,0xdd,0x41,0x00,0x96,0xff,0xe4,0x00,0x00,0x00,0x00,0x73,0xf8,
    0x30,0xe0,0xff,0x00,0x00,0x00,0x00,0x8c,0xff,0x4c,0x00,0x00,0x00,0x00,0xff,0xdc,0x00,0x00,0x00,0x00,
    0xe0,0xff,0x00,0x00,0x00,0x00,0x00,0xe0,0xff,0x00,0x00,0x00,0xff,0xff,0xfa,0x69,0x00,0x54,0xff,0x83,
    0x5b,0xff,0x4e,0x00,0x00,0xe0,0xff,0x00,0x00,0x00,0x52,0xff,0x88,0x5d,0xff,0x53,0x00,0x00,0xe0,0xff,
    0x00,0x00,0x00,0x00,0xff,0xff,0xfa,0x69,0x00,0x00,0xd8,0xff,0xff,0x53,0x00,0x00,0x5e,0xff,0xff,0xd8,
    0x00,0x00,0x00,0x00,0x00,0x00,0x6d,0xf2,0xfe,0xff,0x00,0x00,0xd2,0xf6,0xe8,0xff,0x83,0xec,0xd6,0x1b,
    0xe0,0xff,0x00,0x00,0x00,0x00,0xff,0xff,0xfa,0x69,0x00,0xe0,0xff,0xfb,0x72,0x00,0x00,0x00,0x00,0x6c,
    0xfa,0xff,0xff,0x00,0x00,0x00,0x00,0x00,0x00,0x00,0x6d,0xf2,0xfe,0xff,0x00,0x00,0x00,0x00,0x00,0x00,
    0x00,0x00,0x00,0x00,0xff,0xd8,0x00,0x00,0x00,0x00,0x38,0xff,0xdc,0x00,0x00,0x00,0x00,0x00,0x00,0x00,
    0x00,0xe4,0xff,0x00,0x00,0xd0,0xfe,0x42,0x6d,0xdf,0x00,0x3e,0xff,0xe4,0x00,0x00,0x00,0x00,0x00,0xb8,
    0xd3,0xe5,0xff,0x00,0x00,0x00,0x00,0x8c,0xff,0x4c,0x00,0x00,0x00,0x0e,0xff,0xdc,0x00,0x00,0x00,0x00,
    0xe0,0xff,0x00,0x00,0x00,0x00,0x00,0xe1,0xff,0x00,0x00,0x00,0xfc,0xa2,0x6c,0xec,0x00,0x28,0xff,0xaf,
    0xe6,0xac,0x00,0x00,0x00,0xe0,0xff,0x00,0x00,0x00,0x27,0xff,0xb8,0xee,0xa6,0x00,0x00,0x00,0xe0,0xff,
    0x00,0x00,0x00,0x00,0xfc,0xa2,0x6c,0xec,0x00,0x00,0xd8,0xff,0xef,0x07,0x00,0x00,0x0c,0xf5,0xff,0xd8,
    0x00,0x00,0x00,0x00,0x00,0x02,0xf5,0x40,0xc7,0xfe,0x00,0x00,0xf8,0xe1,0xe0,0xff,0x00,0x17,0xce,0xe3,
    0xfa,0xfe,0x00,0x00,0x00,0x00,0xfc,0xa2,0x6c,0xec,0x00,0xdc,0xa4,0x6e,0xed,0x00,0x00,0x00,0x00,0xec,
    0x68,0xd4,0xfc,0x00,0x00,0x00,0x00,0x00,0x00,0x02,0xf5,0x40,0xc7,0xfe,0x00,0x00,0x00,0x00,0x00,0x00,
    0x00,0x00,0x00,0x00,0xff,0xd8,0x00,0x00,0x00,0x00,0x38,0xff,0xdc,0x00,0x00,0x00,0x00,0x00,0x00,0x00,
    0x00,0xe4,0xff,0x00,0x00,0x92,0xfc,0x2a,0x56,0xe8,0x00,0x15,0xff,0xe4,0x00,0x00,0x00,0x00,0x00,0x25,
    0xf8,0xff,0xff,0x00,0x00,0x00,0x00,0x8c,0xff,0x97,0x6c,0x6c,0x6c,0xae,0xff,0xbf,0x00,0x00,0x00,0x33,
    0xe9,0xff,0x4c,0x4c,0x4c,0x4c,0x66,0xfb,0xe4,0x00,0x00,0x00,0xd2,0x94,0x5c,0xe5,0x00,0x10,0xff,0xfe,
    0xf4,0x1c,0x00,0x00,0x00,0xe0,0xff,0x00,0x00,0x00,0x0f,0xff,0xff,0xee,0x16,0x00,0x00,0x00,0xe0,0xff,
    0x00,0x00,0x00,0x00,0xd2,0x94,0x5c,0xe5,0x00,0x00,0xd8,0xff,0x9a,0x00,0x00,0x00,0x00,0xa6,0xff,0xd8,
    0x00,0x00,0x00,0x00,0x00,0x03,0xf7,0x30,0xbe,0xd9,0x00,0x00,0xcf,0xf2,0xed,0xf4,0x00,0x00,0x21,0xf3,
    0xff,0xe6,0x00,0x00,0x00,0x00,0xd2,0x94,0x5c,0xe5,0x00,0xb0,0x9b,0x5d,0xe5,0x00,0x00,0x00,0x00,0xe8,
    0x76,0xd6,0xcb,0x00,0x00,0x00,0x00,0x00,0x00,0x03,0xf7,0x30,0xbe,0xd9,0x00,0x00,0x00,0x00,0x00,0x00,
    0x00,0x00,0x00,0x00,0xff,0xd8,0x00,0x00,0x00,0x00,0x38,0xff,0xdc,0x00,0x00,0x00,0x00,0x00,0x00,0x00,
    0x00,0xe4,0xff,0x00,0x00,0x13,0xb8,0xff,0xf7,0x5d,0x00,0x00,0xff,0xe4,0x00,0x00,0x00,0x00,0x00,0x00,
    0x8b,0xff,0xff,0x00,0x00,0x00,0x00,0x8c,0xff,0xff,0xff,0xff,0xff,0xfd,0xd2,0x31,0x00,0x00,0x00,0xac,
    0xff,0xff,0xff,0xff,0xff,0xff,0xff,0xe5,0x54,0x00,0x00,0x00,0x3a,0xdf,0xe4,0x52,0x00,0x05,0xff,0xff,
    0x7b,0x00,0x00,0x00,0x00,0xe0,0xff,0x00,0x00,0x00,0x05,0xff,0xff,0x77,0x00,0x00,0x00,0x00,0xe0,0xff,
    0x00,0x00,0x00,0x00,0x3a,0xdf,0xe4,0x52,0x00,0x00,0xd8,0xff,0x3e,0x00,0x00,0x00,0x00,0x4a,0xff,0xd8,
    0x00,0x00,0x00,0x00,0x00,0x00,0x6d,0xfb,0xf4,0x4b,0x00,0x00,0x38,0xda,0xf4,0x80,0x00,0x00,0x00,0x5f,
    0xef,0x64,0x00,0x00,0x00,0x00,0x3a,0xdf,0xe4,0x52,0x00,0x28,0xd7,0xe8,0x54,0x00,0x00,0x00,0x00,0x5a,
    0xec,0xd8,0x32,0x00,0x00,0x00,0x00,0x00,0x00,0x00,0x6d,0xfb,0xf4,0x4b,0x00,0x00,0x00,0x00,0x00,0x00,
    0x00,0x00,0x00,0x00,0x70,0x5e,0x00,0x00,0x00,0x00,0x18,0x70,0x60,0x00,0x00,0x00,0x00,0x00,0x00,0x00,
    0x00,0x63,0x70,0x00,0x00,0x00,0x00,0x0e,0x09,0x00,0x00,0x00,0x24,0x20,0x00,0x00,0x00,0x00,0x00,0x00,
    0x00,0x00,0x00,0x00,0x00,0x00,0x00,0x00,0x00,0x00,0x00,0x00,0x00,0x00,0x00,0x00,0x00,0x00,0x00,0x00,
    0x00,0x00,0x00,0x00,0x00,0x00,0x00,0x00,0x00,0x00,0x00,0x00,0x00,0x00,0x00,0x00,0x00,0x00,0x00,0x00,
    0x00,0x00,0x00,0x00,0x00,0x00,0x00,0x00,0x00,0x00,0x00,0x00,0x00,0x00,0x00,0x00,0x00,0x00,0x00,0x00,
    0x00,0x00,0x00,0x00,0x00,0x00,0x00,0x00,0x00,0x00,0x00,0x00,0x00,0x00,0x00,0x00,0x00,0x00,0x00,0x00,
    0x00,0x00,0x00,0x00,0x00,0x00,0x00,0x09,0x06,0x00,0x00,0x00,0x00,0x00,0x00,0x00,0x00,0x00,0x00,0x00,
    0x00,0x00,0x00,0x00,0x00,0x00,0x00,0x00,0x00,0x00,0x00,0x00,0x00,0x00,0x00,0x00,0x00,0x00,0x00,0x00,
    0x00,0x00,0x00,0x00,0x00,0x00,0x00,0x00,0x00,0x00,0x00,0x09,0x06,0x00,0x00,0x00,0x00,0x00,0x00,0x00,
    0x00,0x00,0x00,0x00,0x00,0x00,0x00,0x00,0x00,0x00,0x00,0x00,0x00,0x00,0x00,0x00,0x00,0x00,0x00,0x00,
    0x00,0x00,0x00,0x00,0x00,0x00,0x00,0x00,0x00,0x00,0x00,0x00,0x00,0x00,0x00,0x00,0x00,0x00,0x00,0x00,
    0x00,0x00,0x00,0x00,0x00,0x00,0x00,0x00,0x00,0x00,0x00,0x00,0x00,0x00,0x00,0x00,0x00,0x00,0x00,0x00,
    0x00,0x00,0x00,0x00,0x00,0x00,0x00,0x00,0x00,0x00,0x00,0x00,0x00,0x00,0x00,0x00,0x00,0x00,0x00,0x00,
    0x00,0x00,0x00,0x00,0x00,0x00,0x00,0x00,0x00,0x00,0x00,0x00,0x00,0x00,0x00,0x00,0x00,0x00,0x00,0x00,
    0x00,0x00,0x00,0x00,0x00,0x00,0x00,0x00,0x00,0x00,0x00,0x00,0x00,0x00,0x00,0x00,0x00,0x00,0x00,0x00,
    0x00,0x00,0x00,0x00,0x00,0x00,0x00,0x00,0x00,0x00,0x00,0x00,0x00,0x00,0x00,0x00,0x00,0x00,0x00,0x00,
    0x00,0x00,0x00,0x00,0x00,0x00,0x00,0x00,0x00,0x00,0x00,0x00,0x00,0x00,0x00,0x00,0x00,0x00,0x00,0x00,
    0x00,0x00,0x00,0x00,0x00,0x00,0x00,0x00,0x00,0x00,0x00,0x00,0x00,0x00,0x00,0x00,0x00,0x00,0x00,0x00,
    0x00,0x00,0x00,0x00,0x00,0x00,0x00,0x00,0x00,0x00,0x00,0x00,0x00,0x00,0x00,0x00,0x00,0x00,0x00,0x00,
    0x00,0x00,0x00,0x00,0x00,0x00,0x00,0x00,0x00,0x00,0x00,0x00,0x00,0x00,0x00,0x00,0x00,0x00,0x00,0x00,
    0x00,0x00,0x00,0x00,0x00,0x00,0x00,0x00,0x00,0x00,0x00,0x00,0x00,0x00,0x00,0x00,0x00,0x00,0x00,0x00,
    0x00,0x00,0x00,0x00,0x00,0x00,0x00,0x00,0x00,0x00,0x00,0x00,0x00,0x00,0x00,0x00,0x00,0x00,0x00,0x00,
    0x00,0x00,0x00,0x00,0x00,0x00,0x00,0x00,0x00,0x00,0x00,0x00,0x00,0x00,0x00,0x00,0x00,0x00,0x00,0x00,
    0x00,0x00,0x00,0x00,0x00,0x00,0x00,0x00,0x00,0x00,0x00,0x00,0x00,0x00,0x00,0x00,0x00,0x00,0x00,0x00,
    0x00,0x00,0x00,0x00,0x00,0x00,0x00,0x00,0x00,0x00,0x00,0x00,0x00,0x00,0x00,0x00,0x00,0x00,0x00,0x00,
    0x00,0x00,0x00,0x00,0x00,0x00,0x00,0x00,0x00,0x00,0x00,0x00,0x00,0x00,0x00,0x00,0x00,0x00,0x00,0x00,
    0x00,0x00,0x00,0x00,0x00,0x00,0x00,0x00,0x00,0x00,0x00,0x00,0x00,0x00,0x00,0x00,0x00,0x00,0x00,0x00,
};
const lv_image_dsc_t img_updating = {
    .header.magic = LV_IMAGE_HEADER_MAGIC,
    .header.cf = LV_COLOR_FORMAT_A8,
    .header.w = 180,
    .header.h = 25,
    .header.stride = 180,
    .data_size = sizeof(img_updating_map),
    .data = img_updating_map,
};

// อัปเดตสำเร็จ กำลังรีสตาร์ท  (225x25)
static const uint8_t img_update_done_map[] = {
    0x00,0x00,0x00,0x00,0x00,0x00,0x00,0x00,0x00,0x00,0x00,0x00,0x00,0x00,0x00,0x00,0x00,0x00,0x00,0x00,
    0x00,0x00,0x00,0x00,0x00,0x00,0x00,0x00,0x00,0x00,0x00,0x00,0x00,0x00,0x00,0x00,0x00,0x00,0x00,0x00,
    0x00,0x00,0x00,0x00,0x00,0x00,0x00,0x00,0x00,0x00,0x00,0x00,0x00,0x00,0x00,0x00,0x00,0x00,0x00,0x00,
    0x00,0x00,0x00,0x00,0x00,0x00,0x00,0x00,0x00,0x00,0x00,0x00,0x00,0x00,0x00,0x00,0x00,0x00,0x00,0x00,
    0x00,0x00,0x00,0x00,0x00,0x00,0x00,0x00,0x00,0x00,0x00,0x00,0x00,0x00,0x00,0x00,0x00,0x00,0x00,0x00,
    0x00,0x00,0x00,0x00,0x00,0x00,0x00,0x00,0x00,0x00,0x00,0x00,0x00,0x00,0x00,0x00,0x00,0x00,0x00,0x00,
    0x00,0x00,0x00,0x00,0x00,0x00,0x00,0x00,0x00,0x00,0x00,0x00,0x00,0x00,0x00,0x00,0x00,0x00,0x00,0x00,
    0x00,0x00,0x00,0x00,0x00,0x00,0x00,0x00,0x00,0x00,0x00,0x00,0x00,0x00,0x00,0x00,0x00,0x00,0x00,0x00,
    0x00,0x00,0x00,0x00,0x00,0x00,0x00,0x00,0x00,0x00,0x00,0x00,0x00,0x00,0x00,0x00,0x00,0x00,0x00,0x00,
    0x00,0x00,0x00,0x00,0x00,0x00,0x00,0x00,0x00,0x00,0x00,0x00,0x00,0x00,0x00,0x00,0x00,0x00,0x00,0x00,
    0x00,0x00,0x00,0x00,0x00,0x00,0x00,0x00,0x00,0x00,0x00,0x00,0x00,0x00,0x00,0x00,0x00,0x00,0x00,0x00,
    0x00,0x00,0x00,0x00,0x00,0x00,0x00,0x00,0x00,0x00,0x00,0x00,0x00,0x00,0x00,0x00,0x00,0x00,0x00,0x00,
    0x00,0x00,0x00,0x00,0x00,0x00,0x00,0x00,0x00,0x00,0x00,0x00,0x00,0x00,0x00,0x00,0x00,0x00,0x00,0x00,
    0x00,0x00,0x00,0x00,0x00,0x00,0x00,0x00,0x00,0x00,0x00,0x00,0x00,0x00,0x00,0x00,0x00,0x00,0x00,0x00,
    0x00,0x00,0x00,0x00,0x00,0x00,0x00,0x00,0x00,0x00,0x00,0x00,0x00,0x00,0x00,0x00,0x00,0x00,0x00,0x00,
    0x00,0x00,0x00,0x00,0x00,0x00,0x00,0x00,0x00,0x00,0x00,0x00,0x00,0x00,0x00,0x00,0x00,0x00,0x00,0x00,
    0x00,0x00,0x00,0x00,0x00,0x00,0x00,0x00,0x00,0x00,0x00,0x00,0x00,0x00,0x00,0x00,0x00,0x00,0x00,0x00,
    0x00,0x00,0x00,0x00,0x00,0x00,0x00,0x00,0x00,0x00,0x00,0x00,0x00,0x00,0x00,0x00,0x00,0x00,0x00,0x00,
    0x00,0x00,0x00,0x00,0x00,0x00,0x00,0x00,0x00,0x00,0x00,0x00,0x00,0x00,0x00,0x00,0x00,0x00,0x00,0x00,
    0x00,0x00,0x00,0x00,0x00,0x00,0x00,0x00,0x00,0x00,0x00,0x00,0x00,0x00,0x00,0x00,0x00,0x00,0x00,0x00,
    0x00,0x00,0x00,0x00,0x00,0x00,0x00,0x00,0x00,0x00,0x00,0x00,0x00,0x00,0x00,0x00,0x00,0x00,0x00,0x00,
    0x00,0x00,0x00,0x00,0x00,0x00,0x00,0x00,0x00,0x00,0x00,0x00,0x00,0x00,0x00,0x00,0x00,0x00,0x00,0x00,
    0x00,0x00,0x00,0x00,0x00,0x00,0x00,0x00,0x00,0x00,0x00,0x00,0x00,0x00,0x00,0x00,0x00,0x00,0x00,0x00,
    0x00,0x00,0x00,0x00,0x00,0x00,0x00,0x00,0x00,0x00,0x00,0x00,0x00,0x00,0x00,0x00,0x00,0x00,0x00,0x00,
    0x00,0x00,0x00,0x00,0x00,0x00,0x00,0x00,0x00,0x00,0x00,0x00,0x00,0x00,0x00,0x00,0x00,0x00,0x00,0x00,
    0x00,0x00,0x00,0x00,0x00,0x00,0x00,0x00,0x00,0x00,0x00,0x00,0x00,0x00,0x00,0x00,0x00,0x00,0x00,0x00,
    0x00,0x00,0x00,0x00,0x00,0x00,0x00,0x00,0x00,0x00,0x00,0x00,0x00,0x00,0x00,0x00,0x00,0x00,0x00,0x00,
    0x00,0x00,0x00,0x00,0x00,0x68,0x27,0x00,0x00,0x00,0x00,0x00,0x00,0x00,0x00,0x00,0x00,0x00,0x00,0x00,
    0x00,0x00,0x00,0x00,0x00,0x00,0x00,0x00,0x00,0x00,0x00,0x00,0x00,0x00,0x00,0x00,0x00,0x00,0x00,0x00,
    0x00,0x00,0x00,0x00,0x00,0x00,0x00,0x00,0x00,0x00,0x00,0x00,0x00,0x00,0x00,0x00,0x00,0x00,0x00,0x00,
    0x00,0x00,0x00,0x00,0x00,0x00,0x00,0x00,0x00,0x00,0x00,0x00,0x00,0x00,0x00,0x00,0x00,0x00,0x00,0x00,
    0x00,0x00,0x00,0x00,0x00,0x00,0x00,0x00,0x00,0x00,0x00,0x00,0x00,0x00,0x00,0x00,0x00,0x00,0x00,0x00,
    0x00,0x00,0x00,0x00,0x00,0x00,0x00,0x00,0x00,0x00,0x00,0x00,0x00,0x00,0x00,0x00,0x00,0x00,0x00,0x00,
    0x01,0x50,0x17,0x00,0x00,0x00,0x00,0x00,0x00,0x00,0x00,0x00,0x00,0x00,0x00,0x00,0x00,0x00,0x00,0x00,
    0x00,0x00,0x00,0x00,0x00,0x00,0x00,0x00,0x00,0x00,0x00,0x00,0x00,0x00,0x00,0x00,0x00,0x00,0x00,0x00,
    0x00,0x00,0x00,0x00,0x00,0x00,0x00,0x00,0x00,0x00,0x00,0x00,0x00,0x00,0x00,0x00,0x00,0x00,0x00,0x00,
    0x00,0x00,0x00,0x00,0x00,0x00,0x00,0x00,0x00,0x00,0x00,0x00,0x00,0x00,0x00,0x00,0x00,0x00,0x00,0x00,
    0x00,0x00,0x00,0x00,0x00,0x00,0x00,0x00,0x00,0x00,0x00,0x00,0x00,0x00,0x00,0x00,0x00,0x00,0x00,0x00,
    0x00,0x00,0x00,0x00,0x00,0x00,0x04,0x03,0x05,0x51,0xf9,0x52,0x00,0x00,0x00,0x00,0x00,0x00,0x00,0x00,
    0x00,0x00,0x00,0x00,0x00,0x00,0x00,0x00,0x00,0x00,0x00,0x00,0x00,0x00,0x00,0x00,0x00,0x00,0x00,0x00,
    0x00,0x00,0x00,0x00,0x00,0x00,0x00,0x00,0x00,0x00,0x00,0x00,0x00,0x00,0x00,0x00,0x00,0x00,0x00,0x00,
    0x00,0x00,0x00,0x00,0x00,0x00,0x00,0x00,0x00,0x00,0x00,0x00,0x00,0x00,0x00,0x00,0x00,0x00,0x00,0x00,
    0x00,0x00,0x00,0x00,0x00,0x00,0x00,0x00,0x00,0x00,0x00,0x00,0x00,0x00,0x00,0x00,0x00,0x00,0x00,0x00,
    0x00,0x00,0x00,0x00,0x00,0x00,0x00,0x00,0x00,0x00,0x00,0x00,0x00,0x00,0x00,0x00,0x00,0x00,0x00,0x00,
    0x00,0x00,0x00,0x00,0x00,0x37,0xff,0xbf,0x00,0x00,0x00,0x00,0x00,0x00,0x00,0x00,0x00,0x00,0x00,0x00,
    0x00,0x00,0x00,0x00,0x00,0x00,0x00,0x00,0x00,0x03,0x00,0x00,0x00,0x00,0x00,0x00,0x00,0x00,0x00,0x00,
    0x00,0x00,0x00,0x00,0x00,0x00,0x00,0x00,0x00,0x00,0x00,0x00,0x00,0x00,0x00,0x00,0x00,0x00,0x00,0x00,
    0x00,0x00,0x00,0x00,0x00,0x00,0x00,0x00,0x00,0x00,0x00,0x00,0x00,0x00,0x00,0x00,0x00,0x00,0x00,0x00,
    0x00,0x00,0x00,0x00,0x00,0x00,0x00,0x01,0x01,0x00,0x00,0x00,0x00,0x00,0x00,0x00,0x00,0x00,0x00,0x00,
    0x00,0x00,0x00,0x00,0x00,0x00,0x00,0x00,0x29,0xb7,0xef,0xfd,0xff,0xfa,0xdc,0x72,0x00,0x00,0x00,0x00,
    0x00,0x00,0x00,0x00,0x00,0x00,0x00,0x00,0x00,0x00,0x00,0x00,0x00,0x00,0x00,0x00,0x00,0x00,0x00,0x00,
    0x00,0x00,0x00,0x01,0x01,0x00,0x00,0x00,0x00,0x00,0x00,0x00,0x00,0x00,0x00,0x00,0x00,0x00,0x00,0x00,
    0x00,0x00,0x00,0x03,0x00,0x00,0x00,0x00,0x00,0x00,0x00,0x00,0x00,0x00,0x00,0x00,0x00,0x00,0x00,0x00,
    0x00,0x00,0x00,0x00,0x4f,0x68,0x08,0x00,0x00,0x00,0x00,0x00,0x00,0x00,0x00,0x00,0x00,0x00,0x00,0x00,
    0x00,0x00,0x00,0x00,0x00,0x00,0x00,0x00,0x00,0x00,0x00,0x00,0x00,0x00,0x00,0x00,0x00,0x00,0x00,0x00,
    0x00,0x00,0x00,0x00,0x00,0x00,0x00,0x00,0x0a,0x4e,0xdb,0xf4,0x43,0x00,0x00,0x00,0x00,0x00,0x00,0x00,
    0x00,0x00,0x00,0x00,0x00,0x00,0x00,0x00,0x00,0x00,0x00,0x00,0x00,0x9a,0xf7,0xd0,0x16,0x00,0x02,0xf3,
    0xed,0x00,0x00,0x00,0x00,0x00,0x00,0x00,0x00,0x00,0x00,0x00,0x00,0x00,0x00,0x00,0x00,0x00,0x00,0x00,
    0x00,0x00,0x00,0x00,0x00,0x00,0x00,0x00,0x00,0x00,0x00,0x00,0x00,0x00,0x00,0x00,0x00,0x00,0x00,0x00,
    0x00,0x00,0x00,0x00,0x00,0x00,0x00,0x00,0x00,0x00,0x00,0x3e,0xe9,0xea,0x3a,0x00,0x00,0x00,0x00,0x00,
    0x00,0x00,0x00,0x00,0x00,0x00,0x00,0x00,0x00,0x00,0x00,0x00,0x00,0xce,0xe3,0x2b,0x01,0x03,0x02,0x0e,
    0x0a,0x00,0x00,0x00,0x00,0x00,0x00,0x00,0x00,0x00,0x00,0x00,0x00,0x00,0x00,0x00,0x00,0x00,0x00,0x00,
    0x00,0x00,0x00,0x00,0x00,0x00,0x00,0x58,0xef,0xef,0x51,0x00,0x00,0x00,0x00,0x00,0x00,0x00,0x00,0x00,
    0x00,0x00,0x00,0x00,0x00,0x00,0x00,0x9c,0xf7,0xd5,0x1b,0x00,0x02,0xf3,0xed,0x00,0x00,0x00,0x00,0x00,
    0x00,0x00,0x00,0x03,0x6d,0xca,0xe6,0xcb,0x6b,0xc6,0xff,0x14,0x00,0x00,0x00,0x00,0x00,0x00,0x00,0x00,
    0x00,0x00,0x00,0x00,0x00,0x00,0x00,0x00,0x00,0x00,0x00,0x00,0x00,0x00,0x00,0x00,0x00,0x00,0x00,0x00,
    0x00,0x00,0x00,0x00,0x00,0x00,0x00,0x00,0x00,0x00,0x00,0x29,0xac,0xf6,0xbd,0x7e,0x1d,0x00,0x00,0x00,
    0x00,0x00,0x00,0x00,0x00,0x00,0x00,0x00,0x00,0x00,0x00,0x00,0x00,0x00,0x00,0x00,0x00,0x27,0xe8,0x09,
    0xbb,0x70,0x00,0x57,0xff,0x92,0x00,0x00,0x00,0x00,0x00,0x00,0x00,0x00,0xe0,0xff,0x00,0x00,0x00,0x00,
    0x00,0x00,0x00,0x00,0x00,0x00,0x00,0x00,0x00,0x00,0x00,0x00,0x00,0x00,0x00,0x00,0x00,0x00,0x00,0x00,
    0x00,0x00,0x00,0x00,0x00,0x00,0x00,0x00,0x00,0x00,0x00,0x00,0x00,0x00,0x00,0x00,0xc4,0x50,0x68,0xb9,
    0x00,0x00,0x00,0x00,0x00,0x00,0x00,0x00,0x00,0x00,0x00,0x00,0x00,0x00,0x00,0x00,0x00,0x01,0xfd,0x97,
    0x07,0x11,0x00,0x21,0xfa,0xf5,0x28,0x00,0x00,0x00,0x00,0x00,0x00,0x00,0x00,0x00,0x00,0x00,0x00,0x00,
    0x00,0x00,0x00,0x00,0x00,0x00,0x00,0x00,0x00,0x00,0x00,0x02,0xf2,0x3a,0x40,0xe6,0x00,0x00,0x00,0x00,
    0x00,0x00,0x00,0x00,0x00,0x00,0x00,0x00,0x00,0x00,0x00,0x28,0xec,0x0a,0xaf,0x78,0x00,0x57,0xff,0x91,
    0x00,0x00,0x00,0x00,0x00,0x00,0x00,0x00,0x9b,0xf4,0x41,0x09,0x44,0xe2,0xfe,0xff,0x14,0x00,0x00,0x00,
    0x00,0x00,0x00,0x00,0x00,0x00,0x00,0x00,0x00,0x00,0x00,0x00,0x00,0x00,0x00,0x00,0x00,0x00,0x00,0x00,
    0x00,0x00,0x00,0x00,0x00,0x00,0x00,0x00,0x00,0x00,0x00,0x00,0x00,0x00,0x00,0x00,0xdc,0x77,0xe5,0x52,
    0x00,0x00,0x00,0x00,0x00,0x00,0x00,0x00,0x00,0x00,0x00,0x00,0x00,0x00,0x00,0x00,0x00,0x00,0x00,0x00,
    0x00,0x00,0x17,0xf4,0x74,0xe5,0x6d,0x74,0xf5,0xbe,0x0a,0x00,0x00,0x00,0x00,0x00,0x00,0x00,0x00,0xe0,
    0xff,0x00,0x00,0x00,0x00,0x00,0x00,0x00,0x00,0x00,0x00,0x00,0x00,0x00,0x00,0x00,0x00,0x00,0x00,0x00,
    0x00,0x00,0x00,0x00,0x00,0x00,0x00,0x00,0x00,0x00,0x00,0x00,0x00,0x00,0x00,0x00,0x00,0x00,0x00,0x00,
    0x00,0xc2,0x5a,0x70,0xb7,0x00,0x00,0x00,0x00,0x00,0x00,0x00,0x00,0x00,0x00,0x00,0x00,0x00,0x00,0x00,
    0x00,0x00,0x00,0xdb,0xcf,0xed,0xfc,0x9c,0x22,0xa4,0xff,0x4a,0x00,0x00,0x00,0x00,0x00,0x00,0x00,0x00,
    0x00,0x00,0x00,0x00,0x00,0x00,0x00,0x00,0x00,0x00,0x00,0x00,0x00,0x00,0x00,0x00,0x02,0xf0,0x3a,0x4a,
    0xe4,0x00,0x00,0x00,0x00,0x00,0x00,0x00,0x00,0x00,0x00,0x00,0x00,0x00,0x00,0x00,0x18,0xf6,0x76,0xdc,
    0x73,0x72,0xf5,0xbc,0x0a,0x00,0x00,0x00,0x00,0x00,0x00,0x00,0x38,0xff,0x8f,0x04,0x0a,0x02,0x2f,0xfc,
    0xff,0x14,0x00,0x00,0x00,0x00,0x00,0x00,0x00,0x00,0x00,0x00,0x00,0x00,0x00,0x00,0x00,0x00,0x00,0x00,
    0x00,0x00,0x00,0x00,0x00,0x00,0x00,0x00,0x00,0x00,0x00,0x00,0x00,0x00,0x00,0x00,0x00,0x00,0x00,0x00,
    0x03,0xe1,0x06,0xc0,0x7f,0x00,0x00,0x00,0x00,0x00,0x00,0x00,0x00,0x00,0x00,0x00,0x00,0x00,0x00,0x00,
    0x00,0x00,0x00,0x00,0x00,0x00,0x00,0x00,0x4b,0xc2,0xf0,0xfa,0xd5,0x70,0x04,0x00,0x00,0x00,0x00,0x00,
    0x00,0x00,0x00,0x00,0xe0,0xff,0x00,0x00,0x00,0x00,0x00,0x00,0x00,0x00,0x00,0x00,0x00,0x00,0x00,0x00,
    0x00,0x00,0x00,0x00,0x00,0x00,0x00,0x00,0x00,0x00,0x00,0x00,0x00,0x00,0x00,0x00,0x00,0x00,0x00,0x00,
    0x00,0x00,0x00,0x00,0x00,0x00,0x39,0xe0,0xe1,0x35,0x00,0x00,0x00,0x00,0x00,0x00,0x00,0x00,0x00,0x00,
    0x00,0x00,0x00,0x00,0x00,0x00,0x00,0x00,0x4a,0xd9,0x47,0x10,0x7e,0xe4,0xf7,0xa4,0x05,0x00,0x00,0x00,
    0x00,0x00,0x00,0x00,0x00,0x00,0x00,0x00,0x00,0x00,0x00,0x00,0x00,0x00,0x00,0x00,0x00,0x00,0x00,0x00,
    0x00,0x00,0x52,0xe5,0xe6,0x4e,0x00,0x00,0x00,0x00,0x00,0x00,0x00,0x00,0x00,0x00,0x00,0x00,0x00,0x00,
    0x00,0x00,0x4d,0xc3,0xf0,0xfa,0xd4,0x6f,0x03,0x00,0x00,0x00,0x00,0x00,0x00,0x00,0x00,0x8e,0xff,0xec,
    0xe2,0xda,0xdf,0xcf,0xf6,0xff,0x14,0x00,0x00,0x00,0x00,0x00,0x00,0x00,0x00,0x00,0x03,0x00,0x00,0x00,
    0x00,0x00,0x00,0x00,0x00,0x00,0x00,0x00,0x00,0x00,0x00,0x00,0x00,0x00,0x00,0x00,0x00,0x00,0x00,0x00,
    0x00,0x00,0x00,0x00,0x00,0x00,0x6a,0xe9,0xd0,0x1b,0x00,0x00,0x00,0x00,0x00,0x00,0x00,0x00,0x00,0x00,
    0x00,0x00,0x00,0x00,0x00,0x00,0x00,0x00,0x00,0x00,0x00,0x00,0x00,0x00,0x00,0x00,0x00,0x00,0x00,0x00,
    0x00,0x00,0x00,0x00,0x00,0x00,0x00,0x00,0x00,0xe0,0xff,0x00,0x00,0x00,0x00,0x00,0x00,0x00,0x00,0x00,
    0x00,0x00,0x00,0x00,0x00,0x00,0x00,0x00,0x00,0x00,0x00,0x00,0x00,0x00,0x00,0x06,0x00,0x00,0x00,0x00,
    0x00,0x00,0x00,0x00,0x00,0x00,0x00,0x00,0x00,0x00,0x00,0x00,0x03,0x00,0x00,0x00,0x00,0x00,0x00,0x00,
    0x00,0x00,0x00,0x00,0x00,0x00,0x00,0x00,0x00,0x00,0x00,0x00,0x00,0x00,0x00,0x00,0x00,0x00,0x00,0x01,
    0x00,0x00,0x00,0x00,0x00,0x00,0x00,0x00,0x00,0x00,0x00,0x00,0x00,0x00,0x00,0x00,0x00,0x00,0x00,0x00,
    0x00,0x00,0x00,0x00,0x00,0x00,0x00,0x00,0x00,0x00,0x00,0x00,0x00,0x00,0x00,0x00,0x00,0x00,0x00,0x00,
    0x00,0x00,0x00,0x00,0x00,0x00,0x00,0x00,0x00,0x00,0x00,0x00,0x00,0x00,0x00,0x00,0x00,0x00,0x00,0x00,
    0x00,0x00,0x19,0x0b,0x00,0x00,0x00,0x00,0x00,0x0a,0x2e,0x07,0x00,0x00,0x00,0x00,0x00,0x00,0x00,0x00,
    0x00,0x82,0xd6,0x44,0x00,0x00,0x00,0x00,0x06,0x00,0x00,0x00,0x00,0x00,0x00,0x00,0x00,0x00,0x00,0x00,
    0x00,0x00,0x00,0x00,0x00,0x00,0x00,0x00,0x00,0x00,0x00,0x00,0x00,0x00,0x00,0x00,0x00,0x00,0x00,0x00,
    0x00,0x00,0x00,0x00,0x00,0x00,0x00,0x00,0x00,0x00,0x00,0x00,0x00,0x00,0x00,0x03,0x18,0x20,0x0b,0x00,
    0x00,0x00,0x00,0x00,0x00,0x53,0xee,0xe0,0x38,0x00,0x00,0x00,0x00,0x00,0xe0,0xff,0x00,0x00,0x00,0xff,
    0xe0,0x00,0x00,0x00,0x00,0x08,0x76,0xce,0xf5,0xf9,0xe0,0xa1,0x29,0x00,0x00,0x00,0x00,0x00,0x2a,0xc0,
    0xf6,0x61,0x2d,0xc1,0xdf,0x47,0x00,0x00,0x00,0x00,0x00,0x00,0x05,0x19,0x20,0x0d,0x00,0x8d,0xdf,0x56,
    0x00,0x00,0x00,0x03,0x1c,0x10,0x00,0x00,0x00,0x00,0x00,0x00,0xff,0xe0,0x00,0x00,0x00,0x00,0x00,0x00,
    0x17,0x1f,0x02,0x00,0x00,0x0a,0x00,0x40,0xb1,0xe2,0xf9,0xee,0xc9,0x73,0x05,0x00,0x00,0x00,0x00,0x00,
    0x00,0x00,0x00,0x00,0x00,0x00,0x00,0x00,0x03,0x1a,0x1e,0x09,0x00,0x00,0x00,0x00,0x00,0x00,0x00,0x01,
    0x1a,0x13,0x00,0x00,0x00,0x00,0x00,0x00,0x00,0x04,0x19,0x20,0x0a,0x00,0x00,0x00,0x00,0x00,0x00,0x00,
    0x00,0x54,0xef,0xdf,0x3c,0x00,0x00,0x00,0x00,0x02,0x1f,0x14,0x00,0x00,0x04,0x05,0x00,0x00,0x00,0x08,
    0x76,0xca,0xec,0xf8,0xe1,0xa8,0xf7,0xed,0x23,0x00,0x00,0x2a,0xc0,0xf6,0x61,0x2d,0xc1,0xdf,0x47,0x00,
    0x00,0x00,0x10,0x8a,0xd8,0xf6,0xdf,0xa5,0x24,0x00,0x00,0x00,0x00,0x02,0x1f,0x14,0x00,0x00,0x04,0x06,
    0x00,0x00,0x57,0xf0,0xdf,0x3e,0x00,0x00,0x24,0xd2,0xeb,0x93,0x07,0x00,0x00,0x00,0x00,0x00,0x25,0xa8,
    0xf3,0xff,0xff,0xfe,0xcb,0x4d,0x00,0x00,0x00,0x00,0xdf,0x80,0xb8,0xcb,0x00,0x00,0x00,0x00,0x00,0xe0,
    0xff,0x00,0x00,0x00,0xff,0xe0,0x00,0x00,0x00,0x0f,0xcc,0xff,0xae,0x61,0x5d,0x92,0xf9,0xf6,0x34,0x00,
    0x00,0x00,0x24,0xef,0xed,0xbf,0xff,0xfe,0xb9,0xe6,0xfb,0x37,0x00,0x00,0x00,0x31,0xb6,0xf9,0xff,0xff,
    0xff,0xd9,0xfe,0xcd,0x1a,0x00,0x11,0x9d,0xf9,0xff,0xff,0xe2,0x68,0x00,0x00,0x00,0x00,0xff,0xe0,0x00,
    0x00,0x00,0x00,0x36,0xd5,0xff,0xff,0xf0,0xbb,0xac,0xf2,0xc0,0xf8,0x9f,0x60,0x52,0x79,0xef,0xff,0xbe,
    0x03,0x00,0x00,0x00,0x00,0x00,0x00,0x00,0x00,0x00,0x00,0x0e,0x8b,0xed,0xff,0xff,0xfb,0xbf,0x35,0x00,
    0x00,0x00,0x05,0x89,0xf4,0xff,0xff,0xe6,0x6e,0x01,0x00,0x00,0x26,0xaf,0xf7,0xff,0xff,0xfe,0xca,0x4d,
    0x00,0x00,0x00,0x00,0x00,0x00,0xdf,0x82,0xaf,0xd1,0x00,0x00,0x00,0x53,0xe8,0xff,0xff,0xdb,0xaa,0xd0,
    0xe1,0x19,0x00,0x0f,0xcd,0xf1,0x8e,0x5e,0x54,0x8a,0xf6,0xff,0x47,0x00,0x00,0x24,0xef,0xed,0xbf,0xff,
    0xfe,0xb9,0xe6,0xfb,0x37,0x00,0x0d,0xd1,0xe8,0x7b,0x57,0x7e,0xf3,0xf4,0x2e,0x00,0x00,0x53,0xe9,0xff,
    0xff,0xda,0xaa,0xd1,0xeb,0x48,0x00,0xe0,0x82,0xaf,0xd1,0x00,0x05,0xd0,0xc7,0x76,0xff,0x7f,0x00,0x00,
    0x00,0x00,0x35,0xf6,0xa8,0x3a,0x10,0x07,0x36,0xcb,0xff,0x49,0x00,0x00,0x00,0xf1,0x43,0x8b,0xfa,0x00,
    0x00,0x00,0x00,0x00,0xe0,0xff,0x00,0x00,0x00,0xff,0xe0,0x00,0x00,0x00,0x90,0xff,0x8c,0x00,0x01,0x01,
    0x00,0x51,0xff,0xb9,0x00,0x00,0x00,0xa0,0xff,0x46,0x00,0x26,0x20,0x00,0x37,0xff,0xb8,0x00,0x00,0x53,
    0xf9,0x95,0x32,0x0e,0x07,0x36,0xc8,0xff,0x4e,0x00,0x02,0xc7,0xca,0x3d,0x0c,0x1c,0xa8,0xff,0x73,0x00,
    0x00,0x00,0xff,0xe0,0x00,0x00,0x00,0x0b,0xe6,0xd2,0x2b,0x06,0x1d,0x4e,0x77,0x68,0x69,0x41,0x00,0x03,
    0x00,0x00,0x3b,0xff,0xff,0x5b,0x00,0x00,0x00,0x00,0x00,0x00,0x00,0x00,0x00,0x20,0xd7,0xb6,0x3c,0x0b,
    0x0d,0x50,0xeb,0xf8,0x2f,0x00,0x00,0x9a,0xdb,0x49,0x0e,0x1a,0xa4,0xff,0x77,0x00,0x3e,0xf6,0xa5,0x39,
    0x10,0x06,0x32,0xc0,0xff,0x4c,0x00,0x00,0x00,0x00,0x00,0xf1,0x42,0x82,0xfc,0x00,0x00,0x1d,0xf8,0xbc,
    0x1f,0x07,0x2c,0x62,0x78,0x3d,0x00,0x00,0x89,0xe2,0x20,0x00,0x00,0x00,0x00,0x61,0xff,0xa0,0x00,0x00,
    0xa0,0xff,0x46,0x00,0x26,0x20,0x00,0x37,0xff,0xb8,0x00,0x77,0xe0,0x14,0x00,0x00,0x00,0x4e,0xff,0xa8,
    0x00,0x1d,0xf8,0xbd,0x22,0x06,0x26,0x5a,0x79,0x55,0x03,0x00,0xf2,0x43,0x80,0xfb,0x00,0x6e,0xfa,0x24,
    0x01,0xff,0xcc,0x00,0x00,0x00,0x00,0x18,0x6c,0x00,0x00,0x00,0x00,0x00,0x32,0xff,0xba,0x00,0x00,0x00,
    0x8c,0xff,0xff,0xff,0x00,0x00,0x00,0x00,0x00,0xe0,0xff,0x00,0x00,0x00,0xff,0xe0,0x00,0x00,0x00,0xe4,
    0xff,0x0f,0x5a,0xf2,0xef,0x50,0x01,0xf3,0xf2,0x00,0x00,0x00,0xe7,0xf7,0x00,0x4b,0xef,0xf9,0x60,0x00,
    0xee,0xe8,0x00,0x00,0x35,0x63,0x00,0x00,0x00,0x00,0x00,0x2e,0xff,0xb6,0x00,0x1e,0xc9,0x0e,0x00,0x00,
    0x00,0x0c,0xfb,0xdc,0x00,0x00,0x00,0xff,0xe0,0x00,0x00,0x00,0x50,0xff,0xfe,0xf0,0xd2,0x9f,0x55,0x06,
    0x00,0x00,0x42,0xd9,0xfe,0xc4,0x18,0x00,0xef,0xff,0x86,0x00,0x00,0x00,0x00,0x00,0x00,0x00,0x00,0x00,
    0xe9,0xe0,0x56,0x2e,0x07,0x00,0x00,0x71,0xff,0xb1,0x00,0x07,0xd4,0x24,0x00,0x00,0x00,0x0b,0xfb,0xdc,
    0x00,0x27,0x76,0x00,0x00,0x00,0x00,0x00,0x28,0xff,0xc0,0x00,0x00,0x00,0x00,0x00,0x8c,0xff,0xff,0xff,
    0x00,0x00,0x6d,0xff,0xfc,0xeb,0xc6,0x88,0x29,0x00,0x00,0x00,0x00,0x11,0x3e,0x00,0x02,0x02,0x00,0x00,
    0x13,0xff,0xd6,0x00,0x00,0xe7,0xf7,0x00,0x4b,0xef,0xf9,0x60,0x00,0xee,0xe8,0x00,0x0e,0x38,0x00,0x00,
    0x00,0x00,0x0e,0xff,0xd7,0x00,0x6d,0xff,0xfc,0xeb,0xc6,0x88,0x29,0x00,0x00,0x00,0x00,0x8d,0xff,0xff,
    0xff,0x05,0xe6,0x9e,0x00,0x00,0xff,0xe0,0x00,0x00,0x00,0x00,0x00,0x04,0x9f,0xf4,0xdf,0x48,0x00,0x06,
    0xff,0xd9,0x00,0x00,0x00,0x00,0x2d,0xe5,0xff,0x00,0x00,0x00,0x00,0x00,0xe0,0xff,0x00,0x00,0x00,0xff,
    0xe0,0x00,0x00,0x00,0xfa,0xe8,0x00,0xe5,0x72,0x71,0xdd,0x00,0xe0,0xff,0x00,0x00,0x00,0xfa,0xe6,0x00,
    0xdd,0x74,0x75,0xdd,0x00,0xe0,0xff,0x00,0x00,0x00,0x02,0x87,0xec,0xf1,0xaf,0x2a,0x05,0xff,0xd8,0x00,
    0x00,0x00,0x00,0x00,0x00,0x00,0x00,0xe9,0xfc,0x00,0x00,0x00,0xff,0xe0,0x00,0x00,0x00,0x09,0x15,0x1b,
    0x36,0x56,0x95,0xf6,0xd7,0x18,0x00,0xe1,0x8f,0x72,0xff,0xb7,0x00,0xe0,0xff,0x77,0x00,0x00,0x00,0x00,
    0x00,0x00,0x00,0x00,0x01,0x74,0x9e,0xfa,0xf8,0x43,0x00,0x00,0x40,0xff,0xd7,0x00,0x00,0x02,0x00,0x00,
    0x00,0x00,0x00,0xe8,0xfc,0x00,0x00,0x00,0x76,0xe8,0xf4,0xb5,0x29,0x04,0xff,0xe1,0x00,0x00,0x09,0x00,
    0x00,0x00,0x2d,0xe5,0xff,0x00,0x00,0x0c,0x15,0x21,0x40,0x6d,0xcd,0xfc,0x6c,0x00,0x00,0x00,0x00,0x03,
    0x93,0xf6,0xfa,0xbb,0x30,0x00,0xff,0xe0,0x00,0x00,0xfa,0xe6,0x00,0xdd,0x74,0x75,0xdd,0x00,0xe0,0xff,
    0x00,0x00,0x00,0x00,0x00,0x00,0x00,0x00,0xff,0xe0,0x00,0x0c,0x15,0x21,0x40,0x6d,0xcd,0xfc,0x6c,0x00,
    0x00,0x00,0x01,0x2e,0xe5,0xff,0x58,0xff,0x30,0x00,0x00,0xff,0xe0,0x00,0x00,0x00,0x00,0x00,0x68,0xff,
    0x44,0x5c,0xe4,0x00,0x00,0xff,0xdc,0x00,0x00,0x00,0x00,0x00,0xe0,0xff,0x00,0x00,0x00,0x00,0x00,0xe0,
    0xff,0x00,0x00,0x00,0xff,0xe0,0x00,0x00,0x00,0xe7,0xf7,0x00,0xf0,0x2f,0x2f,0xec,0x00,0xe0,0xff,0x00,
    0x00,0x00,0xe4,0xfa,0x01,0xf0,0x23,0x22,0xef,0x00,0xe0,0xff,0x00,0x00,0x00,0x71,0xff,0x8b,0x39,0xa5,
    0xf1,0x2b,0xff,0xdc,0x00,0x00,0x00,0x00,0x00,0x00,0x00,0x00,0xe4,0xff,0x00,0x00,0x00,0xff,0xe0,0x00,
    0x00,0x00,0x00,0x00,0x00,0x00,0x00,0x00,0x68,0xff,0x82,0x00,0xf3,0x68,0x3c,0xff,0xe7,0x00,0xe0,0xff,
    0x60,0x00,0x00,0x00,0x00,0x00,0x00,0x00,0x00,0x00,0x00,0xc1,0xfb,0x2a,0x00,0x00,0x00,0x38,0xff,0xdc,
    0x00,0x00,0x00,0x00,0x00,0x00,0x00,0x00,0xe4,0xff,0x00,0x00,0x59,0xff,0xa5,0x38,0x92,0xf2,0x28,0xff,
    0xe4,0x00,0x06,0xdf,0x59,0x00,0x00,0x00,0xe0,0xff,0x00,0x00,0x00,0x00,0x00,0x00,0x00,0x0a,0xf6,0xe8,
    0x00,0x00,0x00,0x00,0x78,0xff,0x9c,0x4c,0xb0,0xf3,0x2d,0xff,0xe0,0x00,0x00,0xe4,0xfa,0x01,0xf0,0x23,
    0x22,0xef,0x00,0xe0,0xff,0x00,0x00,0x00,0x00,0x00,0x00,0x00,0x00,0xff,0xe0,0x00,0x00,0x00,0x00,0x00,
    0x00,0x0a,0xf6,0xe8,0x00,0x00,0x00,0x00,0x00,0xe0,0xf7,0xbd,0xc4,0x00,0x00,0x00,0xff,0xe0,0x00,0x00,
    0x00,0x00,0x00,0x8b,0xff,0x4f,0x65,0xe4,0x00,0x00,0xff,0xdc,0x00,0x00,0x00,0x00,0x00,0xe0,0xff,0x00,
    0x00,0x00,0x00,0x00,0xe0,0xff,0x00,0x00,0x00,0xff,0xe0,0x00,0x00,0x00,0xbb,0xff,0x1e,0x67,0xf6,0xff,
    0x89,0x00,0xe0,0xff,0x00,0x00,0x00,0xb8,0xff,0x25,0x88,0xf6,0xf6,0x97,0x00,0xe0,0xff,0x00,0x00,0x00,
    0xcd,0xf6,0x01,0x00,0x01,0xb4,0xcf,0xff,0xdc,0x00,0x00,0x00,0x00,0x00,0x00,0x00,0x00,0xe4,0xff,0x00,
    0x00,0x00,0xff,0xe0,0x00,0x00,0x00,0x00,0x00,0x00,0x00,0x00,0x00,0x4c,0xff,0x94,0x00,0x75,0xfd,0xff,
    0xff,0xf6,0x00,0xe0,0xff,0x4a,0x00,0x00,0x00,0x00,0x00,0x00,0x00,0x00,0x00,0x00,0xfd,0xdc,0x00,0x00,
    0x00,0x00,0x38,0xff,0xdc,0x00,0x00,0x00,0x00,0x00,0x00,0x00,0x00,0xe4,0xff,0x00,0x00,0xb3,0xff,0x22,
    0x00,0x00,0x9c,0xcd,0xff,0xe4,0x00,0x00,0x36,0xed,0x62,0x00,0x00,0xe0,0xff,0x00,0x00,0x00,0x00,0x00,
    0x00,0x00,0x00,0xe0,0xff,0x00,0x00,0x00,0x00,0xd1,0xf7,0x03,0x00,0x02,0xb2,0xd0,0xff,0xe0,0x00,0x00,
    0xb8,0xff,0x25,0x88,0xf6,0xf6,0x97,0x00,0xe0,0xff,0x00,0x00,0x00,0x00,0x00,0x00,0x00,0x00,0xff,0xe0,
    0x00,0x00,0x00,0x00,0x00,0x00,0x00,0xe0,0xff,0x00,0x00,0x00,0x00,0x00,0xe0,0xec,0xfd,0x6b,0x00,0x00,
    0x00,0xff,0xe0,0x00,0x00,0x00,0x00,0x00,0x8c,0xff,0xf9,0xe2,0x49,0x00,0x00,0xff,0xdc,0x00,0x00,0x00,
    0x00,0x00,0xe0,0xff,0x00,0x00,0x00,0x00,0x00,0xe0,0xff,0x00,0x00,0x00,0xff,0xe0,0x02,0x00,0x00,0x89,
    0xff,0x54,0x00,0xb9,0xe4,0x0e,0x00,0xe0,0xff,0x00,0x00,0x00,0x86,0xff,0x5b,0x00,0xbb,0xeb,0x17,0x00,
    0xe0,0xff,0x00,0x00,0x00,0xf4,0xe7,0x00,0x00,0x00,0x21,0xfa,0xff,0xdc,0x00,0x00,0x00,0x00,0x00,0x00,
    0x00,0x00,0xe4,0xff,0x00,0x00,0x00,0xff,0xe0,0x02,0x00,0x00,0x00,0x00,0x00,0x00,0x00,0x00,0x4c,0xff,
    0x94,0x00,0x00,0x1c,0x1e,0xf5,0xff,0x06,0xe0,0xff,0x33,0x00,0x00,0x00,0x00,0x00,0x00,0x00,0x00,0x00,
    0x00,0xff,0xd8,0x00,0x00,0x00,0x00,0x38,0xff,0xdc,0x00,0x00,0x00,0x00,0x00,0x00,0x00,0x00,0xe4,0xff,
    0x00,0x00,0xd8,0xff,0x04,0x00,0x00,0x11,0xf0,0xff,0xe4,0x00,0x00,0x00,0x3f,0xf8,0x58,0x00,0xe0,0xff,
    0x00,0x00,0x00,0x00,0x00,0x00,0x00,0x00,0xe0,0xff,0x00,0x00,0x00,0x00,0xf5,0xe7,0x03,0x00,0x00,0x1a,
    0xf6,0xff,0xe0,0x00,0x00,0x86,0xff,0x5b,0x00,0xbb,0xeb,0x17,0x00,0xe0,0xff,0x00,0x00,0x00,0x00,0x00,
    0x00,0x00,0x00,0xff,0xe0,0x00,0x00,0x00,0x00,0x00,0x00,0x00,0xe0,0xff,0x00,0x00,0x00,0x00,0x00,0xe0,
    0xff,0xfe,0x1c,0x00,0x00,0x00,0xff,0xe0,0x00,0x00,0x00,0x00,0x00,0x8c,0xff,0x4c,0x00,0x00,0x00,0x00,
    0xff,0xdc,0x00,0x00,0x00,0x00,0x00,0xe0,0xff,0x00,0x00,0x00,0x00,0x00,0xe0,0xff,0x00,0x00,0x00,0xff,
    0xff,0xfa,0x69,0x00,0x54,0xff,0x83,0x5b,0xff,0x4e,0x00,0x00,0xe0,0xff,0x00,0x00,0x00,0x52,0xff,0x88,
    0x5d,0xff,0x53,0x00,0x00,0xe0,0xff,0x00,0x00,0x00,0xfd,0xfe,0xf2,0xd7,0x3c,0x00,0xae,0xff,0xdc,0x00,
    0x00,0x00,0x00,0x00,0x00,0x00,0x00,0xe4,0xff,0x00,0x00,0x00,0xff,0xff,0xfa,0x69,0x00,0x00,0x00,0x00,
    0x00,0x48,0xe0,0xfa,0xff,0x94,0x00,0x00,0x00,0x00,0xd8,0xff,0x15,0xe0,0xff,0x1d,0x00,0x00,0x00,0x00,
    0x00,0x00,0x00,0x00,0x00,0x00,0xff,0xd8,0x00,0x00,0x00,0x00,0x38,0xff,0xdc,0x00,0x00,0x00,0x00,0x00,
    0x00,0x00,0x00,0xe4,0xff,0x00,0x00,0xe1,0xff,0xf2,0xdd,0x41,0x00,0x96,0xff,0xe4,0x00,0x00,0x00,0x00,
    0x73,0xf8,0x30,0xe0,0xff,0x00,0x00,0x00,0x00,0x00,0x00,0x6d,0xf2,0xfe,0xff,0x00,0x00,0x00,0x00,0xfc,
    0xfe,0xf9,0xe3,0x45,0x00,0x9f,0xff,0xe0,0x00,0x00,0x52,0xff,0x88,0x5d,0xff,0x53,0x00,0x00,0xe0,0xff,
    0x00,0x00,0x00,0x00,0x00,0x00,0x00,0x00,0xff,0xe0,0x00,0x00,0x00,0x00,0x00,0x6d,0xf2,0xfe,0xff,0x00,
    0x00,0x00,0x00,0x00,0xe0,0xff,0xd3,0x00,0x00,0x00,0x00,0xff,0xe0,0x00,0x00,0x00,0x00,0x00,0x8c,0xff,
    0x4c,0x00,0x00,0x00,0x0e,0xff,0xdc,0x00,0x00,0x00,0x00,0x00,0xe0,0xff,0x00,0x00,0x00,0x00,0x00,0xe1,
    0xff,0x00,0x00,0x00,0xfc,0xa2,0x6c,0xec,0x00,0x28,0xff,0xaf,0xe6,0xac,0x00,0x00,0x00,0xe0,0xff,0x00,
    0x00,0x00,0x27,0xff,0xb8,0xee,0xa6,0x00,0x00,0x00,0xe0,0xff,0x00,0x00,0x00,0xec,0xf2,0x36,0x69,0xde,
    0x00,0x50,0xff,0xdc,0x00,0x00,0x00,0x00,0x00,0x00,0x00,0x00,0xe4,0xff,0x00,0x00,0x00,0xfc,0xa2,0x6c,
    0xec,0x00,0x00,0x00,0x00,0x00,0xe3,0x56,0x46,0xff,0x92,0x00,0x00,0x00,0x00,0xba,0xff,0x25,0xe0,0xff,
    0x07,0x00,0x00,0x00,0x00,0x00,0x00,0x00,0x00,0x00,0x00,0xff,0xd8,0x00,0x00,0x00,0x00,0x38,0xff,0xdc,
    0x00,0x00,0x00,0x00,0x00,0x00,0x00,0x00,0xe4,0xff,0x00,0x00,0xd0,0xfe,0x42,0x6d,0xdf,0x00,0x3e,0xff,
    0xe4,0x00,0x00,0x00,0x00,0x00,0xb8,0xd3,0xe5,0xff,0x00,0x00,0x00,0x00,0x00,0x02,0xf5,0x40,0xc7,0xfe,
    0x00,0x00,0x00,0x00,0xe9,0xff,0xaa,0x6c,0xe3,0x00,0x41,0xff,0xe0,0x00,0x00,0x27,0xff,0xb8,0xee,0xa6,
    0x00,0x00,0x00,0xe0,0xff,0x00,0x00,0x00,0x00,0x00,0x00,0x00,0x00,0xff,0xe0,0x00,0x00,0x00,0x00,0x02,
    0xf5,0x40,0xc7,0xfe,0x00,0x00,0x00,0x00,0x00,0xe0,0xff,0x99,0x00,0x00,0x00,0x00,0xff,0xe0,0x00,0x00,
    0x00,0x00,0x00,0x8c,0xff,0x97,0x6c,0x6c,0x6c,0xae,0xff,0xbf,0x00,0x00,0x00,0x00,0x33,0xe9,0xff,0x4c,
    0x4c,0x4c,0x4c,0x66,0xfb,0xe4,0x00,0x00,0x00,0xd2,0x94,0x5c,0xe5,0x00,0x10,0xff,0xfe,0xf4,0x1c,0x00,
    0x00,0x00,0xe0,0xff,0x00,0x00,0x00,0x0f,0xff,0xff,0xee,0x16,0x00,0x00,0x00,0xe0,0xff,0x00,0x00,0x00,
    0xae,0xed,0x1d,0x53,0xe7,0x00,0x1f,0xff,0xdc,0x00,0x00,0x00,0x00,0x00,0x00,0x00,0x00,0xe4,0xff,0x00,
    0x00,0x00,0xd2,0x94,0x5c,0xe5,0x00,0x00,0x00,0x00,0x00,0xe7,0x47,0x36,0xff,0x69,0x00,0x00,0x00,0x00,
    0x95,0xff,0x86,0xf3,0xd6,0x00,0x00,0x00,0x00,0x00,0x00,0x00,0x00,0x00,0x00,0x00,0xff,0xd8,0x00,0x00,
    0x00,0x00,0x38,0xff,0xdc,0x00,0x00,0x00,0x00,0x00,0x00,0x00,0x00,0xe4,0xff,0x00,0x00,0x92,0xfc,0x2a,
    0x56,0xe8,0x00,0x15,0xff,0xe4,0x00,0x00,0x00,0x00,0x00,0x25,0xf8,0xff,0xff,0x00,0x00,0x00,0x00,0x00,
    0x03,0xf7,0x30,0xbe,0xd9,0x00,0x00,0x00,0x00,0xa4,0xff,0xb2,0x7c,0xe1,0x00,0x13,0xff,0xe0,0x00,0x00,
    0x0f,0xff,0xff,0xee,0x16,0x00,0x00,0x00,0xe0,0xff,0x00,0x00,0x00,0x00,0x00,0x00,0x00,0x00,0xff,0xe0,
    0x00,0x00,0x00,0x00,0x03,0xf7,0x30,0xbe,0xd9,0x00,0x00,0x00,0x00,0x00,0xe0,0xff,0x5f,0x00,0x00,0x00,
    0x00,0xff,0xe0,0x00,0x00,0x00,0x00,0x00,0x8c,0xff,0xff,0xff,0xff,0xff,0xfd,0xd2,0x31,0x00,0x00,0x00,
    0x00,0xac,0xff,0xff,0xff,0xff,0xff,0xff,0xff,0xe5,0x54,0x00,0x00,0x00,0x3a,0xdf,0xe4,0x52,0x00,0x05,
    0xff,0xff,0x7b,0x00,0x00,0x00,0x00,0xe0,0xff,0x00,0x00,0x00,0x05,0xff,0xff,0x77,0x00,0x00,0x00,0x00,
    0xe0,0xff,0x00,0x00,0x00,0x1d,0xc4,0xff,0xf6,0x59,0x00,0x02,0xff,0xdc,0x00,0x00,0x00,0x00,0x00,0x00,
    0x00,0x00,0xe4,0xff,0x00,0x00,0x00,0x3a,0xdf,0xe4,0x52,0x00,0x00,0x00,0x00,0x00,0x52,0xf1,0xff,0xb5,
    0x07,0x00,0x00,0x00,0x00,0x1f,0xc7,0xfb,0xe1,0x48,0x00,0x00,0x00,0x00,0x00,0x00,0x00,0x00,0x00,0x00,
    0x00,0xff,0xd8,0x00,0x00,0x00,0x00,0x38,0xff,0xdc,0x00,0x00,0x00,0x00,0x00,0x00,0x00,0x00,0xe4,0xff,
    0x00,0x00,0x13,0xb8,0xff,0xf7,0x5d,0x00,0x00,0xff,0xe4,0x00,0x00,0x00,0x00,0x00,0x00,0x8b,0xff,0xff,
    0x00,0x00,0x00,0x00,0x00,0x00,0x6d,0xfb,0xf4,0x4b,0x00,0x00,0x00,0x00,0x14,0xaa,0xf3,0xe4,0x49,0x00,
    0x00,0xff,0xe0,0x00,0x00,0x05,0xff,0xff,0x77,0x00,0x00,0x00,0x00,0xe0,0xff,0x00,0x00,0x00,0x00,0x00,
    0x00,0x00,0x00,0xff,0xe0,0x00,0x00,0x00,0x00,0x00,0x6d,0xfb,0xf4,0x4b,0x00,0x00,0x00,0x00,0x00,0xe0,
    0xff,0x31,0x00,0x00,0x00,0x00,0xff,0xe0,0x00,0x00,0x00,0x00,0x00,0x00,0x00,0x00,0x00,0x00,0x00,0x00,
    0x00,0x00,0x00,0x00,0x00,0x00,0x00,0x00,0x00,0x00,0x00,0x00,0x00,0x00,0x00,0x00,0x00,0x00,0x00,0x00,
    0x00,0x00,0x00,0x00,0x00,0x00,0x00,0x00,0x00,0x00,0x00,0x00,0x00,0x00,0x00,0x00,0x00,0x00,0x00,0x00,
    0x00,0x00,0x00,0x00,0x00,0x00,0x00,0x00,0x00,0x00,0x00,0x00,0x0f,0x08,0x00,0x00,0x00,0x70,0x60,0x00,
    0x00,0x00,0x00,0x00,0x00,0x00,0x00,0x63,0x70,0x00,0x00,0x00,0x00,0x00,0x00,0x00,0x00,0x00,0x00,0x00,
    0x00,0x00,0x02,0x0e,0x00,0x00,0x00,0x00,0x00,0x00,0x00,0x00,0x00,0x00,0x00,0x00,0x00,0x00,0x00,0x00,
    0x00,0x00,0x00,0x00,0x00,0x00,0x70,0x5e,0x00,0x00,0x00,0x00,0x18,0x70,0x60,0x00,0x00,0x00,0x00,0x00,
    0x00,0x00,0x00,0x63,0x70,0x00,0x00,0x00,0x00,0x0e,0x09,0x00,0x00,0x00,0x24,0x20,0x00,0x00,0x00,0x00,
    0x00,0x00,0x00,0x00,0x00,0x00,0x00,0x00,0x00,0x00,0x00,0x00,0x09,0x06,0x00,0x00,0x00,0x00,0x00,0x00,
    0x00,0x00,0x00,0x00,0x00,0x00,0x00,0x00,0x00,0x00,0x00,0x00,0x00,0x00,0x00,0x00,0x00,0x00,0x00,0x00,
    0x00,0x00,0x00,0x00,0x00,0x00,0x00,0x00,0x00,0x00,0x00,0x00,0x00,0x00,0x00,0x00,0x09,0x06,0x00,0x00,
    0x00,0x00,0x00,0x00,0x00,0x00,0x00,0x00,0x00,0x00,0x00,0x00,0x00,0x00,0x00,0x00,0x00,0x00,0x00,0x00,
    0x00,0x00,0x00,0x00,0x00,0x00,0x00,0x00,0x00,0x00,0x00,0x00,0x00,0x00,0x00,0x00,0x00,0x00,0x00,0x00,
    0x00,0x00,0x00,0x00,0x00,0x00,0x00,0x00,0x00,0x00,0x00,0x00,0x00,0x00,0x00,0x00,0x00,0x00,0x00,0x00,
    0x00,0x00,0x00,0x00,0x00,0x00,0x00,0x00,0x00,0x00,0x00,0x00,0x00,0x00,0x00,0x00,0x00,0x00,0x00,0x00,
    0x00,0x00,0x00,0x00,0x00,0x00,0x00,0x00,0x00,0x00,0x00,0x00,0x00,0x00,0x00,0x00,0x00,0x00,0x00,0x00,
    0x00,0x00,0x00,0x00,0x00,0x00,0x00,0x00,0x00,0x00,0x00,0x00,0x00,0x00,0x00,0x00,0x00,0x00,0x00,0x00,
    0x00,0x00,0x00,0x00,0x00,0x00,0x00,0x00,0x00,0x00,0x00,0x00,0x00,0x00,0x00,0x00,0x00,0x00,0x00,0x00,
    0x00,0x00,0x00,0x00,0x00,0x00,0x00,0x00,0x00,0x00,0x00,0x00,0x00,0x00,0x00,0x00,0x00,0x00,0x00,0x00,
    0x00,0x00,0x00,0x00,0x00,0x00,0x00,0x00,0x00,0x00,0x00,0x00,0x00,0x00,0x00,0x00,0x00,0x00,0x00,0x00,
    0x00,0x00,0x00,0x00,0x00,0x00,0x00,0x00,0x00,0x00,0x00,0x00,0x00,0x00,0x00,0x00,0x00,0x00,0x00,0x00,
    0x00,0x00,0x00,0x00,0x00,0x00,0x00,0x00,0x00,0x00,0x00,0x00,0x00,0x00,0x00,0x00,0x00,0x00,0x00,0x00,
    0x00,0x00,0x00,0x00,0x00,0x00,0x00,0x00,0x00,0x00,0x00,0x00,0x00,0x00,0x00,0x00,0x00,0x00,0x00,0x00,
    0x00,0x00,0x00,0x00,0x00,0x00,0x00,0x00,0x00,0x00,0x00,0x00,0x00,0x00,0x00,0x00,0x00,0x00,0x00,0x00,
    0x00,0x00,0x00,0x00,0x00,0x00,0x00,0x00,0x00,0x00,0x00,0x00,0x00,0x00,0x00,0x00,0x00,0x00,0x00,0x00,
    0x00,0x00,0x00,0x00,0x00,0x00,0x00,0x00,0x00,0x00,0x00,0x00,0x00,0x00,0x00,0x00,0x00,0x00,0x00,0x00,
    0x00,0x00,0x00,0x00,0x00,0x00,0x00,0x00,0x00,0x00,0x00,0x00,0x00,0x00,0x00,0x00,0x00,0x00,0x00,0x00,
    0x00,0x00,0x00,0x00,0x00,0x00,0x00,0x00,0x00,0x00,0x00,0x00,0x00,0x00,0x00,0x00,0x00,0x00,0x00,0x00,
    0x00,0x00,0x00,0x00,0x00,0x00,0x00,0x00,0x00,0x00,0x00,0x00,0x00,0x00,0x00,0x00,0x00,0x00,0x00,0x00,
    0x00,0x00,0x00,0x00,0x00,0x00,0x00,0x00,0x00,0x00,0x00,0x00,0x00,0x00,0x00,0x00,0x00,0x00,0x00,0x00,
    0x00,0x00,0x00,0x00,0x00,0x00,0x00,0x00,0x00,0x00,0x00,0x00,0x00,0x00,0x00,0x00,0x00,0x00,0x00,0x00,
    0x00,0x00,0x00,0x00,0x00,0x00,0x00,0x00,0x00,0x00,0x00,0x00,0x00,0x00,0x00,0x00,0x00,0x00,0x00,0x00,
    0x00,0x00,0x00,0x00,0x00,0x00,0x00,0x00,0x00,0x00,0x00,0x00,0x00,0x00,0x00,0x00,0x00,0x00,0x00,0x00,
    0x00,0x00,0x00,0x00,0x00,0x00,0x00,0x00,0x00,0x00,0x00,0x00,0x00,0x00,0x00,0x00,0x00,0x00,0x00,0x00,
    0x00,0x00,0x00,0x00,0x00,
};
const lv_image_dsc_t img_update_done = {
    .header.magic = LV_IMAGE_HEADER_MAGIC,
    .header.cf = LV_COLOR_FORMAT_A8,
    .header.w = 225,
    .header.h = 25,
    .header.stride = 225,
    .data_size = sizeof(img_update_done_map),
    .data = img_update_done_map,
};
