// Generated by tools/gen_eyes.py - do not edit.
#include "img_eyes.h"

static const uint8_t img_eye_sclera_map[] = {
    0x00,0x00,0x00,0x00,0x00,0x00,0x00,0x00,0x00,0x00,0x00,0x00,0x00,0x00,0x00,0x00,0x00,0x00,0x00,0x00,0x00,0x00,0x00,0x00,
    0x00,0x00,0x00,0x00,0x00,0x00,0x00,0x00,0x00,0x00,0x00,0x00,0x00,0x00,0x00,0x00,0x00,0x00,0x00,0x00,0x00,0x00,0x00,0x00,
    0x00,0x00,0x00,0x00,0x00,0x00,0x00,0x00,0x00,0x00,0x00,0x00,0x00,0x00,0x00,0x00,0x00,0x00,0x00,0x00,0x00,0x00,0x00,0x00,
    0x00,0x00,0x00,0x00,0x00,0x00,0x00,0x00,0x00,0x00,0x00,0x00,0x00,0x00,0x00,0x00,0x00,0x00,0x00,0x00,0x00,0x00,0x00,0x00,
    0x00,0x00,0x00,0x00,0x00,0x00,0x00,0x00,0x00,0x00,0x00,0x00,0x00,0x00,0x00,0x00,0x00,0x00,0x00,0x00,0x00,0x00,0x00,0x00,
    0x00,0x00,0x00,0x00,0x00,0x00,0x00,0x00,0x00,0x00,0x00,0x00,0x00,0x00,0x00,0x00,0x00,0x00,0x00,0x00,0x00,0x00,0x00,0x00,
    0x00,0x00,0x00,0x00,0x7f,0x7f,0x7f,0x02,0x7f,0x7f,0x7f,0x04,0x7f,0x7f,0x7f,0x04,0xaa,0x55,0x55,0x03,0x00,0x00,0x00,0x01,
    0x00,0x00,0x00,0x00,0x00,0x00,0x00,0x00,0x00,0x00,0x00,0x00,0x00,0x00,0x00,0x00,0x00,0x00,0x00,0x00,0x55,0x55,0x55,0x03,
    0xaa,0xaa,0xaa,0x03,0xbf,0x7f,0x7f,0x04,0x7f,0x7f,0x7f,0x02,0x00,0x00,0x00,0x01,0x00,0x00,0x00,0x00,0x00,0x00,0x00,0x00,
    0x00,0x00,0x00,0x00,0x00,0x00,0x00,0x00,0x00,0x00,0x00,0x00,0x00,0x00,0x00,0x00,0x00,0x00,0x00,0x00,0x00,0x00,0x00,0x00,
    0x00,0x00,0x00,0x00,0x00,0x00,0x00,0x00,0x00,0x00,0x00,0x00,0x00,0x00,0x00,0x00,0x00,0x00,0x00,0x00,0x00,0x00,0x00,0x00,
    0x00,0x00,0x00,0x00,0x00,0x00,0x00,0x00,0x00,0x00,0x00,0x00,0x00,0x00,0x00,0x00,0x00,0x00,0x00,0x00,0x00,0x00,0x00,0x00,
    0x00,0x00,0x00,0x00,0x00,0x00,0x00,0x00,0x00,0x00,0x00,0x00,0x00,0x00,0x00,0x00,0x00,0x00,0x00,0x00,0x00,0x00,0x00,0x00,
    0x00,0x00,0x00,0x00,0x00,0x00,0x00,0x00,0x00,0x00,0x00,0x00,0x00,0x00,0x00,0x00,0x00,0x00,0x00,0x00,0x00,0x00,0x00,0x00,
    0x00,0x00,0x00,0x00,0x00,0x00,0x00,0x00,0x00,0x00,0x00,0x00,0x00,0x00,0x00,0x00,0x00,0x00,0x00,0x00,0x00,0x00,0x00,0x00,
    0x00,0x00,0x00,0x00,0x00,0x00,0x00,0x00,0x00,0x00,0x00,0x00,0x00,0x00,0x00,0x00,0x00,0x00,0x00,0x00,0x00,0x00,0x00,0x00,
    0x00,0x00,0x00,0x00,0x00,0x00,0x00,0x00,0x00,0x00,0x00,0x00,0x00,0x00,0x00,0x00,0x00,0x00,0x00,0x00,0x00,0x00,0x00,0x00,
    0x00,0x00,0x00,0x00,0x00,0x00,0x00,0x00,0x00,0x00,0x00,0x00,0x00,0x00,0x00,0x00,0x00,0x00,0x00,0x00,0x00,0x00,0x00,0x00,
    0x00,0x00,0x00,0x00,0x00,0x00,0x00,0x00,0x00,0x00,0x00,0x00,0x00,0x00,0x00,0x00,0x00,0x00,0x00,0x00,0x00,0x00,0x00,0x00,
    0x00,0x00,0x00,0x00,0x00,0x00,0x00,0x00,0x00,0x00,0x00,0x00,0x00,0x00,0x00,0x00,0x00,0x00,0x00,0x00,0x00,0x00,0x00,0x00,
    0x00,0x00,0x00,0x00,0x00,0x00,0x00,0x00,0xff,0xff,0xff,0x01,0x7f,0x7f,0x7f,0x04,0x00,0x00,0x00,0x01,0x00,0x00,0x00,0x00,
    0x00,0x00,0x00,0x00,0x00,0x00,0x00,0x00,0x00,0x00,0x00,0x00,0x00,0x00,0x00,0x00,0xaf,0x9f,0x9f,0x10,0x9f,0x9f,0x9f,0x10,
    0x9f,0x8f,0x8f,0x10,0xaf,0xaf,0xaf,0x10,0x7f,0x7f,0x7f,0x02,0x00,0x00,0x00,0x00,0x00,0x00,0x00,0x00,0x00,0x00,0x00,0x00,
    0x00,0x00,0x00,0x00,0x00,0x00,0x00,0x00,0x7f,0x7f,0x7f,0x04,0x7f,0x7f,0x7f,0x02,0x00,0x00,0x00,0x00,0x00,0x00,0x00,0x00,
    0x00,0x00,0x00,0x00,0x00,0x00,0x00,0x00,0x00,0x00,0x00,0x00,0x00,0x00,0x00,0x00,0x00,0x00,0x00,0x00,0x00,0x00,0x00,0x00,
    0x00,0x00,0x00,0x00,0x00,0x00,0x00,0x00,0x00,0x00,0x00,0x00,0x00,0x00,0x00,0x00,0x00,0x00,0x00,0x00,0x00,0x00,0x00,0x00,
    0x00,0x00,0x00,0x00,0x00,0x00,0x00,0x00,0x00,0x00,0x00,0x00,0x00,0x00,0x00,0x00,0x00,0x00,0x00,0x00,0x00,0x00,0x00,0x00,
    0x00,0x00,0x00,0x00,0x00,0x00,0x00,0x00,0x00,0x00,0x00,0x00,0x00,0x00,0x00,0x00,0x00,0x00,0x00,0x00,0x00,0x00,0x00,0x00,
    0x00,0x00,0x00,0x00,0x00,0x00,0x00,0x00,0x00,0x00,0x00,0x00,0x00,0x00,0x00,0x00,0x00,0x00,0x00,0x00,0x00,0x00,0x00,0x00,
    0x00,0x00,0x00,0x00,0x00,0x00,0x00,0x00,0x00,0x00,0x00,0x00,0x00,0x00,0x00,0x00,0x00,0x00,0x00,0x00,0x00,0x00,0x00,0x00,
    0x00,0x00,0x00,0x00,0x00,0x00,0x00,0x00,0x00,0x00,0x00,0x00,0x00,0x00,0x00,0x00,0x00,0x00,0x00,0x00,0x00,0x00,0x00,0x00,
    0x00,0x00,0x00,0x00,0x00,0x00,0x00,0x00,0x00,0x00,0x00,0x00,0x00,0x00,0x00,0x00,0x00,0x00,0x00,0x00,0x00,0x00,0x00,0x00,
    0x00,0x00,0x00,0x00,0x00,0x00,0x00,0x00,0x00,0x00,0x00,0x00,0x00,0x00,0x00,0x00,0x00,0x00,0x00,0x00,0x00,0x00,0x00,0x00,
    0x00,0x00,0x00,0x00,0x00,0x00,0x00,0x00,0x00,0x00,0x00,0x00,0x00,0x00,0x00,0x00,0x00,0x00,0x00,0x00,0x00,0x00,0x00,0x00,
    0x00,0x00,0x00,0x00,0x00,0x00,0x00,0x00,0x00,0x00,0x00,0x00,0x00,0x00,0x00,0x00,0x7f,0x7f,0x7f,0x02,0xaa,0xaa,0xaa,0x03,
    0x00,0x00,0x00,0x00,0x00,0x00,0x00,0x00,0x00,0x00,0x00,0x00,0xa1,0xa1,0xa1,0x1e,0xa0,0x9a,0x9a,0x51,0x9f,0x9a,0x9a,0x90,
    0x9e,0x99,0x99,0xbe,0x9c,0x96,0x96,0xca,0x9c,0x96,0x96,0xf0,0x9b,0x95,0x95,0xef,0x9b,0x95,0x95,0xef,0x9d,0x97,0x97,0xf0,
    0x9c,0x96,0x96,0xd6,0xa0,0x99,0x99,0xbd,0xa1,0x9b,0x9b,0x9f,0xa2,0x9b,0x9b,0x61,0xa3,0x9d,0x9d,0x2a,0xbf,0xbf,0xbf,0x04,
    0x00,0x00,0x00,0x00,0x00,0x00,0x00,0x00,0xff,0xff,0xff,0x01,0xaa,0xaa,0xaa,0x03,0x00,0x00,0x00,0x00,0x00,0x00,0x00,0x00,
    0x00,0x00,0x00,0x00,0x00,0x00,0x00,0x00,0x00,0x00,0x00,0x00,0x00,0x00,0x00,0x00,0x00,0x00,0x00,0x00,0x00,0x00,0x00,0x00,
    0x00,0x00,0x00,0x00,0x00,0x00,0x00,0x00,0x00,0x00,0x00,0x00,0x00,0x00,0x00,0x00,0x00,0x00,0x00,0x00,0x00,0x00,0x00,0x00,
    0x00,0x00,0x00,0x00,0x00,0x00,0x00,0x00,0x00,0x00,0x00,0x00,0x00,0x00,0x00,0x00,0x00,0x00,0x00,0x00,0x00,0x00,0x00,0x00,
    0x00,0x00,0x00,0x00,0x00,0x00,0x00,0x00,0x00,0x00,0x00,0x00,0x00,0x00,0x00,0x00,0x00,0x00,0x00,0x00,0x00,0x00,0x00,0x00,
    0x00,0x00,0x00,0x00,0x00,0x00,0x00,0x00,0x00,0x00,0x00,0x00,0x00,0x00,0x00,0x00,0x00,0x00,0x00,0x00,0x00,0x00,0x00,0x00,
    0x00,0x00,0x00,0x00,0x00,0x00,0x00,0x00,0x00,0x00,0x00,0x00,0x00,0x00,0x00,0x00,0x00,0x00,0x00,0x00,0x00,0x00,0x00,0x00,
    0x00,0x00,0x00,0x00,0x00,0x00,0x00,0x00,0x00,0x00,0x00,0x00,0x00,0x00,0x00,0x00,0x00,0x00,0x00,0x00,0x00,0x00,0x00,0x00,
    0x00,0x00,0x00,0x00,0x00,0x00,0x00,0x00,0x00,0x00,0x00,0x00,0x00,0x00,0x00,0x00,0x00,0x00,0x00,0x00,0x00,0x00,0x00,0x00,
    0x00,0x00,0x00,0x00,0x00,0x00,0x00,0x00,0x00,0x00,0x00,0x00,0x00,0x00,0x00,0x00,0x00,0x00,0x00,0x00,0x00,0x00,0x00,0x00,
    0x00,0x00,0x00,0x00,0x00,0x00,0x00,0x00,0x00,0x00,0x00,0x00,0x00,0x00,0x00,0x00,0x00,0x00,0x00,0x00,0x00,0x00,0x00,0x00,
    0x7f,0x7f,0x7f,0x02,0xaa,0xaa,0xaa,0x03,0x00,0x00,0x00,0x00,0x00,0x00,0x00,0x00,0xa3,0x9a,0x9a,0x1c,0xa0,0x99,0x99,0x74,
    0x9e,0x97,0x97,0xc6,0x9d,0x96,0x96,0xf5,0xa3,0x9d,0x9d,0xff,0xa5,0x9f,0x9f,0xff,0xa3,0x9d,0x9d,0xff,0xa3,0x9c,0x9c,0xff,
    0xa0,0x9a,0x9a,0xff,0xa0,0x9a,0x9a,0xff,0xa0,0x9a,0x9a,0xff,0xa0,0x9a,0x9a,0xff,0xa2,0x9c,0x9c,0xff,0xa3,0x9c,0x9c,0xff,
    0xa4,0x9e,0x9e,0xff,0xa5,0x9e,0x9e,0xff,0x9c,0x96,0x96,0xfc,0x9e,0x98,0x98,0xd6,0xa1,0x9b,0x9b,0x8b,0xa0,0x9b,0x9b,0x2e,
    0x00,0x00,0x00,0x00,0x00,0x00,0x00,0x00,0x7f,0x7f,0x7f,0x02,0xaa,0xaa,0xaa,0x03,0x00,0x00,0x00,0x00,0x00,0x00,0x00,0x00,
    0x00,0x00,0x00,0x00,0x00,0x00,0x00,0x00,0x00,0x00,0x00,0x00,0x00,0x00,0x00,0x00,0x00,0x00,0x00,0x00,0x00,0x00,0x00,0x00,
    0x00,0x00,0x00,0x00,0x00,0x00,0x00,0x00,0x00,0x00,0x00,0x00,0x00,0x00,0x00,0x00,0x00,0x00,0x00,0x00,0x00,0x00,0x00,0x00,
    0x00,0x00,0x00,0x00,0x00,0x00,0x00,0x00,0x00,0x00,0x00,0x00,0x00,0x00,0x00,0x00,0x00,0x00,0x00,0x00,0x00,0x00,0x00,0x00,
    0x00,0x00,0x00,0x00,0x00,0x00,0x00,0x00,0x00,0x00,0x00,0x00,0x00,0x00,0x00,0x00,0x00,0x00,0x00,0x00,0x00,0x00,0x00,0x00,
    0x00,0x00,0x00,0x00,0x00,0x00,0x00,0x00,0x00,0x00,0x00,0x00,0x00,0x00,0x00,0x00,0x00,0x00,0x00,0x00,0x00,0x00,0x00,0x00,
    0x00,0x00,0x00,0x00,0x00,0x00,0x00,0x00,0x00,0x00,0x00,0x00,0x00,0x00,0x00,0x00,0x00,0x00,0x00,0x00,0x00,0x00,0x00,0x00,
    0x00,0x00,0x00,0x00,0x00,0x00,0x00,0x00,0x00,0x00,0x00,0x00,0x00,0x00,0x00,0x00,0x00,0x00,0x00,0x00,0x00,0x00,0x00,0x00,
    0x00,0x00,0x00,0x00,0x00,0x00,0x00,0x00,0x00,0x00,0x00,0x00,0x00,0x00,0x00,0x00,0x00,0x00,0x00,0x00,0x00,0x00,0x00,0x00,
    0x00,0x00,0x00,0x00,0x00,0x00,0x00,0x00,0x00,0x00,0x00,0x00,0x00,0x00,0x00,0x00,0x00,0x00,0x00,0x00,0x00,0x00,0x00,0x00,
    0x00,0x00,0x00,0x00,0x00,0x00,0x00,0x00,0x00,0x00,0x00,0x00,0xaa,0xaa,0xaa,0x03,0x00,0x00,0x00,0x00,0x00,0x00,0x00,0x00,
    0x9c,0x96,0x96,0x2c,0x9f,0x9a,0x9a,0x9e,0x9f,0x99,0x99,0xf1,0xa5,0x9f,0x9f,0xff,0xa2,0x9b,0x9b,0xff,0x9f,0x9a,0x9a,0xff,
    0xa3,0x9e,0x9e,0xfc,0xa7,0xa3,0xa3,0xfb,0xad,0xa8,0xa8,0xfc,0xaf,0xac,0xac,0xfc,0xb2,0xaf,0xaf,0xfe,0xb1,0xae,0xae,0xfe,
    0xb1,0xae,0xae,0xfe,0xb2,0xaf,0xaf,0xfe,0xb0,0xac,0xac,0xfd,0xad,0xaa,0xaa,0xfc,0xa9,0xa5,0xa5,0xfb,0xa4,0x9f,0x9f,0xfc,
    0x9f,0x9a,0x9a,0xff,0xa0,0x9a,0x9a,0xff,0xa5,0x9f,0x9f,0xff,0x9e,0x98,0x98,0xfc,0xa0,0x9a,0x9a,0xba,0xa2,0x9b,0x9b,0x45,
    0x00,0x00,0x00,0x00,0x00,0x00,0x00,0x00,0xaa,0xaa,0xaa,0x03,0xff,0xff,0xff,0x01,0x00,0x00,0x00,0x00,0x00,0x00,0x00,0x00,
    0x00,0x00,0x00,0x00,0x00,0x00,0x00,0x00,0x00,0x00,0x00,0x00,0x00,0x00,0x00,0x00,0x00,0x00,0x00,0x00,0x00,0x00,0x00,0x00,
    0x00,0x00,0x00,0x00,0x00,0x00,0x00,0x00,0x00,0x00,0x00,0x00,0x00,0x00,0x00,0x00,0x00,0x00,0x00,0x00,0x00,0x00,0x00,0x00,
    0x00,0x00,0x00,0x00,0x00,0x00,0x00,0x00,0x00,0x00,0x00,0x00,0x00,0x00,0x00,0x00,0x00,0x00,0x00,0x00,0x00,0x00,0x00,0x00,
    0x00,0x00,0x00,0x00,0x00,0x00,0x00,0x00,0x00,0x00,0x00,0x00,0x00,0x00,0x00,0x00,0x00,0x00,0x00,0x00,0x00,0x00,0x00,0x00,
    0x00,0x00,0x00,0x00,0x00,0x00,0x00,0x00,0x00,0x00,0x00,0x00,0x00,0x00,0x00,0x00,0x00,0x00,0x00,0x00,0x00,0x00,0x00,0x00,
    0x00,0x00,0x00,0x00,0x00,0x00,0x00,0x00,0x00,0x00,0x00,0x00,0x00,0x00,0x00,0x00,0x00,0x00,0x00,0x00,0x00,0x00,0x00,0x00,
    0x00,0x00,0x00,0x00,0x00,0x00,0x00,0x00,0x00,0x00,0x00,0x00,0x00,0x00,0x00,0x00,0x00,0x00,0x00,0x00,0x00,0x00,0x00,0x00,
    0x00,0x00,0x00,0x00,0x00,0x00,0x00,0x00,0x00,0x00,0x00,0x00,0x00,0x00,0x00,0x00,0x00,0x00,0x00,0x00,0x00,0x00,0x00,0x00,
    0x00,0x00,0x00,0x00,0x00,0x00,0x00,0x00,0x00,0x00,0x00,0x00,0x00,0x00,0x00,0x00,0x00,0x00,0x00,0x00,0x7f,0x7f,0x7f,0x02,
    0x7f,0x7f,0x7f,0x02,0x00,0x00,0x00,0x00,0x96,0x96,0x96,0x27,0xa1,0x9a,0x9a,0x9e,0x9e,0x98,0x98,0xf9,0xa5,0x9e,0x9e,0xff,
    0x9e,0x98,0x98,0xff,0xa4,0x9f,0x9f,0xfb,0xad,0xa8,0xa8,0xfc,0xb2,0xaf,0xaf,0xfe,0xb6,0xb3,0xb3,0xff,0xb7,0xb4,0xb4,0xff,
    0xb7,0xb4,0xb4,0xff,0xb7,0xb4,0xb4,0xff,0xb7,0xb4,0xb4,0xff,0xb7,0xb4,0xb4,0xff,0xb7,0xb4,0xb4,0xff,0xb7,0xb4,0xb4,0xff,
    0xb7,0xb4,0xb4,0xff,0xb7,0xb4,0xb4,0xff,0xb7,0xb4,0xb4,0xff,0xb6,0xb3,0xb3,0xff,0xb4,0xb1,0xb1,0xfe,0xae,0xab,0xab,0xfd,
    0xa6,0xa1,0xa1,0xfb,0x9e,0x98,0x98,0xff,0xa3,0x9c,0x9c,0xff,0xa1,0x9b,0x9b,0xff,0xa1,0x9a,0x9a,0xba,0x9f,0x98,0x98,0x43,
    0x00,0x00,0x00,0x00,0x00,0x00,0x00,0x00,0xaa,0xaa,0xaa,0x03,0x00,0x00,0x00,0x00,0x00,0x00,0x00,0x00,0x00,0x00,0x00,0x00,
    0x00,0x00,0x00,0x00,0x00,0x00,0x00,0x00,0x00,0x00,0x00,0x00,0x00,0x00,0x00,0x00,0x00,0x00,0x00,0x00,0x00,0x00,0x00,0x00,
    0x00,0x00,0x00,0x00,0x00,0x00,0x00,0x00,0x00,0x00,0x00,0x00,0x00,0x00,0x00,0x00,0x00,0x00,0x00,0x00,0x00,0x00,0x00,0x00,
    0x00,0x00,0x00,0x00,0x00,0x00,0x00,0x00,0x00,0x00,0x00,0x00,0x00,0x00,0x00,0x00,0x00,0x00,0x00,0x00,0x00,0x00,0x00,0x00,
    0x00,0x00,0x00,0x00,0x00,0x00,0x00,0x00,0x00,0x00,0x00,0x00,0x00,0x00,0x00,0x00,0x00,0x00,0x00,0x00,0x00,0x00,0x00,0x00,
    0x00,0x00,0x00,0x00,0x00,0x00,0x00,0x00,0x00,0x00,0x00,0x00,0x00,0x00,0x00,0x00,0x00,0x00,0x00,0x00,0x00,0x00,0x00,0x00,
    0x00,0x00,0x00,0x00,0x00,0x00,0x00,0x00,0x00,0x00,0x00,0x00,0x00,0x00,0x00,0x00,0x00,0x00,0x00,0x00,0x00,0x00,0x00,0x00,
    0x00,0x00,0x00,0x00,0x00,0x00,0x00,0x00,0x00,0x00,0x00,0x00,0x00,0x00,0x00,0x00,0x00,0x00,0x00,0x00,0x00,0x00,0x00,0x00,
    0x00,0x00,0x00,0x00,0x00,0x00,0x00,0x00,0x00,0x00,0x00,0x00,0x00,0x00,0x00,0x00,0x00,0x00,0x00,0x00,0x00,0x00,0x00,0x00,
    0x00,0x00,0x00,0x00,0x00,0x00,0x00,0x00,0xaa,0xaa,0xaa,0x03,0x00,0x00,0x00,0x00,0x00,0x00,0x00,0x00,0x9f,0x98,0x98,0x6d,
    0xa1,0x9b,0x9b,0xf0,0xa6,0x9f,0x9f,0xff,0x9d,0x98,0x98,0xff,0xa6,0xa2,0xa2,0xfc,0xb1,0xae,0xae,0xfe,0xb6,0xb3,0xb3,0xff,
    0xb7,0xb4,0xb4,0xff,0xb7,0xb4,0xb4,0xff,0xb7,0xb4,0xb4,0xff,0xb8,0xb5,0xb5,0xff,0xb9,0xb6,0xb6,0xff,0xb9,0xb6,0xb6,0xff,
    0xba,0xb7,0xb7,0xff,0xba,0xb7,0xb7,0xff,0xba,0xb7,0xb7,0xff,0xba,0xb7,0xb7,0xff,0xb9,0xb6,0xb6,0xff,0xb9,0xb6,0xb6,0xff,
    0xb8,0xb5,0xb5,0xff,0xb8,0xb5,0xb5,0xff,0xb7,0xb4,0xb4,0xff,0xb7,0xb4,0xb4,0xff,0xb6,0xb3,0xb3,0xff,0xb3,0xb0,0xb0,0xfe,
    0xab,0xa6,0xa6,0xfc,0x9f,0x9a,0x9a,0xfd,0xa3,0x9c,0x9c,0xff,0xa2,0x9c,0x9c,0xff,0xa0,0x9b,0x9b,0x92,0x88,0x88,0x88,0x0f,
    0x00,0x00,0x00,0x00,0x7f,0x7f,0x7f,0x04,0x00,0x00,0x00,0x00,0x00,0x00,0x00,0x00,0x00,0x00,0x00,0x00,0x00,0x00,0x00,0x00,
    0x00,0x00,0x00,0x00,0x00,0x00,0x00,0x00,0x00,0x00,0x00,0x00,0x00,0x00,0x00,0x00,0x00,0x00,0x00,0x00,0x00,0x00,0x00,0x00,
    0x00,0x00,0x00,0x00,0x00,0x00,0x00,0x00,0x00,0x00,0x00,0x00,0x00,0x00,0x00,0x00,0x00,0x00,0x00,0x00,0x00,0x00,0x00,0x00,
    0x00,0x00,0x00,0x00,0x00,0x00,0x00,0x00,0x00,0x00,0x00,0x00,0x00,0x00,0x00,0x00,0x00,0x00,0x00,0x00,0x00,0x00,0x00,0x00,
    0x00,0x00,0x00,0x00,0x00,0x00,0x00,0x00,0x00,0x00,0x00,0x00,0x00,0x00,0x00,0x00,0x00,0x00,0x00,0x00,0x00,0x00,0x00,0x00,
    0x00,0x00,0x00,0x00,0x00,0x00,0x00,0x00,0x00,0x00,0x00,0x00,0x00,0x00,0x00,0x00,0x00,0x00,0x00,0x00,0x00,0x00,0x00,0x00,
    0x00,0x00,0x00,0x00,0x00,0x00,0x00,0x00,0x00,0x00,0x00,0x00,0x00,0x00,0x00,0x00,0x00,0x00,0x00,0x00,0x00,0x00,0x00,0x00,
    0x00,0x00,0x00,0x00,0x00,0x00,0x00,0x00,0x00,0x00,0x00,0x00,0x00,0x00,0x00,0x00,0x00,0x00,0x00,0x00,0x00,0x00,0x00,0x00,
    0x00,0x00,0x00,0x00,0x00,0x00,0x00,0x00,0x00,0x00,0x00,0x00,0x00,0x00,0x00,0x00,0x00,0x00,0x00,0x00,0xaa,0xaa,0xaa,0x03,
    0x00,0x00,0x00,0x00,0x93,0x93,0x93,0x26,0xa0,0x9b,0x9b,0xb8,0xa6,0x9f,0x9f,0xff,0x9d,0x97,0x97,0xff,0xa4,0x9f,0x9f,0xfb,
    0xb2,0xae,0xae,0xfe,0xb7,0xb4,0xb4,0xff,0xb7,0xb4,0xb4,0xff,0xb8,0xb5,0xb5,0xff,0xb9,0xb6,0xb6,0xff,0xba,0xb7,0xb7,0xff,
    0xbb,0xb8,0xb8,0xff,0xbc,0xb9,0xb9,0xff,0xbe,0xbb,0xbb,0xff,0xbe,0xbb,0xbb,0xff,0xbf,0xbc,0xbc,0xff,0xbf,0xbc,0xbc,0xff,
    0xbf,0xbc,0xbc,0xff,0xbf,0xbc,0xbc,0xff,0xbe,0xbb,0xbb,0xff,0xbe,0xbb,0xbb,0xff,0xbd,0xba,0xba,0xff,0xbc,0xb9,0xb9,0xff,
    0xba,0xb7,0xb7,0xff,0xb9,0xb6,0xb6,0xff,0xb8,0xb5,0xb5,0xff,0xb7,0xb4,0xb4,0xff,0xb7,0xb5,0xb5,0xff,0xb4,0xb1,0xb1,0xff,
    0xa7,0xa3,0xa3,0xfc,0x9c,0x97,0x97,0xfd,0xa6,0x9f,0x9f,0xff,0xa0,0x9b,0x9b,0xd9,0x9a,0x96,0x96,0x47,0x00,0x00,0x00,0x00,
    0x7f,0x7f,0x7f,0x02,0xff,0xff,0xff,0x01,0x00,0x00,0x00,0x00,0x00,0x00,0x00,0x00,0x00,0x00,0x00,0x00,0x00,0x00,0x00,0x00,
    0x00,0x00,0x00,0x00,0x00,0x00,0x00,0x00,0x00,0x00,0x00,0x00,0x00,0x00,0x00,0x00,0x00,0x00,0x00,0x00,0x00,0x00,0x00,0x00,
    0x00,0x00,0x00,0x00,0x00,0x00,0x00,0x00,0x00,0x00,0x00,0x00,0x00,0x00,0x00,0x00,0x00,0x00,0x00,0x00,0x00,0x00,0x00,0x00,
    0x00,0x00,0x00,0x00,0x00,0x00,0x00,0x00,0x00,0x00,0x00,0x00,0x00,0x00,0x00,0x00,0x00,0x00,0x00,0x00,0x00,0x00,0x00,0x00,
    0x00,0x00,0x00,0x00,0x00,0x00,0x00,0x00,0x00,0x00,0x00,0x00,0x00,0x00,0x00,0x00,0x00,0x00,0x00,0x00,0x00,0x00,0x00,0x00,
    0x00,0x00,0x00,0x00,0x00,0x00,0x00,0x00,0x00,0x00,0x00,0x00,0x00,0x00,0x00,0x00,0x00,0x00,0x00,0x00,0x00,0x00,0x00,0x00,
    0x00,0x00,0x00,0x00,0x00,0x00,0x00,0x00,0x00,0x00,0x00,0x00,0x00,0x00,0x00,0x00,0x00,0x00,0x00,0x00,0x00,0x00,0x00,0x00,
    0x00,0x00,0x00,0x00,0x00,0x00,0x00,0x00,0x00,0x00,0x00,0x00,0x00,0x00,0x00,0x00,0x00,0x00,0x00,0x00,0x00,0x00,0x00,0x00,
    0x00,0x00,0x00,0x00,0x00,0x00,0x00,0x00,0xaa,0xaa,0xaa,0x03,0x00,0x00,0x00,0x00,0x9a,0x93,0x93,0x47,0xa0,0x99,0x99,0xed,
    0xa4,0x9d,0x9d,0xff,0x9f,0x9a,0x9a,0xfb,0xad,0xaa,0xaa,0xfe,0xb7,0xb4,0xb4,0xff,0xb7,0xb4,0xb4,0xff,0xb8,0xb5,0xb5,0xff,
    0xba,0xb7,0xb7,0xff,0xbc,0xb9,0xb9,0xff,0xbe,0xbb,0xbb,0xff,0xbf,0xbc,0xbc,0xff,0xc0,0xbd,0xbd,0xff,0xc2,0xbf,0xbf,0xff,
    0xc3,0xc0,0xc0,0xff,0xc4,0xc1,0xc1,0xff,0xc4,0xc1,0xc1,0xff,0xc5,0xc2,0xc2,0xff,0xc5,0xc2,0xc2,0xff,0xc4,0xc1,0xc1,0xff,
    0xc4,0xc1,0xc1,0xff,0xc3,0xc0,0xc0,0xff,0xc2,0xbf,0xbf,0xff,0xc1,0xbe,0xbe,0xff,0xc0,0xbd,0xbd,0xff,0xbe,0xbb,0xbb,0xff,
    0xbc,0xb9,0xb9,0xff,0xba,0xb7,0xb7,0xff,0xb8,0xb5,0xb5,0xff,0xb7,0xb4,0xb4,0xff,0xb7,0xb4,0xb4,0xff,0xb1,0xae,0xae,0xff,
    0xa2,0x9e,0x9e,0xfb,0x9f,0x99,0x99,0xff,0xa2,0x9c,0x9c,0xff,0x9f,0x98,0x98,0x70,0x00,0x00,0x00,0x00,0xff,0xff,0xff,0x01,
    0x7f,0x7f,0x7f,0x02,0x00,0x00,0x00,0x00,0x00,0x00,0x00,0x00,0x00,0x00,0x00,0x00,0x00,0x00,0x00,0x00,0x00,0x00,0x00,0x00,
    0x00,0x00,0x00,0x00,0x00,0x00,0x00,0x00,0x00,0x00,0x00,0x00,0x00,0x00,0x00,0x00,0x00,0x00,0x00,0x00,0x00,0x00,0x00,0x00,
    0x00,0x00,0x00,0x00,0x00,0x00,0x00,0x00,0x00,0x00,0x00,0x00,0x00,0x00,0x00,0x00,0x00,0x00,0x00,0x00,0x00,0x00,0x00,0x00,
    0x00,0x00,0x00,0x00,0x00,0x00,0x00,0x00,0x00,0x00,0x00,0x00,0x00,0x00,0x00,0x00,0x00,0x00,0x00,0x00,0x00,0x00,0x00,0x00,
    0x00,0x00,0x00,0x00,0x00,0x00,0x00,0x00,0x00,0x00,0x00,0x00,0x00,0x00,0x00,0x00,0x00,0x00,0x00,0x00,0x00,0x00,0x00,0x00,
    0x00,0x00,0x00,0x00,0x00,0x00,0x00,0x00,0x00,0x00,0x00,0x00,0x00,0x00,0x00,0x00,0x00,0x00,0x00,0x00,0x00,0x00,0x00,0x00,
    0x00,0x00,0x00,0x00,0x00,0x00,0x00,0x00,0x00,0x00,0x00,0x00,0x00,0x00,0x00,0x00,0x00,0x00,0x00,0x00,0x00,0x00,0x00,0x00,
    0x00,0x00,0x00,0x00,0x00,0x00,0x00,0x00,0x00,0x00,0x00,0x00,0x00,0x00,0x00,0x00,0xff,0xff,0xff,0x01,0xaa,0xaa,0xaa,0x03,
    0x00,0x00,0x00,0x00,0x9e,0x99,0x99,0x67,0xa3,0x9d,0x9d,0xff,0x9e,0x97,0x97,0xff,0xa4,0x9f,0x9f,0xfc,0xb4,0xb1,0xb1,0xff,
    0xb7,0xb5,0xb5,0xff,0xb8,0xb5,0xb5,0xff,0xba,0xb7,0xb7,0xff,0xbd,0xba,0xba,0xff,0xbf,0xbc,0xbc,0xff,0xc1,0xbe,0xbe,0xff,
    0xc3,0xc0,0xc0,0xff,0xc5,0xc2,0xc2,0xff,0xc6,0xc3,0xc3,0xff,0xc7,0xc4,0xc4,0xff,0xc8,0xc5,0xc5,0xff,0xc9,0xc6,0xc6,0xff,
    0xca,0xc7,0xc7,0xff,0xca,0xc7,0xc7,0xff,0xca,0xc7,0xc7,0xff,0xca,0xc7,0xc7,0xff,0xc9,0xc6,0xc6,0xff,0xc9,0xc6,0xc6,0xff,
    0xc8,0xc5,0xc5,0xff,0xc7,0xc4,0xc4,0xff,0xc5,0xc2,0xc2,0xff,0xc4,0xc1,0xc1,0xff,0xc1,0xbe,0xbe,0xff,0xc0,0xbd,0xbd,0xff,
    0xbd,0xba,0xba,0xff,0xbb,0xb8,0xb8,0xff,0xb8,0xb5,0xb5,0xff,0xb8,0xb5,0xb5,0xff,0xb6,0xb3,0xb3,0xff,0xa9,0xa5,0xa5,0xfd,
    0x9c,0x96,0x96,0xfc,0xa9,0xa2,0xa2,0xff,0x9e,0x99,0x99,0x9a,0x7f,0x7f,0x7f,0x04,0x00,0x00,0x00,0x00,0x7f,0x7f,0x7f,0x02,
    0x00,0x00,0x00,0x00,0x00,0x00,0x00,0x00,0x00,0x00,0x00,0x00,0x00,0x00,0x00,0x00,0x00,0x00,0x00,0x00,0x00,0x00,0x00,0x00,
    0x00,0x00,0x00,0x00,0x00,0x00,0x00,0x00,0x00,0x00,0x00,0x00,0x00,0x00,0x00,0x00,0x00,0x00,0x00,0x00,0x00,0x00,0x00,0x00,
    0x00,0x00,0x00,0x00,0x00,0x00,0x00,0x00,0x00,0x00,0x00,0x00,0x00,0x00,0x00,0x00,0x00,0x00,0x00,0x00,0x00,0x00,0x00,0x00,
    0x00,0x00,0x00,0x00,0x00,0x00,0x00,0x00,0x00,0x00,0x00,0x00,0x00,0x00,0x00,0x00,0x00,0x00,0x00,0x00,0x00,0x00,0x00,0x00,
    0x00,0x00,0x00,0x00,0x00,0x00,0x00,0x00,0x00,0x00,0x00,0x00,0x00,0x00,0x00,0x00,0x00,0x00,0x00,0x00,0x00,0x00,0x00,0x00,
    0x00,0x00,0x00,0x00,0x00,0x00,0x00,0x00,0x00,0x00,0x00,0x00,0x00,0x00,0x00,0x00,0x00,0x00,0x00,0x00,0x00,0x00,0x00,0x00,
    0x00,0x00,0x00,0x00,0x00,0x00,0x00,0x00,0x00,0x00,0x00,0x00,0x00,0x00,0x00,0x00,0x00,0x00,0x00,0x00,0x00,0x00,0x00,0x00,
    0x00,0x00,0x00,0x00,0xff,0xff,0xff,0x01,0xaa,0xaa,0xaa,0x03,0x00,0x00,0x00,0x00,0x9d,0x96,0x96,0x98,0xa6,0xa0,0xa0,0xff,
    0x9c,0x95,0x95,0xfc,0xaa,0xa6,0xa6,0xfd,0xb8,0xb5,0xb5,0xff,0xb7,0xb4,0xb4,0xff,0xb9,0xb6,0xb6,0xff,0xbd,0xba,0xba,0xff,
    0xbf,0xbc,0xbc,0xff,0xc2,0xbf,0xbf,0xff,0xc4,0xc1,0xc1,0xff,0xc6,0xc3,0xc3,0xff,0xc8,0xc5,0xc5,0xff,0xca,0xc7,0xc7,0xff,
    0xcb,0xc8,0xc8,0xff,0xcd,0xca,0xca,0xff,0xce,0xcb,0xcb,0xff,0xcf,0xcc,0xcc,0xff,0xcf,0xcc,0xcc,0xff,0xd0,0xcd,0xcd,0xff,
    0xd0,0xcd,0xcd,0xff,0xcf,0xcc,0xcc,0xff,0xcf,0xcc,0xcc,0xff,0xce,0xcb,0xcb,0xff,0xcd,0xca,0xca,0xff,0xcc,0xc9,0xc9,0xff,
    0xca,0xc7,0xc7,0xff,0xc9,0xc6,0xc6,0xff,0xc7,0xc4,0xc4,0xff,0xc5,0xc2,0xc2,0xff,0xc2,0xbf,0xbf,0xff,0xc0,0xbd,0xbd,0xff,
    0xbd,0xba,0xba,0xff,0xba,0xb7,0xb7,0xff,0xb7,0xb4,0xb4,0xff,0xb8,0xb5,0xb5,0xff,0xaf,0xab,0xab,0xfe,0x9d,0x97,0x97,0xfb,
    0xa5,0x9f,0x9f,0xff,0xa0,0x9a,0x9a,0xc4,0x96,0x87,0x87,0x11,0x00,0x00,0x00,0x00,0xff,0xff,0xff,0x02,0x00,0x00,0x00,0x00,
    0x00,0x00,0x00,0x00,0x00,0x00,0x00,0x00,0x00,0x00,0x00,0x00,0x00,0x00,0x00,0x00,0x00,0x00,0x00,0x00,0x00,0x00,0x00,0x00,
    0x00,0x00,0x00,0x00,0x00,0x00,0x00,0x00,0x00,0x00,0x00,0x00,0x00,0x00,0x00,0x00,0x00,0x00,0x00,0x00,0x00,0x00,0x00,0x00,
    0x00,0x00,0x00,0x00,0x00,0x00,0x00,0x00,0x00,0x00,0x00,0x00,0x00,0x00,0x00,0x00,0x00,0x00,0x00,0x00,0x00,0x00,0x00,0x00,
    0x00,0x00,0x00,0x00,0x00,0x00,0x00,0x00,0x00,0x00,0x00,0x00,0x00,0x00,0x00,0x00,0x00,0x00,0x00,0x00,0x00,0x00,0x00,0x00,
    0x00,0x00,0x00,0x00,0x00,0x00,0x00,0x00,0x00,0x00,0x00,0x00,0x00,0x00,0x00,0x00,0x00,0x00,0x00,0x00,0x00,0x00,0x00,0x00,
    0x00,0x00,0x00,0x00,0x00,0x00,0x00,0x00,0x00,0x00,0x00,0x00,0x00,0x00,0x00,0x00,0x00,0x00,0x00,0x00,0x00,0x00,0x00,0x00,
    0x00,0x00,0x00,0x00,0x00,0x00,0x00,0x00,0x00,0x00,0x00,0x00,0x00,0x00,0x00,0x00,0xff,0xff,0xff,0x01,0xff,0xff,0xff,0x02,
    0x00,0x00,0x00,0x00,0x9d,0x98,0x98,0x9a,0xa8,0xa2,0xa2,0xff,0x9c,0x96,0x96,0xfc,0xae,0xab,0xab,0xfe,0xb8,0xb5,0xb5,0xff,
    0xb8,0xb5,0xb5,0xff,0xbb,0xb8,0xb8,0xff,0xbe,0xbb,0xbb,0xff,0xc2,0xbf,0xbf,0xff,0xc4,0xc1,0xc1,0xff,0xc7,0xc4,0xc4,0xff,
    0xc9,0xc6,0xc6,0xff,0xcb,0xc8,0xc8,0xff,0xce,0xcb,0xcb,0xff,0xcf,0xcc,0xcc,0xff,0xd1,0xce,0xce,0xff,0xd3,0xd0,0xd0,0xff,
    0xd4,0xd1,0xd1,0xff,0xd5,0xd2,0xd2,0xff,0xd5,0xd2,0xd2,0xff,0xd6,0xd3,0xd3,0xff,0xd6,0xd3,0xd3,0xff,0xd5,0xd2,0xd2,0xff,
    0xd5,0xd2,0xd2,0xff,0xd4,0xd1,0xd1,0xff,0xd3,0xd0,0xd0,0xff,0xd1,0xce,0xce,0xff,0xd0,0xcd,0xcd,0xff,0xce,0xcb,0xcb,0xff,
    0xcc,0xc9,0xc9,0xff,0xc9,0xc6,0xc6,0xff,0xc7,0xc4,0xc4,0xff,0xc5,0xc2,0xc2,0xff,0xc2,0xbf,0xbf,0xff,0xbf,0xbc,0xbc,0xff,
    0xbc,0xb9,0xb9,0xff,0xb9,0xb6,0xb6,0xff,0xb8,0xb5,0xb5,0xff,0xb3,0xb0,0xb0,0xff,0x9f,0x9a,0x9a,0xfb,0xa5,0x9f,0x9f,0xff,
    0xa0,0x9a,0x9a,0xca,0x96,0x87,0x87,0x11,0x00,0x00,0x00,0x00,0x7f,0x7f,0x7f,0x02,0x00,0x00,0x00,0x00,0x00,0x00,0x00,0x00,
    0x00,0x00,0x00,0x00,0x00,0x00,0x00,0x00,0x00,0x00,0x00,0x00,0x00,0x00,0x00,0x00,0x00,0x00,0x00,0x00,0x00,0x00,0x00,0x00,
    0x00,0x00,0x00,0x00,0x00,0x00,0x00,0x00,0x00,0x00,0x00,0x00,0x00,0x00,0x00,0x00,0x00,0x00,0x00,0x00,0x00,0x00,0x00,0x00,
    0x00,0x00,0x00,0x00,0x00,0x00,0x00,0x00,0x00,0x00,0x00,0x00,0x00,0x00,0x00,0x00,0x00,0x00,0x00,0x00,0x00,0x00,0x00,0x00,
    0x00,0x00,0x00,0x00,0x00,0x00,0x00,0x00,0x00,0x00,0x00,0x00,0x00,0x00,0x00,0x00,0x00,0x00,0x00,0x00,0x00,0x00,0x00,0x00,
    0x00,0x00,0x00,0x00,0x00,0x00,0x00,0x00,0x00,0x00,0x00,0x00,0x00,0x00,0x00,0x00,0x00,0x00,0x00,0x00,0x00,0x00,0x00,0x00,
    0x00,0x00,0x00,0x00,0x00,0x00,0x00,0x00,0x00,0x00,0x00,0x00,0x00,0x00,0x00,0x00,0x00,0x00,0x00,0x00,0x00,0x00,0x00,0x00,
    0x00,0x00,0x00,0x00,0xff,0xff,0xff,0x01,0xbf,0xbf,0xbf,0x04,0x00,0x00,0x00,0x00,0x9d,0x98,0x98,0x9a,0xa8,0xa2,0xa2,0xff,
    0x9d,0x96,0x96,0xfa,0xb0,0xac,0xac,0xff,0xb8,0xb5,0xb5,0xff,0xb9,0xb6,0xb6,0xff,0xbd,0xba,0xba,0xff,0xc0,0xbd,0xbd,0xff,
    0xc3,0xc0,0xc0,0xff,0xc6,0xc3,0xc3,0xff,0xc9,0xc6,0xc6,0xff,0xcc,0xc9,0xc9,0xff,0xcf,0xcc,0xcc,0xff,0xd1,0xce,0xce,0xff,
    0xd4,0xd1,0xd1,0xff,0xd5,0xd2,0xd2,0xff,0xd7,0xd4,0xd4,0xff,0xd8,0xd5,0xd5,0xff,0xd9,0xd6,0xd6,0xff,0xda,0xd7,0xd7,0xff,
    0xdb,0xd8,0xd8,0xff,0xdb,0xd8,0xd8,0xff,0xdb,0xd8,0xd8,0xff,0xdb,0xd8,0xd8,0xff,0xda,0xd7,0xd7,0xff,0xd9,0xd6,0xd6,0xff,
    0xd8,0xd5,0xd5,0xff,0xd7,0xd4,0xd4,0xff,0xd6,0xd3,0xd3,0xff,0xd4,0xd1,0xd1,0xff,0xd2,0xcf,0xcf,0xff,0xd0,0xcd,0xcd,0xff,
    0xcd,0xca,0xca,0xff,0xca,0xc7,0xc7,0xff,0xc7,0xc4,0xc4,0xff,0xc4,0xc1,0xc1,0xff,0xc1,0xbe,0xbe,0xff,0xbe,0xbb,0xbb,0xff,
    0xba,0xb7,0xb7,0xff,0xb8,0xb5,0xb5,0xff,0xb4,0xb1,0xb1,0xff,0x9f,0x99,0x99,0xfb,0xa4,0x9e,0x9e,0xff,0xa0,0x9a,0x9a,0xca,
    0x9b,0x8d,0x8d,0x12,0x7f,0x7f,0x7f,0x02,0x7f,0x7f,0x7f,0x02,0x00,0x00,0x00,0x00,0x00,0x00,0x00,0x00,0x00,0x00,0x00,0x00,
    0x00,0x00,0x00,0x00,0x00,0x00,0x00,0x00,0x00,0x00,0x00,0x00,0x00,0x00,0x00,0x00,0x00,0x00,0x00,0x00,0x00,0x00,0x00,0x00,
    0x00,0x00,0x00,0x00,0x00,0x00,0x00,0x00,0x00,0x00,0x00,0x00,0x00,0x00,0x00,0x00,0x00,0x00,0x00,0x00,0x00,0x00,0x00,0x00,
    0x00,0x00,0x00,0x00,0x00,0x00,0x00,0x00,0x00,0x00,0x00,0x00,0x00,0x00,0x00,0x00,0x00,0x00,0x00,0x00,0x00,0x00,0x00,0x00,
    0x00,0x00,0x00,0x00,0x00,0x00,0x00,0x00,0x00,0x00,0x00,0x00,0x00,0x00,0x00,0x00,0x00,0x00,0x00,0x00,0x00,0x00,0x00,0x00,
    0x00,0x00,0x00,0x00,0x00,0x00,0x00,0x00,0x00,0x00,0x00,0x00,0x00,0x00,0x00,0x00,0x00,0x00,0x00,0x00,0x00,0x00,0x00,0x00,
    0x00,0x00,0x00,0x00,0x00,0x00,0x00,0x00,0x00,0x00,0x00,0x00,0x00,0x00,0x00,0x00,0x00,0x00,0x00,0x00,0x7f,0x7f,0x7f,0x04,
    0x00,0x00,0x00,0x00,0x9b,0x95,0x95,0x8f,0xa9,0xa3,0xa3,0xff,0x9d,0x96,0x96,0xfa,0xb0,0xac,0xac,0xff,0xb9,0xb6,0xb6,0xff,
    0xba,0xb7,0xb7,0xff,0xbe,0xbb,0xbb,0xff,0xc1,0xbe,0xbe,0xff,0xc4,0xc1,0xc1,0xff,0xc8,0xc5,0xc5,0xff,0xcc,0xc9,0xc9,0xff,
    0xcf,0xcc,0xcc,0xff,0xd2,0xcf,0xcf,0xff,0xd4,0xd1,0xd1,0xff,0xd7,0xd4,0xd4,0xff,0xd9,0xd6,0xd6,0xff,0xdb,0xd8,0xd8,0xff,
    0xdc,0xd9,0xd9,0xff,0xde,0xdb,0xdb,0xff,0xdf,0xdc,0xdc,0xff,0xe0,0xdd,0xdd,0xff,0xe1,0xde,0xde,0xff,0xe1,0xde,0xde,0xff,
    0xe1,0xde,0xde,0xff,0xe1,0xde,0xde,0xff,0xe0,0xdd,0xdd,0xff,0xe0,0xdd,0xdd,0xff,0xdf,0xdc,0xdc,0xff,0xdd,0xda,0xda,0xff,
    0xdb,0xd8,0xd8,0xff,0xd9,0xd6,0xd6,0xff,0xd7,0xd4,0xd4,0xff,0xd5,0xd2,0xd2,0xff,0xd3,0xd0,0xd0,0xff,0xcf,0xcc,0xcc,0xff,
    0xcc,0xc9,0xc9,0xff,0xc9,0xc6,0xc6,0xff,0xc5,0xc2,0xc2,0xff,0xc2,0xbf,0xbf,0xff,0xbf,0xbc,0xbc,0xff,0xbb,0xb8,0xb8,0xff,
    0xb9,0xb6,0xb6,0xff,0xb5,0xb2,0xb2,0xff,0x9f,0x9a,0x9a,0xfb,0xa5,0x9f,0x9f,0xff,0x9d,0x97,0x97,0xc7,0x00,0x00,0x00,0x01,
    0xff,0xff,0xff,0x01,0xff,0xff,0xff,0x01,0x00,0x00,0x00,0x00,0x00,0x00,0x00,0x00,0x00,0x00,0x00,0x00,0x00,0x00,0x00,0x00,
    0x00,0x00,0x00,0x00,0x00,0x00,0x00,0x00,0x00,0x00,0x00,0x00,0x00,0x00,0x00,0x00,0x00,0x00,0x00,0x00,0x00,0x00,0x00,0x00,
    0x00,0x00,0x00,0x00,0x00,0x00,0x00,0x00,0x00,0x00,0x00,0x00,0x00,0x00,0x00,0x00,0x00,0x00,0x00,0x00,0x00,0x00,0x00,0x00,
    0x00,0x00,0x00,0x00,0x00,0x00,0x00,0x00,0x00,0x00,0x00,0x00,0x00,0x00,0x00,0x00,0x00,0x00,0x00,0x00,0x00,0x00,0x00,0x00,
    0x00,0x00,0x00,0x00,0x00,0x00,0x00,0x00,0x00,0x00,0x00,0x00,0x00,0x00,0x00,0x00,0x00,0x00,0x00,0x00,0x00,0x00,0x00,0x00,
    0x00,0x00,0x00,0x00,0x00,0x00,0x00,0x00,0x00,0x00,0x00,0x00,0x00,0x00,0x00,0x00,0x00,0x00,0x00,0x00,0x00,0x00,0x00,0x00,
    0x00,0x00,0x00,0x00,0x00,0x00,0x00,0x00,0xaa,0xaa,0xaa,0x03,0x00,0x00,0x00,0x00,0x9a,0x94,0x94,0x65,0xa3,0x9d,0x9d,0xff,
    0x9d,0x97,0x97,0xfb,0xb0,0xad,0xad,0xfe,0xba,0xb7,0xb7,0xff,0xbb,0xb8,0xb8,0xff,0xbe,0xbb,0xbb,0xff,0xc2,0xbf,0xbf,0xff,
    0xc6,0xc3,0xc3,0xff,0xca,0xc7,0xc7,0xff,0xce,0xcb,0xcb,0xff,0xd1,0xce,0xce,0xff,0xd4,0xd1,0xd1,0xff,0xd7,0xd4,0xd4,0xff,
    0xda,0xd7,0xd7,0xff,0xdd,0xda,0xda,0xff,0xdf,0xdc,0xdc,0xff,0xe1,0xde,0xde,0xff,0xe2,0xdf,0xdf,0xff,0xe3,0xe0,0xe0,0xff,
    0xe4,0xe1,0xe1,0xff,0xe5,0xe2,0xe2,0xff,0xe6,0xe3,0xe3,0xff,0xe6,0xe3,0xe3,0xff,0xe6,0xe3,0xe3,0xff,0xe6,0xe3,0xe3,0xff,
    0xe5,0xe2,0xe2,0xff,0xe5,0xe2,0xe2,0xff,0xe4,0xe1,0xe1,0xff,0xe3,0xe0,0xe0,0xff,0xe1,0xde,0xde,0xff,0xdf,0xdc,0xdc,0xff,
    0xdd,0xda,0xda,0xff,0xda,0xd7,0xd7,0xff,0xd8,0xd5,0xd5,0xff,0xd5,0xd2,0xd2,0xff,0xd2,0xcf,0xcf,0xff,0xcf,0xcc,0xcc,0xff,
    0xcb,0xc8,0xc8,0xff,0xc7,0xc4,0xc4,0xff,0xc3,0xc0,0xc0,0xff,0xbf,0xbc,0xbc,0xff,0xbc,0xb9,0xb9,0xff,0xba,0xb7,0xb7,0xff,
    0xb5,0xb2,0xb2,0xff,0x9f,0x9a,0x9a,0xfb,0xa5,0x9f,0x9f,0xff,0x9d,0x98,0x98,0x9a,0x00,0x00,0x00,0x00,0xaa,0xaa,0xaa,0x03,
    0x00,0x00,0x00,0x00,0x00,0x00,0x00,0x00,0x00,0x00,0x00,0x00,0x00,0x00,0x00,0x00,0x00,0x00,0x00,0x00,0x00,0x00,0x00,0x00,
    0x00,0x00,0x00,0x00,0x00,0x00,0x00,0x00,0x00,0x00,0x00,0x00,0x00,0x00,0x00,0x00,0x00,0x00,0x00,0x00,0x00,0x00,0x00,0x00,
    0x00,0x00,0x00,0x00,0x00,0x00,0x00,0x00,0x00,0x00,0x00,0x00,0x00,0x00,0x00,0x00,0x00,0x00,0x00,0x00,0x00,0x00,0x00,0x00,
    0x00,0x00,0x00,0x00,0x00,0x00,0x00,0x00,0x00,0x00,0x00,0x00,0x00,0x00,0x00,0x00,0x00,0x00,0x00,0x00,0x00,0x00,0x00,0x00,
    0x00,0x00,0x00,0x00,0x00,0x00,0x00,0x00,0x00,0x00,0x00,0x00,0x00,0x00,0x00,0x00,0x00,0x00,0x00,0x00,0x00,0x00,0x00,0x00,
    0x00,0x00,0x00,0x00,0x00,0x00,0x00,0x00,0x00,0x00,0x00,0x00,0x00,0x00,0x00,0x00,0x00,0x00,0x00,0x00,0xaa,0xaa,0xaa,0x03,
    0x00,0x00,0x00,0x00,0x97,0x93,0x93,0x45,0xa4,0x9e,0x9e,0xff,0x9c,0x96,0x96,0xfd,0xaf,0xac,0xac,0xfe,0xba,0xb7,0xb7,0xff,
    0xba,0xb7,0xb7,0xff,0xbf,0xbc,0xbc,0xff,0xc3,0xc0,0xc0,0xff,0xc7,0xc4,0xc4,0xff,0xcb,0xc8,0xc8,0xff,0xd0,0xcd,0xcd,0xff,
    0xd3,0xd0,0xd0,0xff,0xd6,0xd3,0xd3,0xff,0xda,0xd7,0xd7,0xff,0xdd,0xda,0xda,0xff,0xe0,0xdd,0xdd,0xff,0xe2,0xdf,0xdf,0xff,
    0xe4,0xe1,0xe1,0xff,0xe6,0xe3,0xe3,0xff,0xe7,0xe4,0xe4,0xff,0xe8,0xe5,0xe5,0xff,0xea,0xe7,0xe7,0xff,0xea,0xe7,0xe7,0xff,
    0xea,0xe7,0xe7,0xff,0xeb,0xe8,0xe8,0xff,0xeb,0xe8,0xe8,0xff,0xeb,0xe8,0xe8,0xff,0xea,0xe7,0xe7,0xff,0xea,0xe7,0xe7,0xff,
    0xe9,0xe6,0xe6,0xff,0xe7,0xe4,0xe4,0xff,0xe6,0xe3,0xe3,0xff,0xe4,0xe1,0xe1,0xff,0xe2,0xdf,0xdf,0xff,0xe0,0xdd,0xdd,0xff,
    0xde,0xdb,0xdb,0xff,0xdb,0xd8,0xd8,0xff,0xd7,0xd4,0xd4,0xff,0xd3,0xd0,0xd0,0xff,0xd0,0xcd,0xcd,0xff,0xcc,0xc9,0xc9,0xff,
    0xc9,0xc6,0xc6,0xff,0xc4,0xc1,0xc1,0xff,0xc0,0xbd,0xbd,0xff,0xbb,0xb8,0xb8,0xff,0xba,0xb6,0xb6,0xff,0xb5,0xb2,0xb2,0xff,
    0x9e,0x99,0x99,0xfa,0xaa,0xa3,0xa3,0xff,0x9b,0x95,0x95,0x80,0x00,0x00,0x00,0x00,0xbf,0xbf,0xbf,0x04,0x00,0x00,0x00,0x00,
    0x00,0x00,0x00,0x00,0x00,0x00,0x00,0x00,0x00,0x00,0x00,0x00,0x00,0x00,0x00,0x00,0x00,0x00,0x00,0x00,0x00,0x00,0x00,0x00,
    0x00,0x00,0x00,0x00,0x00,0x00,0x00,0x00,0x00,0x00,0x00,0x00,0x00,0x00,0x00,0x00,0x00,0x00,0x00,0x00,0x00,0x00,0x00,0x00,
    0x00,0x00,0x00,0x00,0x00,0x00,0x00,0x00,0x00,0x00,0x00,0x00,0x00,0x00,0x00,0x00,0x00,0x00,0x00,0x00,0x00,0x00,0x00,0x00,
    0x00,0x00,0x00,0x00,0x00,0x00,0x00,0x00,0x00,0x00,0x00,0x00,0x00,0x00,0x00,0x00,0x00,0x00,0x00,0x00,0x00,0x00,0x00,0x00,
    0x00,0x00,0x00,0x00,0x00,0x00,0x00,0x00,0x00,0x00,0x00,0x00,0x00,0x00,0x00,0x00,0x00,0x00,0x00,0x00,0x00,0x00,0x00,0x00,
    0x00,0x00,0x00,0x00,0x00,0x00,0x00,0x00,0x7f,0x7f,0x7f,0x02,0x00,0x00,0x00,0x00,0x96,0x96,0x96,0x16,0x9f,0x98,0x98,0xe8,
    0x9e,0x98,0x98,0xfe,0xab,0xa6,0xa6,0xfd,0xb9,0xb6,0xb6,0xff,0xba,0xb7,0xb7,0xff,0xbf,0xbc,0xbc,0xff,0xc3,0xc0,0xc0,0xff,
    0xc8,0xc5,0xc5,0xff,0xcc,0xc9,0xc9,0xff,0xd0,0xcd,0xcd,0xff,0xd4,0xd1,0xd1,0xff,0xd8,0xd5,0xd5,0xff,0xdc,0xd9,0xd9,0xff,
    0xdf,0xdc,0xdc,0xff,0xe2,0xdf,0xdf,0xff,0xe5,0xe2,0xe2,0xff,0xe7,0xe4,0xe4,0xff,0xe9,0xe6,0xe6,0xff,0xea,0xe7,0xe7,0xff,
    0xec,0xe9,0xe9,0xff,0xed,0xea,0xea,0xff,0xee,0xeb,0xeb,0xff,0xef,0xec,0xec,0xff,0xef,0xec,0xec,0xff,0xef,0xec,0xec,0xff,
    0xef,0xec,0xec,0xff,0xef,0xec,0xec,0xff,0xef,0xec,0xec,0xff,0xee,0xeb,0xeb,0xff,0xee,0xeb,0xeb,0xff,0xed,0xea,0xea,0xff,
    0xeb,0xe8,0xe8,0xff,0xe9,0xe6,0xe6,0xff,0xe8,0xe5,0xe5,0xff,0xe5,0xe2,0xe2,0xff,0xe3,0xe0,0xe0,0xff,0xe0,0xdd,0xdd,0xff,
    0xdd,0xda,0xda,0xff,0xd9,0xd6,0xd6,0xff,0xd5,0xd2,0xd2,0xff,0xd1,0xce,0xce,0xff,0xcd,0xca,0xca,0xff,0xc9,0xc6,0xc6,0xff,
    0xc5,0xc2,0xc2,0xff,0xc0,0xbd,0xbd,0xff,0xbb,0xb8,0xb8,0xff,0xb9,0xb7,0xb7,0xff,0xb0,0xad,0xad,0xfe,0x9d,0x97,0x97,0xfb,
    0xa2,0x9c,0x9c,0xff,0x99,0x96,0x96,0x44,0x00,0x00,0x00,0x00,0xaa,0xaa,0xaa,0x03,0x00,0x00,0x00,0x00,0x00,0x00,0x00,0x00,
    0x00,0x00,0x00,0x00,0x00,0x00,0x00,0x00,0x00,0x00,0x00,0x00,0x00,0x00,0x00,0x00,0x00,0x00,0x00,0x00,0x00,0x00,0x00,0x00,
    0x00,0x00,0x00,0x00,0x00,0x00,0x00,0x00,0x00,0x00,0x00,0x00,0x00,0x00,0x00,0x00,0x00,0x00,0x00,0x00,0x00,0x00,0x00,0x00,
    0x00,0x00,0x00,0x00,0x00,0x00,0x00,0x00,0x00,0x00,0x00,0x00,0x00,0x00,0x00,0x00,0x00,0x00,0x00,0x00,0x00,0x00,0x00,0x00,
    0x00,0x00,0x00,0x00,0x00,0x00,0x00,0x00,0x00,0x00,0x00,0x00,0x00,0x00,0x00,0x00,0x00,0x00,0x00,0x00,0x00,0x00,0x00,0x00,
    0x00,0x00,0x00,0x00,0x00,0x00,0x00,0x00,0x00,0x00,0x00,0x00,0x00,0x00,0x00,0x00,0x00,0x00,0x00,0x00,0xff,0xff,0xff,0x01,
    0xaa,0xaa,0xaa,0x03,0x99,0x99,0x99,0x05,0x9d,0x97,0x97,0xc6,0xa2,0x9c,0x9c,0xff,0xa6,0xa1,0xa1,0xfc,0xb9,0xb7,0xb7,0xff,
    0xba,0xb7,0xb7,0xff,0xbf,0xbc,0xbc,0xff,0xc4,0xc1,0xc1,0xff,0xc8,0xc5,0xc5,0xff,0xcd,0xca,0xca,0xff,0xd1,0xce,0xce,0xff,
    0xd6,0xd3,0xd3,0xff,0xda,0xd7,0xd7,0xff,0xde,0xdb,0xdb,0xff,0xe1,0xde,0xde,0xff,0xe4,0xe1,0xe1,0xff,0xe7,0xe4,0xe4,0xff,
    0xe9,0xe6,0xe6,0xff,0xec,0xe9,0xe9,0xff,0xed,0xea,0xea,0xff,0xef,0xec,0xec,0xff,0xf0,0xed,0xed,0xff,0xf1,0xee,0xee,0xff,
    0xf2,0xef,0xef,0xff,0xf3,0xf0,0xf0,0xff,0xf3,0xf0,0xf0,0xff,0xf3,0xf0,0xf0,0xff,0xf3,0xf0,0xf0,0xff,0xf3,0xf0,0xf0,0xff,
    0xf3,0xf0,0xf0,0xff,0xf2,0xef,0xef,0xff,0xf2,0xef,0xef,0xff,0xf0,0xed,0xed,0xff,0xef,0xec,0xec,0xff,0xee,0xeb,0xeb,0xff,
    0xec,0xe9,0xe9,0xff,0xea,0xe7,0xe7,0xff,0xe8,0xe5,0xe5,0xff,0xe5,0xe2,0xe2,0xff,0xe2,0xdf,0xdf,0xff,0xdf,0xdc,0xdc,0xff,
    0xdb,0xd8,0xd8,0xff,0xd7,0xd4,0xd4,0xff,0xd3,0xd0,0xd0,0xff,0xce,0xcb,0xcb,0xff,0xc9,0xc6,0xc6,0xff,0xc5,0xc2,0xc2,0xff,
    0xc1,0xbe,0xbe,0xff,0xbb,0xb8,0xb8,0xff,0xba,0xb8,0xb8,0xff,0xac,0xa8,0xa8,0xfe,0x9d,0x97,0x97,0xfe,0xa0,0x9a,0x9a,0xec,
    0x99,0x99,0x99,0x23,0xff,0xff,0xff,0x01,0x7f,0x7f,0x7f,0x02,0x00,0x00,0x00,0x00,0x00,0x00,0x00,0x00,0x00,0x00,0x00,0x00,
    0x00,0x00,0x00,0x00,0x00,0x00,0x00,0x00,0x00,0x00,0x00,0x00,0x00,0x00,0x00,0x00,0x00,0x00,0x00,0x00,0x00,0x00,0x00,0x00,
    0x00,0x00,0x00,0x00,0x00,0x00,0x00,0x00,0x00,0x00,0x00,0x00,0x00,0x00,0x00,0x00,0x00,0x00,0x00,0x00,0x00,0x00,0x00,0x00,
    0x00,0x00,0x00,0x00,0x00,0x00,0x00,0x00,0x00,0x00,0x00,0x00,0x00,0x00,0x00,0x00,0x00,0x00,0x00,0x00,0x00,0x00,0x00,0x00,
    0x00,0x00,0x00,0x00,0x00,0x00,0x00,0x00,0x00,0x00,0x00,0x00,0x00,0x00,0x00,0x00,0x00,0x00,0x00,0x00,0x00,0x00,0x00,0x00,
    0x00,0x00,0x00,0x00,0x00,0x00,0x00,0x00,0x00,0x00,0x00,0x00,0x7f,0x7f,0x7f,0x04,0x00,0x00,0x00,0x00,0x99,0x95,0x95,0x80,
    0xa8,0xa1,0xa1,0xff,0xa0,0x9b,0x9b,0xfb,0xb7,0xb4,0xb4,0xff,0xba,0xb7,0xb7,0xff,0xbf,0xbc,0xbc,0xff,0xc4,0xc1,0xc1,0xff,
    0xc8,0xc5,0xc5,0xff,0xcd,0xca,0xca,0xff,0xd2,0xcf,0xcf,0xff,0xd7,0xd4,0xd4,0xff,0xdb,0xd8,0xd8,0xff,0xdf,0xdc,0xdc,0xff,
    0xe2,0xdf,0xdf,0xff,0xe6,0xe3,0xe3,0xff,0xe9,0xe6,0xe6,0xff,0xeb,0xe8,0xe8,0xff,0xee,0xeb,0xeb,0xff,0xf0,0xed,0xed,0xff,
    0xf1,0xee,0xee,0xff,0xf3,0xf0,0xf0,0xff,0xf4,0xf1,0xf1,0xff,0xf5,0xf2,0xf2,0xff,0xf5,0xf2,0xf2,0xff,0xf6,0xf3,0xf3,0xff,
    0xf6,0xf3,0xf3,0xff,0xf6,0xf3,0xf3,0xff,0xf6,0xf3,0xf3,0xff,0xf6,0xf3,0xf3,0xff,0xf6,0xf3,0xf3,0xff,0xf5,0xf2,0xf2,0xff,
    0xf5,0xf2,0xf2,0xff,0xf4,0xf1,0xf1,0xff,0xf3,0xf0,0xf0,0xff,0xf2,0xef,0xef,0xff,0xf0,0xed,0xed,0xff,0xee,0xeb,0xeb,0xff,
    0xec,0xe9,0xe9,0xff,0xe9,0xe6,0xe6,0xff,0xe7,0xe4,0xe4,0xff,0xe3,0xe0,0xe0,0xff,0xe0,0xdd,0xdd,0xff,0xdc,0xd9,0xd9,0xff,
    0xd8,0xd5,0xd5,0xff,0xd3,0xd0,0xd0,0xff,0xce,0xcb,0xcb,0xff,0xc9,0xc6,0xc6,0xff,0xc5,0xc2,0xc2,0xff,0xc1,0xbe,0xbe,0xff,
    0xbb,0xb8,0xb8,0xff,0xba,0xb7,0xb7,0xff,0xa5,0xa0,0xa0,0xfc,0xa4,0x9e,0x9e,0xff,0x9b,0x96,0x96,0xbc,0x00,0x00,0x00,0x00,
    0xaa,0xaa,0xaa,0x03,0x00,0x00,0x00,0x00,0x00,0x00,0x00,0x00,0x00,0x00,0x00,0x00,0x00,0x00,0x00,0x00,0x00,0x00,0x00,0x00,
    0x00,0x00,0x00,0x00,0x00,0x00,0x00,0x00,0x00,0x00,0x00,0x00,0x00,0x00,0x00,0x00,0x00,0x00,0x00,0x00,0x00,0x00,0x00,0x00,
    0x00,0x00,0x00,0x00,0x00,0x00,0x00,0x00,0x00,0x00,0x00,0x00,0x00,0x00,0x00,0x00,0x00,0x00,0x00,0x00,0x00,0x00,0x00,0x00,
    0x00,0x00,0x00,0x00,0x00,0x00,0x00,0x00,0x00,0x00,0x00,0x00,0x00,0x00,0x00,0x00,0x00,0x00,0x00,0x00,0x00,0x00,0x00,0x00,
    0x00,0x00,0x00,0x00,0x00,0x00,0x00,0x00,0x00,0x00,0x00,0x00,0x00,0x00,0x00,0x00,0x00,0x00,0x00,0x00,0x00,0x00,0x00,0x00,
    0xaa,0xaa,0xaa,0x03,0x00,0x00,0x00,0x00,0x9c,0x96,0x96,0x31,0xa1,0x9b,0x9b,0xfa,0x9d,0x97,0x97,0xfc,0xb3,0xb0,0xb0,0xfe,
    0xbb,0xb8,0xb8,0xff,0xbe,0xbb,0xbb,0xff,0xc4,0xc1,0xc1,0xff,0xc8,0xc5,0xc5,0xff,0xcd,0xca,0xca,0xff,0xd3,0xd0,0xd0,0xff,
    0xd8,0xd5,0xd5,0xff,0xdc,0xd9,0xd9,0xff,0xe0,0xdd,0xdd,0xff,0xe4,0xe1,0xe1,0xff,0xe8,0xe5,0xe5,0xff,0xeb,0xe8,0xe8,0xff,
    0xed,0xea,0xea,0xff,0xf0,0xed,0xed,0xff,0xf2,0xef,0xef,0xff,0xf4,0xf1,0xf1,0xff,0xf5,0xf2,0xf2,0xff,0xf6,0xf3,0xf3,0xff,
    0xf7,0xf4,0xf4,0xff,0xf8,0xf5,0xf5,0xff,0xf8,0xf5,0xf5,0xff,0xf9,0xf6,0xf6,0xff,0xf9,0xf6,0xf6,0xff,0xf9,0xf6,0xf6,0xff,
    0xf9,0xf6,0xf6,0xff,0xf9,0xf6,0xf6,0xff,0xf9,0xf6,0xf6,0xff,0xf8,0xf5,0xf5,0xff,0xf8,0xf5,0xf5,0xff,0xf7,0xf4,0xf4,0xff,
    0xf6,0xf3,0xf3,0xff,0xf5,0xf2,0xf2,0xff,0xf4,0xf1,0xf1,0xff,0xf2,0xef,0xef,0xff,0xf0,0xed,0xed,0xff,0xee,0xeb,0xeb,0xff,
    0xec,0xe9,0xe9,0xff,0xe9,0xe6,0xe6,0xff,0xe5,0xe2,0xe2,0xff,0xe1,0xde,0xde,0xff,0xdd,0xda,0xda,0xff,0xd8,0xd5,0xd5,0xff,
    0xd4,0xd1,0xd1,0xff,0xcf,0xcc,0xcc,0xff,0xca,0xc7,0xc7,0xff,0xc4,0xc1,0xc1,0xff,0xc0,0xbd,0xbd,0xff,0xbb,0xb8,0xb8,0xff,
    0xb8,0xb5,0xb5,0xff,0xa0,0x9b,0x9b,0xfb,0xa6,0xa0,0xa0,0xff,0x98,0x93,0x93,0x6b,0x00,0x00,0x00,0x00,0xaa,0xaa,0xaa,0x03,
    0x00,0x00,0x00,0x00,0x00,0x00,0x00,0x00,0x00,0x00,0x00,0x00,0x00,0x00,0x00,0x00,0x00,0x00,0x00,0x00,0x00,0x00,0x00,0x00,
    0x00,0x00,0x00,0x00,0x00,0x00,0x00,0x00,0x00,0x00,0x00,0x00,0x00,0x00,0x00,0x00,0x00,0x00,0x00,0x00,0x00,0x00,0x00,0x00,
    0x00,0x00,0x00,0x00,0x00,0x00,0x00,0x00,0x00,0x00,0x00,0x00,0x00,0x00,0x00,0x00,0x00,0x00,0x00,0x00,0x00,0x00,0x00,0x00,
    0x00,0x00,0x00,0x00,0x00,0x00,0x00,0x00,0x00,0x00,0x00,0x00,0x00,0x00,0x00,0x00,0x00,0x00,0x00,0x00,0x00,0x00,0x00,0x00,
    0x00,0x00,0x00,0x00,0x00,0x00,0x00,0x00,0x00,0x00,0x00,0x00,0xff,0xff,0xff,0x01,0xaa,0xaa,0xaa,0x03,0x99,0x99,0x99,0x05,
    0x9d,0x97,0x97,0xce,0xa1,0x9b,0x9b,0xff,0xab,0xa7,0xa7,0xfc,0xbc,0xb9,0xb9,0xff,0xbd,0xba,0xba,0xff,0xc2,0xbf,0xbf,0xff,
    0xc8,0xc5,0xc5,0xff,0xcd,0xca,0xca,0xff,0xd3,0xd0,0xd0,0xff,0xd7,0xd4,0xd4,0xff,0xdc,0xd9,0xd9,0xff,0xe1,0xde,0xde,0xff,
    0xe5,0xe2,0xe2,0xff,0xe8,0xe5,0xe5,0xff,0xec,0xe9,0xe9,0xff,0xef,0xec,0xec,0xff,0xf1,0xee,0xee,0xff,0xf3,0xf0,0xf0,0xff,
    0xf5,0xf2,0xf2,0xff,0xf7,0xf4,0xf4,0xff,0xf8,0xf5,0xf5,0xff,0xf9,0xf6,0xf6,0xff,0xfa,0xf7,0xf7,0xff,0xfa,0xf7,0xf7,0xff,
    0xfa,0xf7,0xf7,0xff,0xfb,0xf8,0xf8,0xff,0xfb,0xf8,0xf8,0xff,0xfb,0xf8,0xf8,0xff,0xfb,0xf8,0xf8,0xff,0xfb,0xf8,0xf8,0xff,
    0xfb,0xf8,0xf8,0xff,0xfb,0xf8,0xf8,0xff,0xfa,0xf7,0xf7,0xff,0xfa,0xf7,0xf7,0xff,0xf9,0xf6,0xf6,0xff,0xf8,0xf5,0xf5,0xff,
    0xf7,0xf4,0xf4,0xff,0xf6,0xf3,0xf3,0xff,0xf4,0xf1,0xf1,0xff,0xf2,0xef,0xef,0xff,0xf0,0xed,0xed,0xff,0xed,0xea,0xea,0xff,
    0xea,0xe7,0xe7,0xff,0xe6,0xe3,0xe3,0xff,0xe2,0xdf,0xdf,0xff,0xdd,0xda,0xda,0xff,0xd9,0xd6,0xd6,0xff,0xd4,0xd1,0xd1,0xff,
    0xcf,0xcc,0xcc,0xff,0xc9,0xc6,0xc6,0xff,0xc3,0xc0,0xc0,0xff,0xbe,0xbb,0xbb,0xff,0xbc,0xb9,0xb9,0xff,0xb1,0xae,0xae,0xfe,
    0x9e,0x98,0x98,0xfd,0xa1,0x9a,0x9a,0xf2,0x99,0x99,0x99,0x23,0x00,0x00,0x00,0x00,0x7f,0x7f,0x7f,0x02,0x00,0x00,0x00,0x00,
    0x00,0x00,0x00,0x00,0x00,0x00,0x00,0x00,0x00,0x00,0x00,0x00,0x00,0x00,0x00,0x00,0x00,0x00,0x00,0x00,0x00,0x00,0x00,0x00,
    0x00,0x00,0x00,0x00,0x00,0x00,0x00,0x00,0x00,0x00,0x00,0x00,0x00,0x00,0x00,0x00,0x00,0x00,0x00,0x00,0x00,0x00,0x00,0x00,
    0x00,0x00,0x00,0x00,0x00,0x00,0x00,0x00,0x00,0x00,0x00,0x00,0x00,0x00,0x00,0x00,0x00,0x00,0x00,0x00,0x00,0x00,0x00,0x00,
    0x00,0x00,0x00,0x00,0x00,0x00,0x00,0x00,0x00,0x00,0x00,0x00,0x00,0x00,0x00,0x00,0x00,0x00,0x00,0x00,0x00,0x00,0x00,0x00,
    0x00,0x00,0x00,0x00,0xaa,0xaa,0xaa,0x03,0x00,0x00,0x00,0x00,0x99,0x95,0x95,0x80,0xa6,0xa0,0xa0,0xff,0xa2,0x9d,0x9d,0xfb,
    0xba,0xb7,0xb7,0xff,0xbc,0xb9,0xb9,0xff,0xc1,0xbe,0xbe,0xff,0xc7,0xc4,0xc4,0xff,0xcc,0xc9,0xc9,0xff,0xd2,0xcf,0xcf,0xff,
    0xd7,0xd4,0xd4,0xff,0xdd,0xda,0xda,0xff,0xe1,0xde,0xde,0xff,0xe5,0xe2,0xe2,0xff,0xe9,0xe6,0xe6,0xff,0xed,0xea,0xea,0xff,
    0xf0,0xed,0xed,0xff,0xf2,0xef,0xef,0xff,0xf5,0xf2,0xf2,0xff,0xf6,0xf3,0xf3,0xff,0xf8,0xf5,0xf5,0xff,0xf9,0xf6,0xf6,0xff,
    0xfa,0xf7,0xf7,0xff,0xfb,0xf8,0xf8,0xff,0xfc,0xf9,0xf9,0xff,0xfc,0xf9,0xf9,0xff,0xfc,0xf9,0xf9,0xff,0xfd,0xfa,0xfa,0xff,
    0xfd,0xfa,0xfa,0xff,0xfd,0xfa,0xfa,0xff,0xfd,0xfa,0xfa,0xff,0xfd,0xfa,0xfa,0xff,0xfd,0xfa,0xfa,0xff,0xfc,0xf9,0xf9,0xff,
    0xfc,0xf9,0xf9,0xff,0xfc,0xf9,0xf9,0xff,0xfb,0xf8,0xf8,0xff,0xfa,0xf7,0xf7,0xff,0xf9,0xf6,0xf6,0xff,0xf8,0xf5,0xf5,0xff,
    0xf7,0xf4,0xf4,0xff,0xf5,0xf2,0xf2,0xff,0xf3,0xf0,0xf0,0xff,0xf1,0xee,0xee,0xff,0xee,0xeb,0xeb,0xff,0xea,0xe7,0xe7,0xff,
    0xe6,0xe3,0xe3,0xff,0xe3,0xe0,0xe0,0xff,0xde,0xdb,0xdb,0xff,0xd9,0xd6,0xd6,0xff,0xd3,0xd0,0xd0,0xff,0xce,0xcb,0xcb,0xff,
    0xc8,0xc5,0xc5,0xff,0xc3,0xc0,0xc0,0xff,0xbd,0xba,0xba,0xff,0xbb,0xb9,0xb9,0xff,0xa8,0xa3,0xa3,0xfc,0xa3,0x9d,0x9d,0xff,
    0x9b,0x96,0x96,0xbc,0xaa,0xaa,0xaa,0x03,0xaa,0xaa,0xaa,0x03,0x00,0x00,0x00,0x00,0x00,0x00,0x00,0x00,0x00,0x00,0x00,0x00,
    0x00,0x00,0x00,0x00,0x00,0x00,0x00,0x00,0x00,0x00,0x00,0x00,0x00,0x00,0x00,0x00,0x00,0x00,0x00,0x00,0x00,0x00,0x00,0x00,
    0x00,0x00,0x00,0x00,0x00,0x00,0x00,0x00,0x00,0x00,0x00,0x00,0x00,0x00,0x00,0x00,0x00,0x00,0x00,0x00,0x00,0x00,0x00,0x00,
    0x00,0x00,0x00,0x00,0x00,0x00,0x00,0x00,0x00,0x00,0x00,0x00,0x00,0x00,0x00,0x00,0x00,0x00,0x00,0x00,0x00,0x00,0x00,0x00,
    0x00,0x00,0x00,0x00,0x00,0x00,0x00,0x00,0x00,0x00,0x00,0x00,0x00,0x00,0x00,0x00,0xff,0xff,0xff,0x02,0x00,0x00,0x00,0x00,
    0x9e,0x97,0x97,0x25,0xa1,0x9a,0x9a,0xfa,0x9d,0x97,0x97,0xfc,0xb3,0xb0,0xb0,0xfe,0xbc,0xb9,0xb9,0xff,0xc0,0xbd,0xbd,0xff,
    0xc6,0xc3,0xc3,0xff,0xcc,0xc9,0xc9,0xff,0xd1,0xce,0xce,0xff,0xd7,0xd4,0xd4,0xff,0xdc,0xd9,0xd9,0xff,0xe2,0xdf,0xdf,0xff,
    0xe6,0xe3,0xe3,0xff,0xea,0xe7,0xe7,0xff,0xee,0xeb,0xeb,0xff,0xf1,0xee,0xee,0xff,0xf4,0xf1,0xf1,0xff,0xf6,0xf3,0xf3,0xff,
    0xf8,0xf5,0xf5,0xff,0xf9,0xf6,0xf6,0xff,0xfa,0xf7,0xf7,0xff,0xfb,0xf8,0xf8,0xff,0xfc,0xf9,0xf9,0xff,0xfd,0xfa,0xfa,0xff,
    0xfd,0xfa,0xfa,0xff,0xfd,0xfa,0xfa,0xff,0xfd,0xfa,0xfa,0xff,0xfd,0xfa,0xfa,0xff,0xfd,0xfa,0xfa,0xff,0xfd,0xfa,0xfa,0xff,
    0xfd,0xfa,0xfa,0xff,0xfd,0xfa,0xfa,0xff,0xfd,0xfa,0xfa,0xff,0xfd,0xfa,0xfa,0xff,0xfd,0xfa,0xfa,0xff,0xfd,0xfa,0xfa,0xff,
    0xfd,0xfa,0xfa,0xff,0xfc,0xf9,0xf9,0xff,0xfb,0xf8,0xf8,0xff,0xfa,0xf7,0xf7,0xff,0xf9,0xf6,0xf6,0xff,0xf8,0xf5,0xf5,0xff,
    0xf6,0xf3,0xf3,0xff,0xf4,0xf1,0xf1,0xff,0xf2,0xef,0xef,0xff,0xef,0xec,0xec,0xff,0xeb,0xe8,0xe8,0xff,0xe7,0xe4,0xe4,0xff,
    0xe2,0xdf,0xdf,0xff,0xde,0xdb,0xdb,0xff,0xd8,0xd5,0xd5,0xff,0xd3,0xd0,0xd0,0xff,0xcd,0xca,0xca,0xff,0xc8,0xc5,0xc5,0xff,
    0xc2,0xbf,0xbf,0xff,0xbc,0xb9,0xb9,0xff,0xb9,0xb6,0xb6,0xff,0x9f,0x99,0x99,0xfb,0xa7,0xa1,0xa1,0xff,0x9a,0x95,0x95,0x5e,
    0x00,0x00,0x00,0x00,0xaa,0xaa,0xaa,0x03,0x00,0x00,0x00,0x00,0x00,0x00,0x00,0x00,0x00,0x00,0x00,0x00,0x00,0x00,0x00,0x00,
    0x00,0x00,0x00,0x00,0x00,0x00,0x00,0x00,0x00,0x00,0x00,0x00,0x00,0x00,0x00,0x00,0x00,0x00,0x00,0x00,0x00,0x00,0x00,0x00,
    0x00,0x00,0x00,0x00,0x00,0x00,0x00,0x00,0x00,0x00,0x00,0x00,0x00,0x00,0x00,0x00,0x00,0x00,0x00,0x00,0x00,0x00,0x00,0x00,
    0x00,0x00,0x00,0x00,0x00,0x00,0x00,0x00,0x00,0x00,0x00,0x00,0x00,0x00,0x00,0x00,0x00,0x00,0x00,0x00,0x00,0x00,0x00,0x00,
    0x00,0x00,0x00,0x00,0x00,0x00,0x00,0x00,0xaa,0xaa,0xaa,0x03,0x00,0x00,0x00,0x00,0x9c,0x96,0x96,0xaa,0xa3,0x9d,0x9d,0xff,
    0xa8,0xa3,0xa3,0xfc,0xbc,0xb9,0xb9,0xff,0xbe,0xbb,0xbb,0xff,0xc5,0xc2,0xc2,0xff,0xcb,0xc8,0xc8,0xff,0xd0,0xcd,0xcd,0xff,
    0xd6,0xd3,0xd3,0xff,0xdb,0xd8,0xd8,0xff,0xe1,0xde,0xde,0xff,0xe6,0xe3,0xe3,0xff,0xeb,0xe8,0xe8,0xff,0xee,0xeb,0xeb,0xff,
    0xf2,0xef,0xef,0xff,0xf4,0xf1,0xf1,0xff,0xf7,0xf4,0xf4,0xff,0xf8,0xf5,0xf5,0xff,0xfa,0xf7,0xf7,0xff,0xfb,0xf8,0xf8,0xff,
    0xfc,0xf9,0xf9,0xff,0xfd,0xfa,0xfa,0xff,0xfd,0xfa,0xfa,0xff,0xfd,0xfa,0xfa,0xff,0xfe,0xfb,0xfb,0xff,0xfe,0xfb,0xfb,0xff,
    0xfe,0xfb,0xfb,0xff,0xfe,0xfb,0xfb,0xff,0xfe,0xfb,0xfb,0xff,0xfe,0xfb,0xfb,0xff,0xfe,0xfb,0xfb,0xff,0xfe,0xfb,0xfb,0xff,
    0xfe,0xfb,0xfb,0xff,0xfe,0xfb,0xfb,0xff,0xfe,0xfb,0xfb,0xff,0xfe,0xfb,0xfb,0xff,0xfd,0xfa,0xfa,0xff,0xfd,0xfa,0xfa,0xff,
    0xfd,0xfa,0xfa,0xff,0xfc,0xf9,0xf9,0xff,0xfc,0xf9,0xf9,0xff,0xfa,0xf7,0xf7,0xff,0xf9,0xf6,0xf6,0xff,0xf7,0xf4,0xf4,0xff,
    0xf5,0xf2,0xf2,0xff,0xf2,0xef,0xef,0xff,0xef,0xec,0xec,0xff,0xeb,0xe8,0xe8,0xff,0xe7,0xe4,0xe4,0xff,0xe2,0xdf,0xdf,0xff,
    0xdd,0xda,0xda,0xff,0xd7,0xd4,0xd4,0xff,0xd2,0xcf,0xcf,0xff,0xcb,0xc8,0xc8,0xff,0xc6,0xc3,0xc3,0xff,0xc0,0xbd,0xbd,0xff,
    0xbd,0xba,0xba,0xff,0xaf,0xab,0xab,0xfd,0xa0,0x9a,0x9a,0xfd,0x9d,0x97,0x97,0xdc,0x99,0x99,0x99,0x0f,0x7f,0x7f,0x7f,0x02,
    0xff,0xff,0xff,0x01,0x00,0x00,0x00,0x00,0x00,0x00,0x00,0x00,0x00,0x00,0x00,0x00,0x00,0x00,0x00,0x00,0x00,0x00,0x00,0x00,
    0x00,0x00,0x00,0x00,0x00,0x00,0x00,0x00,0x00,0x00,0x00,0x00,0x00,0x00,0x00,0x00,0x00,0x00,0x00,0x00,0x00,0x00,0x00,0x00,
    0x00,0x00,0x00,0x00,0x00,0x00,0x00,0x00,0x00,0x00,0x00,0x00,0x00,0x00,0x00,0x00,0x00,0x00,0x00,0x00,0x00,0x00,0x00,0x00,
    0x00,0x00,0x00,0x00,0x00,0x00,0x00,0x00,0x00,0x00,0x00,0x00,0x00,0x00,0x00,0x00,0x00,0x00,0x00,0x00,0xaa,0xaa,0xaa,0x03,
    0x00,0x00,0x00,0x00,0x9b,0x97,0x97,0x40,0xa4,0x9e,0x9e,0xff,0x9e,0x99,0x99,0xfc,0xb8,0xb5,0xb5,0xff,0xbe,0xbb,0xbb,0xff,
    0xc2,0xbf,0xbf,0xff,0xc8,0xc5,0xc5,0xff,0xcf,0xcc,0xcc,0xff,0xd5,0xd2,0xd2,0xff,0xda,0xd7,0xd7,0xff,0xe0,0xdd,0xdd,0xff,
    0xe6,0xe3,0xe3,0xff,0xea,0xe7,0xe7,0xff,0xee,0xeb,0xeb,0xff,0xf2,0xef,0xef,0xff,0xf5,0xf2,0xf2,0xff,0xf7,0xf4,0xf4,0xff,
    0xf9,0xf6,0xf6,0xff,0xfb,0xf8,0xf8,0xff,0xfc,0xf9,0xf9,0xff,0xfd,0xfa,0xfa,0xff,0xfd,0xfa,0xfa,0xff,0xfe,0xfb,0xfb,0xff,
    0xfe,0xfb,0xfb,0xff,0xfe,0xfb,0xfb,0xff,0xfe,0xfb,0xfb,0xff,0xfe,0xfb,0xfb,0xff,0xfe,0xfb,0xfb,0xff,0xfe,0xfb,0xfb,0xff,
    0xfe,0xfb,0xfb,0xff,0xfe,0xfb,0xfb,0xff,0xfe,0xfb,0xfb,0xff,0xfe,0xfb,0xfb,0xff,0xfe,0xfb,0xfb,0xff,0xfe,0xfb,0xfb,0xff,
    0xfe,0xfb,0xfb,0xff,0xfe,0xfb,0xfb,0xff,0xfe,0xfb,0xfb,0xff,0xfe,0xfb,0xfb,0xff,0xfe,0xfb,0xfb,0xff,0xfd,0xfa,0xfa,0xff,
    0xfd,0xfa,0xfa,0xff,0xfc,0xf9,0xf9,0xff,0xfb,0xf8,0xf8,0xff,0xfa,0xf7,0xf7,0xff,0xf8,0xf5,0xf5,0xff,0xf6,0xf3,0xf3,0xff,
    0xf3,0xf0,0xf0,0xff,0xef,0xec,0xec,0xff,0xeb,0xe8,0xe8,0xff,0xe7,0xe4,0xe4,0xff,0xe2,0xdf,0xdf,0xff,0xdc,0xd9,0xd9,0xff,
    0xd6,0xd3,0xd3,0xff,0xd0,0xcd,0xcd,0xff,0xca,0xc7,0xc7,0xff,0xc4,0xc1,0xc1,0xff,0xbe,0xbb,0xbb,0xff,0xbc,0xb9,0xb9,0xff,
    0xa4,0x9f,0x9f,0xfb,0xa8,0xa1,0xa1,0xff,0x9b,0x95,0x95,0x80,0x00,0x00,0x00,0x00,0x7f,0x7f,0x7f,0x04,0x00,0x00,0x00,0x00,
    0x00,0x00,0x00,0x00,0x00,0x00,0x00,0x00,0x00,0x00,0x00,0x00,0x00,0x00,0x00,0x00,0x00,0x00,0x00,0x00,0x00,0x00,0x00,0x00,
    0x00,0x00,0x00,0x00,0x00,0x00,0x00,0x00,0x00,0x00,0x00,0x00,0x00,0x00,0x00,0x00,0x00,0x00,0x00,0x00,0x00,0x00,0x00,0x00,
    0x00,0x00,0x00,0x00,0x00,0x00,0x00,0x00,0x00,0x00,0x00,0x00,0x00,0x00,0x00,0x00,0x00,0x00,0x00,0x00,0x00,0x00,0x00,0x00,
    0x00,0x00,0x00,0x00,0x00,0x00,0x00,0x00,0x00,0x00,0x00,0x00,0xaa,0xaa,0xaa,0x03,0xaa,0xaa,0xaa,0x03,0x9b,0x96,0x96,0xc1,
    0xa2,0x9b,0x9b,0xfe,0xae,0xaa,0xaa,0xfc,0xbe,0xbb,0xbb,0xff,0xc0,0xbd,0xbd,0xff,0xc7,0xc4,0xc4,0xff,0xcd,0xca,0xca,0xff,
    0xd4,0xd1,0xd1,0xff,0xd9,0xd6,0xd6,0xff,0xdf,0xdc,0xdc,0xff,0xe5,0xe2,0xe2,0xff,0xea,0xe7,0xe7,0xff,0xee,0xeb,0xeb,0xff,
    0xf2,0xef,0xef,0xff,0xf5,0xf2,0xf2,0xff,0xf7,0xf4,0xf4,0xff,0xfa,0xf7,0xf7,0xff,0xfb,0xf8,0xf8,0xff,0xfc,0xf9,0xf9,0xff,
    0xfd,0xfa,0xfa,0xff,0xfe,0xfb,0xfb,0xff,0xfe,0xfb,0xfb,0xff,0xfe,0xfb,0xfb,0xff,0xfe,0xfb,0xfb,0xff,0xfe,0xfb,0xfb,0xff,
    0xfe,0xfb,0xfb,0xff,0xfe,0xfc,0xfc,0xff,0xff,0xfc,0xfc,0xff,0xff,0xfc,0xfc,0xff,0xff,0xfc,0xfc,0xff,0xff,0xfc,0xfc,0xff,
    0xff,0xfc,0xfc,0xff,0xff,0xfc,0xfc,0xff,0xff,0xfc,0xfc,0xff,0xff,0xfc,0xfc,0xff,0xff,0xfc,0xfc,0xff,0xfe,0xfb,0xfb,0xff,
    0xfe,0xfb,0xfb,0xff,0xfe,0xfb,0xfb,0xff,0xfe,0xfb,0xfb,0xff,0xfe,0xfb,0xfb,0xff,0xfe,0xfb,0xfb,0xff,0xfd,0xfa,0xfa,0xff,
    0xfc,0xf9,0xf9,0xff,0xfc,0xf9,0xf9,0xff,0xfa,0xf7,0xf7,0xff,0xf8,0xf5,0xf5,0xff,0xf6,0xf3,0xf3,0xff,0xf3,0xf0,0xf0,0xff,
    0xef,0xec,0xec,0xff,0xeb,0xe8,0xe8,0xff,0xe6,0xe3,0xe3,0xff,0xe1,0xde,0xde,0xff,0xdb,0xd8,0xd8,0xff,0xd5,0xd2,0xd2,0xff,
    0xcf,0xcc,0xcc,0xff,0xc8,0xc5,0xc5,0xff,0xc2,0xbf,0xbf,0xff,0xbe,0xbb,0xbb,0xff,0xb4,0xb1,0xb1,0xfe,0x9f,0x99,0x99,0xfd,
    0x9e,0x99,0x99,0xeb,0x94,0x94,0x94,0x18,0xff,0xff,0xff,0x01,0x7f,0x7f,0x7f,0x02,0x00,0x00,0x00,0x00,0x00,0x00,0x00,0x00,
    0x00,0x00,0x00,0x00,0x00,0x00,0x00,0x00,0x00,0x00,0x00,0x00,0x00,0x00,0x00,0x00,0x00,0x00,0x00,0x00,0x00,0x00,0x00,0x00,
    0x00,0x00,0x00,0x00,0x00,0x00,0x00,0x00,0x00,0x00,0x00,0x00,0x00,0x00,0x00,0x00,0x00,0x00,0x00,0x00,0x00,0x00,0x00,0x00,
    0x00,0x00,0x00,0x00,0x00,0x00,0x00,0x00,0x00,0x00,0x00,0x00,0x00,0x00,0x00,0x00,0x00,0x00,0x00,0x00,0x00,0x00,0x00,0x00,
    0xaa,0xaa,0xaa,0x03,0x00,0x00,0x00,0x00,0x9d,0x97,0x97,0x5e,0xa6,0xa0,0xa0,0xff,0x9e,0x99,0x99,0xfc,0xba,0xb7,0xb7,0xff,
    0xbf,0xbc,0xbc,0xff,0xc5,0xc2,0xc2,0xff,0xcb,0xc8,0xc8,0xff,0xd2,0xcf,0xcf,0xff,0xd7,0xd4,0xd4,0xff,0xde,0xdb,0xdb,0xff,
    0xe4,0xe1,0xe1,0xff,0xe9,0xe6,0xe6,0xff,0xed,0xea,0xea,0xff,0xf2,0xef,0xef,0xff,0xf5,0xf2,0xf2,0xff,0xf7,0xf4,0xf4,0xff,
    0xfa,0xf7,0xf7,0xff,0xfc,0xf9,0xf9,0xff,0xfc,0xf9,0xf9,0xff,0xfe,0xfb,0xfb,0xff,0xfe,0xfb,0xfb,0xff,0xfe,0xfb,0xfb,0xff,
    0xfe,0xfb,0xfb,0xff,0xfe,0xfb,0xfb,0xff,0xff,0xfc,0xfc,0xff,0xff,0xfc,0xfc,0xff,0xff,0xfc,0xfc,0xff,0xff,0xfc,0xfc,0xff,
    0xff,0xfc,0xfc,0xff,0xff,0xfc,0xfc,0xff,0xff,0xfc,0xfc,0xff,0xff,0xfc,0xfc,0xff,0xff,0xfc,0xfc,0xff,0xff,0xfc,0xfc,0xff,
    0xff,0xfc,0xfc,0xff,0xff,0xfc,0xfc,0xff,0xff,0xfc,0xfc,0xff,0xff,0xfc,0xfc,0xff,0xff,0xfc,0xfc,0xff,0xff,0xfc,0xfc,0xff,
    0xfe,0xfb,0xfb,0xff,0xfe,0xfb,0xfb,0xff,0xfe,0xfb,0xfb,0xff,0xfe,0xfb,0xfb,0xff,0xfe,0xfb,0xfb,0xff,0xfd,0xfa,0xfa,0xff,
    0xfb,0xf8,0xf8,0xff,0xfa,0xf7,0xf7,0xff,0xf8,0xf5,0xf5,0xff,0xf5,0xf2,0xf2,0xff,0xf3,0xf0,0xf0,0xff,0xef,0xec,0xec,0xff,
    0xea,0xe7,0xe7,0xff,0xe5,0xe2,0xe2,0xff,0xdf,0xdc,0xdc,0xff,0xd9,0xd6,0xd6,0xff,0xd3,0xd0,0xd0,0xff,0xcd,0xca,0xca,0xff,
    0xc6,0xc3,0xc3,0xff,0xbf,0xbc,0xbc,0xff,0xbd,0xba,0xba,0xff,0xa4,0xa0,0xa0,0xfc,0xa5,0x9f,0x9f,0xff,0x9a,0x95,0x95,0xa0,
    0x00,0x00,0x00,0x00,0xaa,0xaa,0xaa,0x03,0x00,0x00,0x00,0x00,0x00,0x00,0x00,0x00,0x00,0x00,0x00,0x00,0x00,0x00,0x00,0x00,
    0x00,0x00,0x00,0x00,0x00,0x00,0x00,0x00,0x00,0x00,0x00,0x00,0x00,0x00,0x00,0x00,0x00,0x00,0x00,0x00,0x00,0x00,0x00,0x00,
    0x00,0x00,0x00,0x00,0x00,0x00,0x00,0x00,0x00,0x00,0x00,0x00,0x00,0x00,0x00,0x00,0x00,0x00,0x00,0x00,0x00,0x00,0x00,0x00,
    0x00,0x00,0x00,0x00,0x00,0x00,0x00,0x00,0x00,0x00,0x00,0x00,0x00,0x00,0x00,0x01,0xff,0xff,0xff,0x01,0x9f,0x9f,0x9f,0x08,
    0x9d,0x97,0x97,0xd8,0xa0,0x9a,0x9a,0xfe,0xae,0xab,0xab,0xfd,0xbe,0xbc,0xbc,0xff,0xc2,0xbf,0xbf,0xff,0xc9,0xc6,0xc6,0xff,
    0xd0,0xcd,0xcd,0xff,0xd6,0xd3,0xd3,0xff,0xdc,0xd9,0xd9,0xff,0xe3,0xe0,0xe0,0xff,0xe7,0xe4,0xe4,0xff,0xed,0xea,0xea,0xff,
    0xf2,0xef,0xef,0xff,0xf4,0xf1,0xf1,0xff,0xf8,0xf5,0xf5,0xff,0xfa,0xf7,0xf7,0xff,0xfc,0xf9,0xf9,0xff,0xfd,0xfa,0xfa,0xff,
    0xfe,0xfb,0xfb,0xff,0xfe,0xfb,0xfb,0xff,0xfe,0xfb,0xfb,0xff,0xfe,0xfb,0xfb,0xff,0xff,0xfc,0xfc,0xff,0xff,0xfc,0xfc,0xff,
    0xff,0xfc,0xfc,0xff,0xff,0xfc,0xfc,0xff,0xff,0xfc,0xfc,0xff,0xff,0xfc,0xfc,0xff,0xff,0xfc,0xfc,0xff,0xff,0xfd,0xfd,0xff,
    0xff,0xfd,0xfd,0xff,0xff,0xfd,0xfd,0xff,0xff,0xfd,0xfd,0xff,0xff,0xfd,0xfd,0xff,0xff,0xfd,0xfd,0xff,0xff,0xfc,0xfc,0xff,
    0xff,0xfc,0xfc,0xff,0xff,0xfc,0xfc,0xff,0xff,0xfc,0xfc,0xff,0xff,0xfc,0xfc,0xff,0xff,0xfc,0xfc,0xff,0xff,0xfc,0xfc,0xff,
    0xfe,0xfb,0xfb,0xff,0xfe,0xfb,0xfb,0xff,0xfe,0xfb,0xfb,0xff,0xfe,0xfb,0xfb,0xff,0xfd,0xfa,0xfa,0xff,0xfc,0xf9,0xf9,0xff,
    0xfb,0xf8,0xf8,0xff,0xf8,0xf5,0xf5,0xff,0xf5,0xf2,0xf2,0xff,0xf2,0xef,0xef,0xff,0xee,0xeb,0xeb,0xff,0xe9,0xe6,0xe6,0xff,
    0xe3,0xe0,0xe0,0xff,0xde,0xdb,0xdb,0xff,0xd7,0xd4,0xd4,0xff,0xd0,0xcd,0xcd,0xff,0xcb,0xc8,0xc8,0xff,0xc4,0xc1,0xc1,0xff,
    0xbf,0xbc,0xbc,0xff,0xb5,0xb2,0xb2,0xfe,0x9e,0x98,0x98,0xfd,0xa0,0x9a,0x9a,0xf8,0x99,0x99,0x99,0x28,0x00,0x00,0x00,0x01,
    0xff,0xff,0xff,0x02,0x00,0x00,0x00,0x00,0x00,0x00,0x00,0x00,0x00,0x00,0x00,0x00,0x00,0x00,0x00,0x00,0x00,0x00,0x00,0x00,
    0x00,0x00,0x00,0x00,0x00,0x00,0x00,0x00,0x00,0x00,0x00,0x00,0x00,0x00,0x00,0x00,0x00,0x00,0x00,0x00,0x00,0x00,0x00,0x00,
    0x00,0x00,0x00,0x00,0x00,0x00,0x00,0x00,0x00,0x00,0x00,0x00,0x00,0x00,0x00,0x00,0x00,0x00,0x00,0x00,0x00,0x00,0x00,0x00,
    0x00,0x00,0x00,0x00,0xbf,0xbf,0xbf,0x04,0x00,0x00,0x00,0x00,0x9d,0x97,0x97,0x59,0xa6,0x9f,0x9f,0xff,0x9f,0x9a,0x9a,0xfc,
    0xbc,0xb9,0xb9,0xff,0xc0,0xbd,0xbd,0xff,0xc7,0xc4,0xc4,0xff,0xcc,0xc9,0xc9,0xff,0xd4,0xd1,0xd1,0xff,0xda,0xd7,0xd7,0xff,
    0xe1,0xde,0xde,0xff,0xe6,0xe3,0xe3,0xff,0xec,0xe9,0xe9,0xff,0xf0,0xed,0xed,0xff,0xf4,0xf1,0xf1,0xff,0xf8,0xf5,0xf5,0xff,
    0xfa,0xf7,0xf7,0xff,0xfc,0xf9,0xf9,0xff,0xfd,0xfa,0xfa,0xff,0xfe,0xfb,0xfb,0xff,0xfe,0xfb,0xfb,0xff,0xfe,0xfb,0xfb,0xff,
    0xff,0xfc,0xfc,0xff,0xff,0xfc,0xfc,0xff,0xff,0xfc,0xfc,0xff,0xff,0xfc,0xfc,0xff,0xff,0xfc,0xfc,0xff,0xff,0xfd,0xfd,0xff,
    0xff,0xfd,0xfd,0xff,0xff,0xfd,0xfd,0xff,0xff,0xfd,0xfd,0xff,0xff,0xfd,0xfd,0xff,0xff,0xfd,0xfd,0xff,0xff,0xfd,0xfd,0xff,
    0xff,0xfd,0xfd,0xff,0xff,0xfd,0xfd,0xff,0xff,0xfd,0xfd,0xff,0xff,0xfd,0xfd,0xff,0xff,0xfd,0xfd,0xff,0xff,0xfd,0xfd,0xff,
    0xff,0xfd,0xfd,0xff,0xff,0xfc,0xfc,0xff,0xff,0xfc,0xfc,0xff,0xff,0xfc,0xfc,0xff,0xff,0xfc,0xfc,0xff,0xff,0xfc,0xfc,0xff,
    0xfe,0xfb,0xfb,0xff,0xfe,0xfb,0xfb,0xff,0xfe,0xfb,0xfb,0xff,0xfe,0xfb,0xfb,0xff,0xfc,0xf9,0xf9,0xff,0xfa,0xf7,0xf7,0xff,
    0xf8,0xf5,0xf5,0xff,0xf5,0xf2,0xf2,0xff,0xf1,0xee,0xee,0xff,0xed,0xea,0xea,0xff,0xe8,0xe5,0xe5,0xff,0xe2,0xdf,0xdf,0xff,
    0xdc,0xd9,0xd9,0xff,0xd5,0xd2,0xd2,0xff,0xce,0xcb,0xcb,0xff,0xc8,0xc5,0xc5,0xff,0xc1,0xbe,0xbe,0xff,0xbf,0xbc,0xbc,0xff,
    0xa7,0xa2,0xa2,0xfb,0xa5,0x9f,0x9f,0xff,0x9b,0x94,0x94,0x9c,0x00,0x00,0x00,0x00,0xaa,0xaa,0xaa,0x03,0x00,0x00,0x00,0x00,
    0x00,0x00,0x00,0x00,0x00,0x00,0x00,0x00,0x00,0x00,0x00,0x00,0x00,0x00,0x00,0x00,0x00,0x00,0x00,0x00,0x00,0x00,0x00,0x00,
    0x00,0x00,0x00,0x00,0x00,0x00,0x00,0x00,0x00,0x00,0x00,0x00,0x00,0x00,0x00,0x00,0x00,0x00,0x00,0x00,0x00,0x00,0x00,0x00,
    0x00,0x00,0x00,0x00,0x00,0x00,0x00,0x00,0x00,0x00,0x00,0x00,0x00,0x00,0x00,0x00,0x00,0x00,0x00,0x00,0x7f,0x7f,0x7f,0x02,
    0x00,0x00,0x00,0x00,0x9c,0x95,0x95,0xbf,0xa2,0x9c,0x9c,0xfe,0xaf,0xab,0xab,0xfc,0xc0,0xbd,0xbd,0xff,0xc3,0xc0,0xc0,0xff,
    0xc9,0xc6,0xc6,0xff,0xd1,0xce,0xce,0xff,0xd8,0xd5,0xd5,0xff,0xdf,0xdc,0xdc,0xff,0xe4,0xe1,0xe1,0xff,0xeb,0xe8,0xe8,0xff,
    0xef,0xec,0xec,0xff,0xf3,0xf0,0xf0,0xff,0xf7,0xf4,0xf4,0xff,0xfa,0xf7,0xf7,0xff,0xfc,0xf9,0xf9,0xff,0xfd,0xfa,0xfa,0xff,
    0xfe,0xfb,0xfb,0xff,0xfe,0xfb,0xfb,0xff,0xff,0xfc,0xfc,0xff,0xff,0xfc,0xfc,0xff,0xff,0xfc,0xfc,0xff,0xff,0xfc,0xfc,0xff,
    0xff,0xfc,0xfc,0xff,0xff,0xfd,0xfd,0xff,0xff,0xfd,0xfd,0xff,0xff,0xfd,0xfd,0xff,0xff,0xfd,0xfd,0xff,0xff,0xfd,0xfd,0xff,
    0xff,0xfd,0xfd,0xff,0xff,0xfd,0xfd,0xff,0xff,0xfd,0xfd,0xff,0xff,0xfd,0xfd,0xff,0xff,0xfd,0xfd,0xff,0xff,0xfd,0xfd,0xff,
    0xff,0xfd,0xfd,0xff,0xff,0xfd,0xfd,0xff,0xff,0xfd,0xfd,0xff,0xff,0xfd,0xfd,0xff,0xff,0xfd,0xfd,0xff,0xff,0xfd,0xfd,0xff,
    0xff,0xfd,0xfd,0xff,0xff,0xfc,0xfc,0xff,0xff,0xfc,0xfc,0xff,0xff,0xfc,0xfc,0xff,0xff,0xfc,0xfc,0xff,0xff,0xfc,0xfc,0xff,
    0xfe,0xfb,0xfb,0xff,0xfe,0xfb,0xfb,0xff,0xfe,0xfb,0xfb,0xff,0xfc,0xf9,0xf9,0xff,0xfa,0xf7,0xf7,0xff,0xf8,0xf5,0xf5,0xff,
    0xf4,0xf1,0xf1,0xff,0xf0,0xed,0xed,0xff,0xec,0xe9,0xe9,0xff,0xe6,0xe3,0xe3,0xff,0xe0,0xdd,0xdd,0xff,0xda,0xd7,0xd7,0xff,
    0xd3,0xd0,0xd0,0xff,0xcb,0xc8,0xc8,0xff,0xc4,0xc1,0xc1,0xff,0xc0,0xbd,0xbd,0xff,0xb5,0xb2,0xb2,0xfe,0x9e,0x98,0x98,0xfe,
    0x9d,0x97,0x97,0xeb,0x99,0x99,0x99,0x14,0x00,0x00,0x00,0x01,0xff,0xff,0xff,0x01,0x00,0x00,0x00,0x00,0x00,0x00,0x00,0x00,
    0x00,0x00,0x00,0x00,0x00,0x00,0x00,0x00,0x00,0x00,0x00,0x00,0x00,0x00,0x00,0x00,0x00,0x00,0x00,0x00,0x00,0x00,0x00,0x00,
    0x00,0x00,0x00,0x00,0x00,0x00,0x00,0x00,0x00,0x00,0x00,0x00,0x00,0x00,0x00,0x00,0x00,0x00,0x00,0x00,0x00,0x00,0x00,0x00,
    0x00,0x00,0x00,0x00,0x00,0x00,0x00,0x00,0xaa,0xaa,0xaa,0x03,0x00,0x00,0x00,0x00,0x9f,0x97,0x97,0x40,0xa2,0x9c,0x9c,0xff,
    0xa0,0x9b,0x9b,0xfd,0xbb,0xb8,0xb8,0xff,0xc1,0xbe,0xbe,0xff,0xc7,0xc4,0xc4,0xff,0xce,0xcb,0xcb,0xff,0xd5,0xd2,0xd2,0xff,
    0xdb,0xd8,0xd8,0xff,0xe2,0xdf,0xdf,0xff,0xe9,0xe6,0xe6,0xff,0xee,0xeb,0xeb,0xff,0xf3,0xf0,0xf0,0xff,0xf7,0xf4,0xf4,0xff,
    0xf9,0xf6,0xf6,0xff,0xfb,0xf8,0xf8,0xff,0xfe,0xfb,0xfb,0xff,0xfe,0xfb,0xfb,0xff,0xfe,0xfb,0xfb,0xff,0xff,0xfc,0xfc,0xff,
    0xff,0xfc,0xfc,0xff,0xff,0xfc,0xfc,0xff,0xff,0xfc,0xfc,0xff,0xff,0xfd,0xfd,0xff,0xff,0xfd,0xfd,0xff,0xff,0xfd,0xfd,0xff,
    0xff,0xfd,0xfd,0xff,0xff,0xfd,0xfd,0xff,0xff,0xfd,0xfd,0xff,0xff,0xfd,0xfd,0xff,0xff,0xfe,0xfe,0xff,0xff,0xfe,0xfe,0xff,
    0xff,0xfe,0xfe,0xff,0xff,0xfe,0xfe,0xff,0xff,0xfe,0xfe,0xff,0xff,0xfe,0xfe,0xff,0xff,0xfe,0xfe,0xff,0xff,0xfe,0xfe,0xff,
    0xff,0xfe,0xfe,0xff,0xff,0xfd,0xfd,0xff,0xff,0xfd,0xfd,0xff,0xff,0xfd,0xfd,0xff,0xff,0xfd,0xfd,0xff,0xff,0xfd,0xfd,0xff,
    0xff,0xfd,0xfd,0xff,0xff,0xfc,0xfc,0xff,0xff,0xfc,0xfc,0xff,0xff,0xfc,0xfc,0xff,0xff,0xfc,0xfc,0xff,0xfe,0xfb,0xfb,0xff,
    0xfe,0xfb,0xfb,0xff,0xfe,0xfb,0xfb,0xff,0xfc,0xf9,0xf9,0xff,0xfa,0xf7,0xf7,0xff,0xf8,0xf5,0xf5,0xff,0xf4,0xf1,0xf1,0xff,
    0xef,0xec,0xec,0xff,0xea,0xe7,0xe7,0xff,0xe4,0xe1,0xe1,0xff,0xdd,0xda,0xda,0xff,0xd7,0xd4,0xd4,0xff,0xd0,0xcd,0xcd,0xff,
    0xc9,0xc6,0xc6,0xff,0xc2,0xbe,0xbe,0xff,0xbe,0xbc,0xbc,0xff,0xa5,0xa1,0xa1,0xfc,0xa6,0x9f,0x9f,0xff,0x9c,0x96,0x96,0x7f,
    0x00,0x00,0x00,0x00,0x7f,0x7f,0x7f,0x04,0x00,0x00,0x00,0x00,0x00,0x00,0x00,0x00,0x00,0x00,0x00,0x00,0x00,0x00,0x00,0x00,
    0x00,0x00,0x00,0x00,0x00,0x00,0x00,0x00,0x00,0x00,0x00,0x00,0x00,0x00,0x00,0x00,0x00,0x00,0x00,0x00,0x00,0x00,0x00,0x00,
    0x00,0x00,0x00,0x00,0x00,0x00,0x00,0x00,0x00,0x00,0x00,0x00,0x00,0x00,0x00,0x00,0x00,0x00,0x00,0x00,0x00,0x00,0x00,0x00,
    0xaa,0xaa,0xaa,0x03,0x00,0x00,0x00,0x00,0x9b,0x96,0x96,0xa6,0xa4,0x9e,0x9e,0xff,0xad,0xaa,0xaa,0xfb,0xc0,0xbd,0xbd,0xff,
    0xc4,0xc1,0xc1,0xff,0xcb,0xc8,0xc8,0xff,0xd2,0xcf,0xcf,0xff,0xd8,0xd5,0xd5,0xff,0xe0,0xdd,0xdd,0xff,0xe7,0xe4,0xe4,0xff,
    0xec,0xe9,0xe9,0xff,0xf1,0xee,0xee,0xff,0xf6,0xf3,0xf3,0xff,0xf8,0xf5,0xf5,0xff,0xfb,0xf8,0xf8,0xff,0xfd,0xfa,0xfa,0xff,
    0xfe,0xfb,0xfb,0xff,0xfe,0xfb,0xfb,0xff,0xff,0xfc,0xfc,0xff,0xff,0xfc,0xfc,0xff,0xff,0xfc,0xfc,0xff,0xff,0xfd,0xfd,0xff,
    0xff,0xfd,0xfd,0xff,0xff,0xfd,0xfd,0xff,0xff,0xfd,0xfd,0xff,0xff,0xfd,0xfd,0xff,0xff,0xfd,0xfd,0xff,0xff,0xfe,0xfe,0xff,
    0xff,0xfe,0xfe,0xff,0xff,0xfe,0xfe,0xff,0xff,0xfe,0xfe,0xff,0xff,0xfe,0xfe,0xff,0xff,0xfe,0xfe,0xff,0xff,0xfe,0xfe,0xff,
    0xff,0xfe,0xfe,0xff,0xff,0xfe,0xfe,0xff,0xff,0xfe,0xfe,0xff,0xff,0xfe,0xfe,0xff,0xff,0xfe,0xfe,0xff,0xff,0xfe,0xfe,0xff,
    0xff,0xfe,0xfe,0xff,0xff,0xfe,0xfe,0xff,0xff,0xfd,0xfd,0xff,0xff,0xfd,0xfd,0xff,0xff,0xfd,0xfd,0xff,0xff,0xfd,0xfd,0xff,
    0xff,0xfd,0xfd,0xff,0xff,0xfc,0xfc,0xff,0xff,0xfc,0xfc,0xff,0xff,0xfc,0xfc,0xff,0xfe,0xfb,0xfb,0xff,0xfe,0xfb,0xfb,0xff,
    0xfe,0xfb,0xfb,0xff,0xfc,0xf9,0xf9,0xff,0xf9,0xf6,0xf6,0xff,0xf7,0xf4,0xf4,0xff,0xf3,0xf0,0xf0,0xff,0xed,0xea,0xea,0xff,
    0xe8,0xe5,0xe5,0xff,0xe2,0xdf,0xdf,0xff,0xdb,0xd8,0xd8,0xff,0xd4,0xd1,0xd1,0xff,0xcd,0xca,0xca,0xff,0xc5,0xc2,0xc2,0xff,
    0xc0,0xbd,0xbd,0xff,0xb5,0xb2,0xb2,0xfd,0xa0,0x9b,0x9b,0xfe,0x9b,0x96,0x96,0xdd,0x9f,0x9f,0x9f,0x08,0xff,0xff,0xff,0x01,
    0x00,0x00,0x00,0x01,0x00,0x00,0x00,0x00,0x00,0x00,0x00,0x00,0x00,0x00,0x00,0x00,0x00,0x00,0x00,0x00,0x00,0x00,0x00,0x00,
    0x00,0x00,0x00,0x00,0x00,0x00,0x00,0x00,0x00,0x00,0x00,0x00,0x00,0x00,0x00,0x00,0x00,0x00,0x00,0x00,0x00,0x00,0x00,0x00,
    0x00,0x00,0x00,0x00,0x00,0x00,0x00,0x00,0x00,0x00,0x00,0x00,0x7f,0x7f,0x7f,0x02,0x00,0x00,0x00,0x00,0x99,0x99,0x99,0x23,
    0x9e,0x98,0x98,0xf7,0x9e,0x99,0x99,0xfe,0xb9,0xb6,0xb6,0xfe,0xc2,0xbf,0xbf,0xff,0xc7,0xc4,0xc4,0xff,0xce,0xcb,0xcb,0xff,
    0xd5,0xd2,0xd2,0xff,0xde,0xdb,0xdb,0xff,0xe4,0xe1,0xe1,0xff,0xea,0xe7,0xe7,0xff,0xf0,0xed,0xed,0xff,0xf4,0xf1,0xf1,0xff,
    0xf8,0xf5,0xf5,0xff,0xfb,0xf8,0xf8,0xff,0xfd,0xfa,0xfa,0xff,0xfe,0xfb,0xfb,0xff,0xff,0xfc,0xfc,0xff,0xff,0xfc,0xfc,0xff,
    0xff,0xfc,0xfc,0xff,0xff,0xfc,0xfc,0xff,0xff,0xfd,0xfd,0xff,0xff,0xfd,0xfd,0xff,0xff,0xfd,0xfd,0xff,0xff,0xfd,0xfd,0xff,
    0xff,0xfe,0xfe,0xff,0xff,0xfe,0xfe,0xff,0xff,0xfe,0xfe,0xff,0xff,0xfe,0xfe,0xff,0xff,0xfe,0xfe,0xff,0xff,0xfe,0xfe,0xff,
    0xff,0xfe,0xfe,0xff,0xff,0xfe,0xfe,0xff,0xff,0xfe,0xfe,0xff,0xff,0xfe,0xfe,0xff,0xff,0xfe,0xfe,0xff,0xff,0xfe,0xfe,0xff,
    0xff,0xfe,0xfe,0xff,0xff,0xfe,0xfe,0xff,0xff,0xfe,0xfe,0xff,0xff,0xfe,0xfe,0xff,0xff,0xfe,0xfe,0xff,0xff,0xfe,0xfe,0xff,
    0xff,0xfe,0xfe,0xff,0xff,0xfe,0xfe,0xff,0xff,0xfd,0xfd,0xff,0xff,0xfd,0xfd,0xff,0xff,0xfd,0xfd,0xff,0xff,0xfd,0xfd,0xff,
    0xff,0xfc,0xfc,0xff,0xff,0xfc,0xfc,0xff,0xff,0xfc,0xfc,0xff,0xff,0xfc,0xfc,0xff,0xfe,0xfb,0xfb,0xff,0xfd,0xfa,0xfa,0xff,
    0xfc,0xf9,0xf9,0xff,0xf8,0xf5,0xf5,0xff,0xf5,0xf2,0xf2,0xff,0xf1,0xee,0xee,0xff,0xeb,0xe8,0xe8,0xff,0xe6,0xe3,0xe3,0xff,
    0xdf,0xdc,0xdc,0xff,0xd8,0xd5,0xd5,0xff,0xd0,0xcd,0xcd,0xff,0xc9,0xc6,0xc6,0xff,0xc3,0xbf,0xbf,0xff,0xbe,0xbb,0xbb,0xff,
    0xa2,0x9d,0x9d,0xfc,0xa4,0x9e,0x9e,0xff,0x9b,0x96,0x96,0x5a,0x00,0x00,0x00,0x00,0xbf,0xbf,0xbf,0x04,0x00,0x00,0x00,0x00,
    0x00,0x00,0x00,0x00,0x00,0x00,0x00,0x00,0x00,0x00,0x00,0x00,0x00,0x00,0x00,0x00,0x00,0x00,0x00,0x00,0x00,0x00,0x00,0x00,
    0x00,0x00,0x00,0x00,0x00,0x00,0x00,0x00,0x00,0x00,0x00,0x00,0x00,0x00,0x00,0x00,0x00,0x00,0x00,0x00,0x00,0x00,0x00,0x00,
    0x00,0x00,0x00,0x00,0x7f,0x7f,0x7f,0x04,0x00,0x00,0x00,0x00,0x9b,0x95,0x95,0x80,0xa5,0x9f,0x9f,0xff,0xa7,0xa3,0xa3,0xfb,
    0xc0,0xbd,0xbd,0xff,0xc4,0xc1,0xc1,0xff,0xcb,0xc8,0xc8,0xff,0xd3,0xd0,0xd0,0xff,0xda,0xd7,0xd7,0xff,0xe1,0xde,0xde,0xff,
    0xe7,0xe4,0xe4,0xff,0xee,0xeb,0xeb,0xff,0xf3,0xf0,0xf0,0xff,0xf6,0xf3,0xf3,0xff,0xfa,0xf7,0xf7,0xff,0xfc,0xf9,0xf9,0xff,
    0xfd,0xfa,0xfa,0xff,0xff,0xfc,0xfc,0xff,0xff,0xfc,0xfc,0xff,0xff,0xfc,0xfc,0xff,0xff,0xfc,0xfc,0xff,0xff,0xfd,0xfd,0xff,
    0xff,0xfd,0xfd,0xff,0xff,0xfd,0xfd,0xff,0xff,0xfe,0xfe,0xff,0xff,0xfe,0xfe,0xff,0xff,0xfe,0xfe,0xff,0xff,0xfe,0xfe,0xff,
    0xff,0xfe,0xfe,0xff,0xff,0xfe,0xfe,0xff,0xff,0xfe,0xfe,0xff,0xff,0xfe,0xfe,0xff,0xff,0xfe,0xfe,0xff,0xff,0xff,0xff,0xff,
    0xff,0xff,0xff,0xff,0xff,0xff,0xff,0xff,0xff,0xff,0xff,0xff,0xff,0xff,0xff,0xff,0xff,0xff,0xff,0xff,0xff,0xfe,0xfe,0xff,
    0xff,0xfe,0xfe,0xff,0xff,0xfe,0xfe,0xff,0xff,0xfe,0xfe,0xff,0xff,0xfe,0xfe,0xff,0xff,0xfe,0xfe,0xff,0xff,0xfe,0xfe,0xff,
    0xff,0xfe,0xfe,0xff,0xff,0xfe,0xfe,0xff,0xff,0xfd,0xfd,0xff,0xff,0xfd,0xfd,0xff,0xff,0xfd,0xfd,0xff,0xff,0xfd,0xfd,0xff,
    0xff,0xfc,0xfc,0xff,0xff,0xfc,0xfc,0xff,0xff,0xfc,0xfc,0xff,0xfe,0xfb,0xfb,0xff,0xfd,0xfa,0xfa,0xff,0xfb,0xf8,0xf8,0xff,
    0xf7,0xf4,0xf4,0xff,0xf4,0xf1,0xf1,0xff,0xef,0xec,0xec,0xff,0xe9,0xe6,0xe6,0xff,0xe3,0xe0,0xe0,0xff,0xdc,0xd9,0xd9,0xff,
    0xd4,0xd1,0xd1,0xff,0xcd,0xca,0xca,0xff,0xc5,0xc2,0xc2,0xff,0xc2,0xbf,0xbf,0xff,0xb0,0xac,0xac,0xfc,0xa2,0x9c,0x9c,0xff,
    0x9b,0x96,0x96,0xbe,0x00,0x00,0x00,0x00,0x7f,0x7f,0x7f,0x02,0x00,0x00,0x00,0x00,0x00,0x00,0x00,0x00,0x00,0x00,0x00,0x00,
    0x00,0x00,0x00,0x00,0x00,0x00,0x00,0x00,0x00,0x00,0x00,0x00,0x00,0x00,0x00,0x00,0x00,0x00,0x00,0x00,0x00,0x00,0x00,0x00,
    0x00,0x00,0x00,0x00,0x00,0x00,0x00,0x00,0x00,0x00,0x00,0x00,0x00,0x00,0x00,0x00,0x00,0x00,0x00,0x01,0x00,0x00,0x00,0x01,
    0xaa,0xaa,0xaa,0x09,0x9c,0x96,0x96,0xdc,0xa0,0x9a,0x9a,0xfe,0xb5,0xb1,0xb1,0xfd,0xc2,0xbf,0xbf,0xff,0xc7,0xc4,0xc4,0xff,
    0xcf,0xcc,0xcc,0xff,0xd6,0xd3,0xd3,0xff,0xde,0xdb,0xdb,0xff,0xe4,0xe1,0xe1,0xff,0xec,0xe9,0xe9,0xff,0xf1,0xee,0xee,0xff,
    0xf5,0xf2,0xf2,0xff,0xf9,0xf6,0xf6,0xff,0xfc,0xf9,0xf9,0xff,0xfe,0xfb,0xfb,0xff,0xff,0xfc,0xfc,0xff,0xff,0xfc,0xfc,0xff,
    0xff,0xfc,0xfc,0xff,0xff,0xfd,0xfd,0xff,0xff,0xfd,0xfd,0xff,0xff,0xfd,0xfd,0xff,0xff,0xfd,0xfd,0xff,0xff,0xfe,0xfe,0xff,
    0xff,0xfe,0xfe,0xff,0xff,0xfe,0xfe,0xff,0xff,0xfe,0xfe,0xff,0xff,0xfe,0xfe,0xff,0xff,0xfe,0xfe,0xff,0xff,0xfe,0xfe,0xff,
    0xff,0xff,0xff,0xff,0xff,0xff,0xff,0xff,0xff,0xff,0xff,0xff,0xff,0xff,0xff,0xff,0xff,0xff,0xff,0xff,0xff,0xff,0xff,0xff,
    0xff,0xff,0xff,0xff,0xff,0xff,0xff,0xff,0xff,0xff,0xff,0xff,0xff,0xff,0xff,0xff,0xff,0xff,0xff,0xff,0xff,0xff,0xff,0xff,
    0xff,0xff,0xff,0xff,0xff,0xfe,0xfe,0xff,0xff,0xfe,0xfe,0xff,0xff,0xfe,0xfe,0xff,0xff,0xfe,0xfe,0xff,0xff,0xfe,0xfe,0xff,
    0xff,0xfe,0xfe,0xff,0xff,0xfd,0xfd,0xff,0xff,0xfd,0xfd,0xff,0xff,0xfd,0xfd,0xff,0xff,0xfd,0xfd,0xff,0xff,0xfc,0xfc,0xff,
    0xff,0xfc,0xfc,0xff,0xff,0xfc,0xfc,0xff,0xfe,0xfb,0xfb,0xff,0xfc,0xf9,0xf9,0xff,0xfa,0xf7,0xf7,0xff,0xf6,0xf3,0xf3,0xff,
    0xf2,0xef,0xef,0xff,0xed,0xea,0xea,0xff,0xe7,0xe4,0xe4,0xff,0xdf,0xdc,0xdc,0xff,0xd8,0xd5,0xd5,0xff,0xd1,0xce,0xce,0xff,
    0xc9,0xc6,0xc6,0xff,0xc2,0xc0,0xc0,0xff,0xbb,0xb8,0xb8,0xff,0x9e,0x99,0x99,0xfe,0x9f,0x99,0x99,0xfb,0x9a,0x9a,0x9a,0x2b,
    0x00,0x00,0x00,0x00,0xff,0xff,0xff,0x02,0x00,0x00,0x00,0x00,0x00,0x00,0x00,0x00,0x00,0x00,0x00,0x00,0x00,0x00,0x00,0x00,
    0x00,0x00,0x00,0x00,0x00,0x00,0x00,0x00,0x00,0x00,0x00,0x00,0x00,0x00,0x00,0x00,0x00,0x00,0x00,0x00,0x00,0x00,0x00,0x00,
    0x00,0x00,0x00,0x00,0x00,0x00,0x00,0x00,0xaa,0xaa,0xaa,0x03,0x00,0x00,0x00,0x00,0x9c,0x99,0x99,0x4b,0xa3,0x9d,0x9d,0xff,
    0xa1,0x9c,0x9c,0xfd,0xbe,0xbb,0xbb,0xff,0xc4,0xc1,0xc1,0xff,0xcb,0xc8,0xc8,0xff,0xd2,0xcf,0xcf,0xff,0xda,0xd7,0xd7,0xff,
    0xe2,0xdf,0xdf,0xff,0xe9,0xe6,0xe6,0xff,0xee,0xeb,0xeb,0xff,0xf3,0xf0,0xf0,0xff,0xf8,0xf5,0xf5,0xff,0xfb,0xf8,0xf8,0xff,
    0xfd,0xfa,0xfa,0xff,0xff,0xfc,0xfc,0xff,0xff,0xfc,0xfc,0xff,0xff,0xfc,0xfc,0xff,0xff,0xfd,0xfd,0xff,0xff,0xfd,0xfd,0xff,
    0xff,0xfd,0xfd,0xff,0xff,0xfd,0xfd,0xff,0xff,0xfe,0xfe,0xff,0xff,0xfe,0xfe,0xff,0xff,0xfe,0xfe,0xff,0xff,0xfe,0xfe,0xff,
    0xff,0xfe,0xfe,0xff,0xff,0xff,0xff,0xff,0xff,0xff,0xff,0xff,0xff,0xff,0xff,0xff,0xff,0xff,0xff,0xff,0xff,0xff,0xff,0xff,
    0xff,0xff,0xff,0xff,0xff,0xff,0xff,0xff,0xff,0xff,0xff,0xff,0xff,0xff,0xff,0xff,0xff,0xff,0xff,0xff,0xff,0xff,0xff,0xff,
    0xff,0xff,0xff,0xff,0xff,0xff,0xff,0xff,0xff,0xff,0xff,0xff,0xff,0xff,0xff,0xff,0xff,0xff,0xff,0xff,0xff,0xff,0xff,0xff,
    0xff,0xff,0xff,0xff,0xff,0xfe,0xfe,0xff,0xff,0xfe,0xfe,0xff,0xff,0xfe,0xfe,0xff,0xff,0xfe,0xfe,0xff,0xff,0xfe,0xfe,0xff,
    0xff,0xfe,0xfe,0xff,0xff,0xfd,0xfd,0xff,0xff,0xfd,0xfd,0xff,0xff,0xfd,0xfd,0xff,0xff,0xfc,0xfc,0xff,0xff,0xfc,0xfc,0xff,
    0xff,0xfc,0xfc,0xff,0xfe,0xfb,0xfb,0xff,0xfb,0xf8,0xf8,0xff,0xf9,0xf6,0xf6,0xff,0xf5,0xf2,0xf2,0xff,0xef,0xec,0xec,0xff,
    0xea,0xe7,0xe7,0xff,0xe3,0xe0,0xe0,0xff,0xdc,0xd9,0xd9,0xff,0xd4,0xd1,0xd1,0xff,0xcd,0xca,0xca,0xff,0xc5,0xc2,0xc2,0xff,
    0xc1,0xbe,0xbe,0xff,0xa9,0xa5,0xa5,0xfb,0xa5,0x9f,0x9f,0xff,0x9c,0x97,0x97,0x8c,0x00,0x00,0x00,0x00,0xbf,0xbf,0xbf,0x04,
    0x00,0x00,0x00,0x00,0x00,0x00,0x00,0x00,0x00,0x00,0x00,0x00,0x00,0x00,0x00,0x00,0x00,0x00,0x00,0x00,0x00,0x00,0x00,0x00,
    0x00,0x00,0x00,0x00,0x00,0x00,0x00,0x00,0x00,0x00,0x00,0x00,0x00,0x00,0x00,0x00,0x00,0x00,0x00,0x00,0x00,0x00,0x00,0x00,
    0xaa,0xaa,0xaa,0x03,0x00,0x00,0x00,0x00,0x9c,0x95,0x95,0xa0,0xa4,0x9d,0x9d,0xfe,0xad,0xa9,0xa9,0xfb,0xc3,0xc0,0xc0,0xff,
    0xc6,0xc3,0xc3,0xff,0xce,0xcb,0xcb,0xff,0xd6,0xd3,0xd3,0xff,0xdd,0xda,0xda,0xff,0xe5,0xe2,0xe2,0xff,0xeb,0xe8,0xe8,0xff,
    0xf1,0xee,0xee,0xff,0xf6,0xf3,0xf3,0xff,0xfa,0xf7,0xf7,0xff,0xfc,0xf9,0xf9,0xff,0xff,0xfc,0xfc,0xff,0xff,0xfc,0xfc,0xff,
    0xff,0xfc,0xfc,0xff,0xff,0xfd,0xfd,0xff,0xff,0xfd,0xfd,0xff,0xff,0xfd,0xfd,0xff,0xff,0xfd,0xfd,0xff,0xff,0xfe,0xfe,0xff,
    0xff,0xfe,0xfe,0xff,0xff,0xfe,0xfe,0xff,0xff,0xfe,0xfe,0xff,0xff,0xfe,0xfe,0xff,0xff,0xff,0xff,0xff,0xff,0xff,0xff,0xff,
    0xff,0xff,0xff,0xff,0xff,0xff,0xff,0xff,0xff,0xff,0xff,0xff,0xff,0xff,0xff,0xff,0xff,0xff,0xff,0xff,0xff,0xff,0xff,0xff,
    0xff,0xff,0xff,0xff,0xff,0xff,0xff,0xff,0xff,0xff,0xff,0xff,0xff,0xff,0xff,0xff,0xff,0xff,0xff,0xff,0xff,0xff,0xff,0xff,
    0xff,0xff,0xff,0xff,0xff,0xff,0xff,0xff,0xff,0xff,0xff,0xff,0xff,0xff,0xff,0xff,0xff,0xff,0xff,0xff,0xff,0xff,0xff,0xff,
    0xff,0xfe,0xfe,0xff,0xff,0xfe,0xfe,0xff,0xff,0xfe,0xfe,0xff,0xff,0xfe,0xfe,0xff,0xff,0xfe,0xfe,0xff,0xff,0xfe,0xfe,0xff,
    0xff,0xfd,0xfd,0xff,0xff,0xfd,0xfd,0xff,0xff,0xfd,0xfd,0xff,0xff,0xfc,0xfc,0xff,0xff,0xfc,0xfc,0xff,0xff,0xfc,0xfc,0xff,
    0xfd,0xfa,0xfa,0xff,0xfb,0xf8,0xf8,0xff,0xf7,0xf4,0xf4,0xff,0xf2,0xef,0xef,0xff,0xed,0xea,0xea,0xff,0xe7,0xe4,0xe4,0xff,
    0xe0,0xdd,0xdd,0xff,0xd8,0xd5,0xd5,0xff,0xd0,0xcd,0xcd,0xff,0xc9,0xc5,0xc5,0xff,0xc4,0xc1,0xc1,0xff,0xb5,0xb2,0xb2,0xfd,
    0xa0,0x9a,0x9a,0xff,0x9b,0x95,0x95,0xd8,0x7f,0x7f,0x7f,0x06,0x00,0x00,0x00,0x01,0x00,0x00,0x00,0x00,0x00,0x00,0x00,0x00,
    0x00,0x00,0x00,0x00,0x00,0x00,0x00,0x00,0x00,0x00,0x00,0x00,0x00,0x00,0x00,0x00,0x00,0x00,0x00,0x00,0x00,0x00,0x00,0x00,
    0x00,0x00,0x00,0x00,0x00,0x00,0x00,0x00,0x00,0x00,0x00,0x00,0xff,0xff,0xff,0x01,0x00,0x00,0x00,0x00,0x9c,0x9c,0x9c,0x0d,
    0x9b,0x96,0x96,0xe7,0xa1,0x9b,0x9b,0xff,0xb9,0xb6,0xb6,0xfe,0xc4,0xc1,0xc1,0xff,0xca,0xc7,0xc7,0xff,0xd1,0xce,0xce,0xff,
    0xda,0xd7,0xd7,0xff,0xe1,0xde,0xde,0xff,0xe8,0xe5,0xe5,0xff,0xee,0xeb,0xeb,0xff,0xf4,0xf1,0xf1,0xff,0xf8,0xf5,0xf5,0xff,
    0xfb,0xf8,0xf8,0xff,0xfe,0xfb,0xfb,0xff,0xff,0xfc,0xfc,0xff,0xff,0xfc,0xfc,0xff,0xff,0xfd,0xfd,0xff,0xff,0xfd,0xfd,0xff,
    0xff,0xfd,0xfd,0xff,0xff,0xfe,0xfe,0xff,0xff,0xfe,0xfe,0xff,0xff,0xfe,0xfe,0xff,0xff,0xfe,0xfe,0xff,0xff,0xfe,0xfe,0xff,
    0xff,0xff,0xff,0xff,0xff,0xff,0xff,0xff,0xff,0xff,0xff,0xff,0xff,0xff,0xff,0xff,0xff,0xff,0xff,0xff,0xff,0xff,0xff,0xff,
    0xff,0xff,0xff,0xff,0xff,0xff,0xff,0xff,0xff,0xff,0xff,0xff,0xff,0xff,0xff,0xff,0xff,0xff,0xff,0xff,0xff,0xff,0xff,0xff,
    0xff,0xff,0xff,0xff,0xff,0xff,0xff,0xff,0xff,0xff,0xff,0xff,0xff,0xff,0xff,0xff,0xff,0xff,0xff,0xff,0xff,0xff,0xff,0xff,
    0xff,0xff,0xff,0xff,0xff,0xff,0xff,0xff,0xff,0xff,0xff,0xff,0xff,0xff,0xff,0xff,0xff,0xff,0xff,0xff,0xff,0xff,0xff,0xff,
    0xff,0xfe,0xfe,0xff,0xff,0xfe,0xfe,0xff,0xff,0xfe,0xfe,0xff,0xff,0xfe,0xfe,0xff,0xff,0xfe,0xfe,0xff,0xff,0xfd,0xfd,0xff,
    0xff,0xfd,0xfd,0xff,0xff,0xfd,0xfd,0xff,0xff,0xfc,0xfc,0xff,0xff,0xfc,0xfc,0xff,0xff,0xfc,0xfc,0xff,0xfc,0xf9,0xf9,0xff,
    0xf9,0xf6,0xf6,0xff,0xf6,0xf3,0xf3,0xff,0xf0,0xed,0xed,0xff,0xea,0xe7,0xe7,0xff,0xe3,0xe0,0xe0,0xff,0xdc,0xd9,0xd9,0xff,
    0xd3,0xd0,0xd0,0xff,0xcc,0xc9,0xc9,0xff,0xc4,0xc1,0xc1,0xff,0xbf,0xbc,0xbc,0xff,0xa3,0x9d,0x9d,0xfd,0xa0,0x9a,0x9a,0xfd,
    0x9a,0x96,0x96,0x38,0x00,0x00,0x00,0x00,0xaa,0xaa,0xaa,0x03,0x00,0x00,0x00,0x00,0x00,0x00,0x00,0x00,0x00,0x00,0x00,0x00,
    0x00,0x00,0x00,0x00,0x00,0x00,0x00,0x00,0x00,0x00,0x00,0x00,0x00,0x00,0x00,0x00,0x00,0x00,0x00,0x00,0x00,0x00,0x00,0x00,
    0x00,0x00,0x00,0x00,0xaa,0xaa,0xaa,0x03,0x00,0x00,0x00,0x00,0x9c,0x99,0x99,0x4b,0xa2,0x9c,0x9c,0xff,0xa4,0x9f,0x9f,0xfd,
    0xc1,0xbe,0xbe,0xff,0xc5,0xc2,0xc2,0xff,0xcd,0xca,0xca,0xff,0xd6,0xd3,0xd3,0xff,0xdd,0xda,0xda,0xff,0xe5,0xe2,0xe2,0xff,
    0xeb,0xe8,0xe8,0xff,0xf2,0xef,0xef,0xff,0xf7,0xf4,0xf4,0xff,0xfa,0xf7,0xf7,0xff,0xfd,0xfb,0xfb,0xff,0xff,0xfc,0xfc,0xff,
    0xff,0xfc,0xfc,0xff,0xff,0xfd,0xfd,0xff,0xff,0xfd,0xfd,0xff,0xff,0xfd,0xfd,0xff,0xff,0xfe,0xfe,0xff,0xff,0xfe,0xfe,0xff,
    0xff,0xfe,0xfe,0xff,0xff,0xfe,0xfe,0xff,0xff,0xfe,0xfe,0xff,0xff,0xff,0xff,0xff,0xff,0xff,0xff,0xff,0xff,0xff,0xff,0xff,
    0xff,0xff,0xff,0xff,0xff,0xff,0xff,0xff,0xff,0xff,0xff,0xff,0xff,0xff,0xff,0xff,0xff,0xff,0xff,0xff,0xff,0xff,0xff,0xff,
    0xff,0xff,0xff,0xff,0xff,0xff,0xff,0xff,0xff,0xff,0xff,0xff,0xff,0xff,0xff,0xff,0xff,0xff,0xff,0xff,0xff,0xff,0xff,0xff,
    0xff,0xff,0xff,0xff,0xff,0xff,0xff,0xff,0xff,0xff,0xff,0xff,0xff,0xff,0xff,0xff,0xff,0xff,0xff,0xff,0xff,0xff,0xff,0xff,
    0xff,0xff,0xff,0xff,0xff,0xff,0xff,0xff,0xff,0xff,0xff,0xff,0xff,0xff,0xff,0xff,0xff,0xff,0xff,0xff,0xff,0xfe,0xfe,0xff,
    0xff,0xfe,0xfe,0xff,0xff,0xfe,0xfe,0xff,0xff,0xfe,0xfe,0xff,0xff,0xfe,0xfe,0xff,0xff,0xfd,0xfd,0xff,0xff,0xfd,0xfd,0xff,
    0xff,0xfd,0xfd,0xff,0xff,0xfc,0xfc,0xff,0xff,0xfc,0xfc,0xff,0xfe,0xfb,0xfb,0xff,0xfb,0xf8,0xf8,0xff,0xf7,0xf4,0xf4,0xff,
    0xf3,0xf0,0xf0,0xff,0xee,0xeb,0xeb,0xff,0xe6,0xe3,0xe3,0xff,0xdf,0xdc,0xdc,0xff,0xd7,0xd4,0xd4,0xff,0xcf,0xcc,0xcc,0xff,
    0xc7,0xc4,0xc4,0xff,0xc3,0xc0,0xc0,0xff,0xad,0xa8,0xa8,0xfb,0xa5,0x9e,0x9e,0xff,0x9b,0x96,0x96,0x8b,0x00,0x00,0x00,0x00,
    0xbf,0xbf,0xbf,0x04,0x00,0x00,0x00,0x00,0x00,0x00,0x00,0x00,0x00,0x00,0x00,0x00,0x00,0x00,0x00,0x00,0x00,0x00,0x00,0x00,
    0x00,0x00,0x00,0x00,0x00,0x00,0x00,0x00,0x00,0x00,0x00,0x00,0x00,0x00,0x00,0x00,0x00,0x00,0x00,0x00,0xaa,0xaa,0xaa,0x03,
    0x00,0x00,0x00,0x00,0x9c,0x97,0x97,0xa0,0xa4,0x9e,0x9e,0xff,0xb0,0xac,0xac,0xfb,0xc4,0xc1,0xc1,0xff,0xc8,0xc5,0xc5,0xff,
    0xd1,0xce,0xce,0xff,0xd8,0xd5,0xd5,0xff,0xe0,0xdd,0xdd,0xff,0xe8,0xe5,0xe5,0xff,0xef,0xec,0xec,0xff,0xf4,0xf1,0xf1,0xff,
    0xf9,0xf6,0xf6,0xff,0xfc,0xf9,0xf9,0xff,0xfe,0xfb,0xfb,0xff,0xff,0xfc,0xfc,0xff,0xff,0xfd,0xfd,0xff,0xff,0xfd,0xfd,0xff,
    0xff,0xfd,0xfd,0xff,0xff,0xfe,0xfe,0xff,0xff,0xfe,0xfe,0xff,0xff,0xfe,0xfe,0xff,0xff,0xfe,0xfe,0xff,0xff,0xfe,0xfe,0xff,
    0xff,0xff,0xff,0xff,0xff,0xff,0xff,0xff,0xff,0xff,0xff,0xff,0xff,0xff,0xff,0xff,0xff,0xff,0xff,0xff,0xff,0xff,0xff,0xff,
    0xff,0xff,0xff,0xff,0xff,0xff,0xff,0xff,0xff,0xff,0xff,0xff,0xff,0xff,0xff,0xff,0xff,0xff,0xff,0xff,0xff,0xff,0xff,0xff,
    0xff,0xff,0xff,0xff,0xff,0xff,0xff,0xff,0xff,0xff,0xff,0xff,0xff,0xff,0xff,0xff,0xff,0xff,0xff,0xff,0xff,0xff,0xff,0xff,
    0xff,0xff,0xff,0xff,0xff,0xff,0xff,0xff,0xff,0xff,0xff,0xff,0xff,0xff,0xff,0xff,0xff,0xff,0xff,0xff,0xff,0xff,0xff,0xff,
    0xff,0xff,0xff,0xff,0xff,0xff,0xff,0xff,0xff,0xff,0xff,0xff,0xff,0xff,0xff,0xff,0xff,0xfe,0xfe,0xff,0xff,0xfe,0xfe,0xff,
    0xff,0xfe,0xfe,0xff,0xff,0xfe,0xfe,0xff,0xff,0xfe,0xfe,0xff,0xff,0xfd,0xfd,0xff,0xff,0xfd,0xfd,0xff,0xff,0xfd,0xfd,0xff,
    0xff,0xfc,0xfc,0xff,0xff,0xfb,0xfb,0xff,0xfd,0xfa,0xfa,0xff,0xf9,0xf6,0xf6,0xff,0xf5,0xf2,0xf2,0xff,0xf0,0xed,0xed,0xff,
    0xea,0xe7,0xe7,0xff,0xe2,0xdf,0xdf,0xff,0xda,0xd7,0xd7,0xff,0xd3,0xd0,0xd0,0xff,0xcb,0xc8,0xc8,0xff,0xc4,0xc1,0xc1,0xff,
    0xb8,0xb5,0xb5,0xfd,0xa2,0x9b,0x9b,0xff,0x9b,0x95,0x95,0xd9,0x7f,0xaa,0xaa,0x06,0x00,0x00,0x00,0x01,0x00,0x00,0x00,0x00,
    0x00,0x00,0x00,0x00,0x00,0x00,0x00,0x00,0x00,0x00,0x00,0x00,0x00,0x00,0x00,0x00,0x00,0x00,0x00,0x00,0x00,0x00,0x00,0x00,
    0x00,0x00,0x00,0x00,0x00,0x00,0x00,0x00,0xff,0xff,0xff,0x01,0x00,0x00,0x00,0x00,0x9c,0x9c,0x9c,0x0d,0x9b,0x96,0x96,0xe7,
    0xa1,0x9a,0x9a,0xff,0xba,0xb7,0xb7,0xfe,0xc5,0xc2,0xc2,0xff,0xcc,0xc9,0xc9,0xff,0xd3,0xd0,0xd0,0xff,0xdb,0xd8,0xd8,0xff,
    0xe4,0xe1,0xe1,0xff,0xeb,0xe8,0xe8,0xff,0xf1,0xee,0xee,0xff,0xf6,0xf3,0xf3,0xff,0xfb,0xf8,0xf8,0xff,0xfd,0xfa,0xfa,0xff,
    0xff,0xfc,0xfc,0xff,0xff,0xfd,0xfd,0xff,0xff,0xfd,0xfd,0xff,0xff,0xfd,0xfd,0xff,0xff,0xfe,0xfe,0xff,0xff,0xfe,0xfe,0xff,
    0xff,0xfe,0xfe,0xff,0xff,0xfe,0xfe,0xff,0xff,0xfe,0xfe,0xff,0xff,0xff,0xff,0xff,0xff,0xff,0xff,0xff,0xff,0xff,0xff,0xff,
    0xff,0xff,0xff,0xff,0xff,0xff,0xff,0xff,0xff,0xff,0xff,0xff,0xff,0xff,0xff,0xff,0xff,0xff,0xff,0xff,0xff,0xff,0xff,0xff,
    0xff,0xff,0xff,0xff,0xff,0xff,0xff,0xff,0xff,0xff,0xff,0xff,0xff,0xff,0xff,0xff,0xff,0xff,0xff,0xff,0xff,0xff,0xff,0xff,
    0xff,0xff,0xff,0xff,0xff,0xff,0xff,0xff,0xff,0xff,0xff,0xff,0xff,0xff,0xff,0xff,0xff,0xff,0xff,0xff,0xff,0xff,0xff,0xff,
    0xff,0xff,0xff,0xff,0xff,0xff,0xff,0xff,0xff,0xff,0xff,0xff,0xff,0xff,0xff,0xff,0xff,0xff,0xff,0xff,0xff,0xff,0xff,0xff,
    0xff,0xff,0xff,0xff,0xff,0xff,0xff,0xff,0xff,0xff,0xff,0xff,0xff,0xfe,0xfe,0xff,0xff,0xfe,0xfe,0xff,0xff,0xfe,0xfe,0xff,
    0xff,0xfe,0xfe,0xff,0xff,0xfe,0xfe,0xff,0xff,0xfd,0xfd,0xff,0xff,0xfd,0xfd,0xff,0xff,0xfd,0xfd,0xff,0xff,0xfc,0xfc,0xff,
    0xfe,0xfb,0xfb,0xff,0xfb,0xf8,0xf8,0xff,0xf8,0xf5,0xf5,0xff,0xf2,0xef,0xef,0xff,0xed,0xea,0xea,0xff,0xe6,0xe3,0xe3,0xff,
    0xde,0xdb,0xdb,0xff,0xd5,0xd2,0xd2,0xff,0xce,0xcb,0xcb,0xff,0xc6,0xc3,0xc3,0xff,0xc0,0xbd,0xbd,0xff,0xa3,0x9d,0x9d,0xfd,
    0xa0,0x9a,0x9a,0xfd,0x9d,0x99,0x99,0x37,0x00,0x00,0x00,0x00,0xaa,0xaa,0xaa,0x03,0x00,0x00,0x00,0x00,0x00,0x00,0x00,0x00,
    0x00,0x00,0x00,0x00,0x00,0x00,0x00,0x00,0x00,0x00,0x00,0x00,0x00,0x00,0x00,0x00,0x00,0x00,0x00,0x00,0x00,0x00,0x00,0x00,
    0xaa,0xaa,0xaa,0x03,0x00,0x00,0x00,0x00,0x9d,0x96,0x96,0x4c,0xa3,0x9c,0x9c,0xff,0xa2,0x9d,0x9d,0xfd,0xc1,0xbe,0xbe,0xff,
    0xc7,0xc4,0xc4,0xff,0xce,0xcb,0xcb,0xff,0xd7,0xd4,0xd4,0xff,0xdf,0xdc,0xdc,0xff,0xe7,0xe4,0xe4,0xff,0xed,0xea,0xea,0xff,
    0xf3,0xf0,0xf0,0xff,0xf9,0xf6,0xf6,0xff,0xfc,0xf9,0xf9,0xff,0xfe,0xfb,0xfb,0xff,0xff,0xfd,0xfd,0xff,0xff,0xfd,0xfd,0xff,
    0xff,0xfd,0xfd,0xff,0xff,0xfd,0xfd,0xff,0xff,0xfe,0xfe,0xff,0xff,0xfe,0xfe,0xff,0xff,0xfe,0xfe,0xff,0xff,0xfe,0xfe,0xff,
    0xff,0xff,0xff,0xff,0xff,0xff,0xff,0xff,0xff,0xff,0xff,0xff,0xff,0xff,0xff,0xff,0xff,0xff,0xff,0xff,0xff,0xff,0xff,0xff,
    0xff,0xff,0xff,0xff,0xff,0xff,0xff,0xff,0xff,0xff,0xff,0xff,0xff,0xff,0xff,0xff,0xff,0xff,0xff,0xff,0xff,0xff,0xff,0xff,
    0xff,0xff,0xff,0xff,0xff,0xff,0xff,0xff,0xff,0xff,0xff,0xff,0xff,0xff,0xff,0xff,0xff,0xff,0xff,0xff,0xff,0xff,0xff,0xff,
    0xff,0xff,0xff,0xff,0xff,0xff,0xff,0xff,0xff,0xff,0xff,0xff,0xff,0xff,0xff,0xff,0xff,0xff,0xff,0xff,0xff,0xff,0xff,0xff,
    0xff,0xff,0xff,0xff,0xff,0xff,0xff,0xff,0xff,0xff,0xff,0xff,0xff,0xff,0xff,0xff,0xff,0xff,0xff,0xff,0xff,0xff,0xff,0xff,
    0xff,0xff,0xff,0xff,0xff,0xff,0xff,0xff,0xff,0xfe,0xfe,0xff,0xff,0xfe,0xfe,0xff,0xff,0xfe,0xfe,0xff,0xff,0xfe,0xfe,0xff,
    0xff,0xfe,0xfe,0xff,0xff,0xfd,0xfd,0xff,0xff,0xfd,0xfd,0xff,0xff,0xfd,0xfd,0xff,0xff,0xfc,0xfc,0xff,0xfd,0xfa,0xfa,0xff,
    0xfa,0xf7,0xf7,0xff,0xf5,0xf2,0xf2,0xff,0xef,0xec,0xec,0xff,0xe9,0xe6,0xe6,0xff,0xe1,0xde,0xde,0xff,0xd9,0xd6,0xd6,0xff,
    0xd0,0xcd,0xcd,0xff,0xc8,0xc5,0xc5,0xff,0xc4,0xc1,0xc1,0xff,0xab,0xa6,0xa6,0xfb,0xa5,0x9e,0x9e,0xff,0x9c,0x97,0x97,0x8c,
    0x00,0x00,0x00,0x00,0xbf,0xbf,0xbf,0x04,0x00,0x00,0x00,0x00,0x00,0x00,0x00,0x00,0x00,0x00,0x00,0x00,0x00,0x00,0x00,0x00,
    0x00,0x00,0x00,0x00,0x00,0x00,0x00,0x00,0x00,0x00,0x00,0x00,0x00,0x00,0x00,0x00,0xbf,0xbf,0xbf,0x04,0x00,0x00,0x00,0x00,
    0x9d,0x96,0x96,0x90,0xa5,0x9f,0x9f,0xff,0xae,0xaa,0xaa,0xfb,0xc4,0xc1,0xc1,0xff,0xc9,0xc6,0xc6,0xff,0xd2,0xcf,0xcf,0xff,
    0xda,0xd7,0xd7,0xff,0xe2,0xdf,0xdf,0xff,0xe9,0xe6,0xe6,0xff,0xf0,0xed,0xed,0xff,0xf6,0xf3,0xf3,0xff,0xfa,0xf7,0xf7,0xff,
    0xfd,0xfa,0xfa,0xff,0xff,0xfd,0xfd,0xff,0xff,0xfd,0xfd,0xff,0xff,0xfd,0xfd,0xff,0xff,0xfd,0xfd,0xff,0xff,0xfe,0xfe,0xff,
    0xff,0xfe,0xfe,0xff,0xff,0xfe,0xfe,0xff,0xff,0xfe,0xfe,0xff,0xff,0xff,0xff,0xff,0xff,0xff,0xff,0xff,0xff,0xff,0xff,0xff,
    0xff,0xff,0xff,0xff,0xff,0xff,0xff,0xff,0xff,0xff,0xff,0xff,0xff,0xff,0xff,0xff,0xff,0xff,0xff,0xff,0xff,0xff,0xff,0xff,
    0xff,0xff,0xff,0xff,0xff,0xff,0xff,0xff,0xff,0xff,0xff,0xff,0xff,0xff,0xff,0xff,0xff,0xff,0xff,0xff,0xff,0xff,0xff,0xff,
    0xff,0xff,0xff,0xff,0xff,0xff,0xff,0xff,0xff,0xff,0xff,0xff,0xff,0xff,0xff,0xff,0xff,0xff,0xff,0xff,0xff,0xff,0xff,0xff,
    0xff,0xff,0xff,0xff,0xff,0xff,0xff,0xff,0xff,0xff,0xff,0xff,0xff,0xff,0xff,0xff,0xff,0xff,0xff,0xff,0xff,0xff,0xff,0xff,
    0xff,0xff,0xff,0xff,0xff,0xff,0xff,0xff,0xff,0xff,0xff,0xff,0xff,0xff,0xff,0xff,0xff,0xff,0xff,0xff,0xff,0xff,0xff,0xff,
    0xff,0xff,0xff,0xff,0xff,0xfe,0xfe,0xff,0xff,0xfe,0xfe,0xff,0xff,0xfe,0xfe,0xff,0xff,0xfe,0xfe,0xff,0xff,0xfe,0xfe,0xff,
    0xff,0xfd,0xfd,0xff,0xff,0xfd,0xfd,0xff,0xff,0xfd,0xfd,0xff,0xfe,0xfb,0xfb,0xff,0xfb,0xf8,0xf8,0xff,0xf7,0xf4,0xf4,0xff,
    0xf2,0xef,0xef,0xff,0xeb,0xe8,0xe8,0xff,0xe4,0xe1,0xe1,0xff,0xdc,0xd9,0xd9,0xff,0xd4,0xd1,0xd1,0xff,0xcb,0xc8,0xc8,0xff,
    0xc5,0xc2,0xc2,0xff,0xb7,0xb4,0xb4,0xfc,0xa2,0x9b,0x9b,0xff,0x9b,0x96,0x96,0xcc,0x7f,0x7f,0x7f,0x02,0xff,0xff,0xff,0x01,
    0x00,0x00,0x00,0x00,0x00,0x00,0x00,0x00,0x00,0x00,0x00,0x00,0x00,0x00,0x00,0x00,0x00,0x00,0x00,0x00,0x00,0x00,0x00,0x00,
    0x00,0x00,0x00,0x00,0x00,0x00,0x00,0x00,0x00,0x00,0x00,0x01,0x7f,0x7f,0x7f,0x06,0x9b,0x95,0x95,0xd7,0xa1,0x9a,0x9a,0xff,
    0xb7,0xb4,0xb4,0xfd,0xc6,0xc3,0xc3,0xff,0xcc,0xc9,0xc9,0xff,0xd5,0xd2,0xd2,0xff,0xdd,0xda,0xda,0xff,0xe5,0xe2,0xe2,0xff,
    0xec,0xe9,0xe9,0xff,0xf3,0xf0,0xf0,0xff,0xf8,0xf5,0xf5,0xff,0xfb,0xf8,0xf8,0xff,0xff,0xfc,0xfc,0xff,0xff,0xfd,0xfd,0xff,
    0xff,0xfd,0xfd,0xff,0xff,0xfd,0xfd,0xff,0xff,0xfe,0xfe,0xff,0xff,0xfe,0xfe,0xff,0xff,0xfe,0xfe,0xff,0xff,0xfe,0xfe,0xff,
    0xff,0xff,0xff,0xff,0xff,0xff,0xff,0xff,0xff,0xff,0xff,0xff,0xff,0xff,0xff,0xff,0xff,0xff,0xff,0xff,0xff,0xff,0xff,0xff,
    0xff,0xff,0xff,0xff,0xff,0xff,0xff,0xff,0xff,0xff,0xff,0xff,0xff,0xff,0xff,0xff,0xff,0xff,0xff,0xff,0xff,0xff,0xff,0xff,
    0xff,0xff,0xff,0xff,0xff,0xff,0xff,0xff,0xff,0xff,0xff,0xff,0xff,0xff,0xff,0xff,0xff,0xff,0xff,0xff,0xff,0xff,0xff,0xff,
    0xff,0xff,0xff,0xff,0xff,0xff,0xff,0xff,0xff,0xff,0xff,0xff,0xff,0xff,0xff,0xff,0xff,0xff,0xff,0xff,0xff,0xff,0xff,0xff,
    0xff,0xff,0xff,0xff,0xff,0xff,0xff,0xff,0xff,0xff,0xff,0xff,0xff,0xff,0xff,0xff,0xff,0xff,0xff,0xff,0xff,0xff,0xff,0xff,
    0xff,0xff,0xff,0xff,0xff,0xff,0xff,0xff,0xff,0xff,0xff,0xff,0xff,0xff,0xff,0xff,0xff,0xff,0xff,0xff,0xff,0xff,0xff,0xff,
    0xff,0xfe,0xfe,0xff,0xff,0xfe,0xfe,0xff,0xff,0xfe,0xfe,0xff,0xff,0xfe,0xfe,0xff,0xff,0xfd,0xfd,0xff,0xff,0xfd,0xfd,0xff,
    0xff,0xfd,0xfd,0xff,0xff,0xfc,0xfc,0xff,0xfc,0xf9,0xf9,0xff,0xf9,0xf6,0xf6,0xff,0xf4,0xf1,0xf1,0xff,0xee,0xeb,0xeb,0xff,
    0xe7,0xe4,0xe4,0xff,0xdf,0xdc,0xdc,0xff,0xd7,0xd4,0xd4,0xff,0xcf,0xcc,0xcc,0xff,0xc7,0xc4,0xc4,0xff,0xbe,0xbb,0xbb,0xff,
    0xa0,0x9a,0x9a,0xfe,0x9e,0x98,0x98,0xf8,0x9a,0x9a,0x9a,0x26,0x00,0x00,0x00,0x00,0x7f,0x7f,0x7f,0x02,0x00,0x00,0x00,0x00,
    0x00,0x00,0x00,0x00,0x00,0x00,0x00,0x00,0x00,0x00,0x00,0x00,0x00,0x00,0x00,0x00,0x00,0x00,0x00,0x00,0x7f,0x7f,0x7f,0x02,
    0x00,0x00,0x00,0x00,0x96,0x96,0x96,0x27,0x9e,0x98,0x98,0xf9,0xa1,0x9c,0x9c,0xfe,0xc0,0xbd,0xbd,0xff,0xc8,0xc5,0xc5,0xff,
    0xcf,0xcc,0xcc,0xff,0xd7,0xd4,0xd4,0xff,0xdf,0xdc,0xdc,0xff,0xe8,0xe5,0xe5,0xff,0xef,0xec,0xec,0xff,0xf5,0xf2,0xf2,0xff,
    0xfa,0xf7,0xf7,0xff,0xfd,0xfa,0xfa,0xff,0xff,0xfd,0xfd,0xff,0xff,0xfd,0xfd,0xff,0xff,0xfd,0xfd,0xff,0xff,0xfe,0xfe,0xff,
    0xff,0xfe,0xfe,0xff,0xff,0xfe,0xfe,0xff,0xff,0xfe,0xfe,0xff,0xff,0xff,0xff,0xff,0xff,0xff,0xff,0xff,0xff,0xff,0xff,0xff,
    0xff,0xff,0xff,0xff,0xff,0xff,0xff,0xff,0xff,0xff,0xff,0xff,0xff,0xff,0xff,0xff,0xff,0xff,0xff,0xff,0xff,0xff,0xff,0xff,
    0xff,0xff,0xff,0xff,0xff,0xff,0xff,0xff,0xff,0xff,0xff,0xff,0xff,0xff,0xff,0xff,0xff,0xff,0xff,0xff,0xff,0xff,0xff,0xff,
    0xff,0xff,0xff,0xff,0xff,0xff,0xff,0xff,0xff,0xff,0xff,0xff,0xff,0xff,0xff,0xff,0xff,0xff,0xff,0xff,0xff,0xff,0xff,0xff,
    0xff,0xff,0xff,0xff,0xff,0xff,0xff,0xff,0xff,0xff,0xff,0xff,0xff,0xff,0xff,0xff,0xff,0xff,0xff,0xff,0xff,0xff,0xff,0xff,
    0xff,0xff,0xff,0xff,0xff,0xff,0xff,0xff,0xff,0xff,0xff,0xff,0xff,0xff,0xff,0xff,0xff,0xff,0xff,0xff,0xff,0xff,0xff,0xff,
    0xff,0xff,0xff,0xff,0xff,0xff,0xff,0xff,0xff,0xff,0xff,0xff,0xff,0xff,0xff,0xff,0xff,0xff,0xff,0xff,0xff,0xfe,0xfe,0xff,
    0xff,0xfe,0xfe,0xff,0xff,0xfe,0xfe,0xff,0xff,0xfe,0xfe,0xff,0xff,0xfd,0xfd,0xff,0xff,0xfd,0xfd,0xff,0xff,0xfd,0xfd,0xff,
    0xfe,0xfb,0xfb,0xff,0xfa,0xf7,0xf7,0xff,0xf6,0xf3,0xf3,0xff,0xf1,0xee,0xee,0xff,0xea,0xe7,0xe7,0xff,0xe2,0xdf,0xdf,0xff,
    0xd9,0xd6,0xd6,0xff,0xd1,0xce,0xce,0xff,0xc9,0xc6,0xc6,0xff,0xc4,0xc1,0xc1,0xff,0xa7,0xa2,0xa2,0xfc,0xa4,0x9e,0x9e,0xff,
    0x9c,0x97,0x97,0x60,0x00,0x00,0x00,0x00,0xbf,0xbf,0xbf,0x04,0x00,0x00,0x00,0x00,0x00,0x00,0x00,0x00,0x00,0x00,0x00,0x00,
    0x00,0x00,0x00,0x00,0x00,0x00,0x00,0x00,0x00,0x00,0x00,0x00,0xbf,0xbf,0xbf,0x04,0x00,0x00,0x00,0x00,0x9c,0x97,0x97,0x60,
    0xa4,0x9d,0x9d,0xff,0xa7,0xa3,0xa3,0xfc,0xc5,0xc2,0xc2,0xff,0xc9,0xc6,0xc6,0xff,0xd1,0xce,0xce,0xff,0xda,0xd7,0xd7,0xff,
    0xe3,0xe0,0xe0,0xff,0xeb,0xe8,0xe8,0xff,0xf1,0xee,0xee,0xff,0xf6,0xf3,0xf3,0xff,0xfb,0xf8,0xf8,0xff,0xff,0xfc,0xfc,0xff,
    0xff,0xfd,0xfd,0xff,0xff,0xfd,0xfd,0xff,0xff,0xfe,0xfe,0xff,0xff,0xfe,0xfe,0xff,0xff,0xfe,0xfe,0xff,0xff,0xfe,0xfe,0xff,
    0xff,0xfe,0xfe,0xff,0xff,0xff,0xff,0xff,0xff,0xff,0xff,0xff,0xff,0xff,0xff,0xff,0xff,0xff,0xff,0xff,0xff,0xff,0xff,0xff,
    0xff,0xff,0xff,0xff,0xff,0xff,0xff,0xff,0xff,0xff,0xff,0xff,0xff,0xff,0xff,0xff,0xff,0xff,0xff,0xff,0xff,0xff,0xff,0xff,
    0xff,0xff,0xff,0xff,0xff,0xff,0xff,0xff,0xff,0xff,0xff,0xff,0xff,0xff,0xff,0xff,0xff,0xff,0xff,0xff,0xff,0xff,0xff,0xff,
    0xff,0xff,0xff,0xff,0xff,0xff,0xff,0xff,0xff,0xff,0xff,0xff,0xff,0xff,0xff,0xff,0xff,0xff,0xff,0xff,0xff,0xff,0xff,0xff,
    0xff,0xff,0xff,0xff,0xff,0xff,0xff,0xff,0xff,0xff,0xff,0xff,0xff,0xff,0xff,0xff,0xff,0xff,0xff,0xff,0xff,0xff,0xff,0xff,
    0xff,0xff,0xff,0xff,0xff,0xff,0xff,0xff,0xff,0xff,0xff,0xff,0xff,0xff,0xff,0xff,0xff,0xff,0xff,0xff,0xff,0xff,0xff,0xff,
    0xff,0xff,0xff,0xff,0xff,0xff,0xff,0xff,0xff,0xff,0xff,0xff,0xff,0xff,0xff,0xff,0xff,0xfe,0xfe,0xff,0xff,0xfe,0xfe,0xff,
    0xff,0xfe,0xfe,0xff,0xff,0xfe,0xfe,0xff,0xff,0xfd,0xfd,0xff,0xff,0xfd,0xfd,0xff,0xff,0xfc,0xfc,0xff,0xfc,0xf9,0xf9,0xff,
    0xf8,0xf5,0xf5,0xff,0xf3,0xf0,0xf0,0xff,0xed,0xea,0xea,0xff,0xe5,0xe2,0xe2,0xff,0xdc,0xd9,0xd9,0xff,0xd3,0xd0,0xd0,0xff,
    0xcb,0xc8,0xc8,0xff,0xc6,0xc3,0xc3,0xff,0xb2,0xae,0xae,0xfb,0xa4,0x9d,0x9d,0xff,0x9c,0x95,0x95,0xa0,0x00,0x00,0x00,0x00,
    0xaa,0xaa,0xaa,0x03,0x00,0x00,0x00,0x00,0x00,0x00,0x00,0x00,0x00,0x00,0x00,0x00,0x00,0x00,0x00,0x00,0x00,0x00,0x00,0x00,
    0x00,0x00,0x00,0x00,0xaa,0xaa,0xaa,0x03,0x00,0x00,0x00,0x00,0x9c,0x95,0x95,0xa0,0xa4,0x9d,0x9d,0xff,0xb1,0xad,0xad,0xfb,
    0xc7,0xc3,0xc3,0xff,0xcb,0xc8,0xc8,0xff,0xd4,0xd1,0xd1,0xff,0xdd,0xda,0xda,0xff,0xe5,0xe2,0xe2,0xff,0xed,0xea,0xea,0xff,
    0xf3,0xf0,0xf0,0xff,0xf9,0xf6,0xf6,0xff,0xfd,0xfa,0xfa,0xff,0xff,0xfc,0xfc,0xff,0xff,0xfd,0xfd,0xff,0xff,0xfe,0xfe,0xff,
    0xff,0xfe,0xfe,0xff,0xff,0xfe,0xfe,0xff,0xff,0xfe,0xfe,0xff,0xff,0xfe,0xfe,0xff,0xff,0xff,0xff,0xff,0xff,0xff,0xff,0xff,
    0xff,0xff,0xff,0xff,0xff,0xff,0xff,0xff,0xff,0xff,0xff,0xff,0xff,0xff,0xff,0xff,0xff,0xff,0xff,0xff,0xff,0xff,0xff,0xff,
    0xff,0xff,0xff,0xff,0xff,0xff,0xff,0xff,0xff,0xff,0xff,0xff,0xff,0xff,0xff,0xff,0xff,0xff,0xff,0xff,0xff,0xff,0xff,0xff,
    0xff,0xff,0xff,0xff,0xff,0xff,0xff,0xff,0xff,0xff,0xff,0xff,0xff,0xff,0xff,0xff,0xff,0xff,0xff,0xff,0xff,0xff,0xff,0xff,
    0xff,0xff,0xff,0xff,0xff,0xff,0xff,0xff,0xff,0xff,0xff,0xff,0xff,0xff,0xff,0xff,0xff,0xff,0xff,0xff,0xff,0xff,0xff,0xff,
    0xff,0xff,0xff,0xff,0xff,0xff,0xff,0xff,0xff,0xff,0xff,0xff,0xff,0xff,0xff,0xff,0xff,0xff,0xff,0xff,0xff,0xff,0xff,0xff,
    0xff,0xff,0xff,0xff,0xff,0xff,0xff,0xff,0xff,0xff,0xff,0xff,0xff,0xff,0xff,0xff,0xff,0xff,0xff,0xff,0xff,0xff,0xff,0xff,
    0xff,0xff,0xff,0xff,0xff,0xff,0xff,0xff,0xff,0xfe,0xfe,0xff,0xff,0xfe,0xfe,0xff,0xff,0xfe,0xfe,0xff,0xff,0xfe,0xfe,0xff,
    0xff,0xfe,0xfe,0xff,0xff,0xfd,0xfd,0xff,0xff,0xfc,0xfc,0xff,0xfe,0xfa,0xfa,0xff,0xfa,0xf7,0xf7,0xff,0xf5,0xf2,0xf2,0xff,
    0xee,0xeb,0xeb,0xff,0xe7,0xe4,0xe4,0xff,0xdf,0xdc,0xdc,0xff,0xd7,0xd4,0xd4,0xff,0xce,0xca,0xca,0xff,0xc7,0xc4,0xc4,0xff,
    0xba,0xb7,0xb7,0xfd,0xa2,0x9b,0x9b,0xff,0x9a,0x95,0x95,0xd8,0x7f,0x7f,0x7f,0x06,0x00,0x00,0x00,0x01,0x00,0x00,0x00,0x00,
    0x00,0x00,0x00,0x00,0x00,0x00,0x00,0x00,0x00,0x00,0x00,0x00,0x00,0x00,0x00,0x00,0x00,0x00,0x00,0x00,0x00,0x00,0x00,0x01,
    0x7f,0x7f,0x7f,0x06,0x9a,0x95,0x95,0xd8,0xa2,0x9b,0x9b,0xff,0xba,0xb7,0xb7,0xfd,0xc8,0xc5,0xc5,0xff,0xcf,0xcc,0xcc,0xff,
    0xd7,0xd4,0xd4,0xff,0xe0,0xdd,0xdd,0xff,0xe8,0xe5,0xe5,0xff,0xef,0xec,0xec,0xff,0xf6,0xf3,0xf3,0xff,0xfb,0xf8,0xf8,0xff,
    0xfe,0xfb,0xfb,0xff,0xff,0xfc,0xfc,0xff,0xff,0xfe,0xfe,0xff,0xff,0xfe,0xfe,0xff,0xff,0xfe,0xfe,0xff,0xff,0xfe,0xfe,0xff,
    0xff,0xfe,0xfe,0xff,0xff,0xff,0xff,0xff,0xff,0xff,0xff,0xff,0xff,0xff,0xff,0xff,0xff,0xff,0xff,0xff,0xff,0xff,0xff,0xff,
    0xff,0xff,0xff,0xff,0xff,0xff,0xff,0xff,0xff,0xff,0xff,0xff,0xff,0xff,0xff,0xff,0xff,0xff,0xff,0xff,0xff,0xff,0xff,0xff,
    0xff,0xff,0xff,0xff,0xff,0xff,0xff,0xff,0xff,0xff,0xff,0xff,0xff,0xff,0xff,0xff,0xff,0xff,0xff,0xff,0xff,0xff,0xff,0xff,
    0xff,0xff,0xff,0xff,0xff,0xff,0xff,0xff,0xff,0xff,0xff,0xff,0xff,0xff,0xff,0xff,0xff,0xff,0xff,0xff,0xff,0xff,0xff,0xff,
    0xff,0xff,0xff,0xff,0xff,0xff,0xff,0xff,0xff,0xff,0xff,0xff,0xff,0xff,0xff,0xff,0xff,0xff,0xff,0xff,0xff,0xff,0xff,0xff,
    0xff,0xff,0xff,0xff,0xff,0xff,0xff,0xff,0xff,0xff,0xff,0xff,0xff,0xff,0xff,0xff,0xff,0xff,0xff,0xff,0xff,0xff,0xff,0xff,
    0xff,0xff,0xff,0xff,0xff,0xff,0xff,0xff,0xff,0xff,0xff,0xff,0xff,0xff,0xff,0xff,0xff,0xff,0xff,0xff,0xff,0xff,0xff,0xff,
    0xff,0xff,0xff,0xff,0xff,0xfe,0xfe,0xff,0xff,0xfe,0xfe,0xff,0xff,0xfe,0xfe,0xff,0xff,0xfe,0xfe,0xff,0xff,0xfe,0xfe,0xff,
    0xff,0xfd,0xfd,0xff,0xfe,0xfb,0xfb,0xff,0xfc,0xf9,0xf9,0xff,0xf7,0xf4,0xf4,0xff,0xf0,0xed,0xed,0xff,0xe9,0xe6,0xe6,0xff,
    0xe2,0xdf,0xdf,0xff,0xd9,0xd6,0xd6,0xff,0xd1,0xce,0xce,0xff,0xc9,0xc6,0xc6,0xff,0xc1,0xbe,0xbe,0xff,0xa2,0x9c,0x9c,0xfe,
    0x9d,0x98,0x98,0xf9,0x9a,0x9a,0x9a,0x26,0x00,0x00,0x00,0x00,0x7f,0x7f,0x7f,0x02,0x00,0x00,0x00,0x00,0x00,0x00,0x00,0x00,
    0x00,0x00,0x00,0x00,0x00,0x00,0x00,0x00,0xff,0xff,0xff,0x02,0x00,0x00,0x00,0x00,0x9c,0x96,0x96,0x27,0x9e,0x98,0x98,0xf9,
    0xa0,0x9a,0x9a,0xfe,0xc1,0xbd,0xbd,0xff,0xca,0xc7,0xc7,0xff,0xd1,0xce,0xce,0xff,0xd9,0xd6,0xd6,0xff,0xe2,0xdf,0xdf,0xff,
    0xea,0xe7,0xe7,0xff,0xf2,0xef,0xef,0xff,0xf7,0xf4,0xf4,0xff,0xfb,0xf9,0xf9,0xff,0xfe,0xfb,0xfb,0xff,0xff,0xfd,0xfd,0xff,
    0xff,0xfe,0xfe,0xff,0xff,0xfe,0xfe,0xff,0xff,0xfe,0xfe,0xff,0xff,0xfe,0xfe,0xff,0xff,0xff,0xff,0xff,0xff,0xff,0xff,0xff,
    0xff,0xff,0xff,0xff,0xff,0xff,0xff,0xff,0xff,0xff,0xff,0xff,0xff,0xff,0xff,0xff,0xff,0xff,0xff,0xff,0xff,0xff,0xff,0xff,
    0xff,0xff,0xff,0xff,0xff,0xff,0xff,0xff,0xff,0xff,0xff,0xff,0xff,0xff,0xff,0xff,0xff,0xff,0xff,0xff,0xff,0xff,0xff,0xff,
    0xff,0xff,0xff,0xff,0xff,0xff,0xff,0xff,0xff,0xff,0xff,0xff,0xff,0xff,0xff,0xff,0xff,0xff,0xff,0xff,0xff,0xff,0xff,0xff,
    0xff,0xff,0xff,0xff,0xff,0xff,0xff,0xff,0xff,0xff,0xff,0xff,0xff,0xff,0xff,0xff,0xff,0xff,0xff,0xff,0xff,0xff,0xff,0xff,
    0xff,0xff,0xff,0xff,0xff,0xff,0xff,0xff,0xff,0xff,0xff,0xff,0xff,0xff,0xff,0xff,0xff,0xff,0xff,0xff,0xff,0xff,0xff,0xff,
    0xff,0xff,0xff,0xff,0xff,0xff,0xff,0xff,0xff,0xff,0xff,0xff,0xff,0xff,0xff,0xff,0xff,0xff,0xff,0xff,0xff,0xff,0xff,0xff,
    0xff,0xff,0xff,0xff,0xff,0xff,0xff,0xff,0xff,0xff,0xff,0xff,0xff,0xff,0xff,0xff,0xff,0xff,0xff,0xff,0xff,0xff,0xff,0xff,
    0xff,0xfe,0xfe,0xff,0xff,0xfe,0xfe,0xff,0xff,0xfe,0xfe,0xff,0xff,0xfe,0xfe,0xff,0xff,0xfd,0xfd,0xff,0xff,0xfc,0xfc,0xff,
    0xfc,0xf9,0xf9,0xff,0xf9,0xf6,0xf6,0xff,0xf3,0xf0,0xf0,0xff,0xec,0xe9,0xe9,0xff,0xe4,0xe1,0xe1,0xff,0xdb,0xd8,0xd8,0xff,
    0xd3,0xd0,0xd0,0xff,0xcb,0xc8,0xc8,0xff,0xc6,0xc3,0xc3,0xff,0xa6,0xa1,0xa1,0xfc,0xa4,0x9d,0x9d,0xff,0x9b,0x95,0x95,0x61,
    0x00,0x00,0x00,0x00,0xbf,0xbf,0xbf,0x04,0x00,0x00,0x00,0x00,0x00,0x00,0x00,0x00,0x00,0x00,0x00,0x00,0x00,0x00,0x00,0x00,
    0xaa,0xaa,0xaa,0x03,0x00,0x00,0x00,0x00,0x9c,0x99,0x99,0x53,0xa3,0x9c,0x9c,0xff,0xa6,0xa1,0xa1,0xfc,0xc5,0xc2,0xc2,0xff,
    0xcb,0xc8,0xc8,0xff,0xd3,0xd0,0xd0,0xff,0xdc,0xd9,0xd9,0xff,0xe4,0xe1,0xe1,0xff,0xed,0xea,0xea,0xff,0xf4,0xf1,0xf1,0xff,
    0xf9,0xf6,0xf6,0xff,0xfd,0xf9,0xf9,0xff,0xff,0xfc,0xfc,0xff,0xff,0xfe,0xfe,0xff,0xff,0xfe,0xfe,0xff,0xff,0xfe,0xfe,0xff,
    0xff,0xfe,0xfe,0xff,0xff,0xfe,0xfe,0xff,0xff,0xff,0xff,0xff,0xff,0xff,0xff,0xff,0xff,0xff,0xff,0xff,0xff,0xff,0xff,0xff,
    0xff,0xff,0xff,0xff,0xff,0xff,0xff,0xff,0xff,0xff,0xff,0xff,0xff,0xff,0xff,0xff,0xff,0xff,0xff,0xff,0xff,0xff,0xff,0xff,
    0xff,0xff,0xff,0xff,0xff,0xff,0xff,0xff,0xff,0xff,0xff,0xff,0xff,0xff,0xff,0xff,0xff,0xff,0xff,0xff,0xff,0xff,0xff,0xff,
    0xff,0xff,0xff,0xff,0xff,0xff,0xff,0xff,0xff,0xff,0xff,0xff,0xff,0xff,0xff,0xff,0xff,0xff,0xff,0xff,0xff,0xff,0xff,0xff,
    0xff,0xff,0xff,0xff,0xff,0xff,0xff,0xff,0xff,0xff,0xff,0xff,0xff,0xff,0xff,0xff,0xff,0xff,0xff,0xff,0xff,0xff,0xff,0xff,
    0xff,0xff,0xff,0xff,0xff,0xff,0xff,0xff,0xff,0xff,0xff,0xff,0xff,0xff,0xff,0xff,0xff,0xff,0xff,0xff,0xff,0xff,0xff,0xff,
    0xff,0xff,0xff,0xff,0xff,0xff,0xff,0xff,0xff,0xff,0xff,0xff,0xff,0xff,0xff,0xff,0xff,0xff,0xff,0xff,0xff,0xff,0xff,0xff,
    0xff,0xff,0xff,0xff,0xff,0xff,0xff,0xff,0xff,0xff,0xff,0xff,0xff,0xff,0xff,0xff,0xff,0xff,0xff,0xff,0xff,0xfe,0xfe,0xff,
    0xff,0xfe,0xfe,0xff,0xff,0xfe,0xfe,0xff,0xff,0xfe,0xfe,0xff,0xff,0xfd,0xfd,0xff,0xfe,0xfa,0xfa,0xff,0xfa,0xf7,0xf7,0xff,
    0xf5,0xf2,0xf2,0xff,0xef,0xec,0xec,0xff,0xe7,0xe4,0xe4,0xff,0xde,0xdb,0xdb,0xff,0xd5,0xd2,0xd2,0xff,0xcc,0xc9,0xc9,0xff,
    0xc8,0xc5,0xc5,0xff,0xb0,0xac,0xac,0xfb,0xa5,0x9e,0x9e,0xff,0x9c,0x96,0x96,0x93,0x00,0x00,0x00,0x00,0xbf,0xbf,0xbf,0x04,
    0x00,0x00,0x00,0x00,0x00,0x00,0x00,0x00,0x00,0x00,0x00,0x00,0x00,0x00,0x00,0x00,0xbf,0xbf,0xbf,0x04,0x00,0x00,0x00,0x00,
    0x9d,0x98,0x98,0x86,0xa5,0x9e,0x9e,0xff,0xae,0xaa,0xaa,0xfb,0xc7,0xc5,0xc5,0xff,0xcc,0xc9,0xc9,0xff,0xd5,0xd2,0xd2,0xff,
    0xdf,0xdc,0xdc,0xff,0xe7,0xe4,0xe4,0xff,0xef,0xec,0xec,0xff,0xf5,0xf2,0xf2,0xff,0xfa,0xf7,0xf7,0xff,0xfe,0xfb,0xfb,0xff,
    0xff,0xfe,0xfe,0xff,0xff,0xfe,0xfe,0xff,0xff,0xfe,0xfe,0xff,0xff,0xfe,0xfe,0xff,0xff,0xfe,0xfe,0xff,0xff,0xff,0xff,0xff,
    0xff,0xff,0xff,0xff,0xff,0xff,0xff,0xff,0xff,0xff,0xff,0xff,0xff,0xff,0xff,0xff,0xff,0xff,0xff,0xff,0xff,0xff,0xff,0xff,
    0xff,0xff,0xff,0xff,0xff,0xff,0xff,0xff,0xff,0xff,0xff,0xff,0xff,0xff,0xff,0xff,0xff,0xff,0xff,0xff,0xff,0xff,0xff,0xff,
    0xff,0xff,0xff,0xff,0xff,0xff,0xff,0xff,0xff,0xff,0xff,0xff,0xff,0xff,0xff,0xff,0xff,0xff,0xff,0xff,0xff,0xff,0xff,0xff,
    0xff,0xff,0xff,0xff,0xff,0xff,0xff,0xff,0xff,0xff,0xff,0xff,0xff,0xff,0xff,0xff,0xff,0xff,0xff,0xff,0xff,0xff,0xff,0xff,
    0xff,0xff,0xff,0xff,0xff,0xff,0xff,0xff,0xff,0xff,0xff,0xff,0xff,0xff,0xff,0xff,0xff,0xff,0xff,0xff,0xff,0xff,0xff,0xff,
    0xff,0xff,0xff,0xff,0xff,0xff,0xff,0xff,0xff,0xff,0xff,0xff,0xff,0xff,0xff,0xff,0xff,0xff,0xff,0xff,0xff,0xff,0xff,0xff,
    0xff,0xff,0xff,0xff,0xff,0xff,0xff,0xff,0xff,0xff,0xff,0xff,0xff,0xff,0xff,0xff,0xff,0xff,0xff,0xff,0xff,0xff,0xff,0xff,
    0xff,0xff,0xff,0xff,0xff,0xff,0xff,0xff,0xff,0xff,0xff,0xff,0xff,0xfe,0xfe,0xff,0xff,0xfe,0xfe,0xff,0xff,0xfe,0xfe,0xff,
    0xff,0xfe,0xfe,0xff,0xff,0xfe,0xfe,0xff,0xfe,0xfc,0xfc,0xff,0xfb,0xf8,0xf8,0xff,0xf6,0xf3,0xf3,0xff,0xf1,0xee,0xee,0xff,
    0xe9,0xe6,0xe6,0xff,0xe1,0xde,0xde,0xff,0xd8,0xd5,0xd5,0xff,0xce,0xcb,0xcb,0xff,0xc8,0xc6,0xc6,0xff,0xb8,0xb5,0xb5,0xfc,
    0xa3,0x9c,0x9c,0xff,0x9b,0x96,0x96,0xc3,0x7f,0x7f,0x7f,0x02,0x7f,0x7f,0x7f,0x02,0x00,0x00,0x00,0x00,0x00,0x00,0x00,0x00,
    0x00,0x00,0x00,0x00,0x00,0x00,0x00,0x00,0x7f,0x7f,0x7f,0x02,0x00,0x00,0x00,0x00,0x9b,0x95,0x95,0xb8,0xa3,0x9c,0x9c,0xff,
    0xb6,0xb2,0xb2,0xfc,0xc9,0xc6,0xc6,0xff,0xcf,0xcc,0xcc,0xff,0xd8,0xd5,0xd5,0xff,0xe1,0xde,0xde,0xff,0xe9,0xe6,0xe6,0xff,
    0xf1,0xee,0xee,0xff,0xf6,0xf3,0xf3,0xff,0xfc,0xf9,0xf9,0xff,0xff,0xfc,0xfc,0xff,0xff,0xfe,0xfe,0xff,0xff,0xfe,0xfe,0xff,
    0xff,0xfe,0xfe,0xff,0xff,0xfe,0xfe,0xff,0xff,0xff,0xff,0xff,0xff,0xff,0xff,0xff,0xff,0xff,0xff,0xff,0xff,0xff,0xff,0xff,
    0xff,0xff,0xff,0xff,0xff,0xff,0xff,0xff,0xff,0xff,0xff,0xff,0xff,0xff,0xff,0xff,0xff,0xff,0xff,0xff,0xff,0xff,0xff,0xff,
    0xff,0xff,0xff,0xff,0xff,0xff,0xff,0xff,0xff,0xff,0xff,0xff,0xff,0xff,0xff,0xff,0xff,0xff,0xff,0xff,0xff,0xff,0xff,0xff,
    0xff,0xff,0xff,0xff,0xff,0xff,0xff,0xff,0xff,0xff,0xff,0xff,0xff,0xff,0xff,0xff,0xff,0xff,0xff,0xff,0xff,0xff,0xff,0xff,
    0xff,0xff,0xff,0xff,0xff,0xff,0xff,0xff,0xff,0xff,0xff,0xff,0xff,0xff,0xff,0xff,0xff,0xff,0xff,0xff,0xff,0xff,0xff,0xff,
    0xff,0xff,0xff,0xff,0xff,0xff,0xff,0xff,0xff,0xff,0xff,0xff,0xff,0xff,0xff,0xff,0xff,0xff,0xff,0xff,0xff,0xff,0xff,0xff,
    0xff,0xff,0xff,0xff,0xff,0xff,0xff,0xff,0xff,0xff,0xff,0xff,0xff,0xff,0xff,0xff,0xff,0xff,0xff,0xff,0xff,0xff,0xff,0xff,
    0xff,0xff,0xff,0xff,0xff,0xff,0xff,0xff,0xff,0xff,0xff,0xff,0xff,0xff,0xff,0xff,0xff,0xff,0xff,0xff,0xff,0xff,0xff,0xff,
    0xff,0xff,0xff,0xff,0xff,0xff,0xff,0xff,0xff,0xfe,0xfe,0xff,0xff,0xfe,0xfe,0xff,0xff,0xfe,0xfe,0xff,0xff,0xfe,0xfe,0xff,
    0xff,0xfd,0xfd,0xff,0xfd,0xfa,0xfa,0xff,0xf8,0xf5,0xf5,0xff,0xf2,0xef,0xef,0xff,0xeb,0xe8,0xe8,0xff,0xe3,0xe0,0xe0,0xff,
    0xda,0xd7,0xd7,0xff,0xd1,0xce,0xce,0xff,0xca,0xc7,0xc7,0xff,0xbe,0xba,0xba,0xfe,0xa1,0x9b,0x9b,0xff,0x9a,0x95,0x95,0xea,
    0x99,0x99,0x99,0x0f,0x00,0x00,0x00,0x00,0xff,0xff,0xff,0x01,0x00,0x00,0x00,0x00,0x00,0x00,0x00,0x00,0xff,0xff,0xff,0x01,
    0x00,0x00,0x00,0x00,0x8d,0x8d,0x8d,0x09,0x9b,0x95,0x95,0xe1,0xa1,0x9b,0x9b,0xff,0xbe,0xbb,0xbb,0xfd,0xcb,0xc8,0xc8,0xff,
    0xd1,0xce,0xce,0xff,0xda,0xd7,0xd7,0xff,0xe3,0xe0,0xe0,0xff,0xeb,0xe8,0xe8,0xff,0xf2,0xef,0xef,0xff,0xf8,0xf5,0xf5,0xff,
    0xfe,0xfa,0xfa,0xff,0xff,0xfd,0xfd,0xff,0xff,0xfe,0xfe,0xff,0xff,0xfe,0xfe,0xff,0xff,0xfe,0xfe,0xff,0xff,0xff,0xff,0xff,
    0xff,0xff,0xff,0xff,0xff,0xff,0xff,0xff,0xff,0xff,0xff,0xff,0xff,0xff,0xff,0xff,0xff,0xff,0xff,0xff,0xff,0xff,0xff,0xff,
    0xff,0xff,0xff,0xff,0xff,0xff,0xff,0xff,0xff,0xff,0xff,0xff,0xff,0xff,0xff,0xff,0xff,0xff,0xff,0xff,0xff,0xff,0xff,0xff,
    0xff,0xff,0xff,0xff,0xff,0xff,0xff,0xff,0xff,0xff,0xff,0xff,0xff,0xff,0xff,0xff,0xff,0xff,0xff,0xff,0xff,0xff,0xff,0xff,
    0xff,0xff,0xff,0xff,0xff,0xff,0xff,0xff,0xff,0xff,0xff,0xff,0xff,0xff,0xff,0xff,0xff,0xff,0xff,0xff,0xff,0xff,0xff,0xff,
    0xff,0xff,0xff,0xff,0xff,0xff,0xff,0xff,0xff,0xff,0xff,0xff,0xff,0xff,0xff,0xff,0xff,0xff,0xff,0xff,0xff,0xff,0xff,0xff,
    0xff,0xff,0xff,0xff,0xff,0xff,0xff,0xff,0xff,0xff,0xff,0xff,0xff,0xff,0xff,0xff,0xff,0xff,0xff,0xff,0xff,0xff,0xff,0xff,
    0xff,0xff,0xff,0xff,0xff,0xff,0xff,0xff,0xff,0xff,0xff,0xff,0xff,0xff,0xff,0xff,0xff,0xff,0xff,0xff,0xff,0xff,0xff,0xff,
    0xff,0xff,0xff,0xff,0xff,0xff,0xff,0xff,0xff,0xff,0xff,0xff,0xff,0xff,0xff,0xff,0xff,0xff,0xff,0xff,0xff,0xff,0xff,0xff,
    0xff,0xff,0xff,0xff,0xff,0xfe,0xfe,0xff,0xff,0xfe,0xfe,0xff,0xff,0xfe,0xfe,0xff,0xff,0xfd,0xfd,0xff,0xfe,0xfb,0xfb,0xff,
    0xfa,0xf7,0xf7,0xff,0xf3,0xf0,0xf0,0xff,0xed,0xea,0xea,0xff,0xe5,0xe2,0xe2,0xff,0xdc,0xd9,0xd9,0xff,0xd4,0xd1,0xd1,0xff,
    0xcb,0xc8,0xc8,0xff,0xc4,0xc1,0xc1,0xff,0xa3,0x9d,0x9d,0xfe,0x9f,0x99,0x99,0xfb,0x9c,0x96,0x96,0x31,0x00,0x00,0x00,0x00,
    0xff,0xff,0xff,0x02,0x00,0x00,0x00,0x00,0x00,0x00,0x00,0x00,0xff,0xff,0xff,0x02,0x00,0x00,0x00,0x00,0x9b,0x95,0x95,0x29,
    0x9e,0x98,0x98,0xf9,0xa1,0x9b,0x9b,0xfe,0xc2,0xbf,0xbf,0xff,0xcc,0xc9,0xc9,0xff,0xd3,0xd0,0xd0,0xff,0xdc,0xd9,0xd9,0xff,
    0xe5,0xe2,0xe2,0xff,0xed,0xea,0xea,0xff,0xf4,0xf1,0xf1,0xff,0xfa,0xf7,0xf7,0xff,0xfe,0xfb,0xfb,0xff,0xff,0xfd,0xfd,0xff,
    0xff,0xfe,0xfe,0xff,0xff,0xfe,0xfe,0xff,0xff,0xff,0xff,0xff,0xff,0xff,0xff,0xff,0xff,0xff,0xff,0xff,0xff,0xff,0xff,0xff,
    0xff,0xff,0xff,0xff,0xff,0xff,0xff,0xff,0xff,0xff,0xff,0xff,0xff,0xff,0xff,0xff,0xff,0xff,0xff,0xff,0xff,0xff,0xff,0xff,
    0xff,0xff,0xff,0xff,0xff,0xff,0xff,0xff,0xff,0xff,0xff,0xff,0xff,0xff,0xff,0xff,0xff,0xff,0xff,0xff,0xff,0xff,0xff,0xff,
    0xff,0xff,0xff,0xff,0xff,0xff,0xff,0xff,0xff,0xff,0xff,0xff,0xff,0xff,0xff,0xff,0xff,0xff,0xff,0xff,0xff,0xff,0xff,0xff,
    0xff,0xff,0xff,0xff,0xff,0xff,0xff,0xff,0xff,0xff,0xff,0xff,0xff,0xff,0xff,0xff,0xff,0xff,0xff,0xff,0xff,0xff,0xff,0xff,
    0xff,0xff,0xff,0xff,0xff,0xff,0xff,0xff,0xff,0xff,0xff,0xff,0xff,0xff,0xff,0xff,0xff,0xff,0xff,0xff,0xff,0xff,0xff,0xff,
    0xff,0xff,0xff,0xff,0xff,0xff,0xff,0xff,0xff,0xff,0xff,0xff,0xff,0xff,0xff,0xff,0xff,0xff,0xff,0xff,0xff,0xff,0xff,0xff,
    0xff,0xff,0xff,0xff,0xff,0xff,0xff,0xff,0xff,0xff,0xff,0xff,0xff,0xff,0xff,0xff,0xff,0xff,0xff,0xff,0xff,0xff,0xff,0xff,
    0xff,0xff,0xff,0xff,0xff,0xff,0xff,0xff,0xff,0xff,0xff,0xff,0xff,0xff,0xff,0xff,0xff,0xff,0xff,0xff,0xff,0xff,0xff,0xff,
    0xff,0xfe,0xfe,0xff,0xff,0xfe,0xfe,0xff,0xff,0xfe,0xfe,0xff,0xfe,0xfb,0xfb,0xff,0xfb,0xf8,0xf8,0xff,0xf6,0xf3,0xf3,0xff,
    0xee,0xeb,0xeb,0xff,0xe7,0xe4,0xe4,0xff,0xde,0xdb,0xdb,0xff,0xd5,0xd2,0xd2,0xff,0xcd,0xca,0xca,0xff,0xc7,0xc4,0xc4,0xff,
    0xa7,0xa2,0xa2,0xfc,0xa4,0x9d,0x9d,0xff,0x9c,0x96,0x96,0x62,0x00,0x00,0x00,0x00,0xbf,0xbf,0xbf,0x04,0x00,0x00,0x00,0x00,
    0x00,0x00,0x00,0x00,0xaa,0xaa,0xaa,0x03,0x00,0x00,0x00,0x00,0x9b,0x97,0x97,0x4a,0xa2,0x9c,0x9c,0xff,0xa6,0xa0,0xa0,0xfd,
    0xc6,0xc3,0xc3,0xff,0xcc,0xc9,0xc9,0xff,0xd5,0xd2,0xd2,0xff,0xde,0xdb,0xdb,0xff,0xe7,0xe4,0xe4,0xff,0xef,0xec,0xec,0xff,
    0xf6,0xf3,0xf3,0xff,0xfb,0xf8,0xf8,0xff,0xfe,0xfc,0xfc,0xff,0xff,0xfe,0xfe,0xff,0xff,0xfe,0xfe,0xff,0xff,0xfe,0xfe,0xff,
    0xff,0xff,0xff,0xff,0xff,0xff,0xff,0xff,0xff,0xff,0xff,0xff,0xff,0xff,0xff,0xff,0xff,0xff,0xff,0xff,0xff,0xff,0xff,0xff,
    0xff,0xff,0xff,0xff,0xff,0xff,0xff,0xff,0xff,0xff,0xff,0xff,0xff,0xff,0xff,0xff,0xff,0xff,0xff,0xff,0xff,0xff,0xff,0xff,
    0xff,0xff,0xff,0xff,0xff,0xff,0xff,0xff,0xff,0xff,0xff,0xff,0xff,0xff,0xff,0xff,0xff,0xff,0xff,0xff,0xff,0xff,0xff,0xff,
    0xff,0xff,0xff,0xff,0xff,0xff,0xff,0xff,0xff,0xff,0xff,0xff,0xff,0xff,0xff,0xff,0xff,0xff,0xff,0xff,0xff,0xff,0xff,0xff,
    0xff,0xff,0xff,0xff,0xff,0xff,0xff,0xff,0xff,0xff,0xff,0xff,0xff,0xff,0xff,0xff,0xff,0xff,0xff,0xff,0xff,0xff,0xff,0xff,
    0xff,0xff,0xff,0xff,0xff,0xff,0xff,0xff,0xff,0xff,0xff,0xff,0xff,0xff,0xff,0xff,0xff,0xff,0xff,0xff,0xff,0xff,0xff,0xff,
    0xff,0xff,0xff,0xff,0xff,0xff,0xff,0xff,0xff,0xff,0xff,0xff,0xff,0xff,0xff,0xff,0xff,0xff,0xff,0xff,0xff,0xff,0xff,0xff,
    0xff,0xff,0xff,0xff,0xff,0xff,0xff,0xff,0xff,0xff,0xff,0xff,0xff,0xff,0xff,0xff,0xff,0xff,0xff,0xff,0xff,0xff,0xff,0xff,
    0xff,0xff,0xff,0xff,0xff,0xff,0xff,0xff,0xff,0xff,0xff,0xff,0xff,0xff,0xff,0xff,0xff,0xfe,0xfe,0xff,0xff,0xfe,0xfe,0xff,
    0xff,0xfe,0xfe,0xff,0xff,0xfc,0xfc,0xff,0xfc,0xf9,0xf9,0xff,0xf7,0xf4,0xf4,0xff,0xf1,0xee,0xee,0xff,0xe9,0xe6,0xe6,0xff,
    0xe0,0xdd,0xdd,0xff,0xd7,0xd4,0xd4,0xff,0xce,0xcb,0xcb,0xff,0xc9,0xc6,0xc6,0xff,0xaf,0xab,0xab,0xfb,0xa5,0x9e,0x9e,0xff,
    0x9c,0x96,0x96,0x89,0x00,0x00,0x00,0x00,0xbf,0xbf,0xbf,0x04,0x00,0x00,0x00,0x00,0x00,0x00,0x00,0x00,0xbf,0xbf,0xbf,0x04,
    0x00,0x00,0x00,0x00,0x9d,0x97,0x97,0x76,0xa5,0x9e,0x9e,0xff,0xad,0xa8,0xa8,0xfb,0xc9,0xc6,0xc6,0xff,0xcd,0xca,0xca,0xff,
    0xd7,0xd4,0xd4,0xff,0xe0,0xdd,0xdd,0xff,0xe9,0xe6,0xe6,0xff,0xf1,0xee,0xee,0xff,0xf7,0xf4,0xf4,0xff,0xfc,0xf9,0xf9,0xff,
    0xff,0xfc,0xfc,0xff,0xff,0xfe,0xfe,0xff,0xff,0xfe,0xfe,0xff,0xff,0xff,0xff,0xff,0xff,0xff,0xff,0xff,0xff,0xff,0xff,0xff,
    0xff,0xff,0xff,0xff,0xff,0xff,0xff,0xff,0xff,0xff,0xff,0xff,0xff,0xff,0xff,0xff,0xff,0xff,0xff,0xff,0xff,0xff,0xff,0xff,
    0xff,0xff,0xff,0xff,0xff,0xff,0xff,0xff,0xff,0xff,0xff,0xff,0xff,0xff,0xff,0xff,0xff,0xff,0xff,0xff,0xff,0xff,0xff,0xff,
    0xff,0xff,0xff,0xff,0xff,0xff,0xff,0xff,0xff,0xff,0xff,0xff,0xff,0xff,0xff,0xff,0xff,0xff,0xff,0xff,0xff,0xff,0xff,0xff,
    0xff,0xff,0xff,0xff,0xff,0xff,0xff,0xff,0xff,0xff,0xff,0xff,0xff,0xff,0xff,0xff,0xff,0xff,0xff,0xff,0xff,0xff,0xff,0xff,
    0xff,0xff,0xff,0xff,0xff,0xff,0xff,0xff,0xff,0xff,0xff,0xff,0xff,0xff,0xff,0xff,0xff,0xff,0xff,0xff,0xff,0xff,0xff,0xff,
    0xff,0xff,0xff,0xff,0xff,0xff,0xff,0xff,0xff,0xff,0xff,0xff,0xff,0xff,0xff,0xff,0xff,0xff,0xff,0xff,0xff,0xff,0xff,0xff,
    0xff,0xff,0xff,0xff,0xff,0xff,0xff,0xff,0xff,0xff,0xff,0xff,0xff,0xff,0xff,0xff,0xff,0xff,0xff,0xff,0xff,0xff,0xff,0xff,
    0xff,0xff,0xff,0xff,0xff,0xff,0xff,0xff,0xff,0xff,0xff,0xff,0xff,0xff,0xff,0xff,0xff,0xff,0xff,0xff,0xff,0xff,0xff,0xff,
    0xff,0xff,0xff,0xff,0xff,0xff,0xff,0xff,0xff,0xff,0xff,0xff,0xff,0xfe,0xfe,0xff,0xff,0xfe,0xfe,0xff,0xff,0xfd,0xfd,0xff,
    0xfd,0xfa,0xfa,0xff,0xf8,0xf5,0xf5,0xff,0xf2,0xef,0xef,0xff,0xeb,0xe8,0xe8,0xff,0xe2,0xdf,0xdf,0xff,0xd9,0xd6,0xd6,0xff,
    0xd0,0xcd,0xcd,0xff,0xca,0xc7,0xc7,0xff,0xb7,0xb3,0xb3,0xfc,0xa3,0x9c,0x9c,0xff,0x9c,0x96,0x96,0xb5,0x00,0x00,0x00,0x00,
    0x7f,0x7f,0x7f,0x02,0x00,0x00,0x00,0x00,0x00,0x00,0x00,0x00,0xaa,0xaa,0xaa,0x03,0x00,0x00,0x00,0x00,0x9c,0x96,0x96,0xa1,
    0xa4,0x9d,0x9d,0xff,0xb1,0xad,0xad,0xfb,0xca,0xc7,0xc7,0xff,0xd0,0xcd,0xcd,0xff,0xd9,0xd6,0xd6,0xff,0xe2,0xdf,0xdf,0xff,
    0xeb,0xe8,0xe8,0xff,0xf2,0xef,0xef,0xff,0xf8,0xf5,0xf5,0xff,0xfd,0xfa,0xfa,0xff,0xff,0xfd,0xfd,0xff,0xff,0xfe,0xfe,0xff,
    0xff,0xff,0xff,0xff,0xff,0xff,0xff,0xff,0xff,0xff,0xff,0xff,0xff,0xff,0xff,0xff,0xff,0xff,0xff,0xff,0xff,0xff,0xff,0xff,
    0xff,0xff,0xff,0xff,0xff,0xff,0xff,0xff,0xff,0xff,0xff,0xff,0xff,0xff,0xff,0xff,0xff,0xff,0xff,0xff,0xff,0xff,0xff,0xff,
    0xff,0xff,0xff,0xff,0xff,0xff,0xff,0xff,0xff,0xff,0xff,0xff,0xff,0xff,0xff,0xff,0xff,0xff,0xff,0xff,0xff,0xff,0xff,0xff,
    0xff,0xff,0xff,0xff,0xff,0xff,0xff,0xff,0xff,0xff,0xff,0xff,0xff,0xff,0xff,0xff,0xff,0xff,0xff,0xff,0xff,0xff,0xff,0xff,
    0xff,0xff,0xff,0xff,0xff,0xff,0xff,0xff,0xff,0xff,0xff,0xff,0xff,0xff,0xff,0xff,0xff,0xff,0xff,0xff,0xff,0xff,0xff,0xff,
    0xff,0xff,0xff,0xff,0xff,0xff,0xff,0xff,0xff,0xff,0xff,0xff,0xff,0xff,0xff,0xff,0xff,0xff,0xff,0xff,0xff,0xff,0xff,0xff,
    0xff,0xff,0xff,0xff,0xff,0xff,0xff,0xff,0xff,0xff,0xff,0xff,0xff,0xff,0xff,0xff,0xff,0xff,0xff,0xff,0xff,0xff,0xff,0xff,
    0xff,0xff,0xff,0xff,0xff,0xff,0xff,0xff,0xff,0xff,0xff,0xff,0xff,0xff,0xff,0xff,0xff,0xff,0xff,0xff,0xff,0xff,0xff,0xff,
    0xff,0xff,0xff,0xff,0xff,0xff,0xff,0xff,0xff,0xff,0xff,0xff,0xff,0xff,0xff,0xff,0xff,0xff,0xff,0xff,0xff,0xff,0xff,0xff,
    0xff,0xff,0xff,0xff,0xff,0xff,0xff,0xff,0xff,0xfe,0xfe,0xff,0xff,0xfd,0xfd,0xff,0xfe,0xfb,0xfb,0xff,0xf9,0xf6,0xf6,0xff,
    0xf4,0xf1,0xf1,0xff,0xed,0xea,0xea,0xff,0xe4,0xe1,0xe1,0xff,0xdb,0xd8,0xd8,0xff,0xd2,0xcf,0xcf,0xff,0xcb,0xc8,0xc8,0xff,
    0xbb,0xb7,0xb7,0xfd,0xa1,0x9b,0x9b,0xff,0x9c,0x96,0x96,0xd7,0x8d,0x8d,0x8d,0x09,0x00,0x00,0x00,0x01,0xff,0xff,0xff,0x01,
    0x00,0x00,0x00,0x00,0x7f,0x7f,0x7f,0x02,0x00,0x00,0x00,0x00,0x9b,0x96,0x96,0xc0,0xa3,0x9c,0x9c,0xff,0xb9,0xb5,0xb5,0xfc,
    0xcc,0xc9,0xc9,0xff,0xd2,0xce,0xce,0xff,0xdb,0xd8,0xd8,0xff,0xe4,0xe1,0xe1,0xff,0xec,0xe9,0xe9,0xff,0xf3,0xf0,0xf0,0xff,
    0xf9,0xf6,0xf6,0xff,0xfe,0xfa,0xfa,0xff,0xff,0xfd,0xfd,0xff,0xff,0xff,0xff,0xff,0xff,0xff,0xff,0xff,0xff,0xff,0xff,0xff,
    0xff,0xff,0xff,0xff,0xff,0xff,0xff,0xff,0xff,0xff,0xff,0xff,0xff,0xff,0xff,0xff,0xff,0xff,0xff,0xff,0xff,0xff,0xff,0xff,
    0xff,0xff,0xff,0xff,0xff,0xff,0xff,0xff,0xff,0xff,0xff,0xff,0xff,0xff,0xff,0xff,0xff,0xff,0xff,0xff,0xff,0xff,0xff,0xff,
    0xff,0xff,0xff,0xff,0xff,0xff,0xff,0xff,0xff,0xff,0xff,0xff,0xff,0xff,0xff,0xff,0xff,0xff,0xff,0xff,0xff,0xff,0xff,0xff,
    0xff,0xff,0xff,0xff,0xff,0xff,0xff,0xff,0xff,0xff,0xff,0xff,0xff,0xff,0xff,0xff,0xff,0xff,0xff,0xff,0xff,0xff,0xff,0xff,
    0xff,0xff,0xff,0xff,0xff,0xff,0xff,0xff,0xff,0xff,0xff,0xff,0xff,0xff,0xff,0xff,0xff,0xff,0xff,0xff,0xff,0xff,0xff,0xff,
    0xff,0xff,0xff,0xff,0xff,0xff,0xff,0xff,0xff,0xff,0xff,0xff,0xff,0xff,0xff,0xff,0xff,0xff,0xff,0xff,0xff,0xff,0xff,0xff,
    0xff,0xff,0xff,0xff,0xff,0xff,0xff,0xff,0xff,0xff,0xff,0xff,0xff,0xff,0xff,0xff,0xff,0xff,0xff,0xff,0xff,0xff,0xff,0xff,
    0xff,0xff,0xff,0xff,0xff,0xff,0xff,0xff,0xff,0xff,0xff,0xff,0xff,0xff,0xff,0xff,0xff,0xff,0xff,0xff,0xff,0xff,0xff,0xff,
    0xff,0xff,0xff,0xff,0xff,0xff,0xff,0xff,0xff,0xff,0xff,0xff,0xff,0xff,0xff,0xff,0xff,0xff,0xff,0xff,0xff,0xff,0xff,0xff,
    0xff,0xff,0xff,0xff,0xff,0xfe,0xfe,0xff,0xfe,0xfb,0xfb,0xff,0xfa,0xf8,0xf8,0xff,0xf5,0xf2,0xf2,0xff,0xee,0xeb,0xeb,0xff,
    0xe6,0xe3,0xe3,0xff,0xdd,0xda,0xda,0xff,0xd4,0xd1,0xd1,0xff,0xcc,0xc9,0xc9,0xff,0xc1,0xbe,0xbe,0xfe,0xa0,0x9a,0x9a,0xff,
    0x9a,0x95,0x95,0xf1,0x8f,0x8f,0x8f,0x10,0x00,0x00,0x00,0x00,0xff,0xff,0xff,0x01,0xff,0xff,0xff,0x01,0x00,0x00,0x00,0x01,
    0x9c,0x9c,0x9c,0x0d,0x9b,0x96,0x96,0xe1,0xa1,0x9a,0x9a,0xff,0xbd,0xba,0xba,0xfd,0xcc,0xc9,0xc9,0xff,0xd3,0xd0,0xd0,0xff,
    0xdc,0xd9,0xd9,0xff,0xe5,0xe2,0xe2,0xff,0xed,0xea,0xea,0xff,0xf5,0xf2,0xf2,0xff,0xfa,0xf7,0xf7,0xff,0xfe,0xfb,0xfb,0xff,
    0xff,0xff,0xff,0xff,0xff,0xff,0xff,0xff,0xff,0xff,0xff,0xff,0xff,0xff,0xff,0xff,0xff,0xff,0xff,0xff,0xff,0xff,0xff,0xff,
    0xff,0xff,0xff,0xff,0xff,0xff,0xff,0xff,0xff,0xff,0xff,0xff,0xff,0xff,0xff,0xff,0xff,0xff,0xff,0xff,0xff,0xff,0xff,0xff,
    0xff,0xff,0xff,0xff,0xff,0xff,0xff,0xff,0xff,0xff,0xff,0xff,0xff,0xff,0xff,0xff,0xff,0xff,0xff,0xff,0xff,0xff,0xff,0xff,
    0xff,0xff,0xff,0xff,0xff,0xff,0xff,0xff,0xff,0xff,0xff,0xff,0xff,0xff,0xff,0xff,0xff,0xff,0xff,0xff,0xff,0xff,0xff,0xff,
    0xff,0xff,0xff,0xff,0xff,0xff,0xff,0xff,0xff,0xff,0xff,0xff,0xff,0xff,0xff,0xff,0xff,0xff,0xff,0xff,0xff,0xff,0xff,0xff,
    0xff,0xff,0xff,0xff,0xff,0xff,0xff,0xff,0xff,0xff,0xff,0xff,0xff,0xff,0xff,0xff,0xff,0xff,0xff,0xff,0xff,0xff,0xff,0xff,
    0xff,0xff,0xff,0xff,0xff,0xff,0xff,0xff,0xff,0xff,0xff,0xff,0xff,0xff,0xff,0xff,0xff,0xff,0xff,0xff,0xff,0xff,0xff,0xff,
    0xff,0xff,0xff,0xff,0xff,0xff,0xff,0xff,0xff,0xff,0xff,0xff,0xff,0xff,0xff,0xff,0xff,0xff,0xff,0xff,0xff,0xff,0xff,0xff,
    0xff,0xff,0xff,0xff,0xff,0xff,0xff,0xff,0xff,0xff,0xff,0xff,0xff,0xff,0xff,0xff,0xff,0xff,0xff,0xff,0xff,0xff,0xff,0xff,
    0xff,0xff,0xff,0xff,0xff,0xff,0xff,0xff,0xff,0xff,0xff,0xff,0xff,0xff,0xff,0xff,0xff,0xff,0xff,0xff,0xff,0xff,0xff,0xff,
    0xff,0xfc,0xfc,0xff,0xfb,0xf8,0xf8,0xff,0xf6,0xf3,0xf3,0xff,0xef,0xec,0xec,0xff,0xe7,0xe4,0xe4,0xff,0xdf,0xdc,0xdc,0xff,
    0xd5,0xd2,0xd2,0xff,0xcd,0xca,0xca,0xff,0xc4,0xc1,0xc1,0xff,0xa3,0x9d,0x9d,0xfd,0xa0,0x9a,0x9a,0xfa,0x9b,0x97,0x97,0x36,
    0x00,0x00,0x00,0x00,0xff,0xff,0xff,0x02,0xff,0xff,0xff,0x01,0x00,0x00,0x00,0x00,0x8f,0x8f,0x8f,0x10,0x9b,0x95,0x95,0xf0,
    0xa1,0x9b,0x9b,0xff,0xc1,0xbe,0xbe,0xfe,0xcd,0xca,0xca,0xff,0xd4,0xd1,0xd1,0xff,0xdd,0xda,0xda,0xff,0xe6,0xe3,0xe3,0xff,
    0xee,0xeb,0xeb,0xff,0xf5,0xf3,0xf3,0xff,0xfc,0xf9,0xf9,0xff,0xff,0xfd,0xfd,0xff,0xff,0xff,0xff,0xff,0xff,0xff,0xff,0xff,
    0xff,0xff,0xff,0xff,0xff,0xff,0xff,0xff,0xff,0xff,0xff,0xff,0xff,0xff,0xff,0xff,0xff,0xff,0xff,0xff,0xff,0xff,0xff,0xff,
    0xff,0xff,0xff,0xff,0xff,0xff,0xff,0xff,0xff,0xff,0xff,0xff,0xff,0xff,0xff,0xff,0xff,0xff,0xff,0xff,0xff,0xff,0xff,0xff,
    0xff,0xff,0xff,0xff,0xff,0xff,0xff,0xff,0xff,0xff,0xff,0xff,0xff,0xff,0xff,0xff,0xff,0xff,0xff,0xff,0xff,0xff,0xff,0xff,
    0xff,0xff,0xff,0xff,0xff,0xff,0xff,0xff,0xff,0xff,0xff,0xff,0xff,0xff,0xff,0xff,0xff,0xff,0xff,0xff,0xff,0xff,0xff,0xff,
    0xff,0xff,0xff,0xff,0xff,0xff,0xff,0xff,0xff,0xff,0xff,0xff,0xff,0xff,0xff,0xff,0xff,0xff,0xff,0xff,0xff,0xff,0xff,0xff,
    0xff,0xff,0xff,0xff,0xff,0xff,0xff,0xff,0xff,0xff,0xff,0xff,0xff,0xff,0xff,0xff,0xff,0xff,0xff,0xff,0xff,0xff,0xff,0xff,
    0xff,0xff,0xff,0xff,0xff,0xff,0xff,0xff,0xff,0xff,0xff,0xff,0xff,0xff,0xff,0xff,0xff,0xff,0xff,0xff,0xff,0xff,0xff,0xff,
    0xff,0xff,0xff,0xff,0xff,0xff,0xff,0xff,0xff,0xff,0xff,0xff,0xff,0xff,0xff,0xff,0xff,0xff,0xff,0xff,0xff,0xff,0xff,0xff,
    0xff,0xff,0xff,0xff,0xff,0xff,0xff,0xff,0xff,0xff,0xff,0xff,0xff,0xff,0xff,0xff,0xff,0xff,0xff,0xff,0xff,0xff,0xff,0xff,
    0xff,0xff,0xff,0xff,0xff,0xff,0xff,0xff,0xff,0xff,0xff,0xff,0xff,0xff,0xff,0xff,0xff,0xfd,0xfd,0xff,0xfd,0xf9,0xf9,0xff,
    0xf7,0xf4,0xf4,0xff,0xf0,0xed,0xed,0xff,0xe8,0xe5,0xe5,0xff,0xe0,0xdd,0xdd,0xff,0xd7,0xd4,0xd4,0xff,0xce,0xcb,0xcb,0xff,
    0xc8,0xc5,0xc5,0xff,0xa5,0xa0,0xa0,0xfd,0xa2,0x9c,0x9c,0xff,0x9e,0x96,0x96,0x42,0x00,0x00,0x00,0x00,0xaa,0xaa,0xaa,0x03,
    0xaa,0xaa,0xaa,0x03,0x00,0x00,0x00,0x00,0xa0,0x97,0x97,0x36,0xa0,0x9a,0x9a,0xfa,0xa4,0x9f,0x9f,0xfd,0xc5,0xc2,0xc2,0xff,
    0xcd,0xca,0xca,0xff,0xd5,0xd2,0xd2,0xff,0xdf,0xdc,0xdc,0xff,0xe7,0xe4,0xe4,0xff,0xf0,0xed,0xed,0xff,0xf7,0xf4,0xf4,0xff,
    0xfd,0xfa,0xfa,0xff,0xff,0xfd,0xfd,0xff,0xff,0xff,0xff,0xff,0xff,0xff,0xff,0xff,0xff,0xff,0xff,0xff,0xff,0xff,0xff,0xff,
    0xff,0xff,0xff,0xff,0xff,0xff,0xff,0xff,0xff,0xff,0xff,0xff,0xff,0xff,0xff,0xff,0xff,0xff,0xff,0xff,0xff,0xff,0xff,0xff,
    0xff,0xff,0xff,0xff,0xff,0xff,0xff,0xff,0xff,0xff,0xff,0xff,0xff,0xff,0xff,0xff,0xff,0xff,0xff,0xff,0xff,0xff,0xff,0xff,
    0xff,0xff,0xff,0xff,0xff,0xff,0xff,0xff,0xff,0xff,0xff,0xff,0xff,0xff,0xff,0xff,0xff,0xff,0xff,0xff,0xff,0xff,0xff,0xff,
    0xff,0xff,0xff,0xff,0xff,0xff,0xff,0xff,0xff,0xff,0xff,0xff,0xff,0xff,0xff,0xff,0xff,0xff,0xff,0xff,0xff,0xff,0xff,0xff,
    0xff,0xff,0xff,0xff,0xff,0xff,0xff,0xff,0xff,0xff,0xff,0xff,0xff,0xff,0xff,0xff,0xff,0xff,0xff,0xff,0xff,0xff,0xff,0xff,
    0xff,0xff,0xff,0xff,0xff,0xff,0xff,0xff,0xff,0xff,0xff,0xff,0xff,0xff,0xff,0xff,0xff,0xff,0xff,0xff,0xff,0xff,0xff,0xff,
    0xff,0xff,0xff,0xff,0xff,0xff,0xff,0xff,0xff,0xff,0xff,0xff,0xff,0xff,0xff,0xff,0xff,0xff,0xff,0xff,0xff,0xff,0xff,0xff,
    0xff,0xff,0xff,0xff,0xff,0xff,0xff,0xff,0xff,0xff,0xff,0xff,0xff,0xff,0xff,0xff,0xff,0xff,0xff,0xff,0xff,0xff,0xff,0xff,
    0xff,0xff,0xff,0xff,0xff,0xff,0xff,0xff,0xff,0xff,0xff,0xff,0xff,0xff,0xff,0xff,0xff,0xff,0xff,0xff,0xff,0xff,0xff,0xff,
    0xff,0xff,0xff,0xff,0xff,0xff,0xff,0xff,0xff,0xfe,0xfe,0xff,0xfe,0xfb,0xfb,0xff,0xf8,0xf5,0xf5,0xff,0xf2,0xef,0xef,0xff,
    0xea,0xe7,0xe7,0xff,0xe1,0xde,0xde,0xff,0xd8,0xd5,0xd5,0xff,0xce,0xcb,0xcb,0xff,0xc9,0xc6,0xc6,0xff,0xac,0xa7,0xa7,0xfc,
    0xa4,0x9d,0x9d,0xff,0x9d,0x97,0x97,0x71,0x00,0x00,0x00,0x00,0xbf,0xbf,0xbf,0x04,0xaa,0xaa,0xaa,0x03,0x00,0x00,0x00,0x00,
    0x9f,0x97,0x97,0x40,0xa2,0x9c,0x9c,0xff,0xa4,0xa0,0xa0,0xfd,0xc8,0xc5,0xc5,0xff,0xce,0xcb,0xcb,0xff,0xd7,0xd4,0xd4,0xff,
    0xe0,0xdd,0xdd,0xff,0xea,0xe7,0xe7,0xff,0xf2,0xef,0xef,0xff,0xf8,0xf5,0xf5,0xff,0xfd,0xfa,0xfa,0xff,0xff,0xfd,0xfd,0xff,
    0xff,0xff,0xff,0xff,0xff,0xff,0xff,0xff,0xff,0xff,0xff,0xff,0xff,0xff,0xff,0xff,0xff,0xff,0xff,0xff,0xff,0xff,0xff,0xff,
    0xff,0xff,0xff,0xff,0xff,0xff,0xff,0xff,0xff,0xff,0xff,0xff,0xff,0xff,0xff,0xff,0xff,0xff,0xff,0xff,0xff,0xff,0xff,0xff,
    0xff,0xff,0xff,0xff,0xff,0xff,0xff,0xff,0xff,0xff,0xff,0xff,0xff,0xff,0xff,0xff,0xff,0xff,0xff,0xff,0xff,0xff,0xff,0xff,
    0xff,0xff,0xff,0xff,0xff,0xff,0xff,0xff,0xff,0xff,0xff,0xff,0xff,0xff,0xff,0xff,0xff,0xff,0xff,0xff,0xff,0xff,0xff,0xff,
    0xff,0xff,0xff,0xff,0xff,0xff,0xff,0xff,0xff,0xff,0xff,0xff,0xff,0xff,0xff,0xff,0xff,0xff,0xff,0xff,0xff,0xff,0xff,0xff,
    0xff,0xff,0xff,0xff,0xff,0xff,0xff,0xff,0xff,0xff,0xff,0xff,0xff,0xff,0xff,0xff,0xff,0xff,0xff,0xff,0xff,0xff,0xff,0xff,
    0xff,0xff,0xff,0xff,0xff,0xff,0xff,0xff,0xff,0xff,0xff,0xff,0xff,0xff,0xff,0xff,0xff,0xff,0xff,0xff,0xff,0xff,0xff,0xff,
    0xff,0xff,0xff,0xff,0xff,0xff,0xff,0xff,0xff,0xff,0xff,0xff,0xff,0xff,0xff,0xff,0xff,0xff,0xff,0xff,0xff,0xff,0xff,0xff,
    0xff,0xff,0xff,0xff,0xff,0xff,0xff,0xff,0xff,0xff,0xff,0xff,0xff,0xff,0xff,0xff,0xff,0xff,0xff,0xff,0xff,0xff,0xff,0xff,
    0xff,0xff,0xff,0xff,0xff,0xff,0xff,0xff,0xff,0xff,0xff,0xff,0xff,0xff,0xff,0xff,0xff,0xff,0xff,0xff,0xff,0xff,0xff,0xff,
    0xff,0xfe,0xfe,0xff,0xfe,0xfb,0xfb,0xff,0xfa,0xf7,0xf7,0xff,0xf4,0xf1,0xf1,0xff,0xec,0xe9,0xe9,0xff,0xe3,0xe0,0xe0,0xff,
    0xd9,0xd6,0xd6,0xff,0xcf,0xcc,0xcc,0xff,0xcb,0xc8,0xc8,0xff,0xae,0xaa,0xaa,0xfb,0xa5,0x9e,0x9e,0xff,0x9c,0x96,0x96,0x7f,
    0x00,0x00,0x00,0x00,0x99,0x99,0x99,0x05,0x7f,0x7f,0x7f,0x04,0x00,0x00,0x00,0x00,0x9f,0x97,0x97,0x60,0xa3,0x9c,0x9c,0xff,
    0xaa,0xa4,0xa4,0xfc,0xc9,0xc7,0xc7,0xff,0xcf,0xcc,0xcc,0xff,0xd9,0xd6,0xd6,0xff,0xe2,0xdf,0xdf,0xff,0xeb,0xe8,0xe8,0xff,
    0xf3,0xf0,0xf0,0xff,0xf9,0xf6,0xf6,0xff,0xfe,0xfb,0xfb,0xff,0xff,0xfe,0xfe,0xff,0xff,0xff,0xff,0xff,0xff,0xff,0xff,0xff,
    0xff,0xff,0xff,0xff,0xff,0xff,0xff,0xff,0xff,0xff,0xff,0xff,0xff,0xff,0xff,0xff,0xff,0xff,0xff,0xff,0xff,0xff,0xff,0xff,
    0xff,0xff,0xff,0xff,0xff,0xff,0xff,0xff,0xff,0xff,0xff,0xff,0xff,0xff,0xff,0xff,0xff,0xff,0xff,0xff,0xff,0xff,0xff,0xff,
    0xff,0xff,0xff,0xff,0xff,0xff,0xff,0xff,0xff,0xff,0xff,0xff,0xff,0xff,0xff,0xff,0xff,0xff,0xff,0xff,0xff,0xff,0xff,0xff,
    0xff,0xff,0xff,0xff,0xff,0xff,0xff,0xff,0xff,0xff,0xff,0xff,0xff,0xff,0xff,0xff,0xff,0xff,0xff,0xff,0xff,0xff,0xff,0xff,
    0xff,0xff,0xff,0xff,0xff,0xff,0xff,0xff,0xff,0xff,0xff,0xff,0xff,0xff,0xff,0xff,0xff,0xff,0xff,0xff,0xff,0xff,0xff,0xff,
    0xff,0xff,0xff,0xff,0xff,0xff,0xff,0xff,0xff,0xff,0xff,0xff,0xff,0xff,0xff,0xff,0xff,0xff,0xff,0xff,0xff,0xff,0xff,0xff,
    0xff,0xff,0xff,0xff,0xff,0xff,0xff,0xff,0xff,0xff,0xff,0xff,0xff,0xff,0xff,0xff,0xff,0xff,0xff,0xff,0xff,0xff,0xff,0xff,
    0xff,0xff,0xff,0xff,0xff,0xff,0xff,0xff,0xff,0xff,0xff,0xff,0xff,0xff,0xff,0xff,0xff,0xff,0xff,0xff,0xff,0xff,0xff,0xff,
    0xff,0xff,0xff,0xff,0xff,0xff,0xff,0xff,0xff,0xff,0xff,0xff,0xff,0xff,0xff,0xff,0xff,0xff,0xff,0xff,0xff,0xff,0xff,0xff,
    0xff,0xff,0xff,0xff,0xff,0xff,0xff,0xff,0xff,0xff,0xff,0xff,0xff,0xff,0xff,0xff,0xff,0xfe,0xfe,0xff,0xfe,0xfc,0xfc,0xff,
    0xfa,0xf7,0xf7,0xff,0xf5,0xf1,0xf1,0xff,0xed,0xea,0xea,0xff,0xe5,0xe2,0xe2,0xff,0xdb,0xd8,0xd8,0xff,0xd1,0xce,0xce,0xff,
    0xcc,0xc9,0xc9,0xff,0xb4,0xb0,0xb0,0xfc,0xa4,0x9d,0x9d,0xff,0x9e,0x97,0x97,0x9e,0x00,0x00,0x00,0x00,0x7f,0x7f,0x7f,0x04,
    0x99,0x99,0x99,0x05,0x00,0x00,0x00,0x00,0x9d,0x96,0x96,0x86,0xa5,0x9e,0x9e,0xff,0xb0,0xac,0xac,0xfb,0xcc,0xc9,0xc9,0xff,
    0xd0,0xcd,0xcd,0xff,0xda,0xd7,0xd7,0xff,0xe3,0xe0,0xe0,0xff,0xec,0xe9,0xe9,0xff,0xf3,0xf0,0xf0,0xff,0xf9,0xf7,0xf7,0xff,
    0xfe,0xfb,0xfb,0xff,0xff,0xfe,0xfe,0xff,0xff,0xff,0xff,0xff,0xff,0xff,0xff,0xff,0xff,0xff,0xff,0xff,0xff,0xff,0xff,0xff,
    0xff,0xff,0xff,0xff,0xff,0xff,0xff,0xff,0xff,0xff,0xff,0xff,0xff,0xff,0xff,0xff,0xff,0xff,0xff,0xff,0xff,0xff,0xff,0xff,
    0xff,0xff,0xff,0xff,0xff,0xff,0xff,0xff,0xff,0xff,0xff,0xff,0xff,0xff,0xff,0xff,0xff,0xff,0xff,0xff,0xff,0xff,0xff,0xff,
    0xff,0xff,0xff,0xff,0xff,0xff,0xff,0xff,0xff,0xff,0xff,0xff,0xff,0xff,0xff,0xff,0xff,0xff,0xff,0xff,0xff,0xff,0xff,0xff,
    0xff,0xff,0xff,0xff,0xff,0xff,0xff,0xff,0xff,0xff,0xff,0xff,0xff,0xff,0xff,0xff,0xff,0xff,0xff,0xff,0xff,0xff,0xff,0xff,
    0xff,0xff,0xff,0xff,0xff,0xff,0xff,0xff,0xff,0xff,0xff,0xff,0xff,0xff,0xff,0xff,0xff,0xff,0xff,0xff,0xff,0xff,0xff,0xff,
    0xff,0xff,0xff,0xff,0xff,0xff,0xff,0xff,0xff,0xff,0xff,0xff,0xff,0xff,0xff,0xff,0xff,0xff,0xff,0xff,0xff,0xff,0xff,0xff,
    0xff,0xff,0xff,0xff,0xff,0xff,0xff,0xff,0xff,0xff,0xff,0xff,0xff,0xff,0xff,0xff,0xff,0xff,0xff,0xff,0xff,0xff,0xff,0xff,
    0xff,0xff,0xff,0xff,0xff,0xff,0xff,0xff,0xff,0xff,0xff,0xff,0xff,0xff,0xff,0xff,0xff,0xff,0xff,0xff,0xff,0xff,0xff,0xff,
    0xff,0xff,0xff,0xff,0xff,0xff,0xff,0xff,0xff,0xff,0xff,0xff,0xff,0xff,0xff,0xff,0xff,0xff,0xff,0xff,0xff,0xff,0xff,0xff,
    0xff,0xff,0xff,0xff,0xff,0xff,0xff,0xff,0xff,0xff,0xff,0xff,0xff,0xfc,0xfc,0xff,0xfb,0xf8,0xf8,0xff,0xf5,0xf2,0xf2,0xff,
    0xee,0xeb,0xeb,0xff,0xe5,0xe2,0xe2,0xff,0xdc,0xd9,0xd9,0xff,0xd3,0xd0,0xd0,0xff,0xcc,0xc9,0xc9,0xff,0xbb,0xb7,0xb7,0xfc,
    0xa3,0x9c,0x9c,0xff,0x9c,0x95,0x95,0xc4,0x00,0x00,0x00,0x00,0xaa,0xaa,0xaa,0x03,0x99,0x99,0x99,0x05,0x00,0x00,0x00,0x00,
    0x9c,0x98,0x98,0x7a,0xa5,0x9e,0x9e,0xff,0xae,0xaa,0xaa,0xfb,0xcc,0xc9,0xc9,0xff,0xd1,0xce,0xce,0xff,0xdb,0xd8,0xd8,0xff,
    0xe4,0xe1,0xe1,0xff,0xec,0xe9,0xe9,0xff,0xf4,0xf1,0xf1,0xff,0xfa,0xf7,0xf7,0xff,0xfe,0xfc,0xfc,0xff,0xff,0xfe,0xfe,0xff,
    0xff,0xff,0xff,0xff,0xff,0xff,0xff,0xff,0xff,0xff,0xff,0xff,0xff,0xff,0xff,0xff,0xff,0xff,0xff,0xff,0xff,0xff,0xff,0xff,
    0xff,0xff,0xff,0xff,0xff,0xff,0xff,0xff,0xff,0xff,0xff,0xff,0xff,0xff,0xff,0xff,0xff,0xff,0xff,0xff,0xff,0xff,0xff,0xff,
    0xff,0xff,0xff,0xff,0xff,0xff,0xff,0xff,0xff,0xff,0xff,0xff,0xff,0xff,0xff,0xff,0xff,0xff,0xff,0xff,0xff,0xff,0xff,0xff,
    0xff,0xff,0xff,0xff,0xff,0xff,0xff,0xff,0xff,0xff,0xff,0xff,0xff,0xff,0xff,0xff,0xff,0xff,0xff,0xff,0xff,0xff,0xff,0xff,
    0xff,0xff,0xff,0xff,0xff,0xff,0xff,0xff,0xff,0xff,0xff,0xff,0xff,0xff,0xff,0xff,0xff,0xff,0xff,0xff,0xff,0xff,0xff,0xff,
    0xff,0xff,0xff,0xff,0xff,0xff,0xff,0xff,0xff,0xff,0xff,0xff,0xff,0xff,0xff,0xff,0xff,0xff,0xff,0xff,0xff,0xff,0xff,0xff,
    0xff,0xff,0xff,0xff,0xff,0xff,0xff,0xff,0xff,0xff,0xff,0xff,0xff,0xff,0xff,0xff,0xff,0xff,0xff,0xff,0xff,0xff,0xff,0xff,
    0xff,0xff,0xff,0xff,0xff,0xff,0xff,0xff,0xff,0xff,0xff,0xff,0xff,0xff,0xff,0xff,0xff,0xff,0xff,0xff,0xff,0xff,0xff,0xff,
    0xff,0xff,0xff,0xff,0xff,0xff,0xff,0xff,0xff,0xff,0xff,0xff,0xff,0xff,0xff,0xff,0xff,0xff,0xff,0xff,0xff,0xff,0xff,0xff,
    0xff,0xff,0xff,0xff,0xff,0xff,0xff,0xff,0xff,0xff,0xff,0xff,0xff,0xff,0xff,0xff,0xff,0xff,0xff,0xff,0xff,0xff,0xff,0xff,
    0xff,0xff,0xff,0xff,0xff,0xfc,0xfc,0xff,0xfc,0xf8,0xf8,0xff,0xf6,0xf3,0xf3,0xff,0xee,0xeb,0xeb,0xff,0xe6,0xe3,0xe3,0xff,
    0xdd,0xda,0xda,0xff,0xd3,0xd0,0xd0,0xff,0xcd,0xca,0xca,0xff,0xb9,0xb6,0xb6,0xfc,0xa3,0x9c,0x9c,0xff,0x9d,0x96,0x96,0xb9,
    0x00,0x00,0x00,0x00,0xaa,0xaa,0xaa,0x03,0xbf,0xbf,0xbf,0x04,0x00,0x00,0x00,0x00,0x9d,0x96,0x96,0x9f,0xa4,0x9d,0x9d,0xff,
    0xb4,0xb0,0xb0,0xfc,0xcc,0xc9,0xc9,0xff,0xd2,0xcf,0xcf,0xff,0xdc,0xd9,0xd9,0xff,0xe5,0xe2,0xe2,0xff,0xed,0xea,0xea,0xff,
    0xf5,0xf2,0xf2,0xff,0xfb,0xf8,0xf8,0xff,0xff,0xfc,0xfc,0xff,0xff,0xff,0xff,0xff,0xff,0xff,0xff,0xff,0xff,0xff,0xff,0xff,
    0xff,0xff,0xff,0xff,0xff,0xff,0xff,0xff,0xff,0xff,0xff,0xff,0xff,0xff,0xff,0xff,0xff,0xff,0xff,0xff,0xff,0xff,0xff,0xff,
    0xff,0xff,0xff,0xff,0xff,0xff,0xff,0xff,0xff,0xff,0xff,0xff,0xff,0xff,0xff,0xff,0xff,0xff,0xff,0xff,0xff,0xff,0xff,0xff,
    0xff,0xff,0xff,0xff,0xff,0xff,0xff,0xff,0xff,0xff,0xff,0xff,0xff,0xff,0xff,0xff,0xff,0xff,0xff,0xff,0xff,0xff,0xff,0xff,
    0xff,0xff,0xff,0xff,0xff,0xff,0xff,0xff,0xff,0xff,0xff,0xff,0xff,0xff,0xff,0xff,0xff,0xff,0xff,0xff,0xff,0xff,0xff,0xff,
    0xff,0xff,0xff,0xff,0xff,0xff,0xff,0xff,0xff,0xff,0xff,0xff,0xff,0xff,0xff,0xff,0xff,0xff,0xff,0xff,0xff,0xff,0xff,0xff,
    0xff,0xff,0xff,0xff,0xff,0xff,0xff,0xff,0xff,0xff,0xff,0xff,0xff,0xff,0xff,0xff,0xff,0xff,0xff,0xff,0xff,0xff,0xff,0xff,
    0xff,0xff,0xff,0xff,0xff,0xff,0xff,0xff,0xff,0xff,0xff,0xff,0xff,0xff,0xff,0xff,0xff,0xff,0xff,0xff,0xff,0xff,0xff,0xff,
    0xff,0xff,0xff,0xff,0xff,0xff,0xff,0xff,0xff,0xff,0xff,0xff,0xff,0xff,0xff,0xff,0xff,0xff,0xff,0xff,0xff,0xff,0xff,0xff,
    0xff,0xff,0xff,0xff,0xff,0xff,0xff,0xff,0xff,0xff,0xff,0xff,0xff,0xff,0xff,0xff,0xff,0xff,0xff,0xff,0xff,0xff,0xff,0xff,
    0xff,0xff,0xff,0xff,0xff,0xff,0xff,0xff,0xff,0xff,0xff,0xff,0xff,0xff,0xff,0xff,0xff,0xff,0xff,0xff,0xff,0xfd,0xfd,0xff,
    0xfc,0xf9,0xf9,0xff,0xf6,0xf3,0xf3,0xff,0xef,0xec,0xec,0xff,0xe7,0xe4,0xe4,0xff,0xde,0xdb,0xdb,0xff,0xd5,0xd1,0xd1,0xff,
    0xcd,0xca,0xca,0xff,0xbe,0xba,0xba,0xfd,0xa1,0x9c,0x9c,0xff,0x9c,0x95,0x95,0xd7,0x9f,0x9f,0x9f,0x08,0x7f,0x7f,0x7f,0x02,
    0xaa,0xaa,0xaa,0x03,0x00,0x00,0x00,0x00,0x9c,0x96,0x96,0xc3,0xa3,0x9c,0x9c,0xff,0xbb,0xb7,0xb7,0xfc,0xcd,0xca,0xca,0xff,
    0xd3,0xd0,0xd0,0xff,0xdd,0xda,0xda,0xff,0xe6,0xe3,0xe3,0xff,0xee,0xeb,0xeb,0xff,0xf5,0xf3,0xf3,0xff,0xfb,0xf8,0xf8,0xff,
    0xff,0xfc,0xfc,0xff,0xff,0xff,0xff,0xff,0xff,0xff,0xff,0xff,0xff,0xff,0xff,0xff,0xff,0xff,0xff,0xff,0xff,0xff,0xff,0xff,
    0xff,0xff,0xff,0xff,0xff,0xff,0xff,0xff,0xff,0xff,0xff,0xff,0xff,0xff,0xff,0xff,0xff,0xff,0xff,0xff,0xff,0xff,0xff,0xff,
    0xff,0xff,0xff,0xff,0xff,0xff,0xff,0xff,0xff,0xff,0xff,0xff,0xff,0xff,0xff,0xff,0xff,0xff,0xff,0xff,0xff,0xff,0xff,0xff,
    0xff,0xff,0xff,0xff,0xff,0xff,0xff,0xff,0xff,0xff,0xff,0xff,0xff,0xff,0xff,0xff,0xff,0xff,0xff,0xff,0xff,0xff,0xff,0xff,
    0xff,0xff,0xff,0xff,0xff,0xff,0xff,0xff,0xff,0xff,0xff,0xff,0xff,0xff,0xff,0xff,0xff,0xff,0xff,0xff,0xff,0xff,0xff,0xff,
    0xff,0xff,0xff,0xff,0xff,0xff,0xff,0xff,0xff,0xff,0xff,0xff,0xff,0xff,0xff,0xff,0xff,0xff,0xff,0xff,0xff,0xff,0xff,0xff,
    0xff,0xff,0xff,0xff,0xff,0xff,0xff,0xff,0xff,0xff,0xff,0xff,0xff,0xff,0xff,0xff,0xff,0xff,0xff,0xff,0xff,0xff,0xff,0xff,
    0xff,0xff,0xff,0xff,0xff,0xff,0xff,0xff,0xff,0xff,0xff,0xff,0xff,0xff,0xff,0xff,0xff,0xff,0xff,0xff,0xff,0xff,0xff,0xff,
    0xff,0xff,0xff,0xff,0xff,0xff,0xff,0xff,0xff,0xff,0xff,0xff,0xff,0xff,0xff,0xff,0xff,0xff,0xff,0xff,0xff,0xff,0xff,0xff,
    0xff,0xff,0xff,0xff,0xff,0xff,0xff,0xff,0xff,0xff,0xff,0xff,0xff,0xff,0xff,0xff,0xff,0xff,0xff,0xff,0xff,0xff,0xff,0xff,
    0xff,0xff,0xff,0xff,0xff,0xff,0xff,0xff,0xff,0xff,0xff,0xff,0xff,0xfd,0xfd,0xff,0xfd,0xfa,0xfa,0xff,0xf7,0xf4,0xf4,0xff,
    0xf0,0xed,0xed,0xff,0xe8,0xe5,0xe5,0xff,0xde,0xdb,0xdb,0xff,0xd5,0xd2,0xd2,0xff,0xce,0xcb,0xcb,0xff,0xc3,0xbf,0xbf,0xfe,
    0xa1,0x9b,0x9b,0xff,0x9a,0x94,0x94,0xf4,0xa5,0xa5,0xa5,0x11,0x00,0x00,0x00,0x00,0xaa,0xaa,0xaa,0x03,0x00,0x00,0x00,0x00,
    0x9d,0x96,0x96,0xbe,0xa3,0x9c,0x9c,0xff,0xba,0xb7,0xb7,0xfc,0xcd,0xca,0xca,0xff,0xd3,0xd0,0xd0,0xff,0xdd,0xda,0xda,0xff,
    0xe6,0xe3,0xe3,0xff,0xef,0xec,0xec,0xff,0xf6,0xf3,0xf3,0xff,0xfc,0xf9,0xf9,0xff,0xff,0xfd,0xfd,0xff,0xff,0xff,0xff,0xff,
    0xff,0xff,0xff,0xff,0xff,0xff,0xff,0xff,0xff,0xff,0xff,0xff,0xff,0xff,0xff,0xff,0xff,0xff,0xff,0xff,0xff,0xff,0xff,0xff,
    0xff,0xff,0xff,0xff,0xff,0xff,0xff,0xff,0xff,0xff,0xff,0xff,0xff,0xff,0xff,0xff,0xff,0xff,0xff,0xff,0xff,0xff,0xff,0xff,
    0xff,0xff,0xff,0xff,0xff,0xff,0xff,0xff,0xff,0xff,0xff,0xff,0xff,0xff,0xff,0xff,0xff,0xff,0xff,0xff,0xff,0xff,0xff,0xff,
    0xff,0xff,0xff,0xff,0xff,0xff,0xff,0xff,0xff,0xff,0xff,0xff,0xff,0xff,0xff,0xff,0xff,0xff,0xff,0xff,0xff,0xff,0xff,0xff,
    0xff,0xff,0xff,0xff,0xff,0xff,0xff,0xff,0xff,0xff,0xff,0xff,0xff,0xff,0xff,0xff,0xff,0xff,0xff,0xff,0xff,0xff,0xff,0xff,
    0xff,0xff,0xff,0xff,0xff,0xff,0xff,0xff,0xff,0xff,0xff,0xff,0xff,0xff,0xff,0xff,0xff,0xff,0xff,0xff,0xff,0xff,0xff,0xff,
    0xff,0xff,0xff,0xff,0xff,0xff,0xff,0xff,0xff,0xff,0xff,0xff,0xff,0xff,0xff,0xff,0xff,0xff,0xff,0xff,0xff,0xff,0xff,0xff,
    0xff,0xff,0xff,0xff,0xff,0xff,0xff,0xff,0xff,0xff,0xff,0xff,0xff,0xff,0xff,0xff,0xff,0xff,0xff,0xff,0xff,0xff,0xff,0xff,
    0xff,0xff,0xff,0xff,0xff,0xff,0xff,0xff,0xff,0xff,0xff,0xff,0xff,0xff,0xff,0xff,0xff,0xff,0xff,0xff,0xff,0xff,0xff,0xff,
    0xff,0xff,0xff,0xff,0xff,0xff,0xff,0xff,0xff,0xff,0xff,0xff,0xff,0xff,0xff,0xff,0xff,0xff,0xff,0xff,0xff,0xff,0xff,0xff,
    0xff,0xff,0xff,0xff,0xff,0xfd,0xfd,0xff,0xfd,0xfa,0xfa,0xff,0xf7,0xf5,0xf5,0xff,0xf1,0xee,0xee,0xff,0xe9,0xe6,0xe6,0xff,
    0xdf,0xdc,0xdc,0xff,0xd6,0xd3,0xd3,0xff,0xce,0xcb,0xcb,0xff,0xc2,0xbf,0xbf,0xfe,0xa1,0x9b,0x9b,0xff,0x9b,0x95,0x95,0xef,
    0x96,0x96,0x96,0x11,0x00,0x00,0x00,0x00,0xaa,0xaa,0xaa,0x03,0x00,0x00,0x00,0x00,0x9d,0x96,0x96,0xba,0xa2,0x9c,0x9c,0xff,
    0xba,0xb6,0xb6,0xfc,0xce,0xcb,0xcb,0xff,0xd4,0xd1,0xd1,0xff,0xde,0xdb,0xdb,0xff,0xe7,0xe4,0xe4,0xff,0xef,0xec,0xec,0xff,
    0xf6,0xf3,0xf3,0xff,0xfc,0xf9,0xf9,0xff,0xff,0xfd,0xfd,0xff,0xff,0xff,0xff,0xff,0xff,0xff,0xff,0xff,0xff,0xff,0xff,0xff,
    0xff,0xff,0xff,0xff,0xff,0xff,0xff,0xff,0xff,0xff,0xff,0xff,0xff,0xff,0xff,0xff,0xff,0xff,0xff,0xff,0xff,0xff,0xff,0xff,
    0xff,0xff,0xff,0xff,0xff,0xff,0xff,0xff,0xff,0xff,0xff,0xff,0xff,0xff,0xff,0xff,0xff,0xff,0xff,0xff,0xff,0xff,0xff,0xff,
    0xff,0xff,0xff,0xff,0xff,0xff,0xff,0xff,0xff,0xff,0xff,0xff,0xff,0xff,0xff,0xff,0xff,0xff,0xff,0xff,0xff,0xff,0xff,0xff,
    0xff,0xff,0xff,0xff,0xff,0xff,0xff,0xff,0xff,0xff,0xff,0xff,0xff,0xff,0xff,0xff,0xff,0xff,0xff,0xff,0xff,0xff,0xff,0xff,
    0xff,0xff,0xff,0xff,0xff,0xff,0xff,0xff,0xff,0xff,0xff,0xff,0xff,0xff,0xff,0xff,0xff,0xff,0xff,0xff,0xff,0xff,0xff,0xff,
    0xff,0xff,0xff,0xff,0xff,0xff,0xff,0xff,0xff,0xff,0xff,0xff,0xff,0xff,0xff,0xff,0xff,0xff,0xff,0xff,0xff,0xff,0xff,0xff,
    0xff,0xff,0xff,0xff,0xff,0xff,0xff,0xff,0xff,0xff,0xff,0xff,0xff,0xff,0xff,0xff,0xff,0xff,0xff,0xff,0xff,0xff,0xff,0xff,
    0xff,0xff,0xff,0xff,0xff,0xff,0xff,0xff,0xff,0xff,0xff,0xff,0xff,0xff,0xff,0xff,0xff,0xff,0xff,0xff,0xff,0xff,0xff,0xff,
    0xff,0xff,0xff,0xff,0xff,0xff,0xff,0xff,0xff,0xff,0xff,0xff,0xff,0xff,0xff,0xff,0xff,0xff,0xff,0xff,0xff,0xff,0xff,0xff,
    0xff,0xff,0xff,0xff,0xff,0xff,0xff,0xff,0xff,0xff,0xff,0xff,0xff,0xff,0xff,0xff,0xff,0xff,0xff,0xff,0xff,0xfd,0xfd,0xff,
    0xfd,0xfa,0xfa,0xff,0xf8,0xf5,0xf5,0xff,0xf1,0xee,0xee,0xff,0xe9,0xe6,0xe6,0xff,0xe0,0xdd,0xdd,0xff,0xd6,0xd3,0xd3,0xff,
    0xcf,0xcc,0xcc,0xff,0xc2,0xbf,0xbf,0xfe,0xa1,0x9b,0x9b,0xff,0x9a,0x94,0x94,0xef,0xaa,0xaa,0xaa,0x0c,0x00,0x00,0x00,0x00,
    0x7f,0x7f,0x7f,0x02,0x9f,0x9f,0x9f,0x08,0x9c,0x95,0x95,0xd7,0xa2,0x9c,0x9c,0xff,0xbe,0xba,0xba,0xfd,0xce,0xcb,0xcb,0xff,
    0xd5,0xd2,0xd2,0xff,0xde,0xdb,0xdb,0xff,0xe7,0xe4,0xe4,0xff,0xf0,0xed,0xed,0xff,0xf7,0xf4,0xf4,0xff,0xfc,0xf9,0xf9,0xff,
    0xff,0xfd,0xfd,0xff,0xff,0xff,0xff,0xff,0xff,0xff,0xff,0xff,0xff,0xff,0xff,0xff,0xff,0xff,0xff,0xff,0xff,0xff,0xff,0xff,
    0xff,0xff,0xff,0xff,0xff,0xff,0xff,0xff,0xff,0xff,0xff,0xff,0xff,0xff,0xff,0xff,0xff,0xff,0xff,0xff,0xff,0xff,0xff,0xff,
    0xff,0xff,0xff,0xff,0xff,0xff,0xff,0xff,0xff,0xff,0xff,0xff,0xff,0xff,0xff,0xff,0xff,0xff,0xff,0xff,0xff,0xff,0xff,0xff,
    0xff,0xff,0xff,0xff,0xff,0xff,0xff,0xff,0xff,0xff,0xff,0xff,0xff,0xff,0xff,0xff,0xff,0xff,0xff,0xff,0xff,0xff,0xff,0xff,
    0xff,0xff,0xff,0xff,0xff,0xff,0xff,0xff,0xff,0xff,0xff,0xff,0xff,0xff,0xff,0xff,0xff,0xff,0xff,0xff,0xff,0xff,0xff,0xff,
    0xff,0xff,0xff,0xff,0xff,0xff,0xff,0xff,0xff,0xff,0xff,0xff,0xff,0xff,0xff,0xff,0xff,0xff,0xff,0xff,0xff,0xff,0xff,0xff,
    0xff,0xff,0xff,0xff,0xff,0xff,0xff,0xff,0xff,0xff,0xff,0xff,0xff,0xff,0xff,0xff,0xff,0xff,0xff,0xff,0xff,0xff,0xff,0xff,
    0xff,0xff,0xff,0xff,0xff,0xff,0xff,0xff,0xff,0xff,0xff,0xff,0xff,0xff,0xff,0xff,0xff,0xff,0xff,0xff,0xff,0xff,0xff,0xff,
    0xff,0xff,0xff,0xff,0xff,0xff,0xff,0xff,0xff,0xff,0xff,0xff,0xff,0xff,0xff,0xff,0xff,0xff,0xff,0xff,0xff,0xff,0xff,0xff,
    0xff,0xff,0xff,0xff,0xff,0xff,0xff,0xff,0xff,0xff,0xff,0xff,0xff,0xff,0xff,0xff,0xff,0xff,0xff,0xff,0xff,0xff,0xff,0xff,
    0xff,0xff,0xff,0xff,0xff,0xff,0xff,0xff,0xff,0xff,0xff,0xff,0xff,0xfe,0xfe,0xff,0xfe,0xfb,0xfb,0xff,0xf8,0xf5,0xf5,0xff,
    0xf2,0xef,0xef,0xff,0xea,0xe7,0xe7,0xff,0xe0,0xdd,0xdd,0xff,0xd7,0xd4,0xd4,0xff,0xcf,0xcc,0xcc,0xff,0xc6,0xc2,0xc2,0xff,
    0xa3,0x9d,0x9d,0xfe,0x9e,0x98,0x98,0xf8,0x9f,0x99,0x99,0x28,0x00,0x00,0x00,0x00,0x00,0x00,0x00,0x00,0xa5,0xa5,0xa5,0x11,
    0x9a,0x94,0x94,0xf4,0xa1,0x9b,0x9b,0xff,0xc2,0xbf,0xbf,0xfe,0xcd,0xca,0xca,0xff,0xd5,0xd2,0xd2,0xff,0xde,0xdb,0xdb,0xff,
    0xe8,0xe5,0xe5,0xff,0xf0,0xed,0xed,0xff,0xf7,0xf4,0xf4,0xff,0xfd,0xfa,0xfa,0xff,0xff,0xfd,0xfd,0xff,0xff,0xff,0xff,0xff,
    0xff,0xff,0xff,0xff,0xff,0xff,0xff,0xff,0xff,0xff,0xff,0xff,0xff,0xff,0xff,0xff,0xff,0xff,0xff,0xff,0xff,0xff,0xff,0xff,
    0xff,0xff,0xff,0xff,0xff,0xff,0xff,0xff,0xff,0xff,0xff,0xff,0xff,0xff,0xff,0xff,0xff,0xff,0xff,0xff,0xff,0xff,0xff,0xff,
    0xff,0xff,0xff,0xff,0xff,0xff,0xff,0xff,0xff,0xff,0xff,0xff,0xff,0xff,0xff,0xff,0xff,0xff,0xff,0xff,0xff,0xff,0xff,0xff,
    0xff,0xff,0xff,0xff,0xff,0xff,0xff,0xff,0xff,0xff,0xff,0xff,0xff,0xff,0xff,0xff,0xff,0xff,0xff,0xff,0xff,0xff,0xff,0xff,
    0xff,0xff,0xff,0xff,0xff,0xff,0xff,0xff,0xff,0xff,0xff,0xff,0xff,0xff,0xff,0xff,0xff,0xff,0xff,0xff,0xff,0xff,0xff,0xff,
    0xff,0xff,0xff,0xff,0xff,0xff,0xff,0xff,0xff,0xff,0xff,0xff,0xff,0xff,0xff,0xff,0xff,0xff,0xff,0xff,0xff,0xff,0xff,0xff,
    0xff,0xff,0xff,0xff,0xff,0xff,0xff,0xff,0xff,0xff,0xff,0xff,0xff,0xff,0xff,0xff,0xff,0xff,0xff,0xff,0xff,0xff,0xff,0xff,
    0xff,0xff,0xff,0xff,0xff,0xff,0xff,0xff,0xff,0xff,0xff,0xff,0xff,0xff,0xff,0xff,0xff,0xff,0xff,0xff,0xff,0xff,0xff,0xff,
    0xff,0xff,0xff,0xff,0xff,0xff,0xff,0xff,0xff,0xff,0xff,0xff,0xff,0xff,0xff,0xff,0xff,0xff,0xff,0xff,0xff,0xff,0xff,0xff,
    0xff,0xff,0xff,0xff,0xff,0xff,0xff,0xff,0xff,0xff,0xff,0xff,0xff,0xff,0xff,0xff,0xff,0xff,0xff,0xff,0xff,0xff,0xff,0xff,
    0xff,0xff,0xff,0xff,0xff,0xfe,0xfe,0xff,0xfe,0xfb,0xfb,0xff,0xf9,0xf6,0xf6,0xff,0xf2,0xef,0xef,0xff,0xea,0xe7,0xe7,0xff,
    0xe1,0xde,0xde,0xff,0xd7,0xd4,0xd4,0xff,0xce,0xcb,0xcb,0xff,0xc8,0xc6,0xc6,0xff,0xa5,0xa0,0xa0,0xfd,0xa3,0x9c,0x9c,0xff,
    0x9d,0x96,0x96,0x44,0x00,0x00,0x00,0x00,0x00,0x00,0x00,0x00,0x9f,0x9f,0x9f,0x10,0x9b,0x95,0x95,0xef,0xa1,0x9b,0x9b,0xff,
    0xc2,0xbf,0xbf,0xfe,0xce,0xcb,0xcb,0xff,0xd5,0xd2,0xd2,0xff,0xdf,0xdc,0xdc,0xff,0xe8,0xe5,0xe5,0xff,0xf0,0xed,0xed,0xff,
    0xf7,0xf5,0xf5,0xff,0xfd,0xfa,0xfa,0xff,0xff,0xfd,0xfd,0xff,0xff,0xff,0xff,0xff,0xff,0xff,0xff,0xff,0xff,0xff,0xff,0xff,
    0xff,0xff,0xff,0xff,0xff,0xff,0xff,0xff,0xff,0xff,0xff,0xff,0xff,0xff,0xff,0xff,0xff,0xff,0xff,0xff,0xff,0xff,0xff,0xff,
    0xff,0xff,0xff,0xff,0xff,0xff,0xff,0xff,0xff,0xff,0xff,0xff,0xff,0xff,0xff,0xff,0xff,0xff,0xff,0xff,0xff,0xff,0xff,0xff,
    0xff,0xff,0xff,0xff,0xff,0xff,0xff,0xff,0xff,0xff,0xff,0xff,0xff,0xff,0xff,0xff,0xff,0xff,0xff,0xff,0xff,0xff,0xff,0xff,
    0xff,0xff,0xff,0xff,0xff,0xff,0xff,0xff,0xff,0xff,0xff,0xff,0xff,0xff,0xff,0xff,0xff,0xff,0xff,0xff,0xff,0xff,0xff,0xff,
    0xff,0xff,0xff,0xff,0xff,0xff,0xff,0xff,0xff,0xff,0xff,0xff,0xff,0xff,0xff,0xff,0xff,0xff,0xff,0xff,0xff,0xff,0xff,0xff,
    0xff,0xff,0xff,0xff,0xff,0xff,0xff,0xff,0xff,0xff,0xff,0xff,0xff,0xff,0xff,0xff,0xff,0xff,0xff,0xff,0xff,0xff,0xff,0xff,
    0xff,0xff,0xff,0xff,0xff,0xff,0xff,0xff,0xff,0xff,0xff,0xff,0xff,0xff,0xff,0xff,0xff,0xff,0xff,0xff,0xff,0xff,0xff,0xff,
    0xff,0xff,0xff,0xff,0xff,0xff,0xff,0xff,0xff,0xff,0xff,0xff,0xff,0xff,0xff,0xff,0xff,0xff,0xff,0xff,0xff,0xff,0xff,0xff,
    0xff,0xff,0xff,0xff,0xff,0xff,0xff,0xff,0xff,0xff,0xff,0xff,0xff,0xff,0xff,0xff,0xff,0xff,0xff,0xff,0xff,0xff,0xff,0xff,
    0xff,0xff,0xff,0xff,0xff,0xff,0xff,0xff,0xff,0xff,0xff,0xff,0xff,0xff,0xff,0xff,0xff,0xff,0xff,0xff,0xff,0xfe,0xfe,0xff,
    0xfe,0xfb,0xfb,0xff,0xf9,0xf6,0xf6,0xff,0xf2,0xef,0xef,0xff,0xea,0xe7,0xe7,0xff,0xe1,0xde,0xde,0xff,0xd8,0xd5,0xd5,0xff,
    0xcf,0xcc,0xcc,0xff,0xc8,0xc6,0xc6,0xff,0xa5,0xa0,0xa0,0xfd,0xa2,0x9b,0x9b,0xff,0x9d,0x99,0x99,0x3f,0x00,0x00,0x00,0x00,
    0x00,0x00,0x00,0x00,0x9f,0x9f,0x9f,0x10,0x9b,0x94,0x94,0xf0,0xa1,0x9b,0x9b,0xff,0xc2,0xbf,0xbf,0xfe,0xce,0xcb,0xcb,0xff,
    0xd6,0xd3,0xd3,0xff,0xdf,0xdc,0xdc,0xff,0xe8,0xe5,0xe5,0xff,0xf1,0xee,0xee,0xff,0xf7,0xf5,0xf5,0xff,0xfd,0xfa,0xfa,0xff,
    0xff,0xfd,0xfd,0xff,0xff,0xff,0xff,0xff,0xff,0xff,0xff,0xff,0xff,0xff,0xff,0xff,0xff,0xff,0xff,0xff,0xff,0xff,0xff,0xff,
    0xff,0xff,0xff,0xff,0xff,0xff,0xff,0xff,0xff,0xff,0xff,0xff,0xff,0xff,0xff,0xff,0xff,0xff,0xff,0xff,0xff,0xff,0xff,0xff,
    0xff,0xff,0xff,0xff,0xff,0xff,0xff,0xff,0xff,0xff,0xff,0xff,0xff,0xff,0xff,0xff,0xff,0xff,0xff,0xff,0xff,0xff,0xff,0xff,
    0xff,0xff,0xff,0xff,0xff,0xff,0xff,0xff,0xff,0xff,0xff,0xff,0xff,0xff,0xff,0xff,0xff,0xff,0xff,0xff,0xff,0xff,0xff,0xff,
    0xff,0xff,0xff,0xff,0xff,0xff,0xff,0xff,0xff,0xff,0xff,0xff,0xff,0xff,0xff,0xff,0xff,0xff,0xff,0xff,0xff,0xff,0xff,0xff,
    0xff,0xff,0xff,0xff,0xff,0xff,0xff,0xff,0xff,0xff,0xff,0xff,0xff,0xff,0xff,0xff,0xff,0xff,0xff,0xff,0xff,0xff,0xff,0xff,
    0xff,0xff,0xff,0xff,0xff,0xff,0xff,0xff,0xff,0xff,0xff,0xff,0xff,0xff,0xff,0xff,0xff,0xff,0xff,0xff,0xff,0xff,0xff,0xff,
    0xff,0xff,0xff,0xff,0xff,0xff,0xff,0xff,0xff,0xff,0xff,0xff,0xff,0xff,0xff,0xff,0xff,0xff,0xff,0xff,0xff,0xff,0xff,0xff,
    0xff,0xff,0xff,0xff,0xff,0xff,0xff,0xff,0xff,0xff,0xff,0xff,0xff,0xff,0xff,0xff,0xff,0xff,0xff,0xff,0xff,0xff,0xff,0xff,
    0xff,0xff,0xff,0xff,0xff,0xff,0xff,0xff,0xff,0xff,0xff,0xff,0xff,0xff,0xff,0xff,0xff,0xff,0xff,0xff,0xff,0xff,0xff,0xff,
    0xff,0xff,0xff,0xff,0xff,0xff,0xff,0xff,0xff,0xff,0xff,0xff,0xff,0xfe,0xfe,0xff,0xfe,0xfb,0xfb,0xff,0xf9,0xf6,0xf6,0xff,
    0xf3,0xf0,0xf0,0xff,0xeb,0xe8,0xe8,0xff,0xe1,0xde,0xde,0xff,0xd8,0xd5,0xd5,0xff,0xcf,0xcc,0xcc,0xff,0xc8,0xc6,0xc6,0xff,
    0xa5,0xa0,0xa0,0xfd,0xa2,0x9b,0x9b,0xff,0x9f,0x97,0x97,0x40,0x00,0x00,0x00,0x00,0x00,0x00,0x00,0x00,0x9f,0x9f,0x9f,0x10,
    0x9b,0x94,0x94,0xf0,0xa1,0x9b,0x9b,0xff,0xc2,0xbf,0xbf,0xfe,0xce,0xcb,0xcb,0xff,0xd6,0xd3,0xd3,0xff,0xdf,0xdc,0xdc,0xff,
    0xe9,0xe6,0xe6,0xff,0xf1,0xee,0xee,0xff,0xf8,0xf5,0xf5,0xff,0xfd,0xfa,0xfa,0xff,0xff,0xfd,0xfd,0xff,0xff,0xff,0xff,0xff,
    0xff,0xff,0xff,0xff,0xff,0xff,0xff,0xff,0xff,0xff,0xff,0xff,0xff,0xff,0xff,0xff,0xff,0xff,0xff,0xff,0xff,0xff,0xff,0xff,
    0xff,0xff,0xff,0xff,0xff,0xff,0xff,0xff,0xff,0xff,0xff,0xff,0xff,0xff,0xff,0xff,0xff,0xff,0xff,0xff,0xff,0xff,0xff,0xff,
    0xff,0xff,0xff,0xff,0xff,0xff,0xff,0xff,0xff,0xff,0xff,0xff,0xff,0xff,0xff,0xff,0xff,0xff,0xff,0xff,0xff,0xff,0xff,0xff,
    0xff,0xff,0xff,0xff,0xff,0xff,0xff,0xff,0xff,0xff,0xff,0xff,0xff,0xff,0xff,0xff,0xff,0xff,0xff,0xff,0xff,0xff,0xff,0xff,
    0xff,0xff,0xff,0xff,0xff,0xff,0xff,0xff,0xff,0xff,0xff,0xff,0xff,0xff,0xff,0xff,0xff,0xff,0xff,0xff,0xff,0xff,0xff,0xff,
    0xff,0xff,0xff,0xff,0xff,0xff,0xff,0xff,0xff,0xff,0xff,0xff,0xff,0xff,0xff,0xff,0xff,0xff,0xff,0xff,0xff,0xff,0xff,0xff,
    0xff,0xff,0xff,0xff,0xff,0xff,0xff,0xff,0xff,0xff,0xff,0xff,0xff,0xff,0xff,0xff,0xff,0xff,0xff,0xff,0xff,0xff,0xff,0xff,
    0xff,0xff,0xff,0xff,0xff,0xff,0xff,0xff,0xff,0xff,0xff,0xff,0xff,0xff,0xff,0xff,0xff,0xff,0xff,0xff,0xff,0xff,0xff,0xff,
    0xff,0xff,0xff,0xff,0xff,0xff,0xff,0xff,0xff,0xff,0xff,0xff,0xff,0xff,0xff,0xff,0xff,0xff,0xff,0xff,0xff,0xff,0xff,0xff,
    0xff,0xff,0xff,0xff,0xff,0xff,0xff,0xff,0xff,0xff,0xff,0xff,0xff,0xff,0xff,0xff,0xff,0xff,0xff,0xff,0xff,0xff,0xff,0xff,
    0xff,0xff,0xff,0xff,0xff,0xfe,0xfe,0xff,0xfe,0xfb,0xfb,0xff,0xf9,0xf6,0xf6,0xff,0xf3,0xf0,0xf0,0xff,0xeb,0xe8,0xe8,0xff,
    0xe2,0xdf,0xdf,0xff,0xd9,0xd6,0xd6,0xff,0xcf,0xcc,0xcc,0xff,0xc9,0xc6,0xc6,0xff,0xa5,0xa0,0xa0,0xfd,0xa2,0x9b,0x9b,0xff,
    0x9f,0x97,0x97,0x40,0x00,0x00,0x00,0x00,0x00,0x00,0x00,0x00,0x9f,0x9f,0x9f,0x10,0x9b,0x94,0x94,0xf0,0xa1,0x9b,0x9b,0xff,
    0xc2,0xbf,0xbf,0xfe,0xce,0xcb,0xcb,0xff,0xd6,0xd3,0xd3,0xff,0xe0,0xdd,0xdd,0xff,0xe9,0xe6,0xe6,0xff,0xf1,0xee,0xee,0xff,
    0xf8,0xf5,0xf5,0xff,0xfd,0xfa,0xfa,0xff,0xff,0xfd,0xfd,0xff,0xff,0xff,0xff,0xff,0xff,0xff,0xff,0xff,0xff,0xff,0xff,0xff,
    0xff,0xff,0xff,0xff,0xff,0xff,0xff,0xff,0xff,0xff,0xff,0xff,0xff,0xff,0xff,0xff,0xff,0xff,0xff,0xff,0xff,0xff,0xff,0xff,
    0xff,0xff,0xff,0xff,0xff,0xff,0xff,0xff,0xff,0xff,0xff,0xff,0xff,0xff,0xff,0xff,0xff,0xff,0xff,0xff,0xff,0xff,0xff,0xff,
    0xff,0xff,0xff,0xff,0xff,0xff,0xff,0xff,0xff,0xff,0xff,0xff,0xff,0xff,0xff,0xff,0xff,0xff,0xff,0xff,0xff,0xff,0xff,0xff,
    0xff,0xff,0xff,0xff,0xff,0xff,0xff,0xff,0xff,0xff,0xff,0xff,0xff,0xff,0xff,0xff,0xff,0xff,0xff,0xff,0xff,0xff,0xff,0xff,
    0xff,0xff,0xff,0xff,0xff,0xff,0xff,0xff,0xff,0xff,0xff,0xff,0xff,0xff,0xff,0xff,0xff,0xff,0xff,0xff,0xff,0xff,0xff,0xff,
    0xff,0xff,0xff,0xff,0xff,0xff,0xff,0xff,0xff,0xff,0xff,0xff,0xff,0xff,0xff,0xff,0xff,0xff,0xff,0xff,0xff,0xff,0xff,0xff,
    0xff,0xff,0xff,0xff,0xff,0xff,0xff,0xff,0xff,0xff,0xff,0xff,0xff,0xff,0xff,0xff,0xff,0xff,0xff,0xff,0xff,0xff,0xff,0xff,
    0xff,0xff,0xff,0xff,0xff,0xff,0xff,0xff,0xff,0xff,0xff,0xff,0xff,0xff,0xff,0xff,0xff,0xff,0xff,0xff,0xff,0xff,0xff,0xff,
    0xff,0xff,0xff,0xff,0xff,0xff,0xff,0xff,0xff,0xff,0xff,0xff,0xff,0xff,0xff,0xff,0xff,0xff,0xff,0xff,0xff,0xff,0xff,0xff,
    0xff,0xff,0xff,0xff,0xff,0xff,0xff,0xff,0xff,0xff,0xff,0xff,0xff,0xff,0xff,0xff,0xff,0xff,0xff,0xff,0xff,0xfe,0xfe,0xff,
    0xfe,0xfb,0xfb,0xff,0xf9,0xf6,0xf6,0xff,0xf3,0xf0,0xf0,0xff,0xeb,0xe8,0xe8,0xff,0xe2,0xdf,0xdf,0xff,0xd8,0xd5,0xd5,0xff,
    0xcf,0xcc,0xcc,0xff,0xc9,0xc6,0xc6,0xff,0xa5,0xa0,0xa0,0xfd,0xa2,0x9b,0x9b,0xff,0x9f,0x97,0x97,0x40,0x00,0x00,0x00,0x00,
    0x00,0x00,0x00,0x00,0x9f,0x9f,0x9f,0x10,0x9b,0x94,0x94,0xf0,0xa1,0x9b,0x9b,0xff,0xc2,0xbf,0xbf,0xfe,0xce,0xcb,0xcb,0xff,
    0xd6,0xd3,0xd3,0xff,0xe0,0xdd,0xdd,0xff,0xe9,0xe6,0xe6,0xff,0xf1,0xee,0xee,0xff,0xf8,0xf5,0xf5,0xff,0xfd,0xfa,0xfa,0xff,
    0xff,0xfd,0xfd,0xff,0xff,0xff,0xff,0xff,0xff,0xff,0xff,0xff,0xff,0xff,0xff,0xff,0xff,0xff,0xff,0xff,0xff,0xff,0xff,0xff,
    0xff,0xff,0xff,0xff,0xff,0xff,0xff,0xff,0xff,0xff,0xff,0xff,0xff,0xff,0xff,0xff,0xff,0xff,0xff,0xff,0xff,0xff,0xff,0xff,
    0xff,0xff,0xff,0xff,0xff,0xff,0xff,0xff,0xff,0xff,0xff,0xff,0xff,0xff,0xff,0xff,0xff,0xff,0xff,0xff,0xff,0xff,0xff,0xff,
    0xff,0xff,0xff,0xff,0xff,0xff,0xff,0xff,0xff,0xff,0xff,0xff,0xff,0xff,0xff,0xff,0xff,0xff,0xff,0xff,0xff,0xff,0xff,0xff,
    0xff,0xff,0xff,0xff,0xff,0xff,0xff,0xff,0xff,0xff,0xff,0xff,0xff,0xff,0xff,0xff,0xff,0xff,0xff,0xff,0xff,0xff,0xff,0xff,
    0xff,0xff,0xff,0xff,0xff,0xff,0xff,0xff,0xff,0xff,0xff,0xff,0xff,0xff,0xff,0xff,0xff,0xff,0xff,0xff,0xff,0xff,0xff,0xff,
    0xff,0xff,0xff,0xff,0xff,0xff,0xff,0xff,0xff,0xff,0xff,0xff,0xff,0xff,0xff,0xff,0xff,0xff,0xff,0xff,0xff,0xff,0xff,0xff,
    0xff,0xff,0xff,0xff,0xff,0xff,0xff,0xff,0xff,0xff,0xff,0xff,0xff,0xff,0xff,0xff,0xff,0xff,0xff,0xff,0xff,0xff,0xff,0xff,
    0xff,0xff,0xff,0xff,0xff,0xff,0xff,0xff,0xff,0xff,0xff,0xff,0xff,0xff,0xff,0xff,0xff,0xff,0xff,0xff,0xff,0xff,0xff,0xff,
    0xff,0xff,0xff,0xff,0xff,0xff,0xff,0xff,0xff,0xff,0xff,0xff,0xff,0xff,0xff,0xff,0xff,0xff,0xff,0xff,0xff,0xff,0xff,0xff,
    0xff,0xff,0xff,0xff,0xff,0xff,0xff,0xff,0xff,0xff,0xff,0xff,0xff,0xfe,0xfe,0xff,0xfe,0xfb,0xfb,0xff,0xf9,0xf6,0xf6,0xff,
    0xf3,0xf0,0xf0,0xff,0xeb,0xe8,0xe8,0xff,0xe2,0xdf,0xdf,0xff,0xd8,0xd5,0xd5,0xff,0xcf,0xcc,0xcc,0xff,0xc9,0xc6,0xc6,0xff,
    0xa5,0xa0,0xa0,0xfd,0xa2,0x9b,0x9b,0xff,0x9f,0x97,0x97,0x40,0x00,0x00,0x00,0x00,0x00,0x00,0x00,0x00,0x9f,0x9f,0x9f,0x10,
    0x9b,0x94,0x94,0xf0,0xa1,0x9b,0x9b,0xff,0xc2,0xbf,0xbf,0xfe,0xce,0xcb,0xcb,0xff,0xd6,0xd3,0xd3,0xff,0xdf,0xdc,0xdc,0xff,
    0xe9,0xe6,0xe6,0xff,0xf1,0xee,0xee,0xff,0xf8,0xf5,0xf5,0xff,0xfd,0xfa,0xfa,0xff,0xff,0xfd,0xfd,0xff,0xff,0xff,0xff,0xff,
    0xff,0xff,0xff,0xff,0xff,0xff,0xff,0xff,0xff,0xff,0xff,0xff,0xff,0xff,0xff,0xff,0xff,0xff,0xff,0xff,0xff,0xff,0xff,0xff,
    0xff,0xff,0xff,0xff,0xff,0xff,0xff,0xff,0xff,0xff,0xff,0xff,0xff,0xff,0xff,0xff,0xff,0xff,0xff,0xff,0xff,0xff,0xff,0xff,
    0xff,0xff,0xff,0xff,0xff,0xff,0xff,0xff,0xff,0xff,0xff,0xff,0xff,0xff,0xff,0xff,0xff,0xff,0xff,0xff,0xff,0xff,0xff,0xff,
    0xff,0xff,0xff,0xff,0xff,0xff,0xff,0xff,0xff,0xff,0xff,0xff,0xff,0xff,0xff,0xff,0xff,0xff,0xff,0xff,0xff,0xff,0xff,0xff,
    0xff,0xff,0xff,0xff,0xff,0xff,0xff,0xff,0xff,0xff,0xff,0xff,0xff,0xff,0xff,0xff,0xff,0xff,0xff,0xff,0xff,0xff,0xff,0xff,
    0xff,0xff,0xff,0xff,0xff,0xff,0xff,0xff,0xff,0xff,0xff,0xff,0xff,0xff,0xff,0xff,0xff,0xff,0xff,0xff,0xff,0xff,0xff,0xff,
    0xff,0xff,0xff,0xff,0xff,0xff,0xff,0xff,0xff,0xff,0xff,0xff,0xff,0xff,0xff,0xff,0xff,0xff,0xff,0xff,0xff,0xff,0xff,0xff,
    0xff,0xff,0xff,0xff,0xff,0xff,0xff,0xff,0xff,0xff,0xff,0xff,0xff,0xff,0xff,0xff,0xff,0xff,0xff,0xff,0xff,0xff,0xff,0xff,
    0xff,0xff,0xff,0xff,0xff,0xff,0xff,0xff,0xff,0xff,0xff,0xff,0xff,0xff,0xff,0xff,0xff,0xff,0xff,0xff,0xff,0xff,0xff,0xff,
    0xff,0xff,0xff,0xff,0xff,0xff,0xff,0xff,0xff,0xff,0xff,0xff,0xff,0xff,0xff,0xff,0xff,0xff,0xff,0xff,0xff,0xff,0xff,0xff,
    0xff,0xff,0xff,0xff,0xff,0xfe,0xfe,0xff,0xfe,0xfb,0xfb,0xff,0xf9,0xf6,0xf6,0xff,0xf3,0xf0,0xf0,0xff,0xeb,0xe8,0xe8,0xff,
    0xe2,0xdf,0xdf,0xff,0xd9,0xd6,0xd6,0xff,0xcf,0xcc,0xcc,0xff,0xc9,0xc6,0xc6,0xff,0xa5,0xa0,0xa0,0xfd,0xa2,0x9b,0x9b,0xff,
    0x9f,0x97,0x97,0x40,0x00,0x00,0x00,0x00,0x00,0x00,0x00,0x00,0x9f,0x9f,0x9f,0x10,0x9b,0x94,0x94,0xf0,0xa1,0x9b,0x9b,0xff,
    0xc2,0xbf,0xbf,0xfe,0xce,0xcb,0xcb,0xff,0xd6,0xd3,0xd3,0xff,0xdf,0xdc,0xdc,0xff,0xe9,0xe6,0xe6,0xff,0xf1,0xee,0xee,0xff,
    0xf7,0xf5,0xf5,0xff,0xfd,0xfa,0xfa,0xff,0xff,0xfd,0xfd,0xff,0xff,0xff,0xff,0xff,0xff,0xff,0xff,0xff,0xff,0xff,0xff,0xff,
    0xff,0xff,0xff,0xff,0xff,0xff,0xff,0xff,0xff,0xff,0xff,0xff,0xff,0xff,0xff,0xff,0xff,0xff,0xff,0xff,0xff,0xff,0xff,0xff,
    0xff,0xff,0xff,0xff,0xff,0xff,0xff,0xff,0xff,0xff,0xff,0xff,0xff,0xff,0xff,0xff,0xff,0xff,0xff,0xff,0xff,0xff,0xff,0xff,
    0xff,0xff,0xff,0xff,0xff,0xff,0xff,0xff,0xff,0xff,0xff,0xff,0xff,0xff,0xff,0xff,0xff,0xff,0xff,0xff,0xff,0xff,0xff,0xff,
    0xff,0xff,0xff,0xff,0xff,0xff,0xff,0xff,0xff,0xff,0xff,0xff,0xff,0xff,0xff,0xff,0xff,0xff,0xff,0xff,0xff,0xff,0xff,0xff,
    0xff,0xff,0xff,0xff,0xff,0xff,0xff,0xff,0xff,0xff,0xff,0xff,0xff,0xff,0xff,0xff,0xff,0xff,0xff,0xff,0xff,0xff,0xff,0xff,
    0xff,0xff,0xff,0xff,0xff,0xff,0xff,0xff,0xff,0xff,0xff,0xff,0xff,0xff,0xff,0xff,0xff,0xff,0xff,0xff,0xff,0xff,0xff,0xff,
    0xff,0xff,0xff,0xff,0xff,0xff,0xff,0xff,0xff,0xff,0xff,0xff,0xff,0xff,0xff,0xff,0xff,0xff,0xff,0xff,0xff,0xff,0xff,0xff,
    0xff,0xff,0xff,0xff,0xff,0xff,0xff,0xff,0xff,0xff,0xff,0xff,0xff,0xff,0xff,0xff,0xff,0xff,0xff,0xff,0xff,0xff,0xff,0xff,
    0xff,0xff,0xff,0xff,0xff,0xff,0xff,0xff,0xff,0xff,0xff,0xff,0xff,0xff,0xff,0xff,0xff,0xff,0xff,0xff,0xff,0xff,0xff,0xff,
    0xff,0xff,0xff,0xff,0xff,0xff,0xff,0xff,0xff,0xff,0xff,0xff,0xff,0xff,0xff,0xff,0xff,0xff,0xff,0xff,0xff,0xfe,0xfe,0xff,
    0xfe,0xfb,0xfb,0xff,0xf9,0xf6,0xf6,0xff,0xf3,0xf0,0xf0,0xff,0xeb,0xe8,0xe8,0xff,0xe1,0xde,0xde,0xff,0xd8,0xd5,0xd5,0xff,
    0xcf,0xcc,0xcc,0xff,0xc8,0xc6,0xc6,0xff,0xa5,0xa0,0xa0,0xfd,0xa2,0x9b,0x9b,0xff,0x9f,0x97,0x97,0x40,0x00,0x00,0x00,0x00,
    0x00,0x00,0x00,0x00,0x9f,0x9f,0x9f,0x10,0x9b,0x95,0x95,0xef,0xa1,0x9b,0x9b,0xff,0xc2,0xbf,0xbf,0xfe,0xce,0xcb,0xcb,0xff,
    0xd5,0xd2,0xd2,0xff,0xdf,0xdc,0xdc,0xff,0xe8,0xe5,0xe5,0xff,0xf0,0xed,0xed,0xff,0xf7,0xf5,0xf5,0xff,0xfd,0xfa,0xfa,0xff,
    0xff,0xfd,0xfd,0xff,0xff,0xff,0xff,0xff,0xff,0xff,0xff,0xff,0xff,0xff,0xff,0xff,0xff,0xff,0xff,0xff,0xff,0xff,0xff,0xff,
    0xff,0xff,0xff,0xff,0xff,0xff,0xff,0xff,0xff,0xff,0xff,0xff,0xff,0xff,0xff,0xff,0xff,0xff,0xff,0xff,0xff,0xff,0xff,0xff,
    0xff,0xff,0xff,0xff,0xff,0xff,0xff,0xff,0xff,0xff,0xff,0xff,0xff,0xff,0xff,0xff,0xff,0xff,0xff,0xff,0xff,0xff,0xff,0xff,
    0xff,0xff,0xff,0xff,0xff,0xff,0xff,0xff,0xff,0xff,0xff,0xff,0xff,0xff,0xff,0xff,0xff,0xff,0xff,0xff,0xff,0xff,0xff,0xff,
    0xff,0xff,0xff,0xff,0xff,0xff,0xff,0xff,0xff,0xff,0xff,0xff,0xff,0xff,0xff,0xff,0xff,0xff,0xff,0xff,0xff,0xff,0xff,0xff,
    0xff,0xff,0xff,0xff,0xff,0xff,0xff,0xff,0xff,0xff,0xff,0xff,0xff,0xff,0xff,0xff,0xff,0xff,0xff,0xff,0xff,0xff,0xff,0xff,
    0xff,0xff,0xff,0xff,0xff,0xff,0xff,0xff,0xff,0xff,0xff,0xff,0xff,0xff,0xff,0xff,0xff,0xff,0xff,0xff,0xff,0xff,0xff,0xff,
    0xff,0xff,0xff,0xff,0xff,0xff,0xff,0xff,0xff,0xff,0xff,0xff,0xff,0xff,0xff,0xff,0xff,0xff,0xff,0xff,0xff,0xff,0xff,0xff,
    0xff,0xff,0xff,0xff,0xff,0xff,0xff,0xff,0xff,0xff,0xff,0xff,0xff,0xff,0xff,0xff,0xff,0xff,0xff,0xff,0xff,0xff,0xff,0xff,
    0xff,0xff,0xff,0xff,0xff,0xff,0xff,0xff,0xff,0xff,0xff,0xff,0xff,0xff,0xff,0xff,0xff,0xff,0xff,0xff,0xff,0xff,0xff,0xff,
    0xff,0xff,0xff,0xff,0xff,0xff,0xff,0xff,0xff,0xff,0xff,0xff,0xff,0xfe,0xfe,0xff,0xfe,0xfb,0xfb,0xff,0xf9,0xf6,0xf6,0xff,
    0xf2,0xef,0xef,0xff,0xea,0xe7,0xe7,0xff,0xe1,0xde,0xde,0xff,0xd8,0xd5,0xd5,0xff,0xcf,0xcc,0xcc,0xff,0xc8,0xc6,0xc6,0xff,
    0xa5,0xa0,0xa0,0xfd,0xa2,0x9b,0x9b,0xff,0xa1,0x99,0x99,0x3f,0x00,0x00,0x00,0x00,0x00,0x00,0x00,0x00,0xa5,0xa5,0xa5,0x11,
    0x9b,0x95,0x95,0xf3,0xa1,0x9b,0x9b,0xff,0xc2,0xbf,0xbf,0xfe,0xcd,0xca,0xca,0xff,0xd5,0xd2,0xd2,0xff,0xdf,0xdc,0xdc,0xff,
    0xe8,0xe5,0xe5,0xff,0xf0,0xed,0xed,0xff,0xf7,0xf4,0xf4,0xff,0xfd,0xfa,0xfa,0xff,0xff,0xfd,0xfd,0xff,0xff,0xff,0xff,0xff,
    0xff,0xff,0xff,0xff,0xff,0xff,0xff,0xff,0xff,0xff,0xff,0xff,0xff,0xff,0xff,0xff,0xff,0xff,0xff,0xff,0xff,0xff,0xff,0xff,
    0xff,0xff,0xff,0xff,0xff,0xff,0xff,0xff,0xff,0xff,0xff,0xff,0xff,0xff,0xff,0xff,0xff,0xff,0xff,0xff,0xff,0xff,0xff,0xff,
    0xff,0xff,0xff,0xff,0xff,0xff,0xff,0xff,0xff,0xff,0xff,0xff,0xff,0xff,0xff,0xff,0xff,0xff,0xff,0xff,0xff,0xff,0xff,0xff,
    0xff,0xff,0xff,0xff,0xff,0xff,0xff,0xff,0xff,0xff,0xff,0xff,0xff,0xff,0xff,0xff,0xff,0xff,0xff,0xff,0xff,0xff,0xff,0xff,
    0xff,0xff,0xff,0xff,0xff,0xff,0xff,0xff,0xff,0xff,0xff,0xff,0xff,0xff,0xff,0xff,0xff,0xff,0xff,0xff,0xff,0xff,0xff,0xff,
    0xff,0xff,0xff,0xff,0xff,0xff,0xff,0xff,0xff,0xff,0xff,0xff,0xff,0xff,0xff,0xff,0xff,0xff,0xff,0xff,0xff,0xff,0xff,0xff,
    0xff,0xff,0xff,0xff,0xff,0xff,0xff,0xff,0xff,0xff,0xff,0xff,0xff,0xff,0xff,0xff,0xff,0xff,0xff,0xff,0xff,0xff,0xff,0xff,
    0xff,0xff,0xff,0xff,0xff,0xff,0xff,0xff,0xff,0xff,0xff,0xff,0xff,0xff,0xff,0xff,0xff,0xff,0xff,0xff,0xff,0xff,0xff,0xff,
    0xff,0xff,0xff,0xff,0xff,0xff,0xff,0xff,0xff,0xff,0xff,0xff,0xff,0xff,0xff,0xff,0xff,0xff,0xff,0xff,0xff,0xff,0xff,0xff,
    0xff,0xff,0xff,0xff,0xff,0xff,0xff,0xff,0xff,0xff,0xff,0xff,0xff,0xff,0xff,0xff,0xff,0xff,0xff,0xff,0xff,0xff,0xff,0xff,
    0xff,0xff,0xff,0xff,0xff,0xfe,0xfe,0xff,0xfe,0xfb,0xfb,0xff,0xf9,0xf6,0xf6,0xff,0xf2,0xef,0xef,0xff,0xea,0xe7,0xe7,0xff,
    0xe1,0xde,0xde,0xff,0xd8,0xd5,0xd5,0xff,0xce,0xcb,0xcb,0xff,0xc8,0xc6,0xc6,0xff,0xa5,0xa0,0xa0,0xfd,0xa3,0x9c,0x9c,0xff,
    0x9f,0x98,0x98,0x43,0x00,0x00,0x00,0x00,0xff,0xff,0xff,0x01,0x94,0x94,0x94,0x0c,0x9c,0x95,0x95,0xe3,0xa1,0x9b,0x9b,0xff,
    0xc0,0xbd,0xbd,0xfd,0xcd,0xca,0xca,0xff,0xd5,0xd2,0xd2,0xff,0xde,0xdb,0xdb,0xff,0xe7,0xe4,0xe4,0xff,0xf0,0xed,0xed,0xff,
    0xf7,0xf4,0xf4,0xff,0xfd,0xfa,0xfa,0xff,0xff,0xfd,0xfd,0xff,0xff,0xff,0xff,0xff,0xff,0xff,0xff,0xff,0xff,0xff,0xff,0xff,
    0xff,0xff,0xff,0xff,0xff,0xff,0xff,0xff,0xff,0xff,0xff,0xff,0xff,0xff,0xff,0xff,0xff,0xff,0xff,0xff,0xff,0xff,0xff,0xff,
    0xff,0xff,0xff,0xff,0xff,0xff,0xff,0xff,0xff,0xff,0xff,0xff,0xff,0xff,0xff,0xff,0xff,0xff,0xff,0xff,0xff,0xff,0xff,0xff,
    0xff,0xff,0xff,0xff,0xff,0xff,0xff,0xff,0xff,0xff,0xff,0xff,0xff,0xff,0xff,0xff,0xff,0xff,0xff,0xff,0xff,0xff,0xff,0xff,
    0xff,0xff,0xff,0xff,0xff,0xff,0xff,0xff,0xff,0xff,0xff,0xff,0xff,0xff,0xff,0xff,0xff,0xff,0xff,0xff,0xff,0xff,0xff,0xff,
    0xff,0xff,0xff,0xff,0xff,0xff,0xff,0xff,0xff,0xff,0xff,0xff,0xff,0xff,0xff,0xff,0xff,0xff,0xff,0xff,0xff,0xff,0xff,0xff,
    0xff,0xff,0xff,0xff,0xff,0xff,0xff,0xff,0xff,0xff,0xff,0xff,0xff,0xff,0xff,0xff,0xff,0xff,0xff,0xff,0xff,0xff,0xff,0xff,
    0xff,0xff,0xff,0xff,0xff,0xff,0xff,0xff,0xff,0xff,0xff,0xff,0xff,0xff,0xff,0xff,0xff,0xff,0xff,0xff,0xff,0xff,0xff,0xff,
    0xff,0xff,0xff,0xff,0xff,0xff,0xff,0xff,0xff,0xff,0xff,0xff,0xff,0xff,0xff,0xff,0xff,0xff,0xff,0xff,0xff,0xff,0xff,0xff,
    0xff,0xff,0xff,0xff,0xff,0xff,0xff,0xff,0xff,0xff,0xff,0xff,0xff,0xff,0xff,0xff,0xff,0xff,0xff,0xff,0xff,0xff,0xff,0xff,
    0xff,0xff,0xff,0xff,0xff,0xff,0xff,0xff,0xff,0xff,0xff,0xff,0xff,0xff,0xff,0xff,0xff,0xff,0xff,0xff,0xff,0xfe,0xfe,0xff,
    0xfe,0xfb,0xfb,0xff,0xf8,0xf5,0xf5,0xff,0xf2,0xef,0xef,0xff,0xea,0xe7,0xe7,0xff,0xe0,0xdd,0xdd,0xff,0xd7,0xd4,0xd4,0xff,
    0xce,0xcb,0xcb,0xff,0xc7,0xc4,0xc4,0xff,0xa3,0x9e,0x9e,0xfe,0xa0,0x99,0x99,0xfb,0x9c,0x98,0x98,0x34,0x00,0x00,0x00,0x00,
    0xaa,0xaa,0xaa,0x03,0x00,0x00,0x00,0x00,0x9d,0x96,0x96,0xbc,0xa2,0x9c,0x9c,0xff,0xba,0xb7,0xb7,0xfc,0xce,0xcb,0xcb,0xff,
    0xd4,0xd1,0xd1,0xff,0xde,0xdb,0xdb,0xff,0xe7,0xe4,0xe4,0xff,0xef,0xec,0xec,0xff,0xf6,0xf3,0xf3,0xff,0xfc,0xf9,0xf9,0xff,
    0xff,0xfd,0xfd,0xff,0xff,0xff,0xff,0xff,0xff,0xff,0xff,0xff,0xff,0xff,0xff,0xff,0xff,0xff,0xff,0xff,0xff,0xff,0xff,0xff,
    0xff,0xff,0xff,0xff,0xff,0xff,0xff,0xff,0xff,0xff,0xff,0xff,0xff,0xff,0xff,0xff,0xff,0xff,0xff,0xff,0xff,0xff,0xff,0xff,
    0xff,0xff,0xff,0xff,0xff,0xff,0xff,0xff,0xff,0xff,0xff,0xff,0xff,0xff,0xff,0xff,0xff,0xff,0xff,0xff,0xff,0xff,0xff,0xff,
    0xff,0xff,0xff,0xff,0xff,0xff,0xff,0xff,0xff,0xff,0xff,0xff,0xff,0xff,0xff,0xff,0xff,0xff,0xff,0xff,0xff,0xff,0xff,0xff,
    0xff,0xff,0xff,0xff,0xff,0xff,0xff,0xff,0xff,0xff,0xff,0xff,0xff,0xff,0xff,0xff,0xff,0xff,0xff,0xff,0xff,0xff,0xff,0xff,
    0xff,0xff,0xff,0xff,0xff,0xff,0xff,0xff,0xff,0xff,0xff,0xff,0xff,0xff,0xff,0xff,0xff,0xff,0xff,0xff,0xff,0xff,0xff,0xff,
    0xff,0xff,0xff,0xff,0xff,0xff,0xff,0xff,0xff,0xff,0xff,0xff,0xff,0xff,0xff,0xff,0xff,0xff,0xff,0xff,0xff,0xff,0xff,0xff,
    0xff,0xff,0xff,0xff,0xff,0xff,0xff,0xff,0xff,0xff,0xff,0xff,0xff,0xff,0xff,0xff,0xff,0xff,0xff,0xff,0xff,0xff,0xff,0xff,
    0xff,0xff,0xff,0xff,0xff,0xff,0xff,0xff,0xff,0xff,0xff,0xff,0xff,0xff,0xff,0xff,0xff,0xff,0xff,0xff,0xff,0xff,0xff,0xff,
    0xff,0xff,0xff,0xff,0xff,0xff,0xff,0xff,0xff,0xff,0xff,0xff,0xff,0xff,0xff,0xff,0xff,0xff,0xff,0xff,0xff,0xff,0xff,0xff,
    0xff,0xff,0xff,0xff,0xff,0xff,0xff,0xff,0xff,0xff,0xff,0xff,0xff,0xfd,0xfd,0xff,0xfd,0xfa,0xfa,0xff,0xf8,0xf5,0xf5,0xff,
    0xf1,0xee,0xee,0xff,0xe9,0xe6,0xe6,0xff,0xe0,0xdd,0xdd,0xff,0xd7,0xd4,0xd4,0xff,0xcf,0xcc,0xcc,0xff,0xc3,0xbf,0xbf,0xfe,
    0xa1,0x9b,0x9b,0xff,0x9a,0x94,0x94,0xef,0xa3,0xa3,0xa3,0x0e,0x00,0x00,0x00,0x00,0xaa,0xaa,0xaa,0x03,0x00,0x00,0x00,0x00,
    0x9d,0x96,0x96,0xbe,0xa3,0x9c,0x9c,0xff,0xba,0xb7,0xb7,0xfc,0xcd,0xca,0xca,0xff,0xd3,0xd0,0xd0,0xff,0xdd,0xda,0xda,0xff,
    0xe7,0xe4,0xe4,0xff,0xef,0xec,0xec,0xff,0xf6,0xf3,0xf3,0xff,0xfc,0xf9,0xf9,0xff,0xff,0xfd,0xfd,0xff,0xff,0xff,0xff,0xff,
    0xff,0xff,0xff,0xff,0xff,0xff,0xff,0xff,0xff,0xff,0xff,0xff,0xff,0xff,0xff,0xff,0xff,0xff,0xff,0xff,0xff,0xff,0xff,0xff,
    0xff,0xff,0xff,0xff,0xff,0xff,0xff,0xff,0xff,0xff,0xff,0xff,0xff,0xff,0xff,0xff,0xff,0xff,0xff,0xff,0xff,0xff,0xff,0xff,
    0xff,0xff,0xff,0xff,0xff,0xff,0xff,0xff,0xff,0xff,0xff,0xff,0xff,0xff,0xff,0xff,0xff,0xff,0xff,0xff,0xff,0xff,0xff,0xff,
    0xff,0xff,0xff,0xff,0xff,0xff,0xff,0xff,0xff,0xff,0xff,0xff,0xff,0xff,0xff,0xff,0xff,0xff,0xff,0xff,0xff,0xff,0xff,0xff,
    0xff,0xff,0xff,0xff,0xff,0xff,0xff,0xff,0xff,0xff,0xff,0xff,0xff,0xff,0xff,0xff,0xff,0xff,0xff,0xff,0xff,0xff,0xff,0xff,
    0xff,0xff,0xff,0xff,0xff,0xff,0xff,0xff,0xff,0xff,0xff,0xff,0xff,0xff,0xff,0xff,0xff,0xff,0xff,0xff,0xff,0xff,0xff,0xff,
    0xff,0xff,0xff,0xff,0xff,0xff,0xff,0xff,0xff,0xff,0xff,0xff,0xff,0xff,0xff,0xff,0xff,0xff,0xff,0xff,0xff,0xff,0xff,0xff,
    0xff,0xff,0xff,0xff,0xff,0xff,0xff,0xff,0xff,0xff,0xff,0xff,0xff,0xff,0xff,0xff,0xff,0xff,0xff,0xff,0xff,0xff,0xff,0xff,
    0xff,0xff,0xff,0xff,0xff,0xff,0xff,0xff,0xff,0xff,0xff,0xff,0xff,0xff,0xff,0xff,0xff,0xff,0xff,0xff,0xff,0xff,0xff,0xff,
    0xff,0xff,0xff,0xff,0xff,0xff,0xff,0xff,0xff,0xff,0xff,0xff,0xff,0xff,0xff,0xff,0xff,0xff,0xff,0xff,0xff,0xff,0xff,0xff,
    0xff,0xff,0xff,0xff,0xff,0xfd,0xfd,0xff,0xfd,0xfa,0xfa,0xff,0xf8,0xf5,0xf5,0xff,0xf1,0xee,0xee,0xff,0xe9,0xe6,0xe6,0xff,
    0xdf,0xdc,0xdc,0xff,0xd6,0xd3,0xd3,0xff,0xce,0xcb,0xcb,0xff,0xc2,0xbf,0xbf,0xfe,0xa1,0x9b,0x9b,0xff,0x9b,0x94,0x94,0xf0,
    0x9f,0x9f,0x9f,0x10,0x00,0x00,0x00,0x00,0xaa,0xaa,0xaa,0x03,0x00,0x00,0x00,0x00,0x9d,0x96,0x96,0xc1,0xa3,0x9c,0x9c,0xff,
    0xbb,0xb7,0xb7,0xfc,0xcd,0xca,0xca,0xff,0xd3,0xd0,0xd0,0xff,0xdd,0xda,0xda,0xff,0xe6,0xe3,0xe3,0xff,0xee,0xeb,0xeb,0xff,
    0xf5,0xf3,0xf3,0xff,0xfb,0xf8,0xf8,0xff,0xff,0xfc,0xfc,0xff,0xff,0xff,0xff,0xff,0xff,0xff,0xff,0xff,0xff,0xff,0xff,0xff,
    0xff,0xff,0xff,0xff,0xff,0xff,0xff,0xff,0xff,0xff,0xff,0xff,0xff,0xff,0xff,0xff,0xff,0xff,0xff,0xff,0xff,0xff,0xff,0xff,
    0xff,0xff,0xff,0xff,0xff,0xff,0xff,0xff,0xff,0xff,0xff,0xff,0xff,0xff,0xff,0xff,0xff,0xff,0xff,0xff,0xff,0xff,0xff,0xff,
    0xff,0xff,0xff,0xff,0xff,0xff,0xff,0xff,0xff,0xff,0xff,0xff,0xff,0xff,0xff,0xff,0xff,0xff,0xff,0xff,0xff,0xff,0xff,0xff,
    0xff,0xff,0xff,0xff,0xff,0xff,0xff,0xff,0xff,0xff,0xff,0xff,0xff,0xff,0xff,0xff,0xff,0xff,0xff,0xff,0xff,0xff,0xff,0xff,
    0xff,0xff,0xff,0xff,0xff,0xff,0xff,0xff,0xff,0xff,0xff,0xff,0xff,0xff,0xff,0xff,0xff,0xff,0xff,0xff,0xff,0xff,0xff,0xff,
    0xff,0xff,0xff,0xff,0xff,0xff,0xff,0xff,0xff,0xff,0xff,0xff,0xff,0xff,0xff,0xff,0xff,0xff,0xff,0xff,0xff,0xff,0xff,0xff,
    0xff,0xff,0xff,0xff,0xff,0xff,0xff,0xff,0xff,0xff,0xff,0xff,0xff,0xff,0xff,0xff,0xff,0xff,0xff,0xff,0xff,0xff,0xff,0xff,
    0xff,0xff,0xff,0xff,0xff,0xff,0xff,0xff,0xff,0xff,0xff,0xff,0xff,0xff,0xff,0xff,0xff,0xff,0xff,0xff,0xff,0xff,0xff,0xff,
    0xff,0xff,0xff,0xff,0xff,0xff,0xff,0xff,0xff,0xff,0xff,0xff,0xff,0xff,0xff,0xff,0xff,0xff,0xff,0xff,0xff,0xff,0xff,0xff,
    0xff,0xff,0xff,0xff,0xff,0xff,0xff,0xff,0xff,0xff,0xff,0xff,0xff,0xff,0xff,0xff,0xff,0xff,0xff,0xff,0xff,0xfd,0xfd,0xff,
    0xfd,0xfa,0xfa,0xff,0xf7,0xf4,0xf4,0xff,0xf0,0xed,0xed,0xff,0xe8,0xe5,0xe5,0xff,0xdf,0xdc,0xdc,0xff,0xd6,0xd3,0xd3,0xff,
    0xce,0xcb,0xcb,0xff,0xc2,0xbf,0xbf,0xfe,0xa1,0x9b,0x9b,0xff,0x9b,0x95,0x95,0xf3,0xa5,0xa5,0xa5,0x11,0x00,0x00,0x00,0x00,
    0x7f,0x7f,0x7f,0x04,0x00,0x00,0x00,0x00,0x9c,0x96,0x96,0xae,0xa3,0x9d,0x9d,0xff,0xb7,0xb3,0xb3,0xfc,0xcc,0xc9,0xc9,0xff,
    0xd2,0xcf,0xcf,0xff,0xdc,0xd9,0xd9,0xff,0xe5,0xe2,0xe2,0xff,0xee,0xeb,0xeb,0xff,0xf5,0xf2,0xf2,0xff,0xfb,0xf8,0xf8,0xff,
    0xff,0xfc,0xfc,0xff,0xff,0xff,0xff,0xff,0xff,0xff,0xff,0xff,0xff,0xff,0xff,0xff,0xff,0xff,0xff,0xff,0xff,0xff,0xff,0xff,
    0xff,0xff,0xff,0xff,0xff,0xff,0xff,0xff,0xff,0xff,0xff,0xff,0xff,0xff,0xff,0xff,0xff,0xff,0xff,0xff,0xff,0xff,0xff,0xff,
    0xff,0xff,0xff,0xff,0xff,0xff,0xff,0xff,0xff,0xff,0xff,0xff,0xff,0xff,0xff,0xff,0xff,0xff,0xff,0xff,0xff,0xff,0xff,0xff,
    0xff,0xff,0xff,0xff,0xff,0xff,0xff,0xff,0xff,0xff,0xff,0xff,0xff,0xff,0xff,0xff,0xff,0xff,0xff,0xff,0xff,0xff,0xff,0xff,
    0xff,0xff,0xff,0xff,0xff,0xff,0xff,0xff,0xff,0xff,0xff,0xff,0xff,0xff,0xff,0xff,0xff,0xff,0xff,0xff,0xff,0xff,0xff,0xff,
    0xff,0xff,0xff,0xff,0xff,0xff,0xff,0xff,0xff,0xff,0xff,0xff,0xff,0xff,0xff,0xff,0xff,0xff,0xff,0xff,0xff,0xff,0xff,0xff,
    0xff,0xff,0xff,0xff,0xff,0xff,0xff,0xff,0xff,0xff,0xff,0xff,0xff,0xff,0xff,0xff,0xff,0xff,0xff,0xff,0xff,0xff,0xff,0xff,
    0xff,0xff,0xff,0xff,0xff,0xff,0xff,0xff,0xff,0xff,0xff,0xff,0xff,0xff,0xff,0xff,0xff,0xff,0xff,0xff,0xff,0xff,0xff,0xff,
    0xff,0xff,0xff,0xff,0xff,0xff,0xff,0xff,0xff,0xff,0xff,0xff,0xff,0xff,0xff,0xff,0xff,0xff,0xff,0xff,0xff,0xff,0xff,0xff,
    0xff,0xff,0xff,0xff,0xff,0xff,0xff,0xff,0xff,0xff,0xff,0xff,0xff,0xff,0xff,0xff,0xff,0xff,0xff,0xff,0xff,0xff,0xff,0xff,
    0xff,0xff,0xff,0xff,0xff,0xff,0xff,0xff,0xff,0xff,0xff,0xff,0xff,0xfd,0xfd,0xff,0xfc,0xf9,0xf9,0xff,0xf6,0xf3,0xf3,0xff,
    0xf0,0xed,0xed,0xff,0xe7,0xe4,0xe4,0xff,0xde,0xdb,0xdb,0xff,0xd5,0xd2,0xd2,0xff,0xcd,0xca,0xca,0xff,0xc0,0xbd,0xbd,0xfd,
    0xa1,0x9b,0x9b,0xff,0x9c,0x95,0x95,0xe3,0x94,0x94,0x94,0x0c,0xff,0xff,0xff,0x01,0x99,0x99,0x99,0x05,0x00,0x00,0x00,0x00,
    0x9e,0x98,0x98,0x7c,0xa5,0x9e,0x9e,0xff,0xae,0xaa,0xaa,0xfb,0xcd,0xca,0xca,0xff,0xd1,0xce,0xce,0xff,0xdb,0xd8,0xd8,0xff,
    0xe4,0xe1,0xe1,0xff,0xed,0xea,0xea,0xff,0xf5,0xf2,0xf2,0xff,0xfa,0xf7,0xf7,0xff,0xfe,0xfc,0xfc,0xff,0xff,0xfe,0xfe,0xff,
    0xff,0xff,0xff,0xff,0xff,0xff,0xff,0xff,0xff,0xff,0xff,0xff,0xff,0xff,0xff,0xff,0xff,0xff,0xff,0xff,0xff,0xff,0xff,0xff,
    0xff,0xff,0xff,0xff,0xff,0xff,0xff,0xff,0xff,0xff,0xff,0xff,0xff,0xff,0xff,0xff,0xff,0xff,0xff,0xff,0xff,0xff,0xff,0xff,
    0xff,0xff,0xff,0xff,0xff,0xff,0xff,0xff,0xff,0xff,0xff,0xff,0xff,0xff,0xff,0xff,0xff,0xff,0xff,0xff,0xff,0xff,0xff,0xff,
    0xff,0xff,0xff,0xff,0xff,0xff,0xff,0xff,0xff,0xff,0xff,0xff,0xff,0xff,0xff,0xff,0xff,0xff,0xff,0xff,0xff,0xff,0xff,0xff,
    0xff,0xff,0xff,0xff,0xff,0xff,0xff,0xff,0xff,0xff,0xff,0xff,0xff,0xff,0xff,0xff,0xff,0xff,0xff,0xff,0xff,0xff,0xff,0xff,
    0xff,0xff,0xff,0xff,0xff,0xff,0xff,0xff,0xff,0xff,0xff,0xff,0xff,0xff,0xff,0xff,0xff,0xff,0xff,0xff,0xff,0xff,0xff,0xff,
    0xff,0xff,0xff,0xff,0xff,0xff,0xff,0xff,0xff,0xff,0xff,0xff,0xff,0xff,0xff,0xff,0xff,0xff,0xff,0xff,0xff,0xff,0xff,0xff,
    0xff,0xff,0xff,0xff,0xff,0xff,0xff,0xff,0xff,0xff,0xff,0xff,0xff,0xff,0xff,0xff,0xff,0xff,0xff,0xff,0xff,0xff,0xff,0xff,
    0xff,0xff,0xff,0xff,0xff,0xff,0xff,0xff,0xff,0xff,0xff,0xff,0xff,0xff,0xff,0xff,0xff,0xff,0xff,0xff,0xff,0xff,0xff,0xff,
    0xff,0xff,0xff,0xff,0xff,0xff,0xff,0xff,0xff,0xff,0xff,0xff,0xff,0xff,0xff,0xff,0xff,0xff,0xff,0xff,0xff,0xff,0xff,0xff,
    0xff,0xff,0xff,0xff,0xff,0xfd,0xfd,0xff,0xfc,0xf8,0xf8,0xff,0xf6,0xf3,0xf3,0xff,0xef,0xec,0xec,0xff,0xe7,0xe4,0xe4,0xff,
    0xdd,0xda,0xda,0xff,0xd4,0xd1,0xd1,0xff,0xce,0xcb,0xcb,0xff,0xba,0xb6,0xb6,0xfc,0xa2,0x9c,0x9c,0xff,0x9c,0x97,0x97,0xbb,
    0x00,0x00,0x00,0x00,0xaa,0xaa,0xaa,0x03,0x99,0x99,0x99,0x05,0x00,0x00,0x00,0x00,0x9c,0x96,0x96,0x84,0xa5,0x9e,0x9e,0xff,
    0xb0,0xac,0xac,0xfb,0xcc,0xc9,0xc9,0xff,0xd0,0xcd,0xcd,0xff,0xda,0xd7,0xd7,0xff,0xe4,0xe1,0xe1,0xff,0xec,0xe9,0xe9,0xff,
    0xf4,0xf1,0xf1,0xff,0xfa,0xf7,0xf7,0xff,0xfe,0xfb,0xfb,0xff,0xff,0xfe,0xfe,0xff,0xff,0xff,0xff,0xff,0xff,0xff,0xff,0xff,
    0xff,0xff,0xff,0xff,0xff,0xff,0xff,0xff,0xff,0xff,0xff,0xff,0xff,0xff,0xff,0xff,0xff,0xff,0xff,0xff,0xff,0xff,0xff,0xff,
    0xff,0xff,0xff,0xff,0xff,0xff,0xff,0xff,0xff,0xff,0xff,0xff,0xff,0xff,0xff,0xff,0xff,0xff,0xff,0xff,0xff,0xff,0xff,0xff,
    0xff,0xff,0xff,0xff,0xff,0xff,0xff,0xff,0xff,0xff,0xff,0xff,0xff,0xff,0xff,0xff,0xff,0xff,0xff,0xff,0xff,0xff,0xff,0xff,
    0xff,0xff,0xff,0xff,0xff,0xff,0xff,0xff,0xff,0xff,0xff,0xff,0xff,0xff,0xff,0xff,0xff,0xff,0xff,0xff,0xff,0xff,0xff,0xff,
    0xff,0xff,0xff,0xff,0xff,0xff,0xff,0xff,0xff,0xff,0xff,0xff,0xff,0xff,0xff,0xff,0xff,0xff,0xff,0xff,0xff,0xff,0xff,0xff,
    0xff,0xff,0xff,0xff,0xff,0xff,0xff,0xff,0xff,0xff,0xff,0xff,0xff,0xff,0xff,0xff,0xff,0xff,0xff,0xff,0xff,0xff,0xff,0xff,
    0xff,0xff,0xff,0xff,0xff,0xff,0xff,0xff,0xff,0xff,0xff,0xff,0xff,0xff,0xff,0xff,0xff,0xff,0xff,0xff,0xff,0xff,0xff,0xff,
    0xff,0xff,0xff,0xff,0xff,0xff,0xff,0xff,0xff,0xff,0xff,0xff,0xff,0xff,0xff,0xff,0xff,0xff,0xff,0xff,0xff,0xff,0xff,0xff,
    0xff,0xff,0xff,0xff,0xff,0xff,0xff,0xff,0xff,0xff,0xff,0xff,0xff,0xff,0xff,0xff,0xff,0xff,0xff,0xff,0xff,0xff,0xff,0xff,
    0xff,0xff,0xff,0xff,0xff,0xff,0xff,0xff,0xff,0xff,0xff,0xff,0xff,0xff,0xff,0xff,0xff,0xff,0xff,0xff,0xff,0xfc,0xfc,0xff,
    0xfb,0xf8,0xf8,0xff,0xf5,0xf3,0xf3,0xff,0xee,0xeb,0xeb,0xff,0xe5,0xe2,0xe2,0xff,0xdd,0xda,0xda,0xff,0xd3,0xd0,0xd0,0xff,
    0xcd,0xca,0xca,0xff,0xbb,0xb7,0xb7,0xfc,0xa3,0x9c,0x9c,0xff,0x9c,0x95,0x95,0xc2,0x00,0x00,0x00,0x00,0xaa,0xaa,0xaa,0x03,
    0xbf,0xbf,0xbf,0x04,0x00,0x00,0x00,0x00,0x9d,0x96,0x96,0x70,0xa4,0x9d,0x9d,0xff,0xad,0xa7,0xa7,0xfc,0xca,0xc8,0xc8,0xff,
    0xcf,0xcc,0xcc,0xff,0xd9,0xd6,0xd6,0xff,0xe2,0xdf,0xdf,0xff,0xeb,0xe8,0xe8,0xff,0xf3,0xf0,0xf0,0xff,0xf9,0xf6,0xf6,0xff,
    0xfe,0xfb,0xfb,0xff,0xff,0xfe,0xfe,0xff,0xff,0xff,0xff,0xff,0xff,0xff,0xff,0xff,0xff,0xff,0xff,0xff,0xff,0xff,0xff,0xff,
    0xff,0xff,0xff,0xff,0xff,0xff,0xff,0xff,0xff,0xff,0xff,0xff,0xff,0xff,0xff,0xff,0xff,0xff,0xff,0xff,0xff,0xff,0xff,0xff,
    0xff,0xff,0xff,0xff,0xff,0xff,0xff,0xff,0xff,0xff,0xff,0xff,0xff,0xff,0xff,0xff,0xff,0xff,0xff,0xff,0xff,0xff,0xff,0xff,
    0xff,0xff,0xff,0xff,0xff,0xff,0xff,0xff,0xff,0xff,0xff,0xff,0xff,0xff,0xff,0xff,0xff,0xff,0xff,0xff,0xff,0xff,0xff,0xff,
    0xff,0xff,0xff,0xff,0xff,0xff,0xff,0xff,0xff,0xff,0xff,0xff,0xff,0xff,0xff,0xff,0xff,0xff,0xff,0xff,0xff,0xff,0xff,0xff,
    0xff,0xff,0xff,0xff,0xff,0xff,0xff,0xff,0xff,0xff,0xff,0xff,0xff,0xff,0xff,0xff,0xff,0xff,0xff,0xff,0xff,0xff,0xff,0xff,
    0xff,0xff,0xff,0xff,0xff,0xff,0xff,0xff,0xff,0xff,0xff,0xff,0xff,0xff,0xff,0xff,0xff,0xff,0xff,0xff,0xff,0xff,0xff,0xff,
    0xff,0xff,0xff,0xff,0xff,0xff,0xff,0xff,0xff,0xff,0xff,0xff,0xff,0xff,0xff,0xff,0xff,0xff,0xff,0xff,0xff,0xff,0xff,0xff,
    0xff,0xff,0xff,0xff,0xff,0xff,0xff,0xff,0xff,0xff,0xff,0xff,0xff,0xff,0xff,0xff,0xff,0xff,0xff,0xff,0xff,0xff,0xff,0xff,
    0xff,0xff,0xff,0xff,0xff,0xff,0xff,0xff,0xff,0xff,0xff,0xff,0xff,0xff,0xff,0xff,0xff,0xff,0xff,0xff,0xff,0xff,0xff,0xff,
    0xff,0xff,0xff,0xff,0xff,0xff,0xff,0xff,0xff,0xfe,0xfe,0xff,0xfe,0xfc,0xfc,0xff,0xfb,0xf7,0xf7,0xff,0xf5,0xf2,0xf2,0xff,
    0xed,0xea,0xea,0xff,0xe5,0xe2,0xe2,0xff,0xdb,0xd8,0xd8,0xff,0xd2,0xcf,0xcf,0xff,0xcc,0xc9,0xc9,0xff,0xb7,0xb3,0xb3,0xfc,
    0xa3,0x9c,0x9c,0xff,0x9c,0x96,0x96,0xae,0x00,0x00,0x00,0x00,0x7f,0x7f,0x7f,0x04,0xaa,0xaa,0xaa,0x03,0x00,0x00,0x00,0x00,
    0x9f,0x97,0x97,0x40,0xa1,0x9b,0x9b,0xff,0xa5,0xa0,0xa0,0xfd,0xc9,0xc6,0xc6,0xff,0xcf,0xcc,0xcc,0xff,0xd8,0xd5,0xd5,0xff,
    0xe1,0xde,0xde,0xff,0xea,0xe7,0xe7,0xff,0xf2,0xef,0xef,0xff,0xf9,0xf6,0xf6,0xff,0xfe,0xfb,0xfb,0xff,0xff,0xfd,0xfd,0xff,
    0xff,0xff,0xff,0xff,0xff,0xff,0xff,0xff,0xff,0xff,0xff,0xff,0xff,0xff,0xff,0xff,0xff,0xff,0xff,0xff,0xff,0xff,0xff,0xff,
    0xff,0xff,0xff,0xff,0xff,0xff,0xff,0xff,0xff,0xff,0xff,0xff,0xff,0xff,0xff,0xff,0xff,0xff,0xff,0xff,0xff,0xff,0xff,0xff,
    0xff,0xff,0xff,0xff,0xff,0xff,0xff,0xff,0xff,0xff,0xff,0xff,0xff,0xff,0xff,0xff,0xff,0xff,0xff,0xff,0xff,0xff,0xff,0xff,
    0xff,0xff,0xff,0xff,0xff,0xff,0xff,0xff,0xff,0xff,0xff,0xff,0xff,0xff,0xff,0xff,0xff,0xff,0xff,0xff,0xff,0xff,0xff,0xff,
    0xff,0xff,0xff,0xff,0xff,0xff,0xff,0xff,0xff,0xff,0xff,0xff,0xff,0xff,0xff,0xff,0xff,0xff,0xff,0xff,0xff,0xff,0xff,0xff,
    0xff,0xff,0xff,0xff,0xff,0xff,0xff,0xff,0xff,0xff,0xff,0xff,0xff,0xff,0xff,0xff,0xff,0xff,0xff,0xff,0xff,0xff,0xff,0xff,
    0xff,0xff,0xff,0xff,0xff,0xff,0xff,0xff,0xff,0xff,0xff,0xff,0xff,0xff,0xff,0xff,0xff,0xff,0xff,0xff,0xff,0xff,0xff,0xff,
    0xff,0xff,0xff,0xff,0xff,0xff,0xff,0xff,0xff,0xff,0xff,0xff,0xff,0xff,0xff,0xff,0xff,0xff,0xff,0xff,0xff,0xff,0xff,0xff,
    0xff,0xff,0xff,0xff,0xff,0xff,0xff,0xff,0xff,0xff,0xff,0xff,0xff,0xff,0xff,0xff,0xff,0xff,0xff,0xff,0xff,0xff,0xff,0xff,
    0xff,0xff,0xff,0xff,0xff,0xff,0xff,0xff,0xff,0xff,0xff,0xff,0xff,0xff,0xff,0xff,0xff,0xff,0xff,0xff,0xff,0xff,0xff,0xff,
    0xff,0xfe,0xfe,0xff,0xfe,0xfb,0xfb,0xff,0xfa,0xf7,0xf7,0xff,0xf4,0xf1,0xf1,0xff,0xec,0xe9,0xe9,0xff,0xe4,0xe1,0xe1,0xff,
    0xda,0xd7,0xd7,0xff,0xd1,0xce,0xce,0xff,0xcc,0xc9,0xc9,0xff,0xaf,0xab,0xab,0xfb,0xa5,0x9e,0x9e,0xff,0x9d,0x97,0x97,0x7e,
    0x00,0x00,0x00,0x00,0x99,0x99,0x99,0x05,0xaa,0xaa,0xaa,0x03,0x00,0x00,0x00,0x00,0x9d,0x95,0x95,0x3f,0xa0,0x9a,0x9a,0xfe,
    0xa5,0xa0,0xa0,0xfd,0xc7,0xc5,0xc5,0xff,0xce,0xcb,0xcb,0xff,0xd7,0xd4,0xd4,0xff,0xe0,0xdd,0xdd,0xff,0xe9,0xe6,0xe6,0xff,
    0xf1,0xee,0xee,0xff,0xf7,0xf5,0xf5,0xff,0xfd,0xfa,0xfa,0xff,0xff,0xfd,0xfd,0xff,0xff,0xff,0xff,0xff,0xff,0xff,0xff,0xff,
    0xff,0xff,0xff,0xff,0xff,0xff,0xff,0xff,0xff,0xff,0xff,0xff,0xff,0xff,0xff,0xff,0xff,0xff,0xff,0xff,0xff,0xff,0xff,0xff,
    0xff,0xff,0xff,0xff,0xff,0xff,0xff,0xff,0xff,0xff,0xff,0xff,0xff,0xff,0xff,0xff,0xff,0xff,0xff,0xff,0xff,0xff,0xff,0xff,
    0xff,0xff,0xff,0xff,0xff,0xff,0xff,0xff,0xff,0xff,0xff,0xff,0xff,0xff,0xff,0xff,0xff,0xff,0xff,0xff,0xff,0xff,0xff,0xff,
    0xff,0xff,0xff,0xff,0xff,0xff,0xff,0xff,0xff,0xff,0xff,0xff,0xff,0xff,0xff,0xff,0xff,0xff,0xff,0xff,0xff,0xff,0xff,0xff,
    0xff,0xff,0xff,0xff,0xff,0xff,0xff,0xff,0xff,0xff,0xff,0xff,0xff,0xff,0xff,0xff,0xff,0xff,0xff,0xff,0xff,0xff,0xff,0xff,
    0xff,0xff,0xff,0xff,0xff,0xff,0xff,0xff,0xff,0xff,0xff,0xff,0xff,0xff,0xff,0xff,0xff,0xff,0xff,0xff,0xff,0xff,0xff,0xff,
    0xff,0xff,0xff,0xff,0xff,0xff,0xff,0xff,0xff,0xff,0xff,0xff,0xff,0xff,0xff,0xff,0xff,0xff,0xff,0xff,0xff,0xff,0xff,0xff,
    0xff,0xff,0xff,0xff,0xff,0xff,0xff,0xff,0xff,0xff,0xff,0xff,0xff,0xff,0xff,0xff,0xff,0xff,0xff,0xff,0xff,0xff,0xff,0xff,
    0xff,0xff,0xff,0xff,0xff,0xff,0xff,0xff,0xff,0xff,0xff,0xff,0xff,0xff,0xff,0xff,0xff,0xff,0xff,0xff,0xff,0xff,0xff,0xff,
    0xff,0xff,0xff,0xff,0xff,0xff,0xff,0xff,0xff,0xff,0xff,0xff,0xff,0xff,0xff,0xff,0xff,0xfe,0xfe,0xff,0xfe,0xfb,0xfb,0xff,
    0xf9,0xf6,0xf6,0xff,0xf3,0xf0,0xf0,0xff,0xeb,0xe8,0xe8,0xff,0xe2,0xdf,0xdf,0xff,0xd9,0xd6,0xd6,0xff,0xcf,0xcc,0xcc,0xff,
    0xcb,0xc8,0xc8,0xff,0xae,0xaa,0xaa,0xfb,0xa5,0x9e,0x9e,0xff,0x9e,0x98,0x98,0x7c,0x00,0x00,0x00,0x00,0x99,0x99,0x99,0x05,
    0xff,0xff,0xff,0x01,0x00,0x00,0x00,0x00,0x99,0x99,0x99,0x14,0x9b,0x95,0x95,0xf0,0xa1,0x9b,0x9b,0xff,0xc3,0xc0,0xc0,0xfe,
    0xce,0xcb,0xcb,0xff,0xd6,0xd3,0xd3,0xff,0xdf,0xdc,0xdc,0xff,0xe8,0xe5,0xe5,0xff,0xf0,0xed,0xed,0xff,0xf7,0xf4,0xf4,0xff,
    0xfc,0xf9,0xf9,0xff,0xff,0xfd,0xfd,0xff,0xff,0xff,0xff,0xff,0xff,0xff,0xff,0xff,0xff,0xff,0xff,0xff,0xff,0xff,0xff,0xff,
    0xff,0xff,0xff,0xff,0xff,0xff,0xff,0xff,0xff,0xff,0xff,0xff,0xff,0xff,0xff,0xff,0xff,0xff,0xff,0xff,0xff,0xff,0xff,0xff,
    0xff,0xff,0xff,0xff,0xff,0xff,0xff,0xff,0xff,0xff,0xff,0xff,0xff,0xff,0xff,0xff,0xff,0xff,0xff,0xff,0xff,0xff,0xff,0xff,
    0xff,0xff,0xff,0xff,0xff,0xff,0xff,0xff,0xff,0xff,0xff,0xff,0xff,0xff,0xff,0xff,0xff,0xff,0xff,0xff,0xff,0xff,0xff,0xff,
    0xff,0xff,0xff,0xff,0xff,0xff,0xff,0xff,0xff,0xff,0xff,0xff,0xff,0xff,0xff,0xff,0xff,0xff,0xff,0xff,0xff,0xff,0xff,0xff,
    0xff,0xff,0xff,0xff,0xff,0xff,0xff,0xff,0xff,0xff,0xff,0xff,0xff,0xff,0xff,0xff,0xff,0xff,0xff,0xff,0xff,0xff,0xff,0xff,
    0xff,0xff,0xff,0xff,0xff,0xff,0xff,0xff,0xff,0xff,0xff,0xff,0xff,0xff,0xff,0xff,0xff,0xff,0xff,0xff,0xff,0xff,0xff,0xff,
    0xff,0xff,0xff,0xff,0xff,0xff,0xff,0xff,0xff,0xff,0xff,0xff,0xff,0xff,0xff,0xff,0xff,0xff,0xff,0xff,0xff,0xff,0xff,0xff,
    0xff,0xff,0xff,0xff,0xff,0xff,0xff,0xff,0xff,0xff,0xff,0xff,0xff,0xff,0xff,0xff,0xff,0xff,0xff,0xff,0xff,0xff,0xff,0xff,
    0xff,0xff,0xff,0xff,0xff,0xff,0xff,0xff,0xff,0xff,0xff,0xff,0xff,0xff,0xff,0xff,0xff,0xff,0xff,0xff,0xff,0xff,0xff,0xff,
    0xff,0xff,0xff,0xff,0xff,0xff,0xff,0xff,0xff,0xfd,0xfd,0xff,0xfe,0xfa,0xfa,0xff,0xf8,0xf5,0xf5,0xff,0xf2,0xef,0xef,0xff,
    0xea,0xe7,0xe7,0xff,0xe1,0xde,0xde,0xff,0xd8,0xd5,0xd5,0xff,0xcf,0xcc,0xcc,0xff,0xc9,0xc6,0xc6,0xff,0xa6,0xa1,0xa1,0xfd,
    0xa1,0x9b,0x9b,0xff,0x9e,0x96,0x96,0x47,0x00,0x00,0x00,0x00,0xaa,0xaa,0xaa,0x03,0xff,0xff,0xff,0x01,0x00,0x00,0x00,0x00,
    0x99,0x99,0x99,0x0f,0x9b,0x96,0x96,0xea,0xa0,0x9a,0x9a,0xff,0xbf,0xbc,0xbc,0xfe,0xcd,0xca,0xca,0xff,0xd4,0xd1,0xd1,0xff,
    0xdd,0xda,0xda,0xff,0xe7,0xe4,0xe4,0xff,0xee,0xeb,0xeb,0xff,0xf6,0xf3,0xf3,0xff,0xfb,0xf8,0xf8,0xff,0xff,0xfc,0xfc,0xff,
    0xff,0xfe,0xfe,0xff,0xff,0xff,0xff,0xff,0xff,0xff,0xff,0xff,0xff,0xff,0xff,0xff,0xff,0xff,0xff,0xff,0xff,0xff,0xff,0xff,
    0xff,0xff,0xff,0xff,0xff,0xff,0xff,0xff,0xff,0xff,0xff,0xff,0xff,0xff,0xff,0xff,0xff,0xff,0xff,0xff,0xff,0xff,0xff,0xff,
    0xff,0xff,0xff,0xff,0xff,0xff,0xff,0xff,0xff,0xff,0xff,0xff,0xff,0xff,0xff,0xff,0xff,0xff,0xff,0xff,0xff,0xff,0xff,0xff,
    0xff,0xff,0xff,0xff,0xff,0xff,0xff,0xff,0xff,0xff,0xff,0xff,0xff,0xff,0xff,0xff,0xff,0xff,0xff,0xff,0xff,0xff,0xff,0xff,
    0xff,0xff,0xff,0xff,0xff,0xff,0xff,0xff,0xff,0xff,0xff,0xff,0xff,0xff,0xff,0xff,0xff,0xff,0xff,0xff,0xff,0xff,0xff,0xff,
    0xff,0xff,0xff,0xff,0xff,0xff,0xff,0xff,0xff,0xff,0xff,0xff,0xff,0xff,0xff,0xff,0xff,0xff,0xff,0xff,0xff,0xff,0xff,0xff,
    0xff,0xff,0xff,0xff,0xff,0xff,0xff,0xff,0xff,0xff,0xff,0xff,0xff,0xff,0xff,0xff,0xff,0xff,0xff,0xff,0xff,0xff,0xff,0xff,
    0xff,0xff,0xff,0xff,0xff,0xff,0xff,0xff,0xff,0xff,0xff,0xff,0xff,0xff,0xff,0xff,0xff,0xff,0xff,0xff,0xff,0xff,0xff,0xff,
    0xff,0xff,0xff,0xff,0xff,0xff,0xff,0xff,0xff,0xff,0xff,0xff,0xff,0xff,0xff,0xff,0xff,0xff,0xff,0xff,0xff,0xff,0xff,0xff,
    0xff,0xff,0xff,0xff,0xff,0xff,0xff,0xff,0xff,0xff,0xff,0xff,0xff,0xff,0xff,0xff,0xff,0xff,0xff,0xff,0xff,0xff,0xff,0xff,
    0xff,0xfd,0xfd,0xff,0xfd,0xfa,0xfa,0xff,0xf7,0xf4,0xf4,0xff,0xf1,0xee,0xee,0xff,0xe8,0xe5,0xe5,0xff,0xe0,0xdd,0xdd,0xff,
    0xd6,0xd3,0xd3,0xff,0xce,0xcb,0xcb,0xff,0xc6,0xc4,0xc4,0xff,0xa3,0x9e,0x9e,0xfd,0xa1,0x9b,0x9b,0xfd,0x9c,0x94,0x94,0x3e,
    0x00,0x00,0x00,0x00,0xaa,0xaa,0xaa,0x03,0x00,0x00,0x00,0x00,0x7f,0x7f,0x7f,0x02,0xff,0xff,0xff,0x01,0x9c,0x96,0x96,0xc4,
    0xa2,0x9b,0x9b,0xff,0xba,0xb7,0xb7,0xfc,0xcd,0xca,0xca,0xff,0xd3,0xd0,0xd0,0xff,0xdc,0xd9,0xd9,0xff,0xe5,0xe2,0xe2,0xff,
    0xed,0xea,0xea,0xff,0xf5,0xf2,0xf2,0xff,0xfa,0xf7,0xf7,0xff,0xfe,0xfc,0xfc,0xff,0xff,0xfe,0xfe,0xff,0xff,0xff,0xff,0xff,
    0xff,0xff,0xff,0xff,0xff,0xff,0xff,0xff,0xff,0xff,0xff,0xff,0xff,0xff,0xff,0xff,0xff,0xff,0xff,0xff,0xff,0xff,0xff,0xff,
    0xff,0xff,0xff,0xff,0xff,0xff,0xff,0xff,0xff,0xff,0xff,0xff,0xff,0xff,0xff,0xff,0xff,0xff,0xff,0xff,0xff,0xff,0xff,0xff,
    0xff,0xff,0xff,0xff,0xff,0xff,0xff,0xff,0xff,0xff,0xff,0xff,0xff,0xff,0xff,0xff,0xff,0xff,0xff,0xff,0xff,0xff,0xff,0xff,
    0xff,0xff,0xff,0xff,0xff,0xff,0xff,0xff,0xff,0xff,0xff,0xff,0xff,0xff,0xff,0xff,0xff,0xff,0xff,0xff,0xff,0xff,0xff,0xff,
    0xff,0xff,0xff,0xff,0xff,0xff,0xff,0xff,0xff,0xff,0xff,0xff,0xff,0xff,0xff,0xff,0xff,0xff,0xff,0xff,0xff,0xff,0xff,0xff,
    0xff,0xff,0xff,0xff,0xff,0xff,0xff,0xff,0xff,0xff,0xff,0xff,0xff,0xff,0xff,0xff,0xff,0xff,0xff,0xff,0xff,0xff,0xff,0xff,
    0xff,0xff,0xff,0xff,0xff,0xff,0xff,0xff,0xff,0xff,0xff,0xff,0xff,0xff,0xff,0xff,0xff,0xff,0xff,0xff,0xff,0xff,0xff,0xff,
    0xff,0xff,0xff,0xff,0xff,0xff,0xff,0xff,0xff,0xff,0xff,0xff,0xff,0xff,0xff,0xff,0xff,0xff,0xff,0xff,0xff,0xff,0xff,0xff,
    0xff,0xff,0xff,0xff,0xff,0xff,0xff,0xff,0xff,0xff,0xff,0xff,0xff,0xff,0xff,0xff,0xff,0xff,0xff,0xff,0xff,0xff,0xff,0xff,
    0xff,0xff,0xff,0xff,0xff,0xff,0xff,0xff,0xff,0xff,0xff,0xff,0xff,0xff,0xff,0xff,0xff,0xfc,0xfc,0xff,0xfc,0xf9,0xf9,0xff,
    0xf6,0xf3,0xf3,0xff,0xef,0xec,0xec,0xff,0xe7,0xe4,0xe4,0xff,0xde,0xdb,0xdb,0xff,0xd5,0xd2,0xd2,0xff,0xcd,0xca,0xca,0xff,
    0xc2,0xbf,0xbf,0xfe,0xa0,0x9a,0x9a,0xff,0x9b,0x96,0x96,0xf2,0x9d,0x9d,0x9d,0x15,0x00,0x00,0x00,0x00,0xff,0xff,0xff,0x01,
    0x00,0x00,0x00,0x00,0xaa,0xaa,0xaa,0x03,0x00,0x00,0x00,0x00,0x9c,0x96,0x96,0xad,0xa3,0x9c,0x9c,0xff,0xb4,0xb1,0xb1,0xfc,
    0xcc,0xc9,0xc9,0xff,0xd1,0xce,0xce,0xff,0xdb,0xd8,0xd8,0xff,0xe4,0xe1,0xe1,0xff,0xec,0xe9,0xe9,0xff,0xf3,0xf0,0xf0,0xff,
    0xf9,0xf6,0xf6,0xff,0xfe,0xfb,0xfb,0xff,0xff,0xfe,0xfe,0xff,0xff,0xff,0xff,0xff,0xff,0xff,0xff,0xff,0xff,0xff,0xff,0xff,
    0xff,0xff,0xff,0xff,0xff,0xff,0xff,0xff,0xff,0xff,0xff,0xff,0xff,0xff,0xff,0xff,0xff,0xff,0xff,0xff,0xff,0xff,0xff,0xff,
    0xff,0xff,0xff,0xff,0xff,0xff,0xff,0xff,0xff,0xff,0xff,0xff,0xff,0xff,0xff,0xff,0xff,0xff,0xff,0xff,0xff,0xff,0xff,0xff,
    0xff,0xff,0xff,0xff,0xff,0xff,0xff,0xff,0xff,0xff,0xff,0xff,0xff,0xff,0xff,0xff,0xff,0xff,0xff,0xff,0xff,0xff,0xff,0xff,
    0xff,0xff,0xff,0xff,0xff,0xff,0xff,0xff,0xff,0xff,0xff,0xff,0xff,0xff,0xff,0xff,0xff,0xff,0xff,0xff,0xff,0xff,0xff,0xff,
    0xff,0xff,0xff,0xff,0xff,0xff,0xff,0xff,0xff,0xff,0xff,0xff,0xff,0xff,0xff,0xff,0xff,0xff,0xff,0xff,0xff,0xff,0xff,0xff,
    0xff,0xff,0xff,0xff,0xff,0xff,0xff,0xff,0xff,0xff,0xff,0xff,0xff,0xff,0xff,0xff,0xff,0xff,0xff,0xff,0xff,0xff,0xff,0xff,
    0xff,0xff,0xff,0xff,0xff,0xff,0xff,0xff,0xff,0xff,0xff,0xff,0xff,0xff,0xff,0xff,0xff,0xff,0xff,0xff,0xff,0xff,0xff,0xff,
    0xff,0xff,0xff,0xff,0xff,0xff,0xff,0xff,0xff,0xff,0xff,0xff,0xff,0xff,0xff,0xff,0xff,0xff,0xff,0xff,0xff,0xff,0xff,0xff,
    0xff,0xff,0xff,0xff,0xff,0xff,0xff,0xff,0xff,0xff,0xff,0xff,0xff,0xff,0xff,0xff,0xff,0xff,0xff,0xff,0xff,0xff,0xff,0xff,
    0xff,0xff,0xff,0xff,0xff,0xfe,0xfe,0xff,0xfe,0xfc,0xfc,0xff,0xfb,0xf8,0xf8,0xff,0xf5,0xf2,0xf2,0xff,0xee,0xeb,0xeb,0xff,
    0xe6,0xe3,0xe3,0xff,0xdd,0xda,0xda,0xff,0xd4,0xd1,0xd1,0xff,0xcd,0xca,0xca,0xff,0xbe,0xbb,0xbb,0xfd,0xa1,0x9a,0x9a,0xff,
    0x9b,0x95,0x95,0xe1,0x94,0x94,0x94,0x0c,0x00,0x00,0x00,0x01,0xff,0xff,0xff,0x01,0x00,0x00,0x00,0x00,0xbf,0xbf,0xbf,0x04,
    0x00,0x00,0x00,0x00,0x9d,0x97,0x97,0x80,0xa5,0x9e,0x9e,0xff,0xaf,0xaa,0xaa,0xfb,0xcb,0xc8,0xc8,0xff,0xcf,0xcc,0xcc,0xff,
    0xd9,0xd6,0xd6,0xff,0xe2,0xdf,0xdf,0xff,0xea,0xe7,0xe7,0xff,0xf2,0xef,0xef,0xff,0xf8,0xf5,0xf5,0xff,0xfe,0xfa,0xfa,0xff,
    0xff,0xfd,0xfd,0xff,0xff,0xff,0xff,0xff,0xff,0xff,0xff,0xff,0xff,0xff,0xff,0xff,0xff,0xff,0xff,0xff,0xff,0xff,0xff,0xff,
    0xff,0xff,0xff,0xff,0xff,0xff,0xff,0xff,0xff,0xff,0xff,0xff,0xff,0xff,0xff,0xff,0xff,0xff,0xff,0xff,0xff,0xff,0xff,0xff,
    0xff,0xff,0xff,0xff,0xff,0xff,0xff,0xff,0xff,0xff,0xff,0xff,0xff,0xff,0xff,0xff,0xff,0xff,0xff,0xff,0xff,0xff,0xff,0xff,
    0xff,0xff,0xff,0xff,0xff,0xff,0xff,0xff,0xff,0xff,0xff,0xff,0xff,0xff,0xff,0xff,0xff,0xff,0xff,0xff,0xff,0xff,0xff,0xff,
    0xff,0xff,0xff,0xff,0xff,0xff,0xff,0xff,0xff,0xff,0xff,0xff,0xff,0xff,0xff,0xff,0xff,0xff,0xff,0xff,0xff,0xff,0xff,0xff,
    0xff,0xff,0xff,0xff,0xff,0xff,0xff,0xff,0xff,0xff,0xff,0xff,0xff,0xff,0xff,0xff,0xff,0xff,0xff,0xff,0xff,0xff,0xff,0xff,
    0xff,0xff,0xff,0xff,0xff,0xff,0xff,0xff,0xff,0xff,0xff,0xff,0xff,0xff,0xff,0xff,0xff,0xff,0xff,0xff,0xff,0xff,0xff,0xff,
    0xff,0xff,0xff,0xff,0xff,0xff,0xff,0xff,0xff,0xff,0xff,0xff,0xff,0xff,0xff,0xff,0xff,0xff,0xff,0xff,0xff,0xff,0xff,0xff,
    0xff,0xff,0xff,0xff,0xff,0xff,0xff,0xff,0xff,0xff,0xff,0xff,0xff,0xff,0xff,0xff,0xff,0xff,0xff,0xff,0xff,0xff,0xff,0xff,
    0xff,0xff,0xff,0xff,0xff,0xff,0xff,0xff,0xff,0xff,0xff,0xff,0xff,0xff,0xff,0xff,0xff,0xff,0xff,0xff,0xff,0xfe,0xfe,0xff,
    0xfe,0xfb,0xfb,0xff,0xfa,0xf7,0xf7,0xff,0xf4,0xf1,0xf1,0xff,0xec,0xe9,0xe9,0xff,0xe4,0xe1,0xe1,0xff,0xdb,0xd8,0xd8,0xff,
    0xd2,0xcf,0xcf,0xff,0xcc,0xc9,0xc9,0xff,0xb9,0xb6,0xb6,0xfc,0xa3,0x9c,0x9c,0xff,0x9b,0x96,0x96,0xbe,0x00,0x00,0x00,0x00,
    0x7f,0x7f,0x7f,0x02,0x00,0x00,0x00,0x00,0x00,0x00,0x00,0x00,0xaa,0xaa,0xaa,0x03,0x00,0x00,0x00,0x00,0x9d,0x97,0x97,0x54,
    0xa3,0x9c,0x9c,0xff,0xa8,0xa3,0xa3,0xfc,0xc9,0xc6,0xc6,0xff,0xce,0xcb,0xcb,0xff,0xd7,0xd4,0xd4,0xff,0xe0,0xdd,0xdd,0xff,
    0xe9,0xe6,0xe6,0xff,0xf1,0xee,0xee,0xff,0xf7,0xf4,0xf4,0xff,0xfc,0xfa,0xfa,0xff,0xff,0xfd,0xfd,0xff,0xff,0xff,0xff,0xff,
    0xff,0xff,0xff,0xff,0xff,0xff,0xff,0xff,0xff,0xff,0xff,0xff,0xff,0xff,0xff,0xff,0xff,0xff,0xff,0xff,0xff,0xff,0xff,0xff,
    0xff,0xff,0xff,0xff,0xff,0xff,0xff,0xff,0xff,0xff,0xff,0xff,0xff,0xff,0xff,0xff,0xff,0xff,0xff,0xff,0xff,0xff,0xff,0xff,
    0xff,0xff,0xff,0xff,0xff,0xff,0xff,0xff,0xff,0xff,0xff,0xff,0xff,0xff,0xff,0xff,0xff,0xff,0xff,0xff,0xff,0xff,0xff,0xff,
    0xff,0xff,0xff,0xff,0xff,0xff,0xff,0xff,0xff,0xff,0xff,0xff,0xff,0xff,0xff,0xff,0xff,0xff,0xff,0xff,0xff,0xff,0xff,0xff,
    0xff,0xff,0xff,0xff,0xff,0xff,0xff,0xff,0xff,0xff,0xff,0xff,0xff,0xff,0xff,0xff,0xff,0xff,0xff,0xff,0xff,0xff,0xff,0xff,
    0xff,0xff,0xff,0xff,0xff,0xff,0xff,0xff,0xff,0xff,0xff,0xff,0xff,0xff,0xff,0xff,0xff,0xff,0xff,0xff,0xff,0xff,0xff,0xff,
    0xff,0xff,0xff,0xff,0xff,0xff,0xff,0xff,0xff,0xff,0xff,0xff,0xff,0xff,0xff,0xff,0xff,0xff,0xff,0xff,0xff,0xff,0xff,0xff,
    0xff,0xff,0xff,0xff,0xff,0xff,0xff,0xff,0xff,0xff,0xff,0xff,0xff,0xff,0xff,0xff,0xff,0xff,0xff,0xff,0xff,0xff,0xff,0xff,
    0xff,0xff,0xff,0xff,0xff,0xff,0xff,0xff,0xff,0xff,0xff,0xff,0xff,0xff,0xff,0xff,0xff,0xff,0xff,0xff,0xff,0xff,0xff,0xff,
    0xff,0xff,0xff,0xff,0xff,0xff,0xff,0xff,0xff,0xff,0xff,0xff,0xff,0xfd,0xfd,0xff,0xfe,0xfa,0xfa,0xff,0xf8,0xf5,0xf5,0xff,
    0xf2,0xef,0xef,0xff,0xeb,0xe8,0xe8,0xff,0xe3,0xe0,0xe0,0xff,0xd9,0xd6,0xd6,0xff,0xd0,0xcd,0xcd,0xff,0xcb,0xc9,0xc9,0xff,
    0xb2,0xaf,0xaf,0xfb,0xa5,0x9e,0x9e,0xff,0x9c,0x95,0x95,0x94,0x00,0x00,0x00,0x00,0xbf,0xbf,0xbf,0x04,0x00,0x00,0x00,0x00,
    0x00,0x00,0x00,0x00,0xff,0xff,0xff,0x02,0x00,0x00,0x00,0x00,0x99,0x99,0x99,0x32,0x9f,0x9a,0x9a,0xfb,0xa1,0x9c,0x9c,0xfe,
    0xc5,0xc2,0xc2,0xff,0xce,0xcb,0xcb,0xff,0xd6,0xd3,0xd3,0xff,0xdf,0xdc,0xdc,0xff,0xe7,0xe4,0xe4,0xff,0xef,0xec,0xec,0xff,
    0xf6,0xf3,0xf3,0xff,0xfb,0xf8,0xf8,0xff,0xff,0xfc,0xfc,0xff,0xff,0xfe,0xfe,0xff,0xff,0xff,0xff,0xff,0xff,0xff,0xff,0xff,
    0xff,0xff,0xff,0xff,0xff,0xff,0xff,0xff,0xff,0xff,0xff,0xff,0xff,0xff,0xff,0xff,0xff,0xff,0xff,0xff,0xff,0xff,0xff,0xff,
    0xff,0xff,0xff,0xff,0xff,0xff,0xff,0xff,0xff,0xff,0xff,0xff,0xff,0xff,0xff,0xff,0xff,0xff,0xff,0xff,0xff,0xff,0xff,0xff,
    0xff,0xff,0xff,0xff,0xff,0xff,0xff,0xff,0xff,0xff,0xff,0xff,0xff,0xff,0xff,0xff,0xff,0xff,0xff,0xff,0xff,0xff,0xff,0xff,
    0xff,0xff,0xff,0xff,0xff,0xff,0xff,0xff,0xff,0xff,0xff,0xff,0xff,0xff,0xff,0xff,0xff,0xff,0xff,0xff,0xff,0xff,0xff,0xff,
    0xff,0xff,0xff,0xff,0xff,0xff,0xff,0xff,0xff,0xff,0xff,0xff,0xff,0xff,0xff,0xff,0xff,0xff,0xff,0xff,0xff,0xff,0xff,0xff,
    0xff,0xff,0xff,0xff,0xff,0xff,0xff,0xff,0xff,0xff,0xff,0xff,0xff,0xff,0xff,0xff,0xff,0xff,0xff,0xff,0xff,0xff,0xff,0xff,
    0xff,0xff,0xff,0xff,0xff,0xff,0xff,0xff,0xff,0xff,0xff,0xff,0xff,0xff,0xff,0xff,0xff,0xff,0xff,0xff,0xff,0xff,0xff,0xff,
    0xff,0xff,0xff,0xff,0xff,0xff,0xff,0xff,0xff,0xff,0xff,0xff,0xff,0xff,0xff,0xff,0xff,0xff,0xff,0xff,0xff,0xff,0xff,0xff,
    0xff,0xff,0xff,0xff,0xff,0xff,0xff,0xff,0xff,0xff,0xff,0xff,0xff,0xff,0xff,0xff,0xff,0xff,0xff,0xff,0xff,0xff,0xff,0xff,
    0xff,0xff,0xff,0xff,0xff,0xfd,0xfd,0xff,0xfd,0xfa,0xfa,0xff,0xf8,0xf5,0xf5,0xff,0xf1,0xee,0xee,0xff,0xe9,0xe6,0xe6,0xff,
    0xe1,0xde,0xde,0xff,0xd8,0xd5,0xd5,0xff,0xcf,0xcc,0xcc,0xff,0xca,0xc7,0xc7,0xff,0xaa,0xa5,0xa5,0xfb,0xa5,0x9e,0x9e,0xff,
    0x9c,0x98,0x98,0x6d,0x00,0x00,0x00,0x00,0xbf,0xbf,0xbf,0x04,0x00,0x00,0x00,0x00,0x00,0x00,0x00,0x00,0xff,0xff,0xff,0x01,
    0x00,0x00,0x00,0x00,0x91,0x91,0x91,0x0e,0x9a,0x95,0x95,0xea,0xa1,0x9b,0x9b,0xff,0xc0,0xbd,0xbd,0xfe,0xcd,0xca,0xca,0xff,
    0xd3,0xd0,0xd0,0xff,0xdc,0xd9,0xd9,0xff,0xe5,0xe2,0xe2,0xff,0xed,0xea,0xea,0xff,0xf4,0xf1,0xf1,0xff,0xfa,0xf7,0xf7,0xff,
    0xfe,0xfb,0xfb,0xff,0xff,0xfe,0xfe,0xff,0xff,0xff,0xff,0xff,0xff,0xff,0xff,0xff,0xff,0xff,0xff,0xff,0xff,0xff,0xff,0xff,
    0xff,0xff,0xff,0xff,0xff,0xff,0xff,0xff,0xff,0xff,0xff,0xff,0xff,0xff,0xff,0xff,0xff,0xff,0xff,0xff,0xff,0xff,0xff,0xff,
    0xff,0xff,0xff,0xff,0xff,0xff,0xff,0xff,0xff,0xff,0xff,0xff,0xff,0xff,0xff,0xff,0xff,0xff,0xff,0xff,0xff,0xff,0xff,0xff,
    0xff,0xff,0xff,0xff,0xff,0xff,0xff,0xff,0xff,0xff,0xff,0xff,0xff,0xff,0xff,0xff,0xff,0xff,0xff,0xff,0xff,0xff,0xff,0xff,
    0xff,0xff,0xff,0xff,0xff,0xff,0xff,0xff,0xff,0xff,0xff,0xff,0xff,0xff,0xff,0xff,0xff,0xff,0xff,0xff,0xff,0xff,0xff,0xff,
    0xff,0xff,0xff,0xff,0xff,0xff,0xff,0xff,0xff,0xff,0xff,0xff,0xff,0xff,0xff,0xff,0xff,0xff,0xff,0xff,0xff,0xff,0xff,0xff,
    0xff,0xff,0xff,0xff,0xff,0xff,0xff,0xff,0xff,0xff,0xff,0xff,0xff,0xff,0xff,0xff,0xff,0xff,0xff,0xff,0xff,0xff,0xff,0xff,
    0xff,0xff,0xff,0xff,0xff,0xff,0xff,0xff,0xff,0xff,0xff,0xff,0xff,0xff,0xff,0xff,0xff,0xff,0xff,0xff,0xff,0xff,0xff,0xff,
    0xff,0xff,0xff,0xff,0xff,0xff,0xff,0xff,0xff,0xff,0xff,0xff,0xff,0xff,0xff,0xff,0xff,0xff,0xff,0xff,0xff,0xff,0xff,0xff,
    0xff,0xff,0xff,0xff,0xff,0xff,0xff,0xff,0xff,0xff,0xff,0xff,0xff,0xff,0xff,0xff,0xff,0xfe,0xfe,0xff,0xff,0xfc,0xfc,0xff,
    0xfc,0xf8,0xf8,0xff,0xf6,0xf3,0xf3,0xff,0xef,0xec,0xec,0xff,0xe7,0xe4,0xe4,0xff,0xdf,0xdc,0xdc,0xff,0xd6,0xd3,0xd3,0xff,
    0xce,0xcb,0xcb,0xff,0xc7,0xc4,0xc4,0xff,0xa4,0x9f,0x9f,0xfd,0xa1,0x9b,0x9b,0xfd,0x9d,0x99,0x99,0x3c,0x00,0x00,0x00,0x00,
    0xaa,0xaa,0xaa,0x03,0x00,0x00,0x00,0x00,0x00,0x00,0x00,0x00,0x00,0x00,0x00,0x00,0x7f,0x7f,0x7f,0x02,0x7f,0x7f,0x7f,0x02,
    0x9b,0x96,0x96,0xc3,0xa3,0x9c,0x9c,0xff,0xbb,0xb7,0xb7,0xfc,0xcc,0xc9,0xc9,0xff,0xd2,0xce,0xce,0xff,0xdb,0xd8,0xd8,0xff,
    0xe4,0xe1,0xe1,0xff,0xec,0xe9,0xe9,0xff,0xf3,0xf0,0xf0,0xff,0xf9,0xf6,0xf6,0xff,0xfe,0xfb,0xfb,0xff,0xff,0xfe,0xfe,0xff,
    0xff,0xff,0xff,0xff,0xff,0xff,0xff,0xff,0xff,0xff,0xff,0xff,0xff,0xff,0xff,0xff,0xff,0xff,0xff,0xff,0xff,0xff,0xff,0xff,
    0xff,0xff,0xff,0xff,0xff,0xff,0xff,0xff,0xff,0xff,0xff,0xff,0xff,0xff,0xff,0xff,0xff,0xff,0xff,0xff,0xff,0xff,0xff,0xff,
    0xff,0xff,0xff,0xff,0xff,0xff,0xff,0xff,0xff,0xff,0xff,0xff,0xff,0xff,0xff,0xff,0xff,0xff,0xff,0xff,0xff,0xff,0xff,0xff,
    0xff,0xff,0xff,0xff,0xff,0xff,0xff,0xff,0xff,0xff,0xff,0xff,0xff,0xff,0xff,0xff,0xff,0xff,0xff,0xff,0xff,0xff,0xff,0xff,
    0xff,0xff,0xff,0xff,0xff,0xff,0xff,0xff,0xff,0xff,0xff,0xff,0xff,0xff,0xff,0xff,0xff,0xff,0xff,0xff,0xff,0xff,0xff,0xff,
    0xff,0xff,0xff,0xff,0xff,0xff,0xff,0xff,0xff,0xff,0xff,0xff,0xff,0xff,0xff,0xff,0xff,0xff,0xff,0xff,0xff,0xff,0xff,0xff,
    0xff,0xff,0xff,0xff,0xff,0xff,0xff,0xff,0xff,0xff,0xff,0xff,0xff,0xff,0xff,0xff,0xff,0xff,0xff,0xff,0xff,0xff,0xff,0xff,
    0xff,0xff,0xff,0xff,0xff,0xff,0xff,0xff,0xff,0xff,0xff,0xff,0xff,0xff,0xff,0xff,0xff,0xff,0xff,0xff,0xff,0xff,0xff,0xff,
    0xff,0xff,0xff,0xff,0xff,0xff,0xff,0xff,0xff,0xff,0xff,0xff,0xff,0xff,0xff,0xff,0xff,0xff,0xff,0xff,0xff,0xff,0xff,0xff,
    0xff,0xff,0xff,0xff,0xff,0xff,0xff,0xff,0xff,0xfe,0xfe,0xff,0xfe,0xfb,0xfb,0xff,0xfa,0xf7,0xf7,0xff,0xf4,0xf1,0xf1,0xff,
    0xee,0xeb,0xeb,0xff,0xe6,0xe3,0xe3,0xff,0xdd,0xda,0xda,0xff,0xd4,0xd1,0xd1,0xff,0xcd,0xca,0xca,0xff,0xc2,0xbf,0xbf,0xfe,
    0xa1,0x9b,0x9b,0xff,0x9c,0x96,0x96,0xf0,0x9d,0x9d,0x9d,0x15,0x00,0x00,0x00,0x00,0xff,0xff,0xff,0x01,0x00,0x00,0x00,0x00,
    0x00,0x00,0x00,0x00,0x00,0x00,0x00,0x00,0xbf,0xbf,0xbf,0x04,0x00,0x00,0x00,0x00,0x9d,0x96,0x96,0x93,0xa5,0x9e,0x9e,0xff,
    0xb2,0xae,0xae,0xfb,0xcb,0xc8,0xc8,0xff,0xcf,0xcc,0xcc,0xff,0xd9,0xd6,0xd6,0xff,0xe1,0xde,0xde,0xff,0xe9,0xe6,0xe6,0xff,
    0xf1,0xee,0xee,0xff,0xf8,0xf5,0xf5,0xff,0xfd,0xfa,0xfa,0xff,0xff,0xfd,0xfd,0xff,0xff,0xff,0xff,0xff,0xff,0xff,0xff,0xff,
    0xff,0xff,0xff,0xff,0xff,0xff,0xff,0xff,0xff,0xff,0xff,0xff,0xff,0xff,0xff,0xff,0xff,0xff,0xff,0xff,0xff,0xff,0xff,0xff,
    0xff,0xff,0xff,0xff,0xff,0xff,0xff,0xff,0xff,0xff,0xff,0xff,0xff,0xff,0xff,0xff,0xff,0xff,0xff,0xff,0xff,0xff,0xff,0xff,
    0xff,0xff,0xff,0xff,0xff,0xff,0xff,0xff,0xff,0xff,0xff,0xff,0xff,0xff,0xff,0xff,0xff,0xff,0xff,0xff,0xff,0xff,0xff,0xff,
    0xff,0xff,0xff,0xff,0xff,0xff,0xff,0xff,0xff,0xff,0xff,0xff,0xff,0xff,0xff,0xff,0xff,0xff,0xff,0xff,0xff,0xff,0xff,0xff,
    0xff,0xff,0xff,0xff,0xff,0xff,0xff,0xff,0xff,0xff,0xff,0xff,0xff,0xff,0xff,0xff,0xff,0xff,0xff,0xff,0xff,0xff,0xff,0xff,
    0xff,0xff,0xff,0xff,0xff,0xff,0xff,0xff,0xff,0xff,0xff,0xff,0xff,0xff,0xff,0xff,0xff,0xff,0xff,0xff,0xff,0xff,0xff,0xff,
    0xff,0xff,0xff,0xff,0xff,0xff,0xff,0xff,0xff,0xff,0xff,0xff,0xff,0xff,0xff,0xff,0xff,0xff,0xff,0xff,0xff,0xff,0xff,0xff,
    0xff,0xff,0xff,0xff,0xff,0xff,0xff,0xff,0xff,0xff,0xff,0xff,0xff,0xff,0xff,0xff,0xff,0xff,0xff,0xff,0xff,0xff,0xff,0xff,
    0xff,0xff,0xff,0xff,0xff,0xff,0xff,0xff,0xff,0xff,0xff,0xff,0xff,0xff,0xff,0xff,0xff,0xff,0xff,0xff,0xff,0xff,0xff,0xff,
    0xff,0xfd,0xfd,0xff,0xfe,0xfa,0xfa,0xff,0xf9,0xf6,0xf6,0xff,0xf3,0xf0,0xf0,0xff,0xeb,0xe8,0xe8,0xff,0xe4,0xe1,0xe1,0xff,
    0xdb,0xd8,0xd8,0xff,0xd2,0xcf,0xcf,0xff,0xcc,0xc9,0xc9,0xff,0xbc,0xb8,0xb8,0xfd,0xa2,0x9b,0x9b,0xff,0x9a,0x95,0x95,0xce,
    0x7f,0x7f,0x7f,0x04,0xff,0xff,0xff,0x01,0x00,0x00,0x00,0x00,0x00,0x00,0x00,0x00,0x00,0x00,0x00,0x00,0x00,0x00,0x00,0x00,
    0xbf,0xbf,0xbf,0x04,0x00,0x00,0x00,0x00,0x9c,0x97,0x97,0x60,0xa4,0x9d,0x9d,0xff,0xaa,0xa4,0xa4,0xfc,0xc9,0xc6,0xc6,0xff,
    0xce,0xcb,0xcb,0xff,0xd6,0xd3,0xd3,0xff,0xdf,0xdc,0xdc,0xff,0xe7,0xe4,0xe4,0xff,0xf0,0xed,0xed,0xff,0xf6,0xf3,0xf3,0xff,
    0xfb,0xf8,0xf8,0xff,0xff,0xfc,0xfc,0xff,0xff,0xfe,0xfe,0xff,0xff,0xff,0xff,0xff,0xff,0xff,0xff,0xff,0xff,0xff,0xff,0xff,
    0xff,0xff,0xff,0xff,0xff,0xff,0xff,0xff,0xff,0xff,0xff,0xff,0xff,0xff,0xff,0xff,0xff,0xff,0xff,0xff,0xff,0xff,0xff,0xff,
    0xff,0xff,0xff,0xff,0xff,0xff,0xff,0xff,0xff,0xff,0xff,0xff,0xff,0xff,0xff,0xff,0xff,0xff,0xff,0xff,0xff,0xff,0xff,0xff,
    0xff,0xff,0xff,0xff,0xff,0xff,0xff,0xff,0xff,0xff,0xff,0xff,0xff,0xff,0xff,0xff,0xff,0xff,0xff,0xff,0xff,0xff,0xff,0xff,
    0xff,0xff,0xff,0xff,0xff,0xff,0xff,0xff,0xff,0xff,0xff,0xff,0xff,0xff,0xff,0xff,0xff,0xff,0xff,0xff,0xff,0xff,0xff,0xff,
    0xff,0xff,0xff,0xff,0xff,0xff,0xff,0xff,0xff,0xff,0xff,0xff,0xff,0xff,0xff,0xff,0xff,0xff,0xff,0xff,0xff,0xff,0xff,0xff,
    0xff,0xff,0xff,0xff,0xff,0xff,0xff,0xff,0xff,0xff,0xff,0xff,0xff,0xff,0xff,0xff,0xff,0xff,0xff,0xff,0xff,0xff,0xff,0xff,
    0xff,0xff,0xff,0xff,0xff,0xff,0xff,0xff,0xff,0xff,0xff,0xff,0xff,0xff,0xff,0xff,0xff,0xff,0xff,0xff,0xff,0xff,0xff,0xff,
    0xff,0xff,0xff,0xff,0xff,0xff,0xff,0xff,0xff,0xff,0xff,0xff,0xff,0xff,0xff,0xff,0xff,0xff,0xff,0xff,0xff,0xff,0xff,0xff,
    0xff,0xff,0xff,0xff,0xff,0xff,0xff,0xff,0xff,0xff,0xff,0xff,0xff,0xff,0xff,0xff,0xff,0xfd,0xfd,0xff,0xfc,0xf9,0xf9,0xff,
    0xf7,0xf4,0xf4,0xff,0xf1,0xee,0xee,0xff,0xe9,0xe6,0xe6,0xff,0xe1,0xde,0xde,0xff,0xd9,0xd6,0xd6,0xff,0xcf,0xcc,0xcc,0xff,
    0xcb,0xc8,0xc8,0xff,0xb4,0xb0,0xb0,0xfb,0xa4,0x9d,0x9d,0xff,0x9d,0x96,0x96,0x9f,0x00,0x00,0x00,0x00,0xaa,0xaa,0xaa,0x03,
    0x00,0x00,0x00,0x00,0x00,0x00,0x00,0x00,0x00,0x00,0x00,0x00,0x00,0x00,0x00,0x00,0xff,0xff,0xff,0x02,0x00,0x00,0x00,0x00,
    0x99,0x99,0x99,0x32,0x9f,0x99,0x99,0xfc,0xa1,0x9b,0x9b,0xfe,0xc5,0xc2,0xc2,0xff,0xcd,0xca,0xca,0xff,0xd4,0xd2,0xd2,0xff,
    0xdd,0xda,0xda,0xff,0xe6,0xe3,0xe3,0xff,0xee,0xeb,0xeb,0xff,0xf4,0xf1,0xf1,0xff,0xfa,0xf6,0xf6,0xff,0xfe,0xfb,0xfb,0xff,
    0xff,0xfe,0xfe,0xff,0xff,0xff,0xff,0xff,0xff,0xff,0xff,0xff,0xff,0xff,0xff,0xff,0xff,0xff,0xff,0xff,0xff,0xff,0xff,0xff,
    0xff,0xff,0xff,0xff,0xff,0xff,0xff,0xff,0xff,0xff,0xff,0xff,0xff,0xff,0xff,0xff,0xff,0xff,0xff,0xff,0xff,0xff,0xff,0xff,
    0xff,0xff,0xff,0xff,0xff,0xff,0xff,0xff,0xff,0xff,0xff,0xff,0xff,0xff,0xff,0xff,0xff,0xff,0xff,0xff,0xff,0xff,0xff,0xff,
    0xff,0xff,0xff,0xff,0xff,0xff,0xff,0xff,0xff,0xff,0xff,0xff,0xff,0xff,0xff,0xff,0xff,0xff,0xff,0xff,0xff,0xff,0xff,0xff,
    0xff,0xff,0xff,0xff,0xff,0xff,0xff,0xff,0xff,0xff,0xff,0xff,0xff,0xff,0xff,0xff,0xff,0xff,0xff,0xff,0xff,0xff,0xff,0xff,
    0xff,0xff,0xff,0xff,0xff,0xff,0xff,0xff,0xff,0xff,0xff,0xff,0xff,0xff,0xff,0xff,0xff,0xff,0xff,0xff,0xff,0xff,0xff,0xff,
    0xff,0xff,0xff,0xff,0xff,0xff,0xff,0xff,0xff,0xff,0xff,0xff,0xff,0xff,0xff,0xff,0xff,0xff,0xff,0xff,0xff,0xff,0xff,0xff,
    0xff,0xff,0xff,0xff,0xff,0xff,0xff,0xff,0xff,0xff,0xff,0xff,0xff,0xff,0xff,0xff,0xff,0xff,0xff,0xff,0xff,0xff,0xff,0xff,
    0xff,0xff,0xff,0xff,0xff,0xff,0xff,0xff,0xff,0xff,0xff,0xff,0xff,0xff,0xff,0xff,0xff,0xff,0xff,0xff,0xff,0xff,0xff,0xff,
    0xff,0xff,0xff,0xff,0xff,0xfe,0xfe,0xff,0xff,0xfb,0xfb,0xff,0xfb,0xf8,0xf8,0xff,0xf6,0xf3,0xf3,0xff,0xef,0xec,0xec,0xff,
    0xe8,0xe5,0xe5,0xff,0xdf,0xdc,0xdc,0xff,0xd6,0xd3,0xd3,0xff,0xce,0xcb,0xcb,0xff,0xc9,0xc6,0xc6,0xff,0xaa,0xa5,0xa5,0xfb,
    0xa5,0x9e,0x9e,0xff,0x9d,0x99,0x99,0x6e,0x00,0x00,0x00,0x00,0xbf,0xbf,0xbf,0x04,0x00,0x00,0x00,0x00,0x00,0x00,0x00,0x00,
    0x00,0x00,0x00,0x00,0x00,0x00,0x00,0x00,0xff,0xff,0xff,0x01,0x00,0x00,0x00,0x00,0x94,0x94,0x94,0x0c,0x9a,0x95,0x95,0xe4,
    0xa1,0x9b,0x9b,0xff,0xbf,0xbb,0xbb,0xfe,0xcc,0xc9,0xc9,0xff,0xd3,0xcf,0xcf,0xff,0xdb,0xd8,0xd8,0xff,0xe3,0xe0,0xe0,0xff,
    0xeb,0xe8,0xe8,0xff,0xf2,0xef,0xef,0xff,0xf8,0xf5,0xf5,0xff,0xfd,0xfa,0xfa,0xff,0xff,0xfd,0xfd,0xff,0xff,0xff,0xff,0xff,
    0xff,0xff,0xff,0xff,0xff,0xff,0xff,0xff,0xff,0xff,0xff,0xff,0xff,0xff,0xff,0xff,0xff,0xff,0xff,0xff,0xff,0xff,0xff,0xff,
    0xff,0xff,0xff,0xff,0xff,0xff,0xff,0xff,0xff,0xff,0xff,0xff,0xff,0xff,0xff,0xff,0xff,0xff,0xff,0xff,0xff,0xff,0xff,0xff,
    0xff,0xff,0xff,0xff,0xff,0xff,0xff,0xff,0xff,0xff,0xff,0xff,0xff,0xff,0xff,0xff,0xff,0xff,0xff,0xff,0xff,0xff,0xff,0xff,
    0xff,0xff,0xff,0xff,0xff,0xff,0xff,0xff,0xff,0xff,0xff,0xff,0xff,0xff,0xff,0xff,0xff,0xff,0xff,0xff,0xff,0xff,0xff,0xff,
    0xff,0xff,0xff,0xff,0xff,0xff,0xff,0xff,0xff,0xff,0xff,0xff,0xff,0xff,0xff,0xff,0xff,0xff,0xff,0xff,0xff,0xff,0xff,0xff,
    0xff,0xff,0xff,0xff,0xff,0xff,0xff,0xff,0xff,0xff,0xff,0xff,0xff,0xff,0xff,0xff,0xff,0xff,0xff,0xff,0xff,0xff,0xff,0xff,
    0xff,0xff,0xff,0xff,0xff,0xff,0xff,0xff,0xff,0xff,0xff,0xff,0xff,0xff,0xff,0xff,0xff,0xff,0xff,0xff,0xff,0xff,0xff,0xff,
    0xff,0xff,0xff,0xff,0xff,0xff,0xff,0xff,0xff,0xff,0xff,0xff,0xff,0xff,0xff,0xff,0xff,0xff,0xff,0xff,0xff,0xff,0xff,0xff,
    0xff,0xff,0xff,0xff,0xff,0xff,0xff,0xff,0xff,0xff,0xff,0xff,0xff,0xff,0xff,0xff,0xff,0xff,0xff,0xff,0xff,0xfe,0xfe,0xff,
    0xfe,0xfb,0xfb,0xff,0xf9,0xf6,0xf6,0xff,0xf4,0xf1,0xf1,0xff,0xed,0xea,0xea,0xff,0xe5,0xe2,0xe2,0xff,0xdd,0xda,0xda,0xff,
    0xd5,0xd2,0xd2,0xff,0xcd,0xca,0xca,0xff,0xc6,0xc3,0xc3,0xff,0xa3,0x9d,0x9d,0xfe,0x9f,0x99,0x99,0xfc,0x9c,0x98,0x98,0x34,
    0x00,0x00,0x00,0x00,0xff,0xff,0xff,0x02,0x00,0x00,0x00,0x00,0x00,0x00,0x00,0x00,0x00,0x00,0x00,0x00,0x00,0x00,0x00,0x00,
    0x00,0x00,0x00,0x00,0xaa,0xaa,0xaa,0x03,0x00,0x00,0x00,0x00,0x9b,0x96,0x96,0xaf,0xa4,0x9d,0x9d,0xff,0xb7,0xb3,0xb3,0xfc,
    0xcb,0xc8,0xc8,0xff,0xd0,0xcd,0xcd,0xff,0xd8,0xd5,0xd5,0xff,0xe1,0xde,0xde,0xff,0xe9,0xe6,0xe6,0xff,0xf0,0xed,0xed,0xff,
    0xf7,0xf4,0xf4,0xff,0xfc,0xf9,0xf9,0xff,0xff,0xfc,0xfc,0xff,0xff,0xfe,0xfe,0xff,0xff,0xff,0xff,0xff,0xff,0xff,0xff,0xff,
    0xff,0xff,0xff,0xff,0xff,0xff,0xff,0xff,0xff,0xff,0xff,0xff,0xff,0xff,0xff,0xff,0xff,0xff,0xff,0xff,0xff,0xff,0xff,0xff,
    0xff,0xff,0xff,0xff,0xff,0xff,0xff,0xff,0xff,0xff,0xff,0xff,0xff,0xff,0xff,0xff,0xff,0xff,0xff,0xff,0xff,0xff,0xff,0xff,
    0xff,0xff,0xff,0xff,0xff,0xff,0xff,0xff,0xff,0xff,0xff,0xff,0xff,0xff,0xff,0xff,0xff,0xff,0xff,0xff,0xff,0xff,0xff,0xff,
    0xff,0xff,0xff,0xff,0xff,0xff,0xff,0xff,0xff,0xff,0xff,0xff,0xff,0xff,0xff,0xff,0xff,0xff,0xff,0xff,0xff,0xff,0xff,0xff,
    0xff,0xff,0xff,0xff,0xff,0xff,0xff,0xff,0xff,0xff,0xff,0xff,0xff,0xff,0xff,0xff,0xff,0xff,0xff,0xff,0xff,0xff,0xff,0xff,
    0xff,0xff,0xff,0xff,0xff,0xff,0xff,0xff,0xff,0xff,0xff,0xff,0xff,0xff,0xff,0xff,0xff,0xff,0xff,0xff,0xff,0xff,0xff,0xff,
    0xff,0xff,0xff,0xff,0xff,0xff,0xff,0xff,0xff,0xff,0xff,0xff,0xff,0xff,0xff,0xff,0xff,0xff,0xff,0xff,0xff,0xff,0xff,0xff,
    0xff,0xff,0xff,0xff,0xff,0xff,0xff,0xff,0xff,0xff,0xff,0xff,0xff,0xff,0xff,0xff,0xff,0xff,0xff,0xff,0xff,0xff,0xff,0xff,
    0xff,0xff,0xff,0xff,0xff,0xff,0xff,0xff,0xff,0xff,0xff,0xff,0xff,0xfd,0xfd,0xff,0xfd,0xfa,0xfa,0xff,0xf8,0xf5,0xf5,0xff,
    0xf2,0xef,0xef,0xff,0xeb,0xe8,0xe8,0xff,0xe3,0xe0,0xe0,0xff,0xda,0xd7,0xd7,0xff,0xd2,0xcf,0xcf,0xff,0xcc,0xc8,0xc8,0xff,
    0xbf,0xbb,0xbb,0xfe,0xa1,0x9b,0x9b,0xff,0x9a,0x95,0x95,0xe4,0x8b,0x8b,0x8b,0x0b,0x00,0x00,0x00,0x00,0xff,0xff,0xff,0x01,
    0x00,0x00,0x00,0x00,0x00,0x00,0x00,0x00,0x00,0x00,0x00,0x00,0x00,0x00,0x00,0x00,0x00,0x00,0x00,0x00,0xbf,0xbf,0xbf,0x04,
    0x00,0x00,0x00,0x00,0x9d,0x98,0x98,0x70,0xa5,0x9e,0x9e,0xff,0xac,0xa8,0xa8,0xfb,0xc9,0xc6,0xc6,0xff,0xcd,0xca,0xca,0xff,
    0xd6,0xd3,0xd3,0xff,0xdf,0xdc,0xdc,0xff,0xe7,0xe4,0xe4,0xff,0xee,0xeb,0xeb,0xff,0xf5,0xf2,0xf2,0xff,0xfa,0xf7,0xf7,0xff,
    0xfe,0xfb,0xfb,0xff,0xff,0xfe,0xfe,0xff,0xff,0xff,0xff,0xff,0xff,0xff,0xff,0xff,0xff,0xff,0xff,0xff,0xff,0xff,0xff,0xff,
    0xff,0xff,0xff,0xff,0xff,0xff,0xff,0xff,0xff,0xff,0xff,0xff,0xff,0xff,0xff,0xff,0xff,0xff,0xff,0xff,0xff,0xff,0xff,0xff,
    0xff,0xff,0xff,0xff,0xff,0xff,0xff,0xff,0xff,0xff,0xff,0xff,0xff,0xff,0xff,0xff,0xff,0xff,0xff,0xff,0xff,0xff,0xff,0xff,
    0xff,0xff,0xff,0xff,0xff,0xff,0xff,0xff,0xff,0xff,0xff,0xff,0xff,0xff,0xff,0xff,0xff,0xff,0xff,0xff,0xff,0xff,0xff,0xff,
    0xff,0xff,0xff,0xff,0xff,0xff,0xff,0xff,0xff,0xff,0xff,0xff,0xff,0xff,0xff,0xff,0xff,0xff,0xff,0xff,0xff,0xff,0xff,0xff,
    0xff,0xff,0xff,0xff,0xff,0xff,0xff,0xff,0xff,0xff,0xff,0xff,0xff,0xff,0xff,0xff,0xff,0xff,0xff,0xff,0xff,0xff,0xff,0xff,
    0xff,0xff,0xff,0xff,0xff,0xff,0xff,0xff,0xff,0xff,0xff,0xff,0xff,0xff,0xff,0xff,0xff,0xff,0xff,0xff,0xff,0xff,0xff,0xff,
    0xff,0xff,0xff,0xff,0xff,0xff,0xff,0xff,0xff,0xff,0xff,0xff,0xff,0xff,0xff,0xff,0xff,0xff,0xff,0xff,0xff,0xff,0xff,0xff,
    0xff,0xff,0xff,0xff,0xff,0xff,0xff,0xff,0xff,0xff,0xff,0xff,0xff,0xff,0xff,0xff,0xff,0xff,0xff,0xff,0xff,0xff,0xff,0xff,
    0xff,0xfe,0xfe,0xff,0xff,0xfc,0xfc,0xff,0xfb,0xf8,0xf8,0xff,0xf6,0xf3,0xf3,0xff,0xf0,0xed,0xed,0xff,0xe9,0xe6,0xe6,0xff,
    0xe1,0xde,0xde,0xff,0xd8,0xd5,0xd5,0xff,0xcf,0xcc,0xcc,0xff,0xcb,0xc8,0xc8,0xff,0xb7,0xb3,0xb3,0xfc,0xa4,0x9d,0x9d,0xff,
    0x9b,0x96,0x96,0xaf,0x00,0x00,0x00,0x00,0xaa,0xaa,0xaa,0x03,0x00,0x00,0x00,0x00,0x00,0x00,0x00,0x00,0x00,0x00,0x00,0x00,
    0x00,0x00,0x00,0x00,0x00,0x00,0x00,0x00,0x00,0x00,0x00,0x00,0xff,0xff,0xff,0x02,0x00,0x00,0x00,0x00,0x9b,0x9b,0x9b,0x33,
    0x9f,0x99,0x99,0xfc,0xa3,0x9e,0x9e,0xfe,0xc6,0xc3,0xc3,0xff,0xcc,0xc9,0xc9,0xff,0xd4,0xd1,0xd1,0xff,0xdc,0xd9,0xd9,0xff,
    0xe4,0xe1,0xe1,0xff,0xec,0xe9,0xe9,0xff,0xf3,0xf0,0xf0,0xff,0xf8,0xf5,0xf5,0xff,0xfd,0xfa,0xfa,0xff,0xff,0xfd,0xfd,0xff,
    0xff,0xff,0xff,0xff,0xff,0xff,0xff,0xff,0xff,0xff,0xff,0xff,0xff,0xff,0xff,0xff,0xff,0xff,0xff,0xff,0xff,0xff,0xff,0xff,
    0xff,0xff,0xff,0xff,0xff,0xff,0xff,0xff,0xff,0xff,0xff,0xff,0xff,0xff,0xff,0xff,0xff,0xff,0xff,0xff,0xff,0xff,0xff,0xff,
    0xff,0xff,0xff,0xff,0xff,0xff,0xff,0xff,0xff,0xff,0xff,0xff,0xff,0xff,0xff,0xff,0xff,0xff,0xff,0xff,0xff,0xff,0xff,0xff,
    0xff,0xff,0xff,0xff,0xff,0xff,0xff,0xff,0xff,0xff,0xff,0xff,0xff,0xff,0xff,0xff,0xff,0xff,0xff,0xff,0xff,0xff,0xff,0xff,
    0xff,0xff,0xff,0xff,0xff,0xff,0xff,0xff,0xff,0xff,0xff,0xff,0xff,0xff,0xff,0xff,0xff,0xff,0xff,0xff,0xff,0xff,0xff,0xff,
    0xff,0xff,0xff,0xff,0xff,0xff,0xff,0xff,0xff,0xff,0xff,0xff,0xff,0xff,0xff,0xff,0xff,0xff,0xff,0xff,0xff,0xff,0xff,0xff,
    0xff,0xff,0xff,0xff,0xff,0xff,0xff,0xff,0xff,0xff,0xff,0xff,0xff,0xff,0xff,0xff,0xff,0xff,0xff,0xff,0xff,0xff,0xff,0xff,
    0xff,0xff,0xff,0xff,0xff,0xff,0xff,0xff,0xff,0xff,0xff,0xff,0xff,0xff,0xff,0xff,0xff,0xff,0xff,0xff,0xff,0xff,0xff,0xff,
    0xff,0xff,0xff,0xff,0xff,0xff,0xff,0xff,0xff,0xff,0xff,0xff,0xff,0xff,0xff,0xff,0xff,0xfe,0xfe,0xff,0xfe,0xfb,0xfb,0xff,
    0xf9,0xf6,0xf6,0xff,0xf4,0xf1,0xf1,0xff,0xee,0xeb,0xeb,0xff,0xe6,0xe3,0xe3,0xff,0xde,0xdb,0xdb,0xff,0xd6,0xd3,0xd3,0xff,
    0xcd,0xca,0xca,0xff,0xc9,0xc6,0xc6,0xff,0xac,0xa8,0xa8,0xfb,0xa4,0x9e,0x9e,0xff,0x9d,0x98,0x98,0x70,0x00,0x00,0x00,0x00,
    0xbf,0xbf,0xbf,0x04,0x00,0x00,0x00,0x00,0x00,0x00,0x00,0x00,0x00,0x00,0x00,0x00,0x00,0x00,0x00,0x00,0x00,0x00,0x00,0x00,
    0x00,0x00,0x00,0x00,0xff,0xff,0xff,0x01,0x00,0x00,0x00,0x00,0x8b,0x8b,0x8b,0x0b,0x9b,0x95,0x95,0xe4,0xa0,0x9a,0x9a,0xff,
    0xbd,0xb9,0xb9,0xfe,0xcb,0xc8,0xc8,0xff,0xd1,0xce,0xce,0xff,0xd9,0xd6,0xd6,0xff,0xe1,0xde,0xde,0xff,0xe9,0xe6,0xe6,0xff,
    0xf0,0xed,0xed,0xff,0xf7,0xf4,0xf4,0xff,0xfb,0xf8,0xf8,0xff,0xff,0xfc,0xfc,0xff,0xff,0xfe,0xfe,0xff,0xff,0xff,0xff,0xff,
    0xff,0xff,0xff,0xff,0xff,0xff,0xff,0xff,0xff,0xff,0xff,0xff,0xff,0xff,0xff,0xff,0xff,0xff,0xff,0xff,0xff,0xff,0xff,0xff,
    0xff,0xff,0xff,0xff,0xff,0xff,0xff,0xff,0xff,0xff,0xff,0xff,0xff,0xff,0xff,0xff,0xff,0xff,0xff,0xff,0xff,0xff,0xff,0xff,
    0xff,0xff,0xff,0xff,0xff,0xff,0xff,0xff,0xff,0xff,0xff,0xff,0xff,0xff,0xff,0xff,0xff,0xff,0xff,0xff,0xff,0xff,0xff,0xff,
    0xff,0xff,0xff,0xff,0xff,0xff,0xff,0xff,0xff,0xff,0xff,0xff,0xff,0xff,0xff,0xff,0xff,0xff,0xff,0xff,0xff,0xff,0xff,0xff,
    0xff,0xff,0xff,0xff,0xff,0xff,0xff,0xff,0xff,0xff,0xff,0xff,0xff,0xff,0xff,0xff,0xff,0xff,0xff,0xff,0xff,0xff,0xff,0xff,
    0xff,0xff,0xff,0xff,0xff,0xff,0xff,0xff,0xff,0xff,0xff,0xff,0xff,0xff,0xff,0xff,0xff,0xff,0xff,0xff,0xff,0xff,0xff,0xff,
    0xff,0xff,0xff,0xff,0xff,0xff,0xff,0xff,0xff,0xff,0xff,0xff,0xff,0xff,0xff,0xff,0xff,0xff,0xff,0xff,0xff,0xff,0xff,0xff,
    0xff,0xff,0xff,0xff,0xff,0xff,0xff,0xff,0xff,0xff,0xff,0xff,0xff,0xff,0xff,0xff,0xff,0xff,0xff,0xff,0xff,0xff,0xff,0xff,
    0xff,0xff,0xff,0xff,0xff,0xfe,0xfe,0xff,0xff,0xfc,0xfc,0xff,0xfd,0xfa,0xfa,0xff,0xf8,0xf5,0xf5,0xff,0xf2,0xef,0xef,0xff,
    0xeb,0xe8,0xe8,0xff,0xe3,0xe0,0xe0,0xff,0xdb,0xd8,0xd8,0xff,0xd3,0xd0,0xd0,0xff,0xcc,0xc9,0xc9,0xff,0xc4,0xc2,0xc2,0xff,
    0xa1,0x9c,0x9c,0xfe,0x9f,0x9a,0x9a,0xfd,0x9c,0x98,0x98,0x34,0x00,0x00,0x00,0x00,0xff,0xff,0xff,0x02,0x00,0x00,0x00,0x00,
    0x00,0x00,0x00,0x00,0x00,0x00,0x00,0x00,0x00,0x00,0x00,0x00,0x00,0x00,0x00,0x00,0x00,0x00,0x00,0x00,0x00,0x00,0x00,0x00,
    0xaa,0xaa,0xaa,0x03,0x00,0x00,0x00,0x00,0x9c,0x96,0x96,0xa1,0xa4,0x9d,0x9d,0xff,0xb4,0xaf,0xaf,0xfb,0xca,0xc8,0xc8,0xff,
    0xce,0xcb,0xcb,0xff,0xd7,0xd4,0xd4,0xff,0xdf,0xdc,0xdc,0xff,0xe7,0xe4,0xe4,0xff,0xee,0xeb,0xeb,0xff,0xf5,0xf2,0xf2,0xff,
    0xfa,0xf7,0xf7,0xff,0xfe,0xfb,0xfb,0xff,0xff,0xfd,0xfd,0xff,0xff,0xff,0xff,0xff,0xff,0xff,0xff,0xff,0xff,0xff,0xff,0xff,
    0xff,0xff,0xff,0xff,0xff,0xff,0xff,0xff,0xff,0xff,0xff,0xff,0xff,0xff,0xff,0xff,0xff,0xff,0xff,0xff,0xff,0xff,0xff,0xff,
    0xff,0xff,0xff,0xff,0xff,0xff,0xff,0xff,0xff,0xff,0xff,0xff,0xff,0xff,0xff,0xff,0xff,0xff,0xff,0xff,0xff,0xff,0xff,0xff,
    0xff,0xff,0xff,0xff,0xff,0xff,0xff,0xff,0xff,0xff,0xff,0xff,0xff,0xff,0xff,0xff,0xff,0xff,0xff,0xff,0xff,0xff,0xff,0xff,
    0xff,0xff,0xff,0xff,0xff,0xff,0xff,0xff,0xff,0xff,0xff,0xff,0xff,0xff,0xff,0xff,0xff,0xff,0xff,0xff,0xff,0xff,0xff,0xff,
    0xff,0xff,0xff,0xff,0xff,0xff,0xff,0xff,0xff,0xff,0xff,0xff,0xff,0xff,0xff,0xff,0xff,0xff,0xff,0xff,0xff,0xff,0xff,0xff,
    0xff,0xff,0xff,0xff,0xff,0xff,0xff,0xff,0xff,0xff,0xff,0xff,0xff,0xff,0xff,0xff,0xff,0xff,0xff,0xff,0xff,0xff,0xff,0xff,
    0xff,0xff,0xff,0xff,0xff,0xff,0xff,0xff,0xff,0xff,0xff,0xff,0xff,0xff,0xff,0xff,0xff,0xff,0xff,0xff,0xff,0xff,0xff,0xff,
    0xff,0xff,0xff,0xff,0xff,0xff,0xff,0xff,0xff,0xff,0xff,0xff,0xff,0xff,0xff,0xff,0xff,0xff,0xff,0xff,0xff,0xfe,0xfe,0xff,
    0xfe,0xfb,0xfb,0xff,0xfb,0xf8,0xf8,0xff,0xf5,0xf2,0xf2,0xff,0xf0,0xed,0xed,0xff,0xe9,0xe6,0xe6,0xff,0xe1,0xde,0xde,0xff,
    0xd9,0xd6,0xd6,0xff,0xd1,0xce,0xce,0xff,0xca,0xc8,0xc8,0xff,0xbd,0xba,0xba,0xfd,0xa1,0x9b,0x9b,0xff,0x9b,0x96,0x96,0xd9,
    0x91,0x91,0x91,0x07,0x00,0x00,0x00,0x01,0x00,0x00,0x00,0x00,0x00,0x00,0x00,0x00,0x00,0x00,0x00,0x00,0x00,0x00,0x00,0x00,
    0x00,0x00,0x00,0x00,0x00,0x00,0x00,0x00,0x00,0x00,0x00,0x00,0x00,0x00,0x00,0x00,0xbf,0xbf,0xbf,0x04,0x00,0x00,0x00,0x00,
    0x9b,0x99,0x99,0x5f,0xa4,0x9e,0x9e,0xff,0xa6,0xa1,0xa1,0xfc,0xc7,0xc5,0xc5,0xff,0xcc,0xc9,0xc9,0xff,0xd4,0xd1,0xd1,0xff,
    0xdc,0xd9,0xd9,0xff,0xe4,0xe1,0xe1,0xff,0xec,0xe9,0xe9,0xff,0xf2,0xef,0xef,0xff,0xf7,0xf4,0xf4,0xff,0xfc,0xf9,0xf9,0xff,
    0xff,0xfc,0xfc,0xff,0xff,0xfe,0xfe,0xff,0xff,0xff,0xff,0xff,0xff,0xff,0xff,0xff,0xff,0xff,0xff,0xff,0xff,0xff,0xff,0xff,
    0xff,0xff,0xff,0xff,0xff,0xff,0xff,0xff,0xff,0xff,0xff,0xff,0xff,0xff,0xff,0xff,0xff,0xff,0xff,0xff,0xff,0xff,0xff,0xff,
    0xff,0xff,0xff,0xff,0xff,0xff,0xff,0xff,0xff,0xff,0xff,0xff,0xff,0xff,0xff,0xff,0xff,0xff,0xff,0xff,0xff,0xff,0xff,0xff,
    0xff,0xff,0xff,0xff,0xff,0xff,0xff,0xff,0xff,0xff,0xff,0xff,0xff,0xff,0xff,0xff,0xff,0xff,0xff,0xff,0xff,0xff,0xff,0xff,
    0xff,0xff,0xff,0xff,0xff,0xff,0xff,0xff,0xff,0xff,0xff,0xff,0xff,0xff,0xff,0xff,0xff,0xff,0xff,0xff,0xff,0xff,0xff,0xff,
    0xff,0xff,0xff,0xff,0xff,0xff,0xff,0xff,0xff,0xff,0xff,0xff,0xff,0xff,0xff,0xff,0xff,0xff,0xff,0xff,0xff,0xff,0xff,0xff,
    0xff,0xff,0xff,0xff,0xff,0xff,0xff,0xff,0xff,0xff,0xff,0xff,0xff,0xff,0xff,0xff,0xff,0xff,0xff,0xff,0xff,0xff,0xff,0xff,
    0xff,0xff,0xff,0xff,0xff,0xff,0xff,0xff,0xff,0xff,0xff,0xff,0xff,0xff,0xff,0xff,0xff,0xff,0xff,0xff,0xff,0xff,0xff,0xff,
    0xff,0xff,0xff,0xff,0xff,0xff,0xff,0xff,0xff,0xff,0xff,0xff,0xff,0xfd,0xfd,0xff,0xfd,0xfa,0xfa,0xff,0xf9,0xf6,0xf6,0xff,
    0xf4,0xf1,0xf1,0xff,0xed,0xea,0xea,0xff,0xe6,0xe3,0xe3,0xff,0xde,0xdb,0xdb,0xff,0xd6,0xd3,0xd3,0xff,0xce,0xcb,0xcb,0xff,
    0xca,0xc7,0xc7,0xff,0xb0,0xac,0xac,0xfb,0xa4,0x9d,0x9d,0xff,0x9d,0x96,0x96,0x9f,0x00,0x00,0x00,0x00,0xaa,0xaa,0xaa,0x03,
    0x00,0x00,0x00,0x00,0x00,0x00,0x00,0x00,0x00,0x00,0x00,0x00,0x00,0x00,0x00,0x00,0x00,0x00,0x00,0x00,0x00,0x00,0x00,0x00,
    0x00,0x00,0x00,0x00,0x00,0x00,0x00,0x00,0xff,0xff,0xff,0x01,0x00,0x00,0x00,0x00,0x99,0x99,0x99,0x19,0x9c,0x97,0x97,0xf1,
    0xa0,0x9a,0x9a,0xff,0xc1,0xbe,0xbe,0xfe,0xcb,0xc8,0xc8,0xff,0xd1,0xce,0xce,0xff,0xd9,0xd6,0xd6,0xff,0xe1,0xde,0xde,0xff,
    0xe9,0xe6,0xe6,0xff,0xef,0xec,0xec,0xff,0xf6,0xf3,0xf3,0xff,0xfb,0xf8,0xf8,0xff,0xfe,0xfb,0xfb,0xff,0xff,0xfe,0xfe,0xff,
    0xff,0xff,0xff,0xff,0xff,0xff,0xff,0xff,0xff,0xff,0xff,0xff,0xff,0xff,0xff,0xff,0xff,0xff,0xff,0xff,0xff,0xff,0xff,0xff,
    0xff,0xff,0xff,0xff,0xff,0xff,0xff,0xff,0xff,0xff,0xff,0xff,0xff,0xff,0xff,0xff,0xff,0xff,0xff,0xff,0xff,0xff,0xff,0xff,
    0xff,0xff,0xff,0xff,0xff,0xff,0xff,0xff,0xff,0xff,0xff,0xff,0xff,0xff,0xff,0xff,0xff,0xff,0xff,0xff,0xff,0xff,0xff,0xff,
    0xff,0xff,0xff,0xff,0xff,0xff,0xff,0xff,0xff,0xff,0xff,0xff,0xff,0xff,0xff,0xff,0xff,0xff,0xff,0xff,0xff,0xff,0xff,0xff,
    0xff,0xff,0xff,0xff,0xff,0xff,0xff,0xff,0xff,0xff,0xff,0xff,0xff,0xff,0xff,0xff,0xff,0xff,0xff,0xff,0xff,0xff,0xff,0xff,
    0xff,0xff,0xff,0xff,0xff,0xff,0xff,0xff,0xff,0xff,0xff,0xff,0xff,0xff,0xff,0xff,0xff,0xff,0xff,0xff,0xff,0xff,0xff,0xff,
    0xff,0xff,0xff,0xff,0xff,0xff,0xff,0xff,0xff,0xff,0xff,0xff,0xff,0xff,0xff,0xff,0xff,0xff,0xff,0xff,0xff,0xff,0xff,0xff,
    0xff,0xff,0xff,0xff,0xff,0xff,0xff,0xff,0xff,0xff,0xff,0xff,0xff,0xff,0xff,0xff,0xff,0xff,0xff,0xff,0xff,0xff,0xff,0xff,
    0xff,0xfe,0xfe,0xff,0xff,0xfc,0xfc,0xff,0xfc,0xf9,0xf9,0xff,0xf7,0xf4,0xf4,0xff,0xf1,0xee,0xee,0xff,0xeb,0xe8,0xe8,0xff,
    0xe3,0xe0,0xe0,0xff,0xdb,0xd8,0xd8,0xff,0xd3,0xd0,0xd0,0xff,0xcb,0xc8,0xc8,0xff,0xc7,0xc4,0xc4,0xff,0xa5,0xa0,0xa0,0xfd,
    0xa2,0x9c,0x9c,0xff,0x9c,0x99,0x99,0x4b,0x00,0x00,0x00,0x00,0xaa,0xaa,0xaa,0x03,0x00,0x00,0x00,0x00,0x00,0x00,0x00,0x00,
    0x00,0x00,0x00,0x00,0x00,0x00,0x00,0x00,0x00,0x00,0x00,0x00,0x00,0x00,0x00,0x00,0x00,0x00,0x00,0x00,0x00,0x00,0x00,0x00,
    0x00,0x00,0x00,0x00,0xff,0xff,0xff,0x02,0x00,0x00,0x00,0x00,0x9a,0x95,0x95,0xb5,0xa4,0x9d,0x9d,0xff,0xb7,0xb3,0xb3,0xfc,
    0xca,0xc7,0xc7,0xff,0xce,0xcb,0xcb,0xff,0xd6,0xd3,0xd3,0xff,0xde,0xdb,0xdb,0xff,0xe6,0xe3,0xe3,0xff,0xed,0xea,0xea,0xff,
    0xf3,0xf0,0xf0,0xff,0xf8,0xf5,0xf5,0xff,0xfd,0xfa,0xfa,0xff,0xff,0xfc,0xfc,0xff,0xff,0xfe,0xfe,0xff,0xff,0xff,0xff,0xff,
    0xff,0xff,0xff,0xff,0xff,0xff,0xff,0xff,0xff,0xff,0xff,0xff,0xff,0xff,0xff,0xff,0xff,0xff,0xff,0xff,0xff,0xff,0xff,0xff,
    0xff,0xff,0xff,0xff,0xff,0xff,0xff,0xff,0xff,0xff,0xff,0xff,0xff,0xff,0xff,0xff,0xff,0xff,0xff,0xff,0xff,0xff,0xff,0xff,
    0xff,0xff,0xff,0xff,0xff,0xff,0xff,0xff,0xff,0xff,0xff,0xff,0xff,0xff,0xff,0xff,0xff,0xff,0xff,0xff,0xff,0xff,0xff,0xff,
    0xff,0xff,0xff,0xff,0xff,0xff,0xff,0xff,0xff,0xff,0xff,0xff,0xff,0xff,0xff,0xff,0xff,0xff,0xff,0xff,0xff,0xff,0xff,0xff,
    0xff,0xff,0xff,0xff,0xff,0xff,0xff,0xff,0xff,0xff,0xff,0xff,0xff,0xff,0xff,0xff,0xff,0xff,0xff,0xff,0xff,0xff,0xff,0xff,
    0xff,0xff,0xff,0xff,0xff,0xff,0xff,0xff,0xff,0xff,0xff,0xff,0xff,0xff,0xff,0xff,0xff,0xff,0xff,0xff,0xff,0xff,0xff,0xff,
    0xff,0xff,0xff,0xff,0xff,0xff,0xff,0xff,0xff,0xff,0xff,0xff,0xff,0xff,0xff,0xff,0xff,0xff,0xff,0xff,0xff,0xff,0xff,0xff,
    0xff,0xff,0xff,0xff,0xff,0xff,0xff,0xff,0xff,0xff,0xff,0xff,0xff,0xff,0xff,0xff,0xff,0xfd,0xfd,0xff,0xfe,0xfa,0xfa,0xff,
    0xf9,0xf7,0xf7,0xff,0xf5,0xf2,0xf2,0xff,0xee,0xeb,0xeb,0xff,0xe8,0xe5,0xe5,0xff,0xe0,0xdd,0xdd,0xff,0xd8,0xd5,0xd5,0xff,
    0xd1,0xce,0xce,0xff,0xca,0xc7,0xc7,0xff,0xbf,0xbc,0xbc,0xfe,0xa1,0x9b,0x9b,0xff,0x9b,0x96,0x96,0xe7,0x9c,0x9c,0x9c,0x0d,
    0x00,0x00,0x00,0x00,0xff,0xff,0xff,0x01,0x00,0x00,0x00,0x00,0x00,0x00,0x00,0x00,0x00,0x00,0x00,0x00,0x00,0x00,0x00,0x00,
    0x00,0x00,0x00,0x00,0x00,0x00,0x00,0x00,0x00,0x00,0x00,0x00,0x00,0x00,0x00,0x00,0x00,0x00,0x00,0x00,0xbf,0xbf,0xbf,0x04,
    0x00,0x00,0x00,0x00,0x9c,0x97,0x97,0x60,0xa4,0x9d,0x9d,0xff,0xaa,0xa4,0xa4,0xfc,0xc8,0xc5,0xc5,0xff,0xcb,0xc8,0xc8,0xff,
    0xd4,0xd1,0xd1,0xff,0xdb,0xd8,0xd8,0xff,0xe3,0xe0,0xe0,0xff,0xea,0xe7,0xe7,0xff,0xf1,0xee,0xee,0xff,0xf6,0xf3,0xf3,0xff,
    0xfb,0xf8,0xf8,0xff,0xfe,0xfb,0xfb,0xff,0xff,0xfe,0xfe,0xff,0xff,0xff,0xff,0xff,0xff,0xff,0xff,0xff,0xff,0xff,0xff,0xff,
    0xff,0xff,0xff,0xff,0xff,0xff,0xff,0xff,0xff,0xff,0xff,0xff,0xff,0xff,0xff,0xff,0xff,0xff,0xff,0xff,0xff,0xff,0xff,0xff,
    0xff,0xff,0xff,0xff,0xff,0xff,0xff,0xff,0xff,0xff,0xff,0xff,0xff,0xff,0xff,0xff,0xff,0xff,0xff,0xff,0xff,0xff,0xff,0xff,
    0xff,0xff,0xff,0xff,0xff,0xff,0xff,0xff,0xff,0xff,0xff,0xff,0xff,0xff,0xff,0xff,0xff,0xff,0xff,0xff,0xff,0xff,0xff,0xff,
    0xff,0xff,0xff,0xff,0xff,0xff,0xff,0xff,0xff,0xff,0xff,0xff,0xff,0xff,0xff,0xff,0xff,0xff,0xff,0xff,0xff,0xff,0xff,0xff,
    0xff,0xff,0xff,0xff,0xff,0xff,0xff,0xff,0xff,0xff,0xff,0xff,0xff,0xff,0xff,0xff,0xff,0xff,0xff,0xff,0xff,0xff,0xff,0xff,
    0xff,0xff,0xff,0xff,0xff,0xff,0xff,0xff,0xff,0xff,0xff,0xff,0xff,0xff,0xff,0xff,0xff,0xff,0xff,0xff,0xff,0xff,0xff,0xff,
    0xff,0xff,0xff,0xff,0xff,0xff,0xff,0xff,0xff,0xff,0xff,0xff,0xff,0xff,0xff,0xff,0xff,0xff,0xff,0xff,0xff,0xff,0xff,0xff,
    0xff,0xff,0xff,0xff,0xff,0xfe,0xfe,0xff,0xff,0xfc,0xfc,0xff,0xfc,0xf9,0xf9,0xff,0xf7,0xf4,0xf4,0xff,0xf2,0xef,0xef,0xff,
    0xec,0xe9,0xe9,0xff,0xe5,0xe2,0xe2,0xff,0xdd,0xda,0xda,0xff,0xd5,0xd2,0xd2,0xff,0xcd,0xca,0xca,0xff,0xca,0xc7,0xc7,0xff,
    0xb3,0xb0,0xb0,0xfb,0xa4,0x9d,0x9d,0xff,0x9c,0x97,0x97,0xa0,0x00,0x00,0x00,0x00,0xaa,0xaa,0xaa,0x03,0x00,0x00,0x00,0x00,
    0x00,0x00,0x00,0x00,0x00,0x00,0x00,0x00,0x00,0x00,0x00,0x00,0x00,0x00,0x00,0x00,0x00,0x00,0x00,0x00,0x00,0x00,0x00,0x00,
    0x00,0x00,0x00,0x00,0x00,0x00,0x00,0x00,0x00,0x00,0x00,0x00,0xff,0xff,0xff,0x01,0x00,0x00,0x00,0x00,0x9f,0x94,0x94,0x18,
    0x9c,0x97,0x97,0xf1,0xa1,0x9b,0x9b,0xff,0xc1,0xbe,0xbe,0xfe,0xca,0xc7,0xc7,0xff,0xd0,0xcd,0xcd,0xff,0xd8,0xd5,0xd5,0xff,
    0xe0,0xdd,0xdd,0xff,0xe7,0xe4,0xe4,0xff,0xee,0xeb,0xeb,0xff,0xf4,0xf1,0xf1,0xff,0xf9,0xf6,0xf6,0xff,0xfd,0xfa,0xfa,0xff,
    0xff,0xfc,0xfc,0xff,0xff,0xfe,0xfe,0xff,0xff,0xff,0xff,0xff,0xff,0xff,0xff,0xff,0xff,0xff,0xff,0xff,0xff,0xff,0xff,0xff,
    0xff,0xff,0xff,0xff,0xff,0xff,0xff,0xff,0xff,0xff,0xff,0xff,0xff,0xff,0xff,0xff,0xff,0xff,0xff,0xff,0xff,0xff,0xff,0xff,
    0xff,0xff,0xff,0xff,0xff,0xff,0xff,0xff,0xff,0xff,0xff,0xff,0xff,0xff,0xff,0xff,0xff,0xff,0xff,0xff,0xff,0xff,0xff,0xff,
    0xff,0xff,0xff,0xff,0xff,0xff,0xff,0xff,0xff,0xff,0xff,0xff,0xff,0xff,0xff,0xff,0xff,0xff,0xff,0xff,0xff,0xff,0xff,0xff,
    0xff,0xff,0xff,0xff,0xff,0xff,0xff,0xff,0xff,0xff,0xff,0xff,0xff,0xff,0xff,0xff,0xff,0xff,0xff,0xff,0xff,0xff,0xff,0xff,
    0xff,0xff,0xff,0xff,0xff,0xff,0xff,0xff,0xff,0xff,0xff,0xff,0xff,0xff,0xff,0xff,0xff,0xff,0xff,0xff,0xff,0xff,0xff,0xff,
    0xff,0xff,0xff,0xff,0xff,0xff,0xff,0xff,0xff,0xff,0xff,0xff,0xff,0xff,0xff,0xff,0xff,0xff,0xff,0xff,0xff,0xff,0xff,0xff,
    0xff,0xff,0xff,0xff,0xff,0xff,0xff,0xff,0xff,0xff,0xff,0xff,0xff,0xff,0xff,0xff,0xff,0xff,0xff,0xff,0xff,0xfd,0xfd,0xff,
    0xfe,0xfa,0xfa,0xff,0xfa,0xf7,0xf7,0xff,0xf5,0xf2,0xf2,0xff,0xf0,0xed,0xed,0xff,0xe9,0xe6,0xe6,0xff,0xe2,0xdf,0xdf,0xff,
    0xda,0xd7,0xd7,0xff,0xd2,0xcf,0xcf,0xff,0xcb,0xc8,0xc8,0xff,0xc6,0xc4,0xc4,0xff,0xa6,0xa1,0xa1,0xfd,0xa2,0x9c,0x9c,0xff,
    0x9c,0x99,0x99,0x4b,0x00,0x00,0x00,0x00,0xaa,0xaa,0xaa,0x03,0x00,0x00,0x00,0x00,0x00,0x00,0x00,0x00,0x00,0x00,0x00,0x00,
    0x00,0x00,0x00,0x00,0x00,0x00,0x00,0x00,0x00,0x00,0x00,0x00,0x00,0x00,0x00,0x00,0x00,0x00,0x00,0x00,0x00,0x00,0x00,0x00,
    0x00,0x00,0x00,0x00,0x00,0x00,0x00,0x00,0xff,0xff,0xff,0x02,0x00,0x00,0x00,0x00,0x9b,0x96,0x96,0xb4,0xa3,0x9c,0x9c,0xfe,
    0xb5,0xb1,0xb1,0xfc,0xc9,0xc7,0xc7,0xff,0xcd,0xca,0xca,0xff,0xd5,0xd2,0xd2,0xff,0xdd,0xda,0xda,0xff,0xe4,0xe1,0xe1,0xff,
    0xeb,0xe8,0xe8,0xff,0xf1,0xee,0xee,0xff,0xf7,0xf4,0xf4,0xff,0xfb,0xf8,0xf8,0xff,0xfe,0xfb,0xfb,0xff,0xff,0xfe,0xfe,0xff,
    0xff,0xff,0xff,0xff,0xff,0xff,0xff,0xff,0xff,0xff,0xff,0xff,0xff,0xff,0xff,0xff,0xff,0xff,0xff,0xff,0xff,0xff,0xff,0xff,
    0xff,0xff,0xff,0xff,0xff,0xff,0xff,0xff,0xff,0xff,0xff,0xff,0xff,0xff,0xff,0xff,0xff,0xff,0xff,0xff,0xff,0xff,0xff,0xff,
    0xff,0xff,0xff,0xff,0xff,0xff,0xff,0xff,0xff,0xff,0xff,0xff,0xff,0xff,0xff,0xff,0xff,0xff,0xff,0xff,0xff,0xff,0xff,0xff,
    0xff,0xff,0xff,0xff,0xff,0xff,0xff,0xff,0xff,0xff,0xff,0xff,0xff,0xff,0xff,0xff,0xff,0xff,0xff,0xff,0xff,0xff,0xff,0xff,
    0xff,0xff,0xff,0xff,0xff,0xff,0xff,0xff,0xff,0xff,0xff,0xff,0xff,0xff,0xff,0xff,0xff,0xff,0xff,0xff,0xff,0xff,0xff,0xff,
    0xff,0xff,0xff,0xff,0xff,0xff,0xff,0xff,0xff,0xff,0xff,0xff,0xff,0xff,0xff,0xff,0xff,0xff,0xff,0xff,0xff,0xff,0xff,0xff,
    0xff,0xff,0xff,0xff,0xff,0xff,0xff,0xff,0xff,0xff,0xff,0xff,0xff,0xff,0xff,0xff,0xff,0xff,0xff,0xff,0xff,0xff,0xff,0xff,
    0xff,0xff,0xff,0xff,0xff,0xff,0xff,0xff,0xff,0xfe,0xfe,0xff,0xff,0xfc,0xfc,0xff,0xfc,0xf9,0xf9,0xff,0xf8,0xf5,0xf5,0xff,
    0xf3,0xf0,0xf0,0xff,0xed,0xea,0xea,0xff,0xe6,0xe3,0xe3,0xff,0xde,0xdb,0xdb,0xff,0xd7,0xd4,0xd4,0xff,0xcf,0xcc,0xcc,0xff,
    0xca,0xc7,0xc7,0xff,0xbd,0xb9,0xb9,0xfe,0xa0,0x9a,0x9a,0xff,0x9c,0x96,0x96,0xe6,0x9c,0x9c,0x9c,0x0d,0x00,0x00,0x00,0x00,
    0xff,0xff,0xff,0x01,0x00,0x00,0x00,0x00,0x00,0x00,0x00,0x00,0x00,0x00,0x00,0x00,0x00,0x00,0x00,0x00,0x00,0x00,0x00,0x00,
    0x00,0x00,0x00,0x00,0x00,0x00,0x00,0x00,0x00,0x00,0x00,0x00,0x00,0x00,0x00,0x00,0x00,0x00,0x00,0x00,0x00,0x00,0x00,0x00,
    0xbf,0xbf,0xbf,0x04,0x00,0x00,0x00,0x00,0x9c,0x97,0x97,0x60,0xa5,0x9e,0x9e,0xff,0xa5,0xa1,0xa1,0xfc,0xc7,0xc4,0xc4,0xff,
    0xca,0xc7,0xc7,0xff,0xd2,0xcf,0xcf,0xff,0xd9,0xd6,0xd6,0xff,0xe1,0xde,0xde,0xff,0xe8,0xe5,0xe5,0xff,0xee,0xeb,0xeb,0xff,
    0xf4,0xf1,0xf1,0xff,0xf9,0xf6,0xf6,0xff,0xfd,0xfa,0xfa,0xff,0xff,0xfc,0xfc,0xff,0xff,0xfe,0xfe,0xff,0xff,0xff,0xff,0xff,
    0xff,0xff,0xff,0xff,0xff,0xff,0xff,0xff,0xff,0xff,0xff,0xff,0xff,0xff,0xff,0xff,0xff,0xff,0xff,0xff,0xff,0xff,0xff,0xff,
    0xff,0xff,0xff,0xff,0xff,0xff,0xff,0xff,0xff,0xff,0xff,0xff,0xff,0xff,0xff,0xff,0xff,0xff,0xff,0xff,0xff,0xff,0xff,0xff,
    0xff,0xff,0xff,0xff,0xff,0xff,0xff,0xff,0xff,0xff,0xff,0xff,0xff,0xff,0xff,0xff,0xff,0xff,0xff,0xff,0xff,0xff,0xff,0xff,
    0xff,0xff,0xff,0xff,0xff,0xff,0xff,0xff,0xff,0xff,0xff,0xff,0xff,0xff,0xff,0xff,0xff,0xff,0xff,0xff,0xff,0xff,0xff,0xff,
    0xff,0xff,0xff,0xff,0xff,0xff,0xff,0xff,0xff,0xff,0xff,0xff,0xff,0xff,0xff,0xff,0xff,0xff,0xff,0xff,0xff,0xff,0xff,0xff,
    0xff,0xff,0xff,0xff,0xff,0xff,0xff,0xff,0xff,0xff,0xff,0xff,0xff,0xff,0xff,0xff,0xff,0xff,0xff,0xff,0xff,0xff,0xff,0xff,
    0xff,0xff,0xff,0xff,0xff,0xff,0xff,0xff,0xff,0xff,0xff,0xff,0xff,0xff,0xff,0xff,0xff,0xff,0xff,0xff,0xff,0xff,0xff,0xff,
    0xff,0xfd,0xfd,0xff,0xfd,0xfa,0xfa,0xff,0xfa,0xf7,0xf7,0xff,0xf5,0xf2,0xf2,0xff,0xf0,0xed,0xed,0xff,0xe9,0xe6,0xe6,0xff,
    0xe2,0xdf,0xdf,0xff,0xdb,0xd8,0xd8,0xff,0xd4,0xd1,0xd1,0xff,0xcc,0xc9,0xc9,0xff,0xc9,0xc6,0xc6,0xff,0xb0,0xac,0xac,0xfb,
    0xa4,0x9d,0x9d,0xff,0x9b,0x95,0x95,0xa2,0x00,0x00,0x00,0x00,0xaa,0xaa,0xaa,0x03,0x00,0x00,0x00,0x00,0x00,0x00,0x00,0x00,
    0x00,0x00,0x00,0x00,0x00,0x00,0x00,0x00,0x00,0x00,0x00,0x00,0x00,0x00,0x00,0x00,0x00,0x00,0x00,0x00,0x00,0x00,0x00,0x00,
    0x00,0x00,0x00,0x00,0x00,0x00,0x00,0x00,0x00,0x00,0x00,0x00,0x00,0x00,0x00,0x00,0xff,0xff,0xff,0x01,0x00,0x00,0x00,0x00,
    0x9d,0x9d,0x9d,0x15,0x9d,0x97,0x97,0xeb,0x9f,0x99,0x99,0xfe,0xbd,0xba,0xba,0xfe,0xc9,0xc7,0xc7,0xff,0xce,0xcb,0xcb,0xff,
    0xd6,0xd3,0xd3,0xff,0xdd,0xda,0xda,0xff,0xe4,0xe1,0xe1,0xff,0xeb,0xe8,0xe8,0xff,0xf1,0xee,0xee,0xff,0xf6,0xf3,0xf3,0xff,
    0xfb,0xf8,0xf8,0xff,0xfe,0xfb,0xfb,0xff,0xff,0xfd,0xfd,0xff,0xff,0xff,0xff,0xff,0xff,0xff,0xff,0xff,0xff,0xff,0xff,0xff,
    0xff,0xff,0xff,0xff,0xff,0xff,0xff,0xff,0xff,0xff,0xff,0xff,0xff,0xff,0xff,0xff,0xff,0xff,0xff,0xff,0xff,0xff,0xff,0xff,
    0xff,0xff,0xff,0xff,0xff,0xff,0xff,0xff,0xff,0xff,0xff,0xff,0xff,0xff,0xff,0xff,0xff,0xff,0xff,0xff,0xff,0xff,0xff,0xff,
    0xff,0xff,0xff,0xff,0xff,0xff,0xff,0xff,0xff,0xff,0xff,0xff,0xff,0xff,0xff,0xff,0xff,0xff,0xff,0xff,0xff,0xff,0xff,0xff,
    0xff,0xff,0xff,0xff,0xff,0xff,0xff,0xff,0xff,0xff,0xff,0xff,0xff,0xff,0xff,0xff,0xff,0xff,0xff,0xff,0xff,0xff,0xff,0xff,
    0xff,0xff,0xff,0xff,0xff,0xff,0xff,0xff,0xff,0xff,0xff,0xff,0xff,0xff,0xff,0xff,0xff,0xff,0xff,0xff,0xff,0xff,0xff,0xff,
    0xff,0xff,0xff,0xff,0xff,0xff,0xff,0xff,0xff,0xff,0xff,0xff,0xff,0xff,0xff,0xff,0xff,0xff,0xff,0xff,0xff,0xff,0xff,0xff,
    0xff,0xff,0xff,0xff,0xff,0xff,0xff,0xff,0xff,0xff,0xff,0xff,0xff,0xfe,0xfe,0xff,0xfe,0xfb,0xfb,0xff,0xfc,0xf8,0xf8,0xff,
    0xf8,0xf5,0xf5,0xff,0xf2,0xef,0xef,0xff,0xed,0xea,0xea,0xff,0xe6,0xe3,0xe3,0xff,0xdf,0xdc,0xdc,0xff,0xd8,0xd5,0xd5,0xff,
    0xd0,0xcd,0xcd,0xff,0xca,0xc7,0xc7,0xff,0xc4,0xc1,0xc1,0xff,0xa2,0x9d,0x9d,0xfd,0xa1,0x9b,0x9b,0xff,0x9a,0x96,0x96,0x42,
    0x00,0x00,0x00,0x00,0xaa,0xaa,0xaa,0x03,0x00,0x00,0x00,0x00,0x00,0x00,0x00,0x00,0x00,0x00,0x00,0x00,0x00,0x00,0x00,0x00,
    0x00,0x00,0x00,0x00,0x00,0x00,0x00,0x00,0x00,0x00,0x00,0x00,0x00,0x00,0x00,0x00,0x00,0x00,0x00,0x00,0x00,0x00,0x00,0x00,
    0x00,0x00,0x00,0x00,0x00,0x00,0x00,0x00,0x00,0x00,0x00,0x00,0xaa,0xaa,0xaa,0x03,0x00,0x00,0x00,0x00,0x9b,0x96,0x96,0x9a,
    0xa4,0x9d,0x9d,0xff,0xae,0xaa,0xaa,0xfb,0xc8,0xc6,0xc6,0xff,0xcb,0xc8,0xc8,0xff,0xd3,0xd0,0xd0,0xff,0xda,0xd7,0xd7,0xff,
    0xe1,0xde,0xde,0xff,0xe8,0xe5,0xe5,0xff,0xee,0xeb,0xeb,0xff,0xf4,0xf1,0xf1,0xff,0xf8,0xf5,0xf5,0xff,0xfc,0xf9,0xf9,0xff,
    0xff,0xfc,0xfc,0xff,0xff,0xfe,0xfe,0xff,0xff,0xff,0xff,0xff,0xff,0xff,0xff,0xff,0xff,0xff,0xff,0xff,0xff,0xff,0xff,0xff,
    0xff,0xff,0xff,0xff,0xff,0xff,0xff,0xff,0xff,0xff,0xff,0xff,0xff,0xff,0xff,0xff,0xff,0xff,0xff,0xff,0xff,0xff,0xff,0xff,
    0xff,0xff,0xff,0xff,0xff,0xff,0xff,0xff,0xff,0xff,0xff,0xff,0xff,0xff,0xff,0xff,0xff,0xff,0xff,0xff,0xff,0xff,0xff,0xff,
    0xff,0xff,0xff,0xff,0xff,0xff,0xff,0xff,0xff,0xff,0xff,0xff,0xff,0xff,0xff,0xff,0xff,0xff,0xff,0xff,0xff,0xff,0xff,0xff,
    0xff,0xff,0xff,0xff,0xff,0xff,0xff,0xff,0xff,0xff,0xff,0xff,0xff,0xff,0xff,0xff,0xff,0xff,0xff,0xff,0xff,0xff,0xff,0xff,
    0xff,0xff,0xff,0xff,0xff,0xff,0xff,0xff,0xff,0xff,0xff,0xff,0xff,0xff,0xff,0xff,0xff,0xff,0xff,0xff,0xff,0xff,0xff,0xff,
    0xff,0xff,0xff,0xff,0xff,0xff,0xff,0xff,0xff,0xff,0xff,0xff,0xff,0xff,0xff,0xff,0xff,0xff,0xff,0xff,0xff,0xff,0xff,0xff,
    0xff,0xfe,0xfe,0xff,0xff,0xfc,0xfc,0xff,0xfd,0xfa,0xfa,0xff,0xfa,0xf7,0xf7,0xff,0xf5,0xf2,0xf2,0xff,0xf0,0xed,0xed,0xff,
    0xe9,0xe6,0xe6,0xff,0xe3,0xe0,0xe0,0xff,0xdc,0xd9,0xd9,0xff,0xd4,0xd1,0xd1,0xff,0xcd,0xca,0xca,0xff,0xc9,0xc7,0xc7,0xff,
    0xb8,0xb4,0xb4,0xfd,0xa0,0x9a,0x9a,0xfe,0x9b,0x96,0x96,0xd4,0x7f,0x7f,0x7f,0x04,0xff,0xff,0xff,0x01,0x00,0x00,0x00,0x00,
    0x00,0x00,0x00,0x00,0x00,0x00,0x00,0x00,0x00,0x00,0x00,0x00,0x00,0x00,0x00,0x00,0x00,0x00,0x00,0x00,0x00,0x00,0x00,0x00,
    0x00,0x00,0x00,0x00,0x00,0x00,0x00,0x00,0x00,0x00,0x00,0x00,0x00,0x00,0x00,0x00,0x00,0x00,0x00,0x00,0x00,0x00,0x00,0x00,
    0x00,0x00,0x00,0x00,0xaa,0xaa,0xaa,0x03,0x00,0x00,0x00,0x01,0x9b,0x97,0x97,0x36,0xa0,0x9a,0x9a,0xff,0xa1,0x9b,0x9b,0xfd,
    0xc3,0xbf,0xbf,0xff,0xc9,0xc6,0xc6,0xff,0xcf,0xcc,0xcc,0xff,0xd6,0xd3,0xd3,0xff,0xde,0xdb,0xdb,0xff,0xe4,0xe1,0xe1,0xff,
    0xeb,0xe8,0xe8,0xff,0xf1,0xee,0xee,0xff,0xf6,0xf3,0xf3,0xff,0xfa,0xf7,0xf7,0xff,0xfd,0xfa,0xfa,0xff,0xff,0xfd,0xfd,0xff,
    0xff,0xfe,0xfe,0xff,0xff,0xff,0xff,0xff,0xff,0xff,0xff,0xff,0xff,0xff,0xff,0xff,0xff,0xff,0xff,0xff,0xff,0xff,0xff,0xff,
    0xff,0xff,0xff,0xff,0xff,0xff,0xff,0xff,0xff,0xff,0xff,0xff,0xff,0xff,0xff,0xff,0xff,0xff,0xff,0xff,0xff,0xff,0xff,0xff,
    0xff,0xff,0xff,0xff,0xff,0xff,0xff,0xff,0xff,0xff,0xff,0xff,0xff,0xff,0xff,0xff,0xff,0xff,0xff,0xff,0xff,0xff,0xff,0xff,
    0xff,0xff,0xff,0xff,0xff,0xff,0xff,0xff,0xff,0xff,0xff,0xff,0xff,0xff,0xff,0xff,0xff,0xff,0xff,0xff,0xff,0xff,0xff,0xff,
    0xff,0xff,0xff,0xff,0xff,0xff,0xff,0xff,0xff,0xff,0xff,0xff,0xff,0xff,0xff,0xff,0xff,0xff,0xff,0xff,0xff,0xff,0xff,0xff,
    0xff,0xff,0xff,0xff,0xff,0xff,0xff,0xff,0xff,0xff,0xff,0xff,0xff,0xff,0xff,0xff,0xff,0xff,0xff,0xff,0xff,0xff,0xff,0xff,
    0xff,0xff,0xff,0xff,0xff,0xff,0xff,0xff,0xff,0xff,0xff,0xff,0xff,0xff,0xff,0xff,0xff,0xfd,0xfd,0xff,0xfe,0xfb,0xfb,0xff,
    0xfb,0xf8,0xf8,0xff,0xf7,0xf4,0xf4,0xff,0xf2,0xef,0xef,0xff,0xed,0xea,0xea,0xff,0xe6,0xe3,0xe3,0xff,0xdf,0xdc,0xdc,0xff,
    0xd8,0xd5,0xd5,0xff,0xd1,0xce,0xce,0xff,0xca,0xc7,0xc7,0xff,0xc7,0xc4,0xc4,0xff,0xa8,0xa4,0xa4,0xfb,0xa6,0x9f,0x9f,0xff,
    0x9d,0x96,0x96,0x73,0x00,0x00,0x00,0x00,0xbf,0xbf,0xbf,0x04,0x00,0x00,0x00,0x00,0x00,0x00,0x00,0x00,0x00,0x00,0x00,0x00,
    0x00,0x00,0x00,0x00,0x00,0x00,0x00,0x00,0x00,0x00,0x00,0x00,0x00,0x00,0x00,0x00,0x00,0x00,0x00,0x00,0x00,0x00,0x00,0x00,
    0x00,0x00,0x00,0x00,0x00,0x00,0x00,0x00,0x00,0x00,0x00,0x00,0x00,0x00,0x00,0x00,0x00,0x00,0x00,0x00,0x00,0x00,0x00,0x00,
    0x7f,0x7f,0x7f,0x02,0x7f,0x7f,0x7f,0x02,0x9c,0x95,0x95,0xbf,0xa2,0x9b,0x9b,0xfe,0xb7,0xb3,0xb3,0xfc,0xc9,0xc6,0xc6,0xff,
    0xcc,0xc9,0xc9,0xff,0xd3,0xd0,0xd0,0xff,0xda,0xd7,0xd7,0xff,0xe1,0xde,0xde,0xff,0xe8,0xe5,0xe5,0xff,0xee,0xeb,0xeb,0xff,
    0xf3,0xf0,0xf0,0xff,0xf8,0xf5,0xf5,0xff,0xfb,0xf8,0xf8,0xff,0xfe,0xfb,0xfb,0xff,0xff,0xfd,0xfd,0xff,0xff,0xff,0xff,0xff,
    0xff,0xff,0xff,0xff,0xff,0xff,0xff,0xff,0xff,0xff,0xff,0xff,0xff,0xff,0xff,0xff,0xff,0xff,0xff,0xff,0xff,0xff,0xff,0xff,
    0xff,0xff,0xff,0xff,0xff,0xff,0xff,0xff,0xff,0xff,0xff,0xff,0xff,0xff,0xff,0xff,0xff,0xff,0xff,0xff,0xff,0xff,0xff,0xff,
    0xff,0xff,0xff,0xff,0xff,0xff,0xff,0xff,0xff,0xff,0xff,0xff,0xff,0xff,0xff,0xff,0xff,0xff,0xff,0xff,0xff,0xff,0xff,0xff,
    0xff,0xff,0xff,0xff,0xff,0xff,0xff,0xff,0xff,0xff,0xff,0xff,0xff,0xff,0xff,0xff,0xff,0xff,0xff,0xff,0xff,0xff,0xff,0xff,
    0xff,0xff,0xff,0xff,0xff,0xff,0xff,0xff,0xff,0xff,0xff,0xff,0xff,0xff,0xff,0xff,0xff,0xff,0xff,0xff,0xff,0xff,0xff,0xff,
    0xff,0xff,0xff,0xff,0xff,0xff,0xff,0xff,0xff,0xff,0xff,0xff,0xff,0xff,0xff,0xff,0xff,0xff,0xff,0xff,0xff,0xff,0xff,0xff,
    0xff,0xff,0xff,0xff,0xff,0xfd,0xfd,0xff,0xff,0xfc,0xfc,0xff,0xfc,0xf9,0xf9,0xff,0xf9,0xf6,0xf6,0xff,0xf4,0xf1,0xf1,0xff,
    0xef,0xec,0xec,0xff,0xe9,0xe6,0xe6,0xff,0xe3,0xe0,0xe0,0xff,0xdb,0xd8,0xd8,0xff,0xd4,0xd1,0xd1,0xff,0xce,0xcb,0xcb,0xff,
    0xc9,0xc6,0xc6,0xff,0xbe,0xbb,0xbb,0xfe,0xa0,0x9a,0x9a,0xfe,0x9d,0x97,0x97,0xeb,0x96,0x96,0x96,0x16,0x00,0x00,0x00,0x01,
    0xff,0xff,0xff,0x01,0x00,0x00,0x00,0x00,0x00,0x00,0x00,0x00,0x00,0x00,0x00,0x00,0x00,0x00,0x00,0x00,0x00,0x00,0x00,0x00,
    0x00,0x00,0x00,0x00,0x00,0x00,0x00,0x00,0x00,0x00,0x00,0x00,0x00,0x00,0x00,0x00,0x00,0x00,0x00,0x00,0x00,0x00,0x00,0x00,
    0x00,0x00,0x00,0x00,0x00,0x00,0x00,0x00,0x00,0x00,0x00,0x00,0x00,0x00,0x00,0x00,0xbf,0xbf,0xbf,0x04,0x00,0x00,0x00,0x00,
    0x9d,0x97,0x97,0x59,0xa5,0x9f,0x9f,0xff,0xa4,0x9f,0x9f,0xfc,0xc5,0xc2,0xc2,0xff,0xc9,0xc6,0xc6,0xff,0xcf,0xcc,0xcc,0xff,
    0xd7,0xd4,0xd4,0xff,0xdd,0xda,0xda,0xff,0xe3,0xe0,0xe0,0xff,0xea,0xe7,0xe7,0xff,0xf0,0xed,0xed,0xff,0xf5,0xf2,0xf2,0xff,
    0xf9,0xf6,0xf6,0xff,0xfc,0xf9,0xf9,0xff,0xff,0xfc,0xfc,0xff,0xff,0xfd,0xfd,0xff,0xff,0xff,0xff,0xff,0xff,0xff,0xff,0xff,
    0xff,0xff,0xff,0xff,0xff,0xff,0xff,0xff,0xff,0xff,0xff,0xff,0xff,0xff,0xff,0xff,0xff,0xff,0xff,0xff,0xff,0xff,0xff,0xff,
    0xff,0xff,0xff,0xff,0xff,0xff,0xff,0xff,0xff,0xff,0xff,0xff,0xff,0xff,0xff,0xff,0xff,0xff,0xff,0xff,0xff,0xff,0xff,0xff,
    0xff,0xff,0xff,0xff,0xff,0xff,0xff,0xff,0xff,0xff,0xff,0xff,0xff,0xff,0xff,0xff,0xff,0xff,0xff,0xff,0xff,0xff,0xff,0xff,
    0xff,0xff,0xff,0xff,0xff,0xff,0xff,0xff,0xff,0xff,0xff,0xff,0xff,0xff,0xff,0xff,0xff,0xff,0xff,0xff,0xff,0xff,0xff,0xff,
    0xff,0xff,0xff,0xff,0xff,0xff,0xff,0xff,0xff,0xff,0xff,0xff,0xff,0xff,0xff,0xff,0xff,0xff,0xff,0xff,0xff,0xff,0xff,0xff,
    0xff,0xff,0xff,0xff,0xff,0xff,0xff,0xff,0xff,0xff,0xff,0xff,0xff,0xff,0xff,0xff,0xff,0xfe,0xfe,0xff,0xff,0xfc,0xfc,0xff,
    0xfd,0xfa,0xfa,0xff,0xfa,0xf7,0xf7,0xff,0xf6,0xf3,0xf3,0xff,0xf1,0xee,0xee,0xff,0xeb,0xe8,0xe8,0xff,0xe6,0xe3,0xe3,0xff,
    0xdf,0xdc,0xdc,0xff,0xd8,0xd5,0xd5,0xff,0xd1,0xce,0xce,0xff,0xca,0xc7,0xc7,0xff,0xc8,0xc5,0xc5,0xff,0xae,0xaa,0xaa,0xfb,
    0xa5,0x9e,0x9e,0xff,0x9b,0x96,0x96,0x9c,0x00,0x00,0x00,0x00,0xaa,0xaa,0xaa,0x03,0x00,0x00,0x00,0x00,0x00,0x00,0x00,0x00,
    0x00,0x00,0x00,0x00,0x00,0x00,0x00,0x00,0x00,0x00,0x00,0x00,0x00,0x00,0x00,0x00,0x00,0x00,0x00,0x00,0x00,0x00,0x00,0x00,
    0x00,0x00,0x00,0x00,0x00,0x00,0x00,0x00,0x00,0x00,0x00,0x00,0x00,0x00,0x00,0x00,0x00,0x00,0x00,0x00,0x00,0x00,0x00,0x00,
    0x00,0x00,0x00,0x00,0x00,0x00,0x00,0x00,0x00,0x00,0x00,0x01,0xff,0xff,0xff,0x01,0x9f,0x9f,0x9f,0x08,0x9c,0x96,0x96,0xd6,
    0xa0,0x99,0x99,0xfe,0xb8,0xb4,0xb4,0xfd,0xc8,0xc5,0xc5,0xff,0xcc,0xc9,0xc9,0xff,0xd2,0xcf,0xcf,0xff,0xd9,0xd6,0xd6,0xff,
    0xe0,0xdd,0xdd,0xff,0xe6,0xe3,0xe3,0xff,0xec,0xe9,0xe9,0xff,0xf1,0xee,0xee,0xff,0xf6,0xf3,0xf3,0xff,0xfa,0xf7,0xf7,0xff,
    0xfd,0xfa,0xfa,0xff,0xff,0xfc,0xfc,0xff,0xff,0xfe,0xfe,0xff,0xff,0xff,0xff,0xff,0xff,0xff,0xff,0xff,0xff,0xff,0xff,0xff,
    0xff,0xff,0xff,0xff,0xff,0xff,0xff,0xff,0xff,0xff,0xff,0xff,0xff,0xff,0xff,0xff,0xff,0xff,0xff,0xff,0xff,0xff,0xff,0xff,
    0xff,0xff,0xff,0xff,0xff,0xff,0xff,0xff,0xff,0xff,0xff,0xff,0xff,0xff,0xff,0xff,0xff,0xff,0xff,0xff,0xff,0xff,0xff,0xff,
    0xff,0xff,0xff,0xff,0xff,0xff,0xff,0xff,0xff,0xff,0xff,0xff,0xff,0xff,0xff,0xff,0xff,0xff,0xff,0xff,0xff,0xff,0xff,0xff,
    0xff,0xff,0xff,0xff,0xff,0xff,0xff,0xff,0xff,0xff,0xff,0xff,0xff,0xff,0xff,0xff,0xff,0xff,0xff,0xff,0xff,0xff,0xff,0xff,
    0xff,0xff,0xff,0xff,0xff,0xff,0xff,0xff,0xff,0xff,0xff,0xff,0xff,0xff,0xff,0xff,0xff,0xff,0xff,0xff,0xff,0xff,0xff,0xff,
    0xff,0xff,0xff,0xff,0xff,0xfe,0xfe,0xff,0xff,0xfd,0xfd,0xff,0xfe,0xfb,0xfb,0xff,0xfa,0xf7,0xf7,0xff,0xf7,0xf4,0xf4,0xff,
    0xf3,0xf0,0xf0,0xff,0xee,0xeb,0xeb,0xff,0xe8,0xe5,0xe5,0xff,0xe1,0xde,0xde,0xff,0xdb,0xd8,0xd8,0xff,0xd4,0xd1,0xd1,0xff,
    0xce,0xcb,0xcb,0xff,0xc9,0xc6,0xc6,0xff,0xc0,0xbd,0xbd,0xfe,0x9f,0x99,0x99,0xfe,0x9e,0x99,0x99,0xf6,0x99,0x99,0x99,0x28,
    0x00,0x00,0x00,0x01,0xff,0xff,0xff,0x02,0x00,0x00,0x00,0x00,0x00,0x00,0x00,0x00,0x00,0x00,0x00,0x00,0x00,0x00,0x00,0x00,
    0x00,0x00,0x00,0x00,0x00,0x00,0x00,0x00,0x00,0x00,0x00,0x00,0x00,0x00,0x00,0x00,0x00,0x00,0x00,0x00,0x00,0x00,0x00,0x00,
    0x00,0x00,0x00,0x00,0x00,0x00,0x00,0x00,0x00,0x00,0x00,0x00,0x00,0x00,0x00,0x00,0x00,0x00,0x00,0x00,0x00,0x00,0x00,0x00,
    0x00,0x00,0x00,0x00,0xbf,0xbf,0xbf,0x04,0x00,0x00,0x00,0x00,0x9b,0x96,0x96,0x73,0xa6,0xa0,0xa0,0xff,0xa5,0xa0,0xa0,0xfb,
    0xc6,0xc3,0xc3,0xff,0xc9,0xc6,0xc6,0xff,0xcf,0xcc,0xcc,0xff,0xd6,0xd3,0xd3,0xff,0xdc,0xd9,0xd9,0xff,0xe3,0xe0,0xe0,0xff,
    0xe9,0xe6,0xe6,0xff,0xee,0xeb,0xeb,0xff,0xf3,0xf0,0xf0,0xff,0xf7,0xf4,0xf4,0xff,0xfb,0xf8,0xf8,0xff,0xfe,0xfb,0xfb,0xff,
    0xff,0xfc,0xfc,0xff,0xff,0xfe,0xfe,0xff,0xff,0xff,0xff,0xff,0xff,0xff,0xff,0xff,0xff,0xff,0xff,0xff,0xff,0xff,0xff,0xff,
    0xff,0xff,0xff,0xff,0xff,0xff,0xff,0xff,0xff,0xff,0xff,0xff,0xff,0xff,0xff,0xff,0xff,0xff,0xff,0xff,0xff,0xff,0xff,0xff,
    0xff,0xff,0xff,0xff,0xff,0xff,0xff,0xff,0xff,0xff,0xff,0xff,0xff,0xff,0xff,0xff,0xff,0xff,0xff,0xff,0xff,0xff,0xff,0xff,
    0xff,0xff,0xff,0xff,0xff,0xff,0xff,0xff,0xff,0xff,0xff,0xff,0xff,0xff,0xff,0xff,0xff,0xff,0xff,0xff,0xff,0xff,0xff,0xff,
    0xff,0xff,0xff,0xff,0xff,0xff,0xff,0xff,0xff,0xff,0xff,0xff,0xff,0xff,0xff,0xff,0xff,0xff,0xff,0xff,0xff,0xff,0xff,0xff,
    0xff,0xff,0xff,0xff,0xff,0xff,0xff,0xff,0xff,0xff,0xff,0xff,0xff,0xff,0xff,0xff,0xff,0xfe,0xfe,0xff,0xff,0xfd,0xfd,0xff,
    0xfe,0xfb,0xfb,0xff,0xfb,0xf8,0xf8,0xff,0xf8,0xf5,0xf5,0xff,0xf4,0xf1,0xf1,0xff,0xef,0xec,0xec,0xff,0xea,0xe7,0xe7,0xff,
    0xe5,0xe2,0xe2,0xff,0xde,0xdb,0xdb,0xff,0xd7,0xd4,0xd4,0xff,0xd0,0xcd,0xcd,0xff,0xca,0xc7,0xc7,0xff,0xc8,0xc5,0xc5,0xff,
    0xaf,0xaa,0xaa,0xfc,0xa3,0x9c,0x9c,0xff,0x9c,0x95,0x95,0xb5,0x00,0x00,0x00,0x00,0xaa,0xaa,0xaa,0x03,0x00,0x00,0x00,0x00,
    0x00,0x00,0x00,0x00,0x00,0x00,0x00,0x00,0x00,0x00,0x00,0x00,0x00,0x00,0x00,0x00,0x00,0x00,0x00,0x00,0x00,0x00,0x00,0x00,
    0x00,0x00,0x00,0x00,0x00,0x00,0x00,0x00,0x00,0x00,0x00,0x00,0x00,0x00,0x00,0x00,0x00,0x00,0x00,0x00,0x00,0x00,0x00,0x00,
    0x00,0x00,0x00,0x00,0x00,0x00,0x00,0x00,0x00,0x00,0x00,0x00,0x00,0x00,0x00,0x00,0x00,0x00,0x00,0x00,0xff,0xff,0xff,0x01,
    0x00,0x00,0x00,0x01,0x96,0x96,0x96,0x16,0x9e,0x97,0x97,0xeb,0x9f,0x99,0x99,0xfd,0xb9,0xb5,0xb5,0xfe,0xc8,0xc5,0xc5,0xff,
    0xcb,0xc8,0xc8,0xff,0xd1,0xce,0xce,0xff,0xd8,0xd5,0xd5,0xff,0xde,0xdb,0xdb,0xff,0xe4,0xe1,0xe1,0xff,0xeb,0xe8,0xe8,0xff,
    0xf0,0xed,0xed,0xff,0xf4,0xf1,0xf1,0xff,0xf8,0xf5,0xf5,0xff,0xfb,0xf8,0xf8,0xff,0xfe,0xfb,0xfb,0xff,0xff,0xfd,0xfd,0xff,
    0xff,0xfe,0xfe,0xff,0xff,0xff,0xff,0xff,0xff,0xff,0xff,0xff,0xff,0xff,0xff,0xff,0xff,0xff,0xff,0xff,0xff,0xff,0xff,0xff,
    0xff,0xff,0xff,0xff,0xff,0xff,0xff,0xff,0xff,0xff,0xff,0xff,0xff,0xff,0xff,0xff,0xff,0xff,0xff,0xff,0xff,0xff,0xff,0xff,
    0xff,0xff,0xff,0xff,0xff,0xff,0xff,0xff,0xff,0xff,0xff,0xff,0xff,0xff,0xff,0xff,0xff,0xff,0xff,0xff,0xff,0xff,0xff,0xff,
    0xff,0xff,0xff,0xff,0xff,0xff,0xff,0xff,0xff,0xff,0xff,0xff,0xff,0xff,0xff,0xff,0xff,0xff,0xff,0xff,0xff,0xff,0xff,0xff,
    0xff,0xff,0xff,0xff,0xff,0xff,0xff,0xff,0xff,0xff,0xff,0xff,0xff,0xff,0xff,0xff,0xff,0xff,0xff,0xff,0xff,0xff,0xff,0xff,
    0xff,0xff,0xff,0xff,0xff,0xfe,0xfe,0xff,0xff,0xfd,0xfd,0xff,0xff,0xfb,0xfb,0xff,0xfc,0xf9,0xf9,0xff,0xf9,0xf6,0xf6,0xff,
    0xf5,0xf2,0xf2,0xff,0xf1,0xee,0xee,0xff,0xec,0xe9,0xe9,0xff,0xe7,0xe4,0xe4,0xff,0xe1,0xde,0xde,0xff,0xd9,0xd6,0xd6,0xff,
    0xd4,0xd1,0xd1,0xff,0xcd,0xca,0xca,0xff,0xc8,0xc5,0xc5,0xff,0xc1,0xbe,0xbe,0xff,0xa0,0x9a,0x9a,0xfc,0xa1,0x9b,0x9b,0xff,
    0x9e,0x96,0x96,0x42,0x00,0x00,0x00,0x01,0xaa,0xaa,0xaa,0x03,0x00,0x00,0x00,0x00,0x00,0x00,0x00,0x00,0x00,0x00,0x00,0x00,
    0x00,0x00,0x00,0x00,0x00,0x00,0x00,0x00,0x00,0x00,0x00,0x00,0x00,0x00,0x00,0x00,0x00,0x00,0x00,0x00,0x00,0x00,0x00,0x00,
    0x00,0x00,0x00,0x00,0x00,0x00,0x00,0x00,0x00,0x00,0x00,0x00,0x00,0x00,0x00,0x00,0x00,0x00,0x00,0x00,0x00,0x00,0x00,0x00,
    0x00,0x00,0x00,0x00,0x00,0x00,0x00,0x00,0x00,0x00,0x00,0x00,0x00,0x00,0x00,0x00,0xaa,0xaa,0xaa,0x03,0x00,0x00,0x00,0x00,
    0x9b,0x95,0x95,0x80,0xa7,0xa0,0xa0,0xff,0xa4,0x9f,0x9f,0xfb,0xc5,0xc2,0xc2,0xff,0xc8,0xc5,0xc5,0xff,0xce,0xcb,0xcb,0xff,
    0xd5,0xd2,0xd2,0xff,0xdb,0xd8,0xd8,0xff,0xe1,0xde,0xde,0xff,0xe6,0xe3,0xe3,0xff,0xeb,0xe8,0xe8,0xff,0xf0,0xed,0xed,0xff,
    0xf5,0xf2,0xf2,0xff,0xf9,0xf6,0xf6,0xff,0xfb,0xf9,0xf9,0xff,0xfe,0xfb,0xfb,0xff,0xff,0xfd,0xfd,0xff,0xff,0xfe,0xfe,0xff,
    0xff,0xff,0xff,0xff,0xff,0xff,0xff,0xff,0xff,0xff,0xff,0xff,0xff,0xff,0xff,0xff,0xff,0xff,0xff,0xff,0xff,0xff,0xff,0xff,
    0xff,0xff,0xff,0xff,0xff,0xff,0xff,0xff,0xff,0xff,0xff,0xff,0xff,0xff,0xff,0xff,0xff,0xff,0xff,0xff,0xff,0xff,0xff,0xff,
    0xff,0xff,0xff,0xff,0xff,0xff,0xff,0xff,0xff,0xff,0xff,0xff,0xff,0xff,0xff,0xff,0xff,0xff,0xff,0xff,0xff,0xff,0xff,0xff,
    0xff,0xff,0xff,0xff,0xff,0xff,0xff,0xff,0xff,0xff,0xff,0xff,0xff,0xff,0xff,0xff,0xff,0xff,0xff,0xff,0xff,0xff,0xff,0xff,
    0xff,0xff,0xff,0xff,0xff,0xff,0xff,0xff,0xff,0xff,0xff,0xff,0xff,0xff,0xff,0xff,0xff,0xfe,0xfe,0xff,0xff,0xfd,0xfd,0xff,
    0xff,0xfb,0xfb,0xff,0xfc,0xf9,0xf9,0xff,0xf9,0xf6,0xf6,0xff,0xf6,0xf3,0xf3,0xff,0xf2,0xef,0xef,0xff,0xed,0xea,0xea,0xff,
    0xe7,0xe4,0xe4,0xff,0xe3,0xe0,0xe0,0xff,0xdc,0xd9,0xd9,0xff,0xd6,0xd3,0xd3,0xff,0xcf,0xcc,0xcc,0xff,0xc9,0xc6,0xc6,0xff,
    0xc8,0xc5,0xc5,0xff,0xae,0xaa,0xaa,0xfc,0xa3,0x9c,0x9c,0xff,0x9c,0x96,0x96,0xc0,0x00,0x00,0x00,0x00,0x7f,0x7f,0x7f,0x02,
    0x00,0x00,0x00,0x00,0x00,0x00,0x00,0x00,0x00,0x00,0x00,0x00,0x00,0x00,0x00,0x00,0x00,0x00,0x00,0x00,0x00,0x00,0x00,0x00,
    0x00,0x00,0x00,0x00,0x00,0x00,0x00,0x00,0x00,0x00,0x00,0x00,0x00,0x00,0x00,0x00,0x00,0x00,0x00,0x00,0x00,0x00,0x00,0x00,
    0x00,0x00,0x00,0x00,0x00,0x00,0x00,0x00,0x00,0x00,0x00,0x00,0x00,0x00,0x00,0x00,0x00,0x00,0x00,0x00,0x00,0x00,0x00,0x00,
    0x00,0x00,0x00,0x00,0x00,0x00,0x00,0x00,0xff,0xff,0xff,0x01,0x7f,0x7f,0x7f,0x02,0x99,0x99,0x99,0x0f,0x9d,0x97,0x97,0xdc,
    0xa0,0x99,0x99,0xfd,0xb8,0xb4,0xb4,0xfd,0xc7,0xc4,0xc4,0xff,0xca,0xc7,0xc7,0xff,0xd1,0xce,0xce,0xff,0xd7,0xd4,0xd4,0xff,
    0xdd,0xda,0xda,0xff,0xe3,0xe0,0xe0,0xff,0xe8,0xe5,0xe5,0xff,0xed,0xea,0xea,0xff,0xf1,0xee,0xee,0xff,0xf6,0xf3,0xf3,0xff,
    0xf9,0xf6,0xf6,0xff,0xfb,0xf8,0xf8,0xff,0xfe,0xfb,0xfb,0xff,0xff,0xfc,0xfc,0xff,0xff,0xfe,0xfe,0xff,0xff,0xff,0xff,0xff,
    0xff,0xff,0xff,0xff,0xff,0xff,0xff,0xff,0xff,0xff,0xff,0xff,0xff,0xff,0xff,0xff,0xff,0xff,0xff,0xff,0xff,0xff,0xff,0xff,
    0xff,0xff,0xff,0xff,0xff,0xff,0xff,0xff,0xff,0xff,0xff,0xff,0xff,0xff,0xff,0xff,0xff,0xff,0xff,0xff,0xff,0xff,0xff,0xff,
    0xff,0xff,0xff,0xff,0xff,0xff,0xff,0xff,0xff,0xff,0xff,0xff,0xff,0xff,0xff,0xff,0xff,0xff,0xff,0xff,0xff,0xff,0xff,0xff,
    0xff,0xff,0xff,0xff,0xff,0xff,0xff,0xff,0xff,0xff,0xff,0xff,0xff,0xff,0xff,0xff,0xff,0xff,0xff,0xff,0xff,0xff,0xff,0xff,
    0xff,0xff,0xff,0xff,0xff,0xfe,0xfe,0xff,0xff,0xfd,0xfd,0xff,0xff,0xfb,0xfb,0xff,0xfc,0xf9,0xf9,0xff,0xfa,0xf7,0xf7,0xff,
    0xf7,0xf4,0xf4,0xff,0xf3,0xf0,0xf0,0xff,0xef,0xec,0xec,0xff,0xea,0xe7,0xe7,0xff,0xe4,0xe1,0xe1,0xff,0xde,0xdb,0xdb,0xff,
    0xd8,0xd5,0xd5,0xff,0xd2,0xcf,0xcf,0xff,0xcc,0xc9,0xc9,0xff,0xc7,0xc4,0xc4,0xff,0xc0,0xbc,0xbc,0xfe,0x9f,0x99,0x99,0xfc,
    0xa0,0x9a,0x9a,0xf8,0x9b,0x96,0x96,0x33,0x00,0x00,0x00,0x00,0xff,0xff,0xff,0x02,0x00,0x00,0x00,0x00,0x00,0x00,0x00,0x00,
    0x00,0x00,0x00,0x00,0x00,0x00,0x00,0x00,0x00,0x00,0x00,0x00,0x00,0x00,0x00,0x00,0x00,0x00,0x00,0x00,0x00,0x00,0x00,0x00,
    0x00,0x00,0x00,0x00,0x00,0x00,0x00,0x00,0x00,0x00,0x00,0x00,0x00,0x00,0x00,0x00,0x00,0x00,0x00,0x00,0x00,0x00,0x00,0x00,
    0x00,0x00,0x00,0x00,0x00,0x00,0x00,0x00,0x00,0x00,0x00,0x00,0x00,0x00,0x00,0x00,0x00,0x00,0x00,0x00,0x00,0x00,0x00,0x00,
    0x00,0x00,0x00,0x00,0xaa,0xaa,0xaa,0x03,0x00,0x00,0x00,0x00,0x9a,0x95,0x95,0x5e,0xa6,0xa0,0xa0,0xff,0xa3,0x9e,0x9e,0xfc,
    0xc4,0xc1,0xc1,0xff,0xc7,0xc4,0xc4,0xff,0xcd,0xca,0xca,0xff,0xd3,0xd0,0xd0,0xff,0xd9,0xd6,0xd6,0xff,0xde,0xdb,0xdb,0xff,
    0xe3,0xe0,0xe0,0xff,0xea,0xe7,0xe7,0xff,0xee,0xeb,0xeb,0xff,0xf2,0xef,0xef,0xff,0xf6,0xf3,0xf3,0xff,0xf9,0xf6,0xf6,0xff,
    0xfc,0xf9,0xf9,0xff,0xfe,0xfb,0xfb,0xff,0xff,0xfc,0xfc,0xff,0xff,0xfd,0xfd,0xff,0xff,0xfe,0xfe,0xff,0xff,0xff,0xff,0xff,
    0xff,0xff,0xff,0xff,0xff,0xff,0xff,0xff,0xff,0xff,0xff,0xff,0xff,0xff,0xff,0xff,0xff,0xff,0xff,0xff,0xff,0xff,0xff,0xff,
    0xff,0xff,0xff,0xff,0xff,0xff,0xff,0xff,0xff,0xff,0xff,0xff,0xff,0xff,0xff,0xff,0xff,0xff,0xff,0xff,0xff,0xff,0xff,0xff,
    0xff,0xff,0xff,0xff,0xff,0xff,0xff,0xff,0xff,0xff,0xff,0xff,0xff,0xff,0xff,0xff,0xff,0xff,0xff,0xff,0xff,0xff,0xff,0xff,
    0xff,0xff,0xff,0xff,0xff,0xff,0xff,0xff,0xff,0xff,0xff,0xff,0xff,0xff,0xff,0xff,0xff,0xfe,0xfe,0xff,0xff,0xfc,0xfc,0xff,
    0xfe,0xfb,0xfb,0xff,0xfc,0xf9,0xf9,0xff,0xfa,0xf7,0xf7,0xff,0xf7,0xf4,0xf4,0xff,0xf3,0xf0,0xf0,0xff,0xf0,0xed,0xed,0xff,
    0xea,0xe7,0xe7,0xff,0xe6,0xe3,0xe3,0xff,0xdf,0xdc,0xdc,0xff,0xda,0xd7,0xd7,0xff,0xd4,0xd1,0xd1,0xff,0xce,0xcb,0xcb,0xff,
    0xc8,0xc5,0xc5,0xff,0xc7,0xc4,0xc4,0xff,0xad,0xa7,0xa7,0xfc,0xa5,0x9e,0x9e,0xff,0x9b,0x96,0x96,0xa1,0x00,0x00,0x00,0x00,
    0xaa,0xaa,0xaa,0x03,0x00,0x00,0x00,0x00,0x00,0x00,0x00,0x00,0x00,0x00,0x00,0x00,0x00,0x00,0x00,0x00,0x00,0x00,0x00,0x00,
    0x00,0x00,0x00,0x00,0x00,0x00,0x00,0x00,0x00,0x00,0x00,0x00,0x00,0x00,0x00,0x00,0x00,0x00,0x00,0x00,0x00,0x00,0x00,0x00,
    0x00,0x00,0x00,0x00,0x00,0x00,0x00,0x00,0x00,0x00,0x00,0x00,0x00,0x00,0x00,0x00,0x00,0x00,0x00,0x00,0x00,0x00,0x00,0x00,
    0x00,0x00,0x00,0x00,0x00,0x00,0x00,0x00,0x00,0x00,0x00,0x00,0x00,0x00,0x00,0x00,0x00,0x00,0x00,0x00,0xff,0xff,0xff,0x01,
    0xaa,0xaa,0xaa,0x03,0x91,0x91,0x91,0x07,0x9d,0x97,0x97,0xcc,0xa0,0x99,0x99,0xfe,0xb3,0xae,0xae,0xfd,0xc7,0xc4,0xc4,0xff,
    0xc8,0xc5,0xc5,0xff,0xcf,0xcc,0xcc,0xff,0xd5,0xd2,0xd2,0xff,0xd9,0xd6,0xd6,0xff,0xe0,0xdd,0xdd,0xff,0xe5,0xe2,0xe2,0xff,
    0xe9,0xe6,0xe6,0xff,0xee,0xeb,0xeb,0xff,0xf3,0xf0,0xf0,0xff,0xf6,0xf3,0xf3,0xff,0xf9,0xf6,0xf6,0xff,0xfb,0xf8,0xf8,0xff,
    0xfe,0xfb,0xfb,0xff,0xff,0xfc,0xfc,0xff,0xff,0xfd,0xfd,0xff,0xff,0xfe,0xfe,0xff,0xff,0xff,0xff,0xff,0xff,0xff,0xff,0xff,
    0xff,0xff,0xff,0xff,0xff,0xff,0xff,0xff,0xff,0xff,0xff,0xff,0xff,0xff,0xff,0xff,0xff,0xff,0xff,0xff,0xff,0xff,0xff,0xff,
    0xff,0xff,0xff,0xff,0xff,0xff,0xff,0xff,0xff,0xff,0xff,0xff,0xff,0xff,0xff,0xff,0xff,0xff,0xff,0xff,0xff,0xff,0xff,0xff,
    0xff,0xff,0xff,0xff,0xff,0xff,0xff,0xff,0xff,0xff,0xff,0xff,0xff,0xff,0xff,0xff,0xff,0xff,0xff,0xff,0xff,0xff,0xff,0xff,
    0xff,0xfe,0xfe,0xff,0xff,0xfd,0xfd,0xff,0xff,0xfc,0xfc,0xff,0xfe,0xfa,0xfa,0xff,0xfc,0xf9,0xf9,0xff,0xfa,0xf7,0xf7,0xff,
    0xf7,0xf4,0xf4,0xff,0xf3,0xf0,0xf0,0xff,0xef,0xec,0xec,0xff,0xeb,0xe8,0xe8,0xff,0xe7,0xe4,0xe4,0xff,0xe1,0xde,0xde,0xff,
    0xdc,0xd9,0xd9,0xff,0xd5,0xd2,0xd2,0xff,0xcf,0xcc,0xcc,0xff,0xca,0xc7,0xc7,0xff,0xc6,0xc4,0xc4,0xff,0xbc,0xb8,0xb8,0xfe,
    0x9e,0x98,0x98,0xfc,0x9f,0x9a,0x9a,0xf0,0x9b,0x94,0x94,0x24,0x7f,0x7f,0x7f,0x02,0x7f,0x7f,0x7f,0x02,0x00,0x00,0x00,0x00,
    0x00,0x00,0x00,0x00,0x00,0x00,0x00,0x00,0x00,0x00,0x00,0x00,0x00,0x00,0x00,0x00,0x00,0x00,0x00,0x00,0x00,0x00,0x00,0x00,
    0x00,0x00,0x00,0x00,0x00,0x00,0x00,0x00,0x00,0x00,0x00,0x00,0x00,0x00,0x00,0x00,0x00,0x00,0x00,0x00,0x00,0x00,0x00,0x00,
    0x00,0x00,0x00,0x00,0x00,0x00,0x00,0x00,0x00,0x00,0x00,0x00,0x00,0x00,0x00,0x00,0x00,0x00,0x00,0x00,0x00,0x00,0x00,0x00,
    0x00,0x00,0x00,0x00,0x00,0x00,0x00,0x00,0x00,0x00,0x00,0x00,0x00,0x00,0x00,0x00,0xaa,0xaa,0xaa,0x03,0x00,0x00,0x00,0x00,
    0x99,0x95,0x95,0x3f,0xa4,0x9e,0x9e,0xff,0x9e,0x98,0x98,0xfc,0xc0,0xbd,0xbd,0xff,0xc6,0xc4,0xc4,0xff,0xca,0xc7,0xc7,0xff,
    0xd1,0xce,0xce,0xff,0xd6,0xd3,0xd3,0xff,0xdb,0xd8,0xd8,0xff,0xe1,0xde,0xde,0xff,0xe6,0xe3,0xe3,0xff,0xeb,0xe8,0xe8,0xff,
    0xef,0xec,0xec,0xff,0xf2,0xef,0xef,0xff,0xf6,0xf3,0xf3,0xff,0xf9,0xf6,0xf6,0xff,0xfb,0xf8,0xf8,0xff,0xfd,0xfa,0xfa,0xff,
    0xff,0xfb,0xfb,0xff,0xff,0xfd,0xfd,0xff,0xff,0xfd,0xfd,0xff,0xff,0xfe,0xfe,0xff,0xff,0xff,0xff,0xff,0xff,0xff,0xff,0xff,
    0xff,0xff,0xff,0xff,0xff,0xff,0xff,0xff,0xff,0xff,0xff,0xff,0xff,0xff,0xff,0xff,0xff,0xff,0xff,0xff,0xff,0xff,0xff,0xff,
    0xff,0xff,0xff,0xff,0xff,0xff,0xff,0xff,0xff,0xff,0xff,0xff,0xff,0xff,0xff,0xff,0xff,0xff,0xff,0xff,0xff,0xff,0xff,0xff,
    0xff,0xff,0xff,0xff,0xff,0xff,0xff,0xff,0xff,0xfe,0xfe,0xff,0xff,0xfe,0xfe,0xff,0xff,0xfd,0xfd,0xff,0xff,0xfc,0xfc,0xff,
    0xfd,0xfa,0xfa,0xff,0xfc,0xf9,0xf9,0xff,0xf9,0xf6,0xf6,0xff,0xf6,0xf3,0xf3,0xff,0xf3,0xf0,0xf0,0xff,0xf0,0xed,0xed,0xff,
    0xec,0xe9,0xe9,0xff,0xe6,0xe3,0xe3,0xff,0xe2,0xdf,0xdf,0xff,0xdd,0xda,0xda,0xff,0xd7,0xd4,0xd4,0xff,0xd2,0xcf,0xcf,0xff,
    0xcc,0xc9,0xc9,0xff,0xc6,0xc3,0xc3,0xff,0xc5,0xc2,0xc2,0xff,0xa5,0xa0,0xa0,0xfb,0xa7,0xa0,0xa0,0xff,0x9b,0x95,0x95,0x80,
    0x00,0x00,0x00,0x00,0x7f,0x7f,0x7f,0x04,0x00,0x00,0x00,0x00,0x00,0x00,0x00,0x00,0x00,0x00,0x00,0x00,0x00,0x00,0x00,0x00,
    0x00,0x00,0x00,0x00,0x00,0x00,0x00,0x00,0x00,0x00,0x00,0x00,0x00,0x00,0x00,0x00,0x00,0x00,0x00,0x00,0x00,0x00,0x00,0x00,
    0x00,0x00,0x00,0x00,0x00,0x00,0x00,0x00,0x00,0x00,0x00,0x00,0x00,0x00,0x00,0x00,0x00,0x00,0x00,0x00,0x00,0x00,0x00,0x00,
    0x00,0x00,0x00,0x00,0x00,0x00,0x00,0x00,0x00,0x00,0x00,0x00,0x00,0x00,0x00,0x00,0x00,0x00,0x00,0x00,0x00,0x00,0x00,0x00,
    0x00,0x00,0x00,0x00,0x00,0x00,0x00,0x00,0x00,0x00,0x00,0x00,0xaa,0xaa,0xaa,0x03,0x00,0x00,0x00,0x00,0x9a,0x96,0x96,0xaa,
    0xa4,0x9d,0x9d,0xff,0xaa,0xa5,0xa5,0xfc,0xc6,0xc3,0xc3,0xff,0xc7,0xc4,0xc4,0xff,0xcd,0xca,0xca,0xff,0xd2,0xcf,0xcf,0xff,
    0xd7,0xd4,0xd4,0xff,0xdc,0xd9,0xd9,0xff,0xe1,0xde,0xde,0xff,0xe6,0xe3,0xe3,0xff,0xeb,0xe8,0xe8,0xff,0xee,0xeb,0xeb,0xff,
    0xf2,0xef,0xef,0xff,0xf5,0xf2,0xf2,0xff,0xf8,0xf5,0xf5,0xff,0xfa,0xf7,0xf7,0xff,0xfc,0xf9,0xf9,0xff,0xfe,0xfa,0xfa,0xff,
    0xff,0xfc,0xfc,0xff,0xff,0xfd,0xfd,0xff,0xff,0xfd,0xfd,0xff,0xff,0xfe,0xfe,0xff,0xff,0xfe,0xfe,0xff,0xff,0xff,0xff,0xff,
    0xff,0xff,0xff,0xff,0xff,0xff,0xff,0xff,0xff,0xff,0xff,0xff,0xff,0xff,0xff,0xff,0xff,0xff,0xff,0xff,0xff,0xff,0xff,0xff,
    0xff,0xff,0xff,0xff,0xff,0xff,0xff,0xff,0xff,0xff,0xff,0xff,0xff,0xfe,0xfe,0xff,0xff,0xfe,0xfe,0xff,0xff,0xfe,0xfe,0xff,
    0xff,0xfd,0xfd,0xff,0xff,0xfc,0xfc,0xff,0xfe,0xfb,0xfb,0xff,0xfc,0xf9,0xf9,0xff,0xfb,0xf8,0xf8,0xff,0xf9,0xf6,0xf6,0xff,
    0xf6,0xf3,0xf3,0xff,0xf3,0xf0,0xf0,0xff,0xef,0xec,0xec,0xff,0xec,0xe9,0xe9,0xff,0xe7,0xe4,0xe4,0xff,0xe3,0xe0,0xe0,0xff,
    0xdd,0xda,0xda,0xff,0xd8,0xd5,0xd5,0xff,0xd2,0xcf,0xcf,0xff,0xce,0xcb,0xcb,0xff,0xc8,0xc5,0xc5,0xff,0xc6,0xc4,0xc4,0xff,
    0xb4,0xb0,0xb0,0xfd,0x9f,0x99,0x99,0xfe,0x9e,0x97,0x97,0xdc,0x99,0x99,0x99,0x0f,0xaa,0x55,0x55,0x03,0xff,0xff,0xff,0x01,
    0x00,0x00,0x00,0x00,0x00,0x00,0x00,0x00,0x00,0x00,0x00,0x00,0x00,0x00,0x00,0x00,0x00,0x00,0x00,0x00,0x00,0x00,0x00,0x00,
    0x00,0x00,0x00,0x00,0x00,0x00,0x00,0x00,0x00,0x00,0x00,0x00,0x00,0x00,0x00,0x00,0x00,0x00,0x00,0x00,0x00,0x00,0x00,0x00,
    0x00,0x00,0x00,0x00,0x00,0x00,0x00,0x00,0x00,0x00,0x00,0x00,0x00,0x00,0x00,0x00,0x00,0x00,0x00,0x00,0x00,0x00,0x00,0x00,
    0x00,0x00,0x00,0x00,0x00,0x00,0x00,0x00,0x00,0x00,0x00,0x00,0x00,0x00,0x00,0x00,0x00,0x00,0x00,0x00,0x00,0x00,0x00,0x00,
    0x00,0x00,0x00,0x00,0x7f,0x7f,0x7f,0x02,0xff,0xff,0xff,0x01,0x96,0x96,0x96,0x16,0x9e,0x99,0x99,0xe9,0x9f,0x98,0x98,0xfd,
    0xb7,0xb3,0xb3,0xfd,0xc6,0xc3,0xc3,0xff,0xc8,0xc5,0xc5,0xff,0xce,0xcb,0xcb,0xff,0xd2,0xcf,0xcf,0xff,0xd7,0xd4,0xd4,0xff,
    0xdd,0xda,0xda,0xff,0xe1,0xde,0xde,0xff,0xe6,0xe3,0xe3,0xff,0xea,0xe7,0xe7,0xff,0xef,0xec,0xec,0xff,0xf2,0xef,0xef,0xff,
    0xf5,0xf2,0xf2,0xff,0xf7,0xf4,0xf4,0xff,0xf9,0xf6,0xf6,0xff,0xfb,0xf8,0xf8,0xff,0xfd,0xfa,0xfa,0xff,0xfe,0xfb,0xfb,0xff,
    0xff,0xfc,0xfc,0xff,0xff,0xfc,0xfc,0xff,0xff,0xfd,0xfd,0xff,0xff,0xfd,0xfd,0xff,0xff,0xfe,0xfe,0xff,0xff,0xfe,0xfe,0xff,
    0xff,0xfe,0xfe,0xff,0xff,0xfe,0xfe,0xff,0xff,0xfe,0xfe,0xff,0xff,0xfe,0xfe,0xff,0xff,0xfe,0xfe,0xff,0xff,0xfe,0xfe,0xff,
    0xff,0xfd,0xfd,0xff,0xff,0xfd,0xfd,0xff,0xff,0xfd,0xfd,0xff,0xff,0xfc,0xfc,0xff,0xfe,0xfb,0xfb,0xff,0xfd,0xfa,0xfa,0xff,
    0xfb,0xf8,0xf8,0xff,0xfa,0xf7,0xf7,0xff,0xf8,0xf5,0xf5,0xff,0xf5,0xf2,0xf2,0xff,0xf3,0xf0,0xf0,0xff,0xf0,0xed,0xed,0xff,
    0xeb,0xe8,0xe8,0xff,0xe7,0xe4,0xe4,0xff,0xe2,0xdf,0xdf,0xff,0xde,0xdb,0xdb,0xff,0xd9,0xd6,0xd6,0xff,0xd3,0xd0,0xd0,0xff,
    0xcf,0xcc,0xcc,0xff,0xc9,0xc6,0xc6,0xff,0xc6,0xc3,0xc3,0xff,0xbf,0xbc,0xbc,0xff,0x9e,0x98,0x98,0xfc,0xa2,0x9c,0x9c,0xff,
    0x9c,0x98,0x98,0x43,0x00,0x00,0x00,0x00,0xaa,0xaa,0xaa,0x03,0x00,0x00,0x00,0x00,0x00,0x00,0x00,0x00,0x00,0x00,0x00,0x00,
    0x00,0x00,0x00,0x00,0x00,0x00,0x00,0x00,0x00,0x00,0x00,0x00,0x00,0x00,0x00,0x00,0x00,0x00,0x00,0x00,0x00,0x00,0x00,0x00,
    0x00,0x00,0x00,0x00,0x00,0x00,0x00,0x00,0x00,0x00,0x00,0x00,0x00,0x00,0x00,0x00,0x00,0x00,0x00,0x00,0x00,0x00,0x00,0x00,
    0x00,0x00,0x00,0x00,0x00,0x00,0x00,0x00,0x00,0x00,0x00,0x00,0x00,0x00,0x00,0x00,0x00,0x00,0x00,0x00,0x00,0x00,0x00,0x00,
    0x00,0x00,0x00,0x00,0x00,0x00,0x00,0x00,0x00,0x00,0x00,0x00,0x00,0x00,0x00,0x00,0x00,0x00,0x00,0x00,0x00,0x00,0x00,0x00,
    0xaa,0xaa,0xaa,0x03,0x00,0x00,0x00,0x00,0x9a,0x94,0x94,0x56,0xa5,0x9e,0x9e,0xff,0xa0,0x9b,0x9b,0xfb,0xc1,0xbe,0xbe,0xff,
    0xc5,0xc3,0xc3,0xff,0xc9,0xc6,0xc6,0xff,0xcf,0xcc,0xcc,0xff,0xd3,0xd0,0xd0,0xff,0xd8,0xd5,0xd5,0xff,0xdd,0xda,0xda,0xff,
    0xe2,0xdf,0xdf,0xff,0xe6,0xe3,0xe3,0xff,0xea,0xe7,0xe7,0xff,0xed,0xea,0xea,0xff,0xf1,0xee,0xee,0xff,0xf4,0xf1,0xf1,0xff,
    0xf6,0xf3,0xf3,0xff,0xf8,0xf5,0xf5,0xff,0xfa,0xf7,0xf7,0xff,0xfb,0xf8,0xf8,0xff,0xfc,0xf9,0xf9,0xff,0xfe,0xfb,0xfb,0xff,
    0xfe,0xfb,0xfb,0xff,0xff,0xfc,0xfc,0xff,0xff,0xfc,0xfc,0xff,0xff,0xfc,0xfc,0xff,0xff,0xfd,0xfd,0xff,0xff,0xfd,0xfd,0xff,
    0xff,0xfd,0xfd,0xff,0xff,0xfd,0xfd,0xff,0xff,0xfc,0xfc,0xff,0xff,0xfc,0xfc,0xff,0xff,0xfc,0xfc,0xff,0xfe,0xfb,0xfb,0xff,
    0xfe,0xfb,0xfb,0xff,0xfd,0xfa,0xfa,0xff,0xfc,0xf9,0xf9,0xff,0xfa,0xf7,0xf7,0xff,0xf9,0xf6,0xf6,0xff,0xf7,0xf4,0xf4,0xff,
    0xf4,0xf1,0xf1,0xff,0xf2,0xef,0xef,0xff,0xee,0xeb,0xeb,0xff,0xeb,0xe8,0xe8,0xff,0xe7,0xe4,0xe4,0xff,0xe3,0xe0,0xe0,0xff,
    0xde,0xdb,0xdb,0xff,0xd9,0xd6,0xd6,0xff,0xd4,0xd1,0xd1,0xff,0xd0,0xcd,0xcd,0xff,0xcb,0xc8,0xc8,0xff,0xc6,0xc3,0xc3,0xff,
    0xc5,0xc2,0xc2,0xff,0xa6,0xa1,0xa1,0xfc,0xa5,0x9f,0x9f,0xff,0x9b,0x94,0x94,0x95,0x00,0x00,0x00,0x00,0x7f,0x7f,0x7f,0x04,
    0x00,0x00,0x00,0x00,0x00,0x00,0x00,0x00,0x00,0x00,0x00,0x00,0x00,0x00,0x00,0x00,0x00,0x00,0x00,0x00,0x00,0x00,0x00,0x00,
    0x00,0x00,0x00,0x00,0x00,0x00,0x00,0x00,0x00,0x00,0x00,0x00,0x00,0x00,0x00,0x00,0x00,0x00,0x00,0x00,0x00,0x00,0x00,0x00,
    0x00,0x00,0x00,0x00,0x00,0x00,0x00,0x00,0x00,0x00,0x00,0x00,0x00,0x00,0x00,0x00,0x00,0x00,0x00,0x00,0x00,0x00,0x00,0x00,
    0x00,0x00,0x00,0x00,0x00,0x00,0x00,0x00,0x00,0x00,0x00,0x00,0x00,0x00,0x00,0x00,0x00,0x00,0x00,0x00,0x00,0x00,0x00,0x00,
    0x00,0x00,0x00,0x00,0x00,0x00,0x00,0x00,0x00,0x00,0x00,0x00,0x00,0x00,0x00,0x00,0x00,0x00,0x00,0x00,0x7f,0x7f,0x7f,0x04,
    0x00,0x00,0x00,0x00,0x9a,0x96,0x96,0xaa,0xa4,0x9e,0x9e,0xff,0xa9,0xa4,0xa4,0xfb,0xc5,0xc2,0xc2,0xff,0xc5,0xc2,0xc2,0xff,
    0xca,0xc7,0xc7,0xff,0xcf,0xcc,0xcc,0xff,0xd3,0xd0,0xd0,0xff,0xd8,0xd5,0xd5,0xff,0xdd,0xda,0xda,0xff,0xe1,0xde,0xde,0xff,
    0xe5,0xe2,0xe2,0xff,0xe9,0xe6,0xe6,0xff,0xec,0xe9,0xe9,0xff,0xf0,0xed,0xed,0xff,0xf3,0xf0,0xf0,0xff,0xf4,0xf1,0xf1,0xff,
    0xf7,0xf4,0xf4,0xff,0xf8,0xf5,0xf5,0xff,0xfa,0xf7,0xf7,0xff,0xfb,0xf8,0xf8,0xff,0xfc,0xf9,0xf9,0xff,0xfc,0xf9,0xf9,0xff,
    0xfd,0xfa,0xfa,0xff,0xfd,0xfa,0xfa,0xff,0xfe,0xfa,0xfa,0xff,0xfe,0xfb,0xfb,0xff,0xfe,0xfb,0xfb,0xff,0xfe,0xfa,0xfa,0xff,
    0xfd,0xfa,0xfa,0xff,0xfd,0xfa,0xfa,0xff,0xfd,0xfa,0xfa,0xff,0xfc,0xf9,0xf9,0xff,0xfb,0xf8,0xf8,0xff,0xfa,0xf7,0xf7,0xff,
    0xf8,0xf5,0xf5,0xff,0xf7,0xf4,0xf4,0xff,0xf5,0xf2,0xf2,0xff,0xf2,0xef,0xef,0xff,0xf1,0xee,0xee,0xff,0xed,0xea,0xea,0xff,
    0xea,0xe7,0xe7,0xff,0xe6,0xe3,0xe3,0xff,0xe2,0xdf,0xdf,0xff,0xde,0xdb,0xdb,0xff,0xd9,0xd6,0xd6,0xff,0xd5,0xd2,0xd2,0xff,
    0xd0,0xcd,0xcd,0xff,0xcc,0xc9,0xc9,0xff,0xc6,0xc3,0xc3,0xff,0xc6,0xc3,0xc3,0xff,0xb2,0xae,0xae,0xfd,0x9f,0x99,0x99,0xfe,
    0x9e,0x99,0x99,0xdc,0x9c,0x9c,0x9c,0x0d,0x7f,0x7f,0x7f,0x02,0xff,0xff,0xff,0x01,0x00,0x00,0x00,0x00,0x00,0x00,0x00,0x00,
    0x00,0x00,0x00,0x00,0x00,0x00,0x00,0x00,0x00,0x00,0x00,0x00,0x00,0x00,0x00,0x00,0x00,0x00,0x00,0x00,0x00,0x00,0x00,0x00,
    0x00,0x00,0x00,0x00,0x00,0x00,0x00,0x00,0x00,0x00,0x00,0x00,0x00,0x00,0x00,0x00,0x00,0x00,0x00,0x00,0x00,0x00,0x00,0x00,
    0x00,0x00,0x00,0x00,0x00,0x00,0x00,0x00,0x00,0x00,0x00,0x00,0x00,0x00,0x00,0x00,0x00,0x00,0x00,0x00,0x00,0x00,0x00,0x00,
    0x00,0x00,0x00,0x00,0x00,0x00,0x00,0x00,0x00,0x00,0x00,0x00,0x00,0x00,0x00,0x00,0x00,0x00,0x00,0x00,0x00,0x00,0x00,0x00,
    0x00,0x00,0x00,0x00,0x00,0x00,0x00,0x00,0x00,0x00,0x00,0x00,0x7f,0x7f,0x7f,0x02,0x7f,0x7f,0x7f,0x02,0x96,0x96,0x96,0x16,
    0x9e,0x99,0x99,0xe9,0x9e,0x97,0x97,0xfe,0xb2,0xae,0xae,0xfd,0xc6,0xc3,0xc3,0xff,0xc6,0xc3,0xc3,0xff,0xcb,0xc8,0xc8,0xff,
    0xcf,0xcc,0xcc,0xff,0xd3,0xd0,0xd0,0xff,0xd8,0xd5,0xd5,0xff,0xdc,0xd9,0xd9,0xff,0xe0,0xdd,0xdd,0xff,0xe5,0xe2,0xe2,0xff,
    0xe8,0xe5,0xe5,0xff,0xeb,0xe8,0xe8,0xff,0xee,0xeb,0xeb,0xff,0xf1,0xee,0xee,0xff,0xf2,0xef,0xef,0xff,0xf5,0xf2,0xf2,0xff,
    0xf6,0xf3,0xf3,0xff,0xf8,0xf5,0xf5,0xff,0xf8,0xf5,0xf5,0xff,0xf9,0xf6,0xf6,0xff,0xfa,0xf7,0xf7,0xff,0xfb,0xf8,0xf8,0xff,
    0xfb,0xf8,0xf8,0xff,0xfb,0xf8,0xf8,0xff,0xfb,0xf8,0xf8,0xff,0xfb,0xf8,0xf8,0xff,0xfb,0xf8,0xf8,0xff,0xfa,0xf7,0xf7,0xff,
    0xfa,0xf7,0xf7,0xff,0xf9,0xf6,0xf6,0xff,0xf8,0xf5,0xf5,0xff,0xf7,0xf4,0xf4,0xff,0xf5,0xf2,0xf2,0xff,0xf3,0xf0,0xf0,0xff,
    0xf1,0xee,0xee,0xff,0xef,0xec,0xec,0xff,0xec,0xe9,0xe9,0xff,0xe9,0xe6,0xe6,0xff,0xe5,0xe2,0xe2,0xff,0xe1,0xde,0xde,0xff,
    0xdd,0xda,0xda,0xff,0xd9,0xd6,0xd6,0xff,0xd5,0xd2,0xd2,0xff,0xd0,0xcd,0xcd,0xff,0xcc,0xc9,0xc9,0xff,0xc7,0xc4,0xc4,0xff,
    0xc5,0xc3,0xc3,0xff,0xba,0xb7,0xb7,0xfe,0x9d,0x97,0x97,0xfb,0xa3,0x9d,0x9d,0xff,0x9c,0x94,0x94,0x43,0x00,0x00,0x00,0x00,
    0xaa,0xaa,0xaa,0x03,0x00,0x00,0x00,0x00,0x00,0x00,0x00,0x00,0x00,0x00,0x00,0x00,0x00,0x00,0x00,0x00,0x00,0x00,0x00,0x00,
    0x00,0x00,0x00,0x00,0x00,0x00,0x00,0x00,0x00,0x00,0x00,0x00,0x00,0x00,0x00,0x00,0x00,0x00,0x00,0x00,0x00,0x00,0x00,0x00,
    0x00,0x00,0x00,0x00,0x00,0x00,0x00,0x00,0x00,0x00,0x00,0x00,0x00,0x00,0x00,0x00,0x00,0x00,0x00,0x00,0x00,0x00,0x00,0x00,
    0x00,0x00,0x00,0x00,0x00,0x00,0x00,0x00,0x00,0x00,0x00,0x00,0x00,0x00,0x00,0x00,0x00,0x00,0x00,0x00,0x00,0x00,0x00,0x00,
    0x00,0x00,0x00,0x00,0x00,0x00,0x00,0x00,0x00,0x00,0x00,0x00,0x00,0x00,0x00,0x00,0x00,0x00,0x00,0x00,0x00,0x00,0x00,0x00,
    0x00,0x00,0x00,0x00,0x00,0x00,0x00,0x00,0xff,0xff,0xff,0x02,0x00,0x00,0x00,0x00,0x98,0x93,0x93,0x39,0xa0,0x9a,0x9a,0xfc,
    0x9e,0x98,0x98,0xfb,0xb9,0xb5,0xb5,0xfe,0xc5,0xc2,0xc2,0xff,0xc6,0xc3,0xc3,0xff,0xcb,0xc8,0xc8,0xff,0xcf,0xcc,0xcc,0xff,
    0xd4,0xd1,0xd1,0xff,0xd8,0xd5,0xd5,0xff,0xdb,0xd8,0xd8,0xff,0xe0,0xdd,0xdd,0xff,0xe3,0xe0,0xe0,0xff,0xe6,0xe3,0xe3,0xff,
    0xe9,0xe6,0xe6,0xff,0xec,0xe9,0xe9,0xff,0xef,0xec,0xec,0xff,0xf0,0xed,0xed,0xff,0xf3,0xf0,0xf0,0xff,0xf3,0xf0,0xf0,0xff,
    0xf4,0xf1,0xf1,0xff,0xf6,0xf3,0xf3,0xff,0xf7,0xf4,0xf4,0xff,0xf7,0xf4,0xf4,0xff,0xf8,0xf5,0xf5,0xff,0xf8,0xf5,0xf5,0xff,
    0xf8,0xf5,0xf5,0xff,0xf8,0xf5,0xf5,0xff,0xf8,0xf5,0xf5,0xff,0xf7,0xf4,0xf4,0xff,0xf7,0xf4,0xf4,0xff,0xf5,0xf2,0xf2,0xff,
    0xf4,0xf1,0xf1,0xff,0xf3,0xf0,0xf0,0xff,0xf1,0xee,0xee,0xff,0xef,0xec,0xec,0xff,0xed,0xea,0xea,0xff,0xea,0xe7,0xe7,0xff,
    0xe7,0xe4,0xe4,0xff,0xe4,0xe1,0xe1,0xff,0xe1,0xde,0xde,0xff,0xdc,0xd9,0xd9,0xff,0xd9,0xd6,0xd6,0xff,0xd5,0xd2,0xd2,0xff,
    0xd0,0xcd,0xcd,0xff,0xcc,0xc9,0xc9,0xff,0xc8,0xc5,0xc5,0xff,0xc5,0xc2,0xc2,0xff,0xc0,0xbd,0xbd,0xff,0xa1,0x9c,0x9c,0xfa,
    0xa6,0xa0,0xa0,0xff,0x9d,0x96,0x96,0x70,0x00,0x00,0x00,0x00,0x7f,0x7f,0x7f,0x04,0x00,0x00,0x00,0x00,0x00,0x00,0x00,0x00,
    0x00,0x00,0x00,0x00,0x00,0x00,0x00,0x00,0x00,0x00,0x00,0x00,0x00,0x00,0x00,0x00,0x00,0x00,0x00,0x00,0x00,0x00,0x00,0x00,
    0x00,0x00,0x00,0x00,0x00,0x00,0x00,0x00,0x00,0x00,0x00,0x00,0x00,0x00,0x00,0x00,0x00,0x00,0x00,0x00,0x00,0x00,0x00,0x00,
    0x00,0x00,0x00,0x00,0x00,0x00,0x00,0x00,0x00,0x00,0x00,0x00,0x00,0x00,0x00,0x00,0x00,0x00,0x00,0x00,0x00,0x00,0x00,0x00,
    0x00,0x00,0x00,0x00,0x00,0x00,0x00,0x00,0x00,0x00,0x00,0x00,0x00,0x00,0x00,0x00,0x00,0x00,0x00,0x00,0x00,0x00,0x00,0x00,
    0x00,0x00,0x00,0x00,0x00,0x00,0x00,0x00,0x00,0x00,0x00,0x00,0x00,0x00,0x00,0x00,0x00,0x00,0x00,0x00,0x00,0x00,0x00,0x00,
    0x00,0x00,0x00,0x00,0xbf,0xbf,0xbf,0x04,0x00,0x00,0x00,0x00,0x9a,0x93,0x93,0x70,0xa9,0xa3,0xa3,0xff,0x9e,0x98,0x98,0xfb,
    0xbf,0xbb,0xbb,0xff,0xc5,0xc2,0xc2,0xff,0xc6,0xc3,0xc3,0xff,0xcb,0xc8,0xc8,0xff,0xcf,0xcc,0xcc,0xff,0xd3,0xd0,0xd0,0xff,
    0xd6,0xd3,0xd3,0xff,0xdb,0xd8,0xd8,0xff,0xde,0xdb,0xdb,0xff,0xe1,0xde,0xde,0xff,0xe5,0xe2,0xe2,0xff,0xe7,0xe4,0xe4,0xff,
    0xea,0xe7,0xe7,0xff,0xec,0xe9,0xe9,0xff,0xee,0xeb,0xeb,0xff,0xf0,0xed,0xed,0xff,0xf1,0xee,0xee,0xff,0xf2,0xef,0xef,0xff,
    0xf3,0xf0,0xf0,0xff,0xf4,0xf1,0xf1,0xff,0xf3,0xf0,0xf0,0xff,0xf5,0xf2,0xf2,0xff,0xf5,0xf2,0xf2,0xff,0xf4,0xf1,0xf1,0xff,
    0xf3,0xf0,0xf0,0xff,0xf4,0xf1,0xf1,0xff,0xf2,0xef,0xef,0xff,0xf2,0xef,0xef,0xff,0xf0,0xed,0xed,0xff,0xee,0xeb,0xeb,0xff,
    0xec,0xe9,0xe9,0xff,0xea,0xe7,0xe7,0xff,0xe8,0xe5,0xe5,0xff,0xe5,0xe2,0xe2,0xff,0xe2,0xdf,0xdf,0xff,0xdf,0xdc,0xdc,0xff,
    0xdc,0xd9,0xd9,0xff,0xd8,0xd5,0xd5,0xff,0xd4,0xd1,0xd1,0xff,0xd0,0xcd,0xcd,0xff,0xcc,0xc9,0xc9,0xff,0xc7,0xc4,0xc4,0xff,
    0xc4,0xc1,0xc1,0xff,0xc4,0xc1,0xc1,0xff,0xa3,0x9f,0x9f,0xfb,0xa7,0xa0,0xa0,0xff,0x9d,0x97,0x97,0xac,0x00,0x00,0x00,0x00,
    0xbf,0xbf,0xbf,0x04,0x00,0x00,0x00,0x00,0x00,0x00,0x00,0x00,0x00,0x00,0x00,0x00,0x00,0x00,0x00,0x00,0x00,0x00,0x00,0x00,
    0x00,0x00,0x00,0x00,0x00,0x00,0x00,0x00,0x00,0x00,0x00,0x00,0x00,0x00,0x00,0x00,0x00,0x00,0x00,0x00,0x00,0x00,0x00,0x00,
    0x00,0x00,0x00,0x00,0x00,0x00,0x00,0x00,0x00,0x00,0x00,0x00,0x00,0x00,0x00,0x00,0x00,0x00,0x00,0x00,0x00,0x00,0x00,0x00,
    0x00,0x00,0x00,0x00,0x00,0x00,0x00,0x00,0x00,0x00,0x00,0x00,0x00,0x00,0x00,0x00,0x00,0x00,0x00,0x00,0x00,0x00,0x00,0x00,
    0x00,0x00,0x00,0x00,0x00,0x00,0x00,0x00,0x00,0x00,0x00,0x00,0x00,0x00,0x00,0x00,0x00,0x00,0x00,0x00,0x00,0x00,0x00,0x00,
    0x00,0x00,0x00,0x00,0x00,0x00,0x00,0x00,0x00,0x00,0x00,0x00,0x00,0x00,0x00,0x00,0x00,0x00,0x00,0x00,0x00,0x00,0x00,0x00,
    0x7f,0x7f,0x7f,0x04,0x00,0x00,0x00,0x00,0x9d,0x96,0x96,0x9a,0xa4,0x9e,0x9e,0xff,0xa2,0x9c,0x9c,0xfb,0xc0,0xbd,0xbd,0xff,
    0xc5,0xc2,0xc2,0xff,0xc7,0xc3,0xc3,0xff,0xcb,0xc8,0xc8,0xff,0xce,0xcb,0xcb,0xff,0xd2,0xcf,0xcf,0xff,0xd6,0xd3,0xd3,0xff,
    0xd9,0xd6,0xd6,0xff,0xdc,0xd9,0xd9,0xff,0xe0,0xdd,0xdd,0xff,0xe2,0xdf,0xdf,0xff,0xe5,0xe2,0xe2,0xff,0xe7,0xe4,0xe4,0xff,
    0xe9,0xe6,0xe6,0xff,0xeb,0xe8,0xe8,0xff,0xec,0xe9,0xe9,0xff,0xee,0xeb,0xeb,0xff,0xee,0xeb,0xeb,0xff,0xef,0xec,0xec,0xff,
    0xf0,0xed,0xed,0xff,0xf0,0xed,0xed,0xff,0xf0,0xed,0xed,0xff,0xf0,0xed,0xed,0xff,0xf0,0xed,0xed,0xff,0xef,0xec,0xec,0xff,
    0xee,0xeb,0xeb,0xff,0xed,0xea,0xea,0xff,0xeb,0xe8,0xe8,0xff,0xea,0xe7,0xe7,0xff,0xe8,0xe5,0xe5,0xff,0xe5,0xe2,0xe2,0xff,
    0xe3,0xe0,0xe0,0xff,0xe0,0xdd,0xdd,0xff,0xdd,0xda,0xda,0xff,0xda,0xd7,0xd7,0xff,0xd6,0xd3,0xd3,0xff,0xd3,0xd0,0xd0,0xff,
    0xcf,0xcc,0xcc,0xff,0xcc,0xc9,0xc9,0xff,0xc8,0xc5,0xc5,0xff,0xc4,0xc1,0xc1,0xff,0xc4,0xc1,0xc1,0xff,0xa8,0xa4,0xa4,0xfc,
    0xa1,0x9a,0x9a,0xff,0xa0,0x9a,0x9a,0xca,0x96,0x96,0x96,0x11,0x7f,0x7f,0x7f,0x02,0xff,0xff,0xff,0x01,0x00,0x00,0x00,0x00,
    0x00,0x00,0x00,0x00,0x00,0x00,0x00,0x00,0x00,0x00,0x00,0x00,0x00,0x00,0x00,0x00,0x00,0x00,0x00,0x00,0x00,0x00,0x00,0x00,
    0x00,0x00,0x00,0x00,0x00,0x00,0x00,0x00,0x00,0x00,0x00,0x00,0x00,0x00,0x00,0x00,0x00,0x00,0x00,0x00,0x00,0x00,0x00,0x00,
    0x00,0x00,0x00,0x00,0x00,0x00,0x00,0x00,0x00,0x00,0x00,0x00,0x00,0x00,0x00,0x00,0x00,0x00,0x00,0x00,0x00,0x00,0x00,0x00,
    0x00,0x00,0x00,0x00,0x00,0x00,0x00,0x00,0x00,0x00,0x00,0x00,0x00,0x00,0x00,0x00,0x00,0x00,0x00,0x00,0x00,0x00,0x00,0x00,
    0x00,0x00,0x00,0x00,0x00,0x00,0x00,0x00,0x00,0x00,0x00,0x00,0x00,0x00,0x00,0x00,0x00,0x00,0x00,0x00,0x00,0x00,0x00,0x00,
    0x00,0x00,0x00,0x00,0x00,0x00,0x00,0x00,0x00,0x00,0x00,0x00,0x00,0x00,0x00,0x00,0xff,0xff,0xff,0x01,0xff,0x7f,0x7f,0x02,
    0x00,0x00,0x00,0x00,0x9e,0x97,0x97,0xbb,0xa6,0x9f,0x9f,0xff,0xa2,0x9d,0x9d,0xfa,0xc0,0xbd,0xbd,0xff,0xc5,0xc2,0xc2,0xff,
    0xc6,0xc3,0xc3,0xff,0xca,0xc7,0xc7,0xff,0xce,0xcb,0xcb,0xff,0xd1,0xce,0xce,0xff,0xd4,0xd1,0xd1,0xff,0xd7,0xd4,0xd4,0xff,
    0xda,0xd7,0xd7,0xff,0xdd,0xda,0xda,0xff,0xe0,0xdd,0xdd,0xff,0xe2,0xdf,0xdf,0xff,0xe4,0xe1,0xe1,0xff,0xe6,0xe3,0xe3,0xff,
    0xe8,0xe5,0xe5,0xff,0xe9,0xe6,0xe6,0xff,0xea,0xe7,0xe7,0xff,0xeb,0xe8,0xe8,0xff,0xeb,0xe8,0xe8,0xff,0xeb,0xe8,0xe8,0xff,
    0xeb,0xe8,0xe8,0xff,0xeb,0xe8,0xe8,0xff,0xeb,0xe8,0xe8,0xff,0xea,0xe7,0xe7,0xff,0xe9,0xe6,0xe6,0xff,0xe8,0xe5,0xe5,0xff,
    0xe6,0xe3,0xe3,0xff,0xe5,0xe2,0xe2,0xff,0xe3,0xe0,0xe0,0xff,0xe0,0xdd,0xdd,0xff,0xde,0xdb,0xdb,0xff,0xdb,0xd8,0xd8,0xff,
    0xd8,0xd5,0xd5,0xff,0xd5,0xd2,0xd2,0xff,0xd1,0xce,0xce,0xff,0xce,0xcb,0xcb,0xff,0xcb,0xc8,0xc8,0xff,0xc7,0xc4,0xc4,0xff,
    0xc4,0xc1,0xc1,0xff,0xc4,0xc1,0xc1,0xff,0xa8,0xa4,0xa4,0xfc,0x9f,0x98,0x98,0xff,0x9f,0x99,0x99,0xea,0x8b,0x8b,0x8b,0x16,
    0x00,0x00,0x00,0x00,0x7f,0x7f,0x7f,0x02,0x00,0x00,0x00,0x00,0x00,0x00,0x00,0x00,0x00,0x00,0x00,0x00,0x00,0x00,0x00,0x00,
    0x00,0x00,0x00,0x00,0x00,0x00,0x00,0x00,0x00,0x00,0x00,0x00,0x00,0x00,0x00,0x00,0x00,0x00,0x00,0x00,0x00,0x00,0x00,0x00,
    0x00,0x00,0x00,0x00,0x00,0x00,0x00,0x00,0x00,0x00,0x00,0x00,0x00,0x00,0x00,0x00,0x00,0x00,0x00,0x00,0x00,0x00,0x00,0x00,
    0x00,0x00,0x00,0x00,0x00,0x00,0x00,0x00,0x00,0x00,0x00,0x00,0x00,0x00,0x00,0x00,0x00,0x00,0x00,0x00,0x00,0x00,0x00,0x00,
    0x00,0x00,0x00,0x00,0x00,0x00,0x00,0x00,0x00,0x00,0x00,0x00,0x00,0x00,0x00,0x00,0x00,0x00,0x00,0x00,0x00,0x00,0x00,0x00,
    0x00,0x00,0x00,0x00,0x00,0x00,0x00,0x00,0x00,0x00,0x00,0x00,0x00,0x00,0x00,0x00,0x00,0x00,0x00,0x00,0x00,0x00,0x00,0x00,
    0x00,0x00,0x00,0x00,0x00,0x00,0x00,0x00,0x00,0x00,0x00,0x00,0x7f,0x7f,0x7f,0x02,0x7f,0x7f,0x7f,0x02,0x93,0x93,0x93,0x13,
    0xa0,0x9a,0x9a,0xca,0xa4,0x9d,0x9d,0xff,0xa1,0x9c,0x9c,0xfb,0xc0,0xbd,0xbd,0xff,0xc4,0xc1,0xc1,0xff,0xc5,0xc2,0xc2,0xff,
    0xc9,0xc6,0xc6,0xff,0xcd,0xca,0xca,0xff,0xcf,0xcc,0xcc,0xff,0xd2,0xcf,0xcf,0xff,0xd5,0xd2,0xd2,0xff,0xd8,0xd5,0xd5,0xff,
    0xdb,0xd8,0xd8,0xff,0xdd,0xda,0xda,0xff,0xdf,0xdc,0xdc,0xff,0xe1,0xde,0xde,0xff,0xe2,0xdf,0xdf,0xff,0xe3,0xe0,0xe0,0xff,
    0xe5,0xe2,0xe2,0xff,0xe6,0xe3,0xe3,0xff,0xe6,0xe3,0xe3,0xff,0xe6,0xe3,0xe3,0xff,0xe6,0xe3,0xe3,0xff,0xe6,0xe3,0xe3,0xff,
    0xe6,0xe3,0xe3,0xff,0xe5,0xe2,0xe2,0xff,0xe4,0xe1,0xe1,0xff,0xe3,0xe0,0xe0,0xff,0xe1,0xde,0xde,0xff,0xe0,0xdd,0xdd,0xff,
    0xdd,0xda,0xda,0xff,0xdb,0xd8,0xd8,0xff,0xd9,0xd6,0xd6,0xff,0xd6,0xd3,0xd3,0xff,0xd3,0xd0,0xd0,0xff,0xd0,0xcd,0xcd,0xff,
    0xcd,0xca,0xca,0xff,0xca,0xc7,0xc7,0xff,0xc6,0xc3,0xc3,0xff,0xc4,0xc1,0xc1,0xff,0xc4,0xc1,0xc1,0xff,0xa8,0xa4,0xa4,0xfc,
    0x9e,0x97,0x97,0xff,0xa1,0x9b,0x9b,0xee,0x99,0x95,0x95,0x35,0x00,0x00,0x00,0x00,0xaa,0xaa,0xaa,0x03,0x00,0x00,0x00,0x00,
    0x00,0x00,0x00,0x00,0x00,0x00,0x00,0x00,0x00,0x00,0x00,0x00,0x00,0x00,0x00,0x00,0x00,0x00,0x00,0x00,0x00,0x00,0x00,0x00,
    0x00,0x00,0x00,0x00,0x00,0x00,0x00,0x00,0x00,0x00,0x00,0x00,0x00,0x00,0x00,0x00,0x00,0x00,0x00,0x00,0x00,0x00,0x00,0x00,
    0x00,0x00,0x00,0x00,0x00,0x00,0x00,0x00,0x00,0x00,0x00,0x00,0x00,0x00,0x00,0x00,0x00,0x00,0x00,0x00,0x00,0x00,0x00,0x00,
    0x00,0x00,0x00,0x00,0x00,0x00,0x00,0x00,0x00,0x00,0x00,0x00,0x00,0x00,0x00,0x00,0x00,0x00,0x00,0x00,0x00,0x00,0x00,0x00,
    0x00,0x00,0x00,0x00,0x00,0x00,0x00,0x00,0x00,0x00,0x00,0x00,0x00,0x00,0x00,0x00,0x00,0x00,0x00,0x00,0x00,0x00,0x00,0x00,
    0x00,0x00,0x00,0x00,0x00,0x00,0x00,0x00,0x00,0x00,0x00,0x00,0x00,0x00,0x00,0x00,0x00,0x00,0x00,0x00,0x00,0x00,0x00,0x00,
    0x00,0x00,0x00,0x00,0x00,0x00,0x00,0x00,0x7f,0x7f,0x7f,0x02,0x00,0x00,0x00,0x00,0x96,0x87,0x87,0x11,0xa0,0x9a,0x9a,0xca,
    0xa4,0x9d,0x9d,0xff,0xa2,0x9d,0x9d,0xfa,0xbf,0xbc,0xbc,0xff,0xc4,0xc2,0xc2,0xff,0xc4,0xc1,0xc1,0xff,0xc8,0xc5,0xc5,0xff,
    0xca,0xc7,0xc7,0xff,0xce,0xcb,0xcb,0xff,0xd0,0xcd,0xcd,0xff,0xd3,0xd0,0xd0,0xff,0xd5,0xd2,0xd2,0xff,0xd8,0xd5,0xd5,0xff,
    0xda,0xd7,0xd7,0xff,0xdb,0xd8,0xd8,0xff,0xdd,0xda,0xda,0xff,0xde,0xdb,0xdb,0xff,0xdf,0xdc,0xdc,0xff,0xe0,0xdd,0xdd,0xff,
    0xe1,0xde,0xde,0xff,0xe1,0xde,0xde,0xff,0xe1,0xde,0xde,0xff,0xe1,0xde,0xde,0xff,0xe0,0xdd,0xdd,0xff,0xdf,0xdc,0xdc,0xff,
    0xdf,0xdc,0xdc,0xff,0xdd,0xda,0xda,0xff,0xdc,0xd9,0xd9,0xff,0xda,0xd7,0xd7,0xff,0xd8,0xd5,0xd5,0xff,0xd6,0xd3,0xd3,0xff,
    0xd3,0xd0,0xd0,0xff,0xd1,0xce,0xce,0xff,0xce,0xcb,0xcb,0xff,0xcb,0xc8,0xc8,0xff,0xc8,0xc5,0xc5,0xff,0xc5,0xc2,0xc2,0xff,
    0xc4,0xc1,0xc1,0xff,0xc3,0xc0,0xc0,0xff,0xa8,0xa3,0xa3,0xfc,0x9e,0x98,0x98,0xff,0xa1,0x9b,0x9b,0xee,0x99,0x90,0x90,0x35,
    0x00,0x00,0x00,0x00,0xaa,0xaa,0xaa,0x03,0x00,0x00,0x00,0x00,0x00,0x00,0x00,0x00,0x00,0x00,0x00,0x00,0x00,0x00,0x00,0x00,
    0x00,0x00,0x00,0x00,0x00,0x00,0x00,0x00,0x00,0x00,0x00,0x00,0x00,0x00,0x00,0x00,0x00,0x00,0x00,0x00,0x00,0x00,0x00,0x00,
    0x00,0x00,0x00,0x00,0x00,0x00,0x00,0x00,0x00,0x00,0x00,0x00,0x00,0x00,0x00,0x00,0x00,0x00,0x00,0x00,0x00,0x00,0x00,0x00,
    0x00,0x00,0x00,0x00,0x00,0x00,0x00,0x00,0x00,0x00,0x00,0x00,0x00,0x00,0x00,0x00,0x00,0x00,0x00,0x00,0x00,0x00,0x00,0x00,
    0x00,0x00,0x00,0x00,0x00,0x00,0x00,0x00,0x00,0x00,0x00,0x00,0x00,0x00,0x00,0x00,0x00,0x00,0x00,0x00,0x00,0x00,0x00,0x00,
    0x00,0x00,0x00,0x00,0x00,0x00,0x00,0x00,0x00,0x00,0x00,0x00,0x00,0x00,0x00,0x00,0x00,0x00,0x00,0x00,0x00,0x00,0x00,0x00,
    0x00,0x00,0x00,0x00,0x00,0x00,0x00,0x00,0x00,0x00,0x00,0x00,0x00,0x00,0x00,0x00,0x00,0x00,0x00,0x00,0x00,0x00,0x00,0x00,
    0x00,0x00,0x00,0x00,0xff,0xff,0xff,0x02,0x00,0x00,0x00,0x00,0x96,0x87,0x87,0x11,0xa0,0x9a,0x9a,0xca,0xa7,0xa0,0xa0,0xff,
    0xa0,0x9a,0x9a,0xfa,0xb9,0xb6,0xb6,0xff,0xc5,0xc2,0xc2,0xff,0xc3,0xc0,0xc0,0xff,0xc6,0xc3,0xc3,0xff,0xc9,0xc6,0xc6,0xff,
    0xcb,0xc8,0xc8,0xff,0xce,0xcb,0xcb,0xff,0xd0,0xcd,0xcd,0xff,0xd2,0xcf,0xcf,0xff,0xd5,0xd2,0xd2,0xff,0xd6,0xd3,0xd3,0xff,
    0xd7,0xd4,0xd4,0xff,0xd9,0xd6,0xd6,0xff,0xda,0xd7,0xd7,0xff,0xdb,0xd8,0xd8,0xff,0xdb,0xd8,0xd8,0xff,0xdc,0xd9,0xd9,0xff,
    0xdc,0xd9,0xd9,0xff,0xdb,0xd8,0xd8,0xff,0xdb,0xd8,0xd8,0xff,0xda,0xd7,0xd7,0xff,0xd9,0xd6,0xd6,0xff,0xd8,0xd5,0xd5,0xff,
    0xd6,0xd3,0xd3,0xff,0xd5,0xd2,0xd2,0xff,0xd3,0xd0,0xd0,0xff,0xd1,0xce,0xce,0xff,0xce,0xcb,0xcb,0xff,0xcc,0xc9,0xc9,0xff,
    0xc9,0xc6,0xc6,0xff,0xc7,0xc4,0xc4,0xff,0xc4,0xc1,0xc1,0xff,0xc5,0xc2,0xc2,0xff,0xbf,0xbc,0xbc,0xff,0xa4,0x9f,0x9f,0xfb,
    0xa1,0x9b,0x9b,0xff,0xa1,0x9c,0x9c,0xed,0x95,0x90,0x90,0x35,0x00,0x00,0x00,0x00,0xbf,0xbf,0xbf,0x04,0x00,0x00,0x00,0x00,
    0x00,0x00,0x00,0x00,0x00,0x00,0x00,0x00,0x00,0x00,0x00,0x00,0x00,0x00,0x00,0x00,0x00,0x00,0x00,0x00,0x00,0x00,0x00,0x00,
    0x00,0x00,0x00,0x00,0x00,0x00,0x00,0x00,0x00,0x00,0x00,0x00,0x00,0x00,0x00,0x00,0x00,0x00,0x00,0x00,0x00,0x00,0x00,0x00,
    0x00,0x00,0x00,0x00,0x00,0x00,0x00,0x00,0x00,0x00,0x00,0x00,0x00,0x00,0x00,0x00,0x00,0x00,0x00,0x00,0x00,0x00,0x00,0x00,
    0x00,0x00,0x00,0x00,0x00,0x00,0x00,0x00,0x00,0x00,0x00,0x00,0x00,0x00,0x00,0x00,0x00,0x00,0x00,0x00,0x00,0x00,0x00,0x00,
    0x00,0x00,0x00,0x00,0x00,0x00,0x00,0x00,0x00,0x00,0x00,0x00,0x00,0x00,0x00,0x00,0x00,0x00,0x00,0x00,0x00,0x00,0x00,0x00,
    0x00,0x00,0x00,0x00,0x00,0x00,0x00,0x00,0x00,0x00,0x00,0x00,0x00,0x00,0x00,0x00,0x00,0x00,0x00,0x00,0x00,0x00,0x00,0x00,
    0x00,0x00,0x00,0x00,0x00,0x00,0x00,0x00,0x00,0x00,0x00,0x00,0x00,0x00,0x00,0x00,0x00,0x00,0x00,0x00,0x00,0x00,0x00,0x00,
    0x7f,0x7f,0x7f,0x02,0x00,0x00,0x00,0x00,0x89,0x89,0x89,0x0d,0xa0,0x9b,0x9b,0x9d,0xa8,0xa2,0xa2,0xff,0x9d,0x97,0x97,0xfc,
    0xb4,0xb0,0xb0,0xfd,0xc3,0xc0,0xc0,0xff,0xc4,0xc1,0xc1,0xff,0xc4,0xc1,0xc1,0xff,0xc7,0xc4,0xc4,0xff,0xca,0xc7,0xc7,0xff,
    0xcc,0xc9,0xc9,0xff,0xce,0xcb,0xcb,0xff,0xcf,0xcc,0xcc,0xff,0xd1,0xce,0xce,0xff,0xd2,0xcf,0xcf,0xff,0xd4,0xd1,0xd1,0xff,
    0xd5,0xd2,0xd2,0xff,0xd5,0xd2,0xd2,0xff,0xd6,0xd3,0xd3,0xff,0xd6,0xd3,0xd3,0xff,0xd6,0xd3,0xd3,0xff,0xd6,0xd3,0xd3,0xff,
    0xd6,0xd3,0xd3,0xff,0xd5,0xd2,0xd2,0xff,0xd4,0xd1,0xd1,0xff,0xd3,0xd0,0xd0,0xff,0xd1,0xce,0xce,0xff,0xd0,0xcd,0xcd,0xff,
    0xce,0xcb,0xcb,0xff,0xcc,0xc9,0xc9,0xff,0xca,0xc7,0xc7,0xff,0xc8,0xc5,0xc5,0xff,0xc5,0xc2,0xc2,0xff,0xc4,0xc1,0xc1,0xff,
    0xc4,0xc1,0xc1,0xff,0xb8,0xb5,0xb5,0xfe,0xa1,0x9c,0x9c,0xfa,0xa7,0xa0,0xa0,0xff,0xa0,0x9b,0x9b,0xca,0x97,0x90,0x90,0x25,
    0x00,0x00,0x00,0x00,0xaa,0xaa,0xaa,0x03,0x00,0x00,0x00,0x00,0x00,0x00,0x00,0x00,0x00,0x00,0x00,0x00,0x00,0x00,0x00,0x00,
    0x00,0x00,0x00,0x00,0x00,0x00,0x00,0x00,0x00,0x00,0x00,0x00,0x00,0x00,0x00,0x00,0x00,0x00,0x00,0x00,0x00,0x00,0x00,0x00,
    0x00,0x00,0x00,0x00,0x00,0x00,0x00,0x00,0x00,0x00,0x00,0x00,0x00,0x00,0x00,0x00,0x00,0x00,0x00,0x00,0x00,0x00,0x00,0x00,
    0x00,0x00,0x00,0x00,0x00,0x00,0x00,0x00,0x00,0x00,0x00,0x00,0x00,0x00,0x00,0x00,0x00,0x00,0x00,0x00,0x00,0x00,0x00,0x00,
    0x00,0x00,0x00,0x00,0x00,0x00,0x00,0x00,0x00,0x00,0x00,0x00,0x00,0x00,0x00,0x00,0x00,0x00,0x00,0x00,0x00,0x00,0x00,0x00,
    0x00,0x00,0x00,0x00,0x00,0x00,0x00,0x00,0x00,0x00,0x00,0x00,0x00,0x00,0x00,0x00,0x00,0x00,0x00,0x00,0x00,0x00,0x00,0x00,
    0x00,0x00,0x00,0x00,0x00,0x00,0x00,0x00,0x00,0x00,0x00,0x00,0x00,0x00,0x00,0x00,0x00,0x00,0x00,0x00,0x00,0x00,0x00,0x00,
    0x00,0x00,0x00,0x00,0x00,0x00,0x00,0x00,0x00,0x00,0x00,0x00,0x00,0x00,0x00,0x00,0x00,0x00,0x00,0x00,0x7f,0x7f,0x7f,0x02,
    0x00,0x00,0x00,0x00,0x00,0x00,0x00,0x00,0x9d,0x97,0x97,0x80,0xa3,0x9c,0x9c,0xff,0x9e,0x97,0x97,0xff,0xa9,0xa4,0xa4,0xfb,
    0xbe,0xbb,0xbb,0xff,0xc4,0xc1,0xc1,0xff,0xc3,0xc0,0xc0,0xff,0xc5,0xc2,0xc2,0xff,0xc7,0xc4,0xc4,0xff,0xc9,0xc6,0xc6,0xff,
    0xca,0xc7,0xc7,0xff,0xcc,0xc9,0xc9,0xff,0xce,0xcb,0xcb,0xff,0xce,0xcb,0xcb,0xff,0xd0,0xcd,0xcd,0xff,0xd0,0xcd,0xcd,0xff,
    0xd1,0xce,0xce,0xff,0xd1,0xce,0xce,0xff,0xd1,0xce,0xce,0xff,0xd1,0xce,0xce,0xff,0xd0,0xcd,0xcd,0xff,0xd0,0xcd,0xcd,0xff,
    0xcf,0xcc,0xcc,0xff,0xce,0xcb,0xcb,0xff,0xcd,0xca,0xca,0xff,0xcb,0xc8,0xc8,0xff,0xc9,0xc6,0xc6,0xff,0xc8,0xc5,0xc5,0xff,
    0xc5,0xc2,0xc2,0xff,0xc3,0xc0,0xc0,0xff,0xc4,0xc1,0xc1,0xff,0xc1,0xbe,0xbe,0xff,0xb0,0xab,0xab,0xfc,0x9b,0x95,0x95,0xfe,
    0xa7,0xa1,0xa1,0xff,0xa1,0x9b,0x9b,0xa9,0x96,0x87,0x87,0x11,0x00,0x00,0x00,0x00,0xaa,0xaa,0xaa,0x03,0x00,0x00,0x00,0x00,
    0x00,0x00,0x00,0x00,0x00,0x00,0x00,0x00,0x00,0x00,0x00,0x00,0x00,0x00,0x00,0x00,0x00,0x00,0x00,0x00,0x00,0x00,0x00,0x00,
    0x00,0x00,0x00,0x00,0x00,0x00,0x00,0x00,0x00,0x00,0x00,0x00,0x00,0x00,0x00,0x00,0x00,0x00,0x00,0x00,0x00,0x00,0x00,0x00,
    0x00,0x00,0x00,0x00,0x00,0x00,0x00,0x00,0x00,0x00,0x00,0x00,0x00,0x00,0x00,0x00,0x00,0x00,0x00,0x00,0x00,0x00,0x00,0x00,
    0x00,0x00,0x00,0x00,0x00,0x00,0x00,0x00,0x00,0x00,0x00,0x00,0x00,0x00,0x00,0x00,0x00,0x00,0x00,0x00,0x00,0x00,0x00,0x00,
    0x00,0x00,0x00,0x00,0x00,0x00,0x00,0x00,0x00,0x00,0x00,0x00,0x00,0x00,0x00,0x00,0x00,0x00,0x00,0x00,0x00,0x00,0x00,0x00,
    0x00,0x00,0x00,0x00,0x00,0x00,0x00,0x00,0x00,0x00,0x00,0x00,0x00,0x00,0x00,0x00,0x00,0x00,0x00,0x00,0x00,0x00,0x00,0x00,
    0x00,0x00,0x00,0x00,0x00,0x00,0x00,0x00,0x00,0x00,0x00,0x00,0x00,0x00,0x00,0x00,0x00,0x00,0x00,0x00,0x00,0x00,0x00,0x00,
    0x00,0x00,0x00,0x00,0x00,0x00,0x00,0x00,0x00,0x00,0x00,0x00,0x00,0x00,0x00,0x00,0xff,0xff,0xff,0x01,0xff,0xff,0xff,0x02,
    0x00,0x00,0x00,0x00,0x9d,0x97,0x97,0x56,0xa1,0x9b,0x9b,0xe6,0xa4,0x9d,0x9d,0xff,0x9e,0x98,0x98,0xfc,0xb2,0xae,0xae,0xfd,
    0xc2,0xbf,0xbf,0xff,0xc4,0xc1,0xc1,0xff,0xc3,0xc0,0xc0,0xff,0xc4,0xc1,0xc1,0xff,0xc6,0xc3,0xc3,0xff,0xc7,0xc4,0xc4,0xff,
    0xc9,0xc6,0xc6,0xff,0xca,0xc7,0xc7,0xff,0xcb,0xc8,0xc8,0xff,0xcc,0xc9,0xc9,0xff,0xcc,0xc9,0xc9,0xff,0xcc,0xc9,0xc9,0xff,
    0xcc,0xc9,0xc9,0xff,0xcc,0xc9,0xc9,0xff,0xcc,0xc9,0xc9,0xff,0xcb,0xc8,0xc8,0xff,0xca,0xc7,0xc7,0xff,0xc9,0xc6,0xc6,0xff,
    0xc8,0xc5,0xc5,0xff,0xc6,0xc3,0xc3,0xff,0xc5,0xc2,0xc2,0xff,0xc3,0xc0,0xc0,0xff,0xc4,0xc1,0xc1,0xff,0xc3,0xc1,0xc1,0xff,
    0xb6,0xb2,0xb2,0xfe,0xa2,0x9c,0x9c,0xfb,0xa1,0x9a,0x9a,0xff,0xa0,0x9a,0x9a,0xfb,0x9e,0x98,0x98,0x7f,0x00,0x00,0x00,0x00,
    0x00,0x00,0x00,0x00,0xaa,0xaa,0xaa,0x03,0x00,0x00,0x00,0x00,0x00,0x00,0x00,0x00,0x00,0x00,0x00,0x00,0x00,0x00,0x00,0x00,
    0x00,0x00,0x00,0x00,0x00,0x00,0x00,0x00,0x00,0x00,0x00,0x00,0x00,0x00,0x00,0x00,0x00,0x00,0x00,0x00,0x00,0x00,0x00,0x00,
    0x00,0x00,0x00,0x00,0x00,0x00,0x00,0x00,0x00,0x00,0x00,0x00,0x00,0x00,0x00,0x00,0x00,0x00,0x00,0x00,0x00,0x00,0x00,0x00,
    0x00,0x00,0x00,0x00,0x00,0x00,0x00,0x00,0x00,0x00,0x00,0x00,0x00,0x00,0x00,0x00,0x00,0x00,0x00,0x00,0x00,0x00,0x00,0x00,
    0x00,0x00,0x00,0x00,0x00,0x00,0x00,0x00,0x00,0x00,0x00,0x00,0x00,0x00,0x00,0x00,0x00,0x00,0x00,0x00,0x00,0x00,0x00,0x00,
    0x00,0x00,0x00,0x00,0x00,0x00,0x00,0x00,0x00,0x00,0x00,0x00,0x00,0x00,0x00,0x00,0x00,0x00,0x00,0x00,0x00,0x00,0x00,0x00,
    0x00,0x00,0x00,0x00,0x00,0x00,0x00,0x00,0x00,0x00,0x00,0x00,0x00,0x00,0x00,0x00,0x00,0x00,0x00,0x00,0x00,0x00,0x00,0x00,
    0x00,0x00,0x00,0x00,0x00,0x00,0x00,0x00,0x00,0x00,0x00,0x00,0x00,0x00,0x00,0x00,0x00,0x00,0x00,0x00,0x00,0x00,0x00,0x00,
    0x00,0x00,0x00,0x00,0x00,0x00,0x00,0x00,0x00,0x00,0x00,0x00,0x00,0x00,0x00,0x00,0xbf,0xbf,0xbf,0x04,0x00,0x00,0x00,0x00,
    0x93,0x93,0x93,0x1a,0xa0,0x9a,0x9a,0xa7,0xa5,0x9e,0x9e,0xff,0x9f,0x99,0x99,0xff,0xa3,0x9e,0x9e,0xfc,0xb6,0xb2,0xb2,0xfd,
    0xc2,0xbf,0xbf,0xff,0xc4,0xc1,0xc1,0xff,0xc3,0xc0,0xc0,0xff,0xc3,0xc0,0xc0,0xff,0xc4,0xc1,0xc1,0xff,0xc5,0xc2,0xc2,0xff,
    0xc6,0xc3,0xc3,0xff,0xc7,0xc4,0xc4,0xff,0xc7,0xc4,0xc4,0xff,0xc7,0xc4,0xc4,0xff,0xc7,0xc4,0xc4,0xff,0xc7,0xc4,0xc4,0xff,
    0xc7,0xc4,0xc4,0xff,0xc6,0xc3,0xc3,0xff,0xc5,0xc2,0xc2,0xff,0xc5,0xc1,0xc1,0xff,0xc3,0xc0,0xc0,0xff,0xc3,0xc0,0xc0,0xff,
    0xc4,0xc1,0xc1,0xff,0xc3,0xc0,0xc0,0xff,0xb9,0xb6,0xb6,0xfe,0xa8,0xa3,0xa3,0xfb,0x9d,0x97,0x97,0xff,0xa6,0xa0,0xa0,0xff,
    0xa1,0x9b,0x9b,0xc8,0x9d,0x94,0x94,0x37,0x00,0x00,0x00,0x00,0xff,0xff,0xff,0x02,0xff,0xff,0xff,0x01,0x00,0x00,0x00,0x00,
    0x00,0x00,0x00,0x00,0x00,0x00,0x00,0x00,0x00,0x00,0x00,0x00,0x00,0x00,0x00,0x00,0x00,0x00,0x00,0x00,0x00,0x00,0x00,0x00,
    0x00,0x00,0x00,0x00,0x00,0x00,0x00,0x00,0x00,0x00,0x00,0x00,0x00,0x00,0x00,0x00,0x00,0x00,0x00,0x00,0x00,0x00,0x00,0x00,
    0x00,0x00,0x00,0x00,0x00,0x00,0x00,0x00,0x00,0x00,0x00,0x00,0x00,0x00,0x00,0x00,0x00,0x00,0x00,0x00,0x00,0x00,0x00,0x00,
    0x00,0x00,0x00,0x00,0x00,0x00,0x00,0x00,0x00,0x00,0x00,0x00,0x00,0x00,0x00,0x00,0x00,0x00,0x00,0x00,0x00,0x00,0x00,0x00,
    0x00,0x00,0x00,0x00,0x00,0x00,0x00,0x00,0x00,0x00,0x00,0x00,0x00,0x00,0x00,0x00,0x00,0x00,0x00,0x00,0x00,0x00,0x00,0x00,
    0x00,0x00,0x00,0x00,0x00,0x00,0x00,0x00,0x00,0x00,0x00,0x00,0x00,0x00,0x00,0x00,0x00,0x00,0x00,0x00,0x00,0x00,0x00,0x00,
    0x00,0x00,0x00,0x00,0x00,0x00,0x00,0x00,0x00,0x00,0x00,0x00,0x00,0x00,0x00,0x00,0x00,0x00,0x00,0x00,0x00,0x00,0x00,0x00,
    0x00,0x00,0x00,0x00,0x00,0x00,0x00,0x00,0x00,0x00,0x00,0x00,0x00,0x00,0x00,0x00,0x00,0x00,0x00,0x00,0x00,0x00,0x00,0x00,
    0x00,0x00,0x00,0x00,0x00,0x00,0x00,0x00,0x00,0x00,0x00,0x00,0xaa,0xaa,0xaa,0x03,0x00,0x00,0x00,0x00,0x00,0x00,0x00,0x00,
    0x9d,0x97,0x97,0x59,0xa1,0x9b,0x9b,0xd3,0xa4,0x9e,0x9e,0xff,0xa0,0x9a,0x9a,0xff,0xa2,0x9d,0x9d,0xfc,0xb1,0xad,0xad,0xfc,
    0xbc,0xb9,0xb9,0xfe,0xc2,0xbf,0xbf,0xff,0xc4,0xc1,0xc1,0xff,0xc4,0xc1,0xc1,0xff,0xc3,0xc0,0xc0,0xff,0xc3,0xc0,0xc0,0xff,
    0xc3,0xc0,0xc0,0xff,0xc3,0xc0,0xc0,0xff,0xc3,0xc0,0xc0,0xff,0xc3,0xc0,0xc0,0xff,0xc3,0xc0,0xc0,0xff,0xc3,0xc0,0xc0,0xff,
    0xc4,0xc1,0xc1,0xff,0xc4,0xc1,0xc1,0xff,0xc3,0xc0,0xc0,0xff,0xbe,0xbb,0xbb,0xfe,0xb4,0xb0,0xb0,0xfd,0xa5,0xa0,0xa0,0xfc,
    0x9f,0x99,0x99,0xff,0xa5,0x9e,0x9e,0xff,0xa1,0x9a,0x9a,0xe8,0xa0,0x9a,0x9a,0x7c,0x66,0x66,0x66,0x05,0x00,0x00,0x00,0x00,
    0x7f,0x7f,0x7f,0x04,0x00,0x00,0x00,0x00,0x00,0x00,0x00,0x00,0x00,0x00,0x00,0x00,0x00,0x00,0x00,0x00,0x00,0x00,0x00,0x00,
    0x00,0x00,0x00,0x00,0x00,0x00,0x00,0x00,0x00,0x00,0x00,0x00,0x00,0x00,0x00,0x00,0x00,0x00,0x00,0x00,0x00,0x00,0x00,0x00,
    0x00,0x00,0x00,0x00,0x00,0x00,0x00,0x00,0x00,0x00,0x00,0x00,0x00,0x00,0x00,0x00,0x00,0x00,0x00,0x00,0x00,0x00,0x00,0x00,
    0x00,0x00,0x00,0x00,0x00,0x00,0x00,0x00,0x00,0x00,0x00,0x00,0x00,0x00,0x00,0x00,0x00,0x00,0x00,0x00,0x00,0x00,0x00,0x00,
    0x00,0x00,0x00,0x00,0x00,0x00,0x00,0x00,0x00,0x00,0x00,0x00,0x00,0x00,0x00,0x00,0x00,0x00,0x00,0x00,0x00,0x00,0x00,0x00,
    0x00,0x00,0x00,0x00,0x00,0x00,0x00,0x00,0x00,0x00,0x00,0x00,0x00,0x00,0x00,0x00,0x00,0x00,0x00,0x00,0x00,0x00,0x00,0x00,
    0x00,0x00,0x00,0x00,0x00,0x00,0x00,0x00,0x00,0x00,0x00,0x00,0x00,0x00,0x00,0x00,0x00,0x00,0x00,0x00,0x00,0x00,0x00,0x00,
    0x00,0x00,0x00,0x00,0x00,0x00,0x00,0x00,0x00,0x00,0x00,0x00,0x00,0x00,0x00,0x00,0x00,0x00,0x00,0x00,0x00,0x00,0x00,0x00,
    0x00,0x00,0x00,0x00,0x00,0x00,0x00,0x00,0x00,0x00,0x00,0x00,0x00,0x00,0x00,0x00,0x00,0x00,0x00,0x00,0x00,0x00,0x00,0x00,
    0x00,0x00,0x00,0x00,0x00,0x00,0x00,0x00,0xff,0xff,0xff,0x01,0xff,0xff,0xff,0x02,0x00,0x00,0x00,0x00,0x7f,0x7f,0x7f,0x06,
    0xa1,0x99,0x99,0x62,0xa0,0x9a,0x9a,0xd3,0xa3,0x9d,0x9d,0xff,0xa2,0x9b,0x9b,0xff,0x9f,0x99,0x99,0xff,0xa5,0xa0,0xa0,0xfc,
    0xaf,0xab,0xab,0xfb,0xb8,0xb4,0xb4,0xfc,0xbc,0xb9,0xb9,0xfe,0xbe,0xbb,0xbb,0xfe,0xc2,0xbf,0xbf,0xff,0xc2,0xbf,0xbf,0xff,
    0xc2,0xbf,0xbf,0xff,0xc2,0xbf,0xbf,0xff,0xbf,0xbc,0xbc,0xfe,0xbd,0xba,0xba,0xfe,0xb9,0xb5,0xb5,0xfd,0xb2,0xae,0xae,0xfb,
    0xa8,0xa3,0xa3,0xfc,0x9f,0x9a,0x9a,0xff,0xa1,0x9b,0x9b,0xff,0xa4,0x9e,0x9e,0xff,0xa0,0x99,0x99,0xe8,0xa1,0x9b,0x9b,0x80,
    0x9b,0x90,0x90,0x17,0x00,0x00,0x00,0x00,0x00,0x00,0x00,0x00,0x7f,0x7f,0x7f,0x02,0x00,0x00,0x00,0x00,0x00,0x00,0x00,0x00,
    0x00,0x00,0x00,0x00,0x00,0x00,0x00,0x00,0x00,0x00,0x00,0x00,0x00,0x00,0x00,0x00,0x00,0x00,0x00,0x00,0x00,0x00,0x00,0x00,
    0x00,0x00,0x00,0x00,0x00,0x00,0x00,0x00,0x00,0x00,0x00,0x00,0x00,0x00,0x00,0x00,0x00,0x00,0x00,0x00,0x00,0x00,0x00,0x00,
    0x00,0x00,0x00,0x00,0x00,0x00,0x00,0x00,0x00,0x00,0x00,0x00,0x00,0x00,0x00,0x00,0x00,0x00,0x00,0x00,0x00,0x00,0x00,0x00,
    0x00,0x00,0x00,0x00,0x00,0x00,0x00,0x00,0x00,0x00,0x00,0x00,0x00,0x00,0x00,0x00,0x00,0x00,0x00,0x00,0x00,0x00,0x00,0x00,
    0x00,0x00,0x00,0x00,0x00,0x00,0x00,0x00,0x00,0x00,0x00,0x00,0x00,0x00,0x00,0x00,0x00,0x00,0x00,0x00,0x00,0x00,0x00,0x00,
    0x00,0x00,0x00,0x00,0x00,0x00,0x00,0x00,0x00,0x00,0x00,0x00,0x00,0x00,0x00,0x00,0x00,0x00,0x00,0x00,0x00,0x00,0x00,0x00,
    0x00,0x00,0x00,0x00,0x00,0x00,0x00,0x00,0x00,0x00,0x00,0x00,0x00,0x00,0x00,0x00,0x00,0x00,0x00,0x00,0x00,0x00,0x00,0x00,
    0x00,0x00,0x00,0x00,0x00,0x00,0x00,0x00,0x00,0x00,0x00,0x00,0x00,0x00,0x00,0x00,0x00,0x00,0x00,0x00,0x00,0x00,0x00,0x00,
    0x00,0x00,0x00,0x00,0x00,0x00,0x00,0x00,0x00,0x00,0x00,0x00,0x00,0x00,0x00,0x00,0x00,0x00,0x00,0x00,0x00,0x00,0x00,0x00,
    0x00,0x00,0x00,0x00,0x00,0x00,0x00,0x00,0xaa,0xaa,0xaa,0x03,0x00,0x00,0x00,0x00,0x00,0x00,0x00,0x00,0x7f,0x7f,0x7f,0x06,
    0xa3,0x9c,0x9c,0x4e,0x9f,0x9a,0x9a,0xb1,0x9d,0x97,0x97,0xf2,0xa3,0x9c,0x9c,0xff,0xa4,0x9e,0x9e,0xff,0xa1,0x9b,0x9b,0xff,
    0xa0,0x9a,0x9a,0xff,0xa2,0x9c,0x9c,0xff,0xa5,0x9f,0x9f,0xfd,0xa4,0x9f,0x9f,0xfd,0xa4,0x9f,0x9f,0xfd,0xa5,0xa0,0xa0,0xfd,
    0xa2,0x9d,0x9d,0xff,0xa0,0x9a,0x9a,0xff,0xa1,0x9b,0x9b,0xff,0xa4,0x9d,0x9d,0xff,0xa4,0x9d,0x9d,0xff,0x9d,0x97,0x97,0xfb,
    0xa0,0x9a,0x9a,0xc5,0xa1,0x9c,0x9c,0x65,0x9b,0x90,0x90,0x17,0x00,0x00,0x00,0x00,0x00,0x00,0x00,0x00,0xaa,0xaa,0xaa,0x03,
    0x00,0x00,0x00,0x01,0x00,0x00,0x00,0x00,0x00,0x00,0x00,0x00,0x00,0x00,0x00,0x00,0x00,0x00,0x00,0x00,0x00,0x00,0x00,0x00,
    0x00,0x00,0x00,0x00,0x00,0x00,0x00,0x00,0x00,0x00,0x00,0x00,0x00,0x00,0x00,0x00,0x00,0x00,0x00,0x00,0x00,0x00,0x00,0x00,
    0x00,0x00,0x00,0x00,0x00,0x00,0x00,0x00,0x00,0x00,0x00,0x00,0x00,0x00,0x00,0x00,0x00,0x00,0x00,0x00,0x00,0x00,0x00,0x00,
    0x00,0x00,0x00,0x00,0x00,0x00,0x00,0x00,0x00,0x00,0x00,0x00,0x00,0x00,0x00,0x00,0x00,0x00,0x00,0x00,0x00,0x00,0x00,0x00,
    0x00,0x00,0x00,0x00,0x00,0x00,0x00,0x00,0x00,0x00,0x00,0x00,0x00,0x00,0x00,0x00,0x00,0x00,0x00,0x00,0x00,0x00,0x00,0x00,
    0x00,0x00,0x00,0x00,0x00,0x00,0x00,0x00,0x00,0x00,0x00,0x00,0x00,0x00,0x00,0x00,0x00,0x00,0x00,0x00,0x00,0x00,0x00,0x00,
    0x00,0x00,0x00,0x00,0x00,0x00,0x00,0x00,0x00,0x00,0x00,0x00,0x00,0x00,0x00,0x00,0x00,0x00,0x00,0x00,0x00,0x00,0x00,0x00,
    0x00,0x00,0x00,0x00,0x00,0x00,0x00,0x00,0x00,0x00,0x00,0x00,0x00,0x00,0x00,0x00,0x00,0x00,0x00,0x00,0x00,0x00,0x00,0x00,
    0x00,0x00,0x00,0x00,0x00,0x00,0x00,0x00,0x00,0x00,0x00,0x00,0x00,0x00,0x00,0x00,0x00,0x00,0x00,0x00,0x00,0x00,0x00,0x00,
    0x00,0x00,0x00,0x00,0x00,0x00,0x00,0x00,0x00,0x00,0x00,0x00,0x00,0x00,0x00,0x00,0x00,0x00,0x00,0x00,0x00,0x00,0x00,0x00,
    0x00,0x00,0x00,0x00,0x00,0x00,0x00,0x01,0xaa,0xaa,0xaa,0x03,0x00,0x00,0x00,0x00,0x00,0x00,0x00,0x00,0x00,0x00,0x00,0x00,
    0xa3,0x9a,0x9a,0x1c,0xa1,0x9b,0x9b,0x52,0xa0,0x9b,0x9b,0x8f,0x9e,0x97,0x97,0xcb,0x9c,0x97,0x97,0xef,0x9b,0x95,0x95,0xf6,
    0xa3,0x9c,0x9c,0xff,0xa2,0x9b,0x9b,0xff,0xa2,0x9b,0x9b,0xff,0xa3,0x9d,0x9d,0xff,0x9a,0x94,0x94,0xfd,0x9d,0x97,0x97,0xef,
    0x9e,0x99,0x99,0xd7,0xa0,0x99,0x99,0x9f,0xa5,0x9d,0x9d,0x61,0xa3,0x9d,0x9d,0x2a,0x00,0x00,0x00,0x00,0x00,0x00,0x00,0x00,
    0x00,0x00,0x00,0x00,0xaa,0xaa,0xaa,0x03,0xff,0xff,0xff,0x01,0x00,0x00,0x00,0x00,0x00,0x00,0x00,0x00,0x00,0x00,0x00,0x00,
    0x00,0x00,0x00,0x00,0x00,0x00,0x00,0x00,0x00,0x00,0x00,0x00,0x00,0x00,0x00,0x00,0x00,0x00,0x00,0x00,0x00,0x00,0x00,0x00,
    0x00,0x00,0x00,0x00,0x00,0x00,0x00,0x00,0x00,0x00,0x00,0x00,0x00,0x00,0x00,0x00,0x00,0x00,0x00,0x00,0x00,0x00,0x00,0x00,
    0x00,0x00,0x00,0x00,0x00,0x00,0x00,0x00,0x00,0x00,0x00,0x00,0x00,0x00,0x00,0x00,0x00,0x00,0x00,0x00,0x00,0x00,0x00,0x00,
    0x00,0x00,0x00,0x00,0x00,0x00,0x00,0x00,0x00,0x00,0x00,0x00,0x00,0x00,0x00,0x00,0x00,0x00,0x00,0x00,0x00,0x00,0x00,0x00,
    0x00,0x00,0x00,0x00,0x00,0x00,0x00,0x00,0x00,0x00,0x00,0x00,0x00,0x00,0x00,0x00,0x00,0x00,0x00,0x00,0x00,0x00,0x00,0x00,
    0x00,0x00,0x00,0x00,0x00,0x00,0x00,0x00,0x00,0x00,0x00,0x00,0x00,0x00,0x00,0x00,0x00,0x00,0x00,0x00,0x00,0x00,0x00,0x00,
    0x00,0x00,0x00,0x00,0x00,0x00,0x00,0x00,0x00,0x00,0x00,0x00,0x00,0x00,0x00,0x00,0x00,0x00,0x00,0x00,0x00,0x00,0x00,0x00,
    0x00,0x00,0x00,0x00,0x00,0x00,0x00,0x00,0x00,0x00,0x00,0x00,0x00,0x00,0x00,0x00,0x00,0x00,0x00,0x00,0x00,0x00,0x00,0x00,
    0x00,0x00,0x00,0x00,0x00,0x00,0x00,0x00,0x00,0x00,0x00,0x00,0x00,0x00,0x00,0x00,0x00,0x00,0x00,0x00,0x00,0x00,0x00,0x00,
    0x00,0x00,0x00,0x00,0x00,0x00,0x00,0x00,0x00,0x00,0x00,0x00,0x00,0x00,0x00,0x00,0x00,0x00,0x00,0x00,0x00,0x00,0x00,0x00,
    0x00,0x00,0x00,0x00,0x00,0x00,0x00,0x01,0xaa,0xaa,0xaa,0x03,0x7f,0x7f,0x7f,0x02,0x00,0x00,0x00,0x00,0x00,0x00,0x00,0x00,
    0x00,0x00,0x00,0x00,0x00,0x00,0x00,0x00,0xaf,0x9f,0x9f,0x10,0xa3,0x9a,0x9a,0x1c,0xa3,0x9f,0x9f,0x40,0x9f,0x97,0x97,0x40,
    0x9b,0x97,0x97,0x40,0xa7,0x9f,0x9f,0x40,0x9f,0x99,0x99,0x28,0xaf,0xaf,0xaf,0x10,0xff,0xaa,0xaa,0x03,0x00,0x00,0x00,0x00,
    0x00,0x00,0x00,0x00,0x00,0x00,0x00,0x00,0x00,0x00,0x00,0x01,0xaa,0xaa,0xaa,0x03,0xff,0xff,0xff,0x01,0x00,0x00,0x00,0x00,
    0x00,0x00,0x00,0x00,0x00,0x00,0x00,0x00,0x00,0x00,0x00,0x00,0x00,0x00,0x00,0x00,0x00,0x00,0x00,0x00,0x00,0x00,0x00,0x00,
    0x00,0x00,0x00,0x00,0x00,0x00,0x00,0x00,0x00,0x00,0x00,0x00,0x00,0x00,0x00,0x00,0x00,0x00,0x00,0x00,0x00,0x00,0x00,0x00,
    0x00,0x00,0x00,0x00,0x00,0x00,0x00,0x00,0x00,0x00,0x00,0x00,0x00,0x00,0x00,0x00,0x00,0x00,0x00,0x00,0x00,0x00,0x00,0x00,
    0x00,0x00,0x00,0x00,0x00,0x00,0x00,0x00,0x00,0x00,0x00,0x00,0x00,0x00,0x00,0x00,0x00,0x00,0x00,0x00,0x00,0x00,0x00,0x00,
    0x00,0x00,0x00,0x00,0x00,0x00,0x00,0x00,0x00,0x00,0x00,0x00,0x00,0x00,0x00,0x00,0x00,0x00,0x00,0x00,0x00,0x00,0x00,0x00,
    0x00,0x00,0x00,0x00,0x00,0x00,0x00,0x00,0x00,0x00,0x00,0x00,0x00,0x00,0x00,0x00,0x00,0x00,0x00,0x00,0x00,0x00,0x00,0x00,
    0x00,0x00,0x00,0x00,0x00,0x00,0x00,0x00,0x00,0x00,0x00,0x00,0x00,0x00,0x00,0x00,0x00,0x00,0x00,0x00,0x00,0x00,0x00,0x00,
    0x00,0x00,0x00,0x00,0x00,0x00,0x00,0x00,0x00,0x00,0x00,0x00,0x00,0x00,0x00,0x00,0x00,0x00,0x00,0x00,0x00,0x00,0x00,0x00,
    0x00,0x00,0x00,0x00,0x00,0x00,0x00,0x00,0x00,0x00,0x00,0x00,0x00,0x00,0x00,0x00,0x00,0x00,0x00,0x00,0x00,0x00,0x00,0x00,
    0x00,0x00,0x00,0x00,0x00,0x00,0x00,0x00,0x00,0x00,0x00,0x00,0x00,0x00,0x00,0x00,0x00,0x00,0x00,0x00,0x00,0x00,0x00,0x00,
    0x00,0x00,0x00,0x00,0x00,0x00,0x00,0x00,0x00,0x00,0x00,0x00,0x00,0x00,0x00,0x00,0x00,0x00,0x00,0x00,0x00,0x00,0x00,0x00,
    0x00,0x00,0x00,0x00,0x00,0x00,0x00,0x00,0x7f,0x7f,0x7f,0x02,0x7f,0x7f,0x7f,0x04,0xbf,0x7f,0x7f,0x04,0x00,0x00,0x00,0x01,
    0x00,0x00,0x00,0x00,0x00,0x00,0x00,0x00,0x00,0x00,0x00,0x00,0x00,0x00,0x00,0x00,0x00,0x00,0x00,0x00,0x00,0x00,0x00,0x00,
    0x00,0x00,0x00,0x00,0x00,0x00,0x00,0x00,0x00,0x00,0x00,0x00,0x7f,0x7f,0x7f,0x04,0x7f,0x7f,0x7f,0x04,0x7f,0x7f,0x7f,0x02,
    0x00,0x00,0x00,0x00,0x00,0x00,0x00,0x00,0x00,0x00,0x00,0x00,0x00,0x00,0x00,0x00,0x00,0x00,0x00,0x00,0x00,0x00,0x00,0x00,
    0x00,0x00,0x00,0x00,0x00,0x00,0x00,0x00,0x00,0x00,0x00,0x00,0x00,0x00,0x00,0x00,0x00,0x00,0x00,0x00,0x00,0x00,0x00,0x00,
    0x00,0x00,0x00,0x00,0x00,0x00,0x00,0x00,0x00,0x00,0x00,0x00,0x00,0x00,0x00,0x00,0x00,0x00,0x00,0x00,0x00,0x00,0x00,0x00,
    0x00,0x00,0x00,0x00,0x00,0x00,0x00,0x00,0x00,0x00,0x00,0x00,0x00,0x00,0x00,0x00,0x00,0x00,0x00,0x00,0x00,0x00,0x00,0x00,
    0x00,0x00,0x00,0x00,0x00,0x00,0x00,0x00,0x00,0x00,0x00,0x00,0x00,0x00,0x00,0x00,0x00,0x00,0x00,0x00,0x00,0x00,0x00,0x00,
    0x00,0x00,0x00,0x00,0x00,0x00,0x00,0x00,0x00,0x00,0x00,0x00,0x00,0x00,0x00,0x00,0x00,0x00,0x00,0x00,0x00,0x00,0x00,0x00,
};
const lv_image_dsc_t img_eye_sclera = {
    .header.magic = LV_IMAGE_HEADER_MAGIC,
    .header.cf = LV_COLOR_FORMAT_ARGB8888,
    .header.w = 88,
    .header.h = 150,
    .header.stride = 352,
    .data_size = sizeof(img_eye_sclera_map),
    .data = img_eye_sclera_map,
};

static const uint8_t img_iris_idle_map[] = {
    0x00,0x00,0x00,0x00,0x00,0x00,0x00,0x00,0x00,0x00,0x00,0x00,0x00,0x00,0x00,0x00,0x00,0x00,0x00,0x00,0x00,0x00,0x00,0x00,
    0x00,0x00,0x00,0x00,0x00,0x00,0x00,0x00,0x00,0x00,0x00,0x00,0x00,0x00,0x00,0x00,0x00,0x00,0x00,0x00,0x00,0x00,0x00,0x00,
    0x00,0x00,0x00,0x00,0x00,0x00,0x00,0x00,0x00,0x00,0x00,0x00,0x00,0x00,0xff,0x01,0x00,0x3f,0x3f,0x04,0x00,0x00,0x00,0x01,
    0x00,0x00,0x00,0x00,0x00,0x00,0x00,0x00,0x00,0x00,0x00,0x00,0x00,0x00,0x00,0x00,0x00,0x00,0x00,0x00,0x0e,0x38,0x63,0x12,
    0x0f,0x2d,0x69,0x11,0x0f,0x2d,0x69,0x11,0x0e,0x38,0x71,0x12,0x00,0x55,0x55,0x03,0x00,0x00,0x00,0x00,0x00,0x00,0x00,0x00,
    0x00,0x00,0x00,0x00,0x00,0x00,0x00,0x00,0x00,0x00,0x00,0x00,0x00,0x3f,0x3f,0x04,0x00,0x00,0x7f,0x02,0x00,0x00,0x00,0x00,
    0x00,0x00,0x00,0x00,0x00,0x00,0x00,0x00,0x00,0x00,0x00,0x00,0x00,0x00,0x00,0x00,0x00,0x00,0x00,0x00,0x00,0x00,0x00,0x00,
    0x00,0x00,0x00,0x00,0x00,0x00,0x00,0x00,0x00,0x00,0x00,0x00,0x00,0x00,0x00,0x00,0x00,0x00,0x00,0x00,0x00,0x00,0x00,0x00,
    0x00,0x00,0x00,0x00,0x00,0x00,0x00,0x00,0x00,0x00,0x00,0x00,0x00,0x00,0x00,0x00,0x00,0x00,0x00,0x00,0x00,0x00,0x00,0x00,
    0x00,0x00,0x00,0x00,0x00,0x00,0x00,0x00,0x00,0x00,0x00,0x00,0x00,0x00,0x00,0x00,0x00,0x00,0x00,0x00,0x00,0x00,0x00,0x00,
    0x00,0x00,0x00,0x00,0x00,0x00,0x00,0x00,0x00,0x00,0x00,0x00,0x00,0x00,0x00,0x01,0x00,0x55,0x55,0x03,0x00,0x00,0x00,0x00,
    0x00,0x00,0x00,0x00,0x00,0x00,0x00,0x00,0x08,0x34,0x60,0x1d,0x0c,0x33,0x62,0x50,0x0b,0x33,0x64,0x82,0x0c,0x32,0x62,0xb6,
    0x0b,0x31,0x62,0xc7,0x0b,0x32,0x63,0xea,0x0b,0x32,0x62,0xea,0x0b,0x32,0x62,0xea,0x0b,0x33,0x63,0xeb,0x0c,0x31,0x62,0xd2,
    0x0c,0x32,0x62,0xba,0x0c,0x34,0x65,0x8d,0x0d,0x33,0x66,0x5f,0x0c,0x37,0x63,0x29,0x00,0x3f,0x7f,0x04,0x00,0x00,0x00,0x00,
    0x00,0x00,0x00,0x00,0x00,0x55,0x55,0x03,0x00,0x00,0x7f,0x02,0x00,0x00,0x00,0x00,0x00,0x00,0x00,0x00,0x00,0x00,0x00,0x00,
    0x00,0x00,0x00,0x00,0x00,0x00,0x00,0x00,0x00,0x00,0x00,0x00,0x00,0x00,0x00,0x00,0x00,0x00,0x00,0x00,0x00,0x00,0x00,0x00,
    0x00,0x00,0x00,0x00,0x00,0x00,0x00,0x00,0x00,0x00,0x00,0x00,0x00,0x00,0x00,0x00,0x00,0x00,0x00,0x00,0x00,0x00,0x00,0x00,
    0x00,0x00,0x00,0x00,0x00,0x00,0x00,0x00,0x00,0x00,0x00,0x00,0x00,0x00,0x00,0x00,0x00,0x00,0x00,0x00,0x00,0x00,0x00,0x00,
    0x00,0x00,0x00,0x00,0x00,0x00,0x00,0x00,0x00,0x00,0x00,0x00,0x00,0x00,0x00,0x00,0x00,0x55,0x55,0x03,0x00,0x00,0x00,0x00,
    0x00,0x00,0x00,0x00,0x0b,0x37,0x63,0x17,0x0c,0x35,0x64,0x65,0x0c,0x33,0x64,0xc6,0x0c,0x32,0x63,0xf6,0x0d,0x35,0x68,0xff,
    0x0d,0x36,0x6a,0xff,0x0d,0x35,0x68,0xff,0x0d,0x35,0x67,0xff,0x0c,0x33,0x64,0xff,0x0c,0x33,0x64,0xff,0x0c,0x33,0x64,0xff,
    0x0c,0x33,0x63,0xff,0x0c,0x34,0x66,0xff,0x0d,0x35,0x68,0xff,0x0d,0x36,0x6a,0xff,0x0d,0x36,0x69,0xff,0x0c,0x32,0x63,0xfc,
    0x0d,0x33,0x65,0xd6,0x0b,0x33,0x65,0x80,0x0c,0x33,0x66,0x28,0x00,0x00,0x00,0x00,0x00,0x00,0x00,0x00,0x00,0x55,0x55,0x03,
    0x00,0x00,0x00,0x01,0x00,0x00,0x00,0x00,0x00,0x00,0x00,0x00,0x00,0x00,0x00,0x00,0x00,0x00,0x00,0x00,0x00,0x00,0x00,0x00,
    0x00,0x00,0x00,0x00,0x00,0x00,0x00,0x00,0x00,0x00,0x00,0x00,0x00,0x00,0x00,0x00,0x00,0x00,0x00,0x00,0x00,0x00,0x00,0x00,
    0x00,0x00,0x00,0x00,0x00,0x00,0x00,0x00,0x00,0x00,0x00,0x00,0x00,0x00,0x00,0x00,0x00,0x00,0x00,0x00,0x00,0x00,0x00,0x00,
    0x00,0x00,0x00,0x00,0x00,0x00,0x00,0x00,0x00,0x00,0x00,0x00,0x00,0x00,0x00,0x00,0x00,0x00,0xff,0x01,0xff,0xff,0xff,0x01,
    0x02,0x00,0x00,0x00,0x2c,0x4d,0x79,0x17,0x11,0x37,0x67,0x80,0x0e,0x34,0x65,0xe8,0x0d,0x36,0x69,0xff,0x0d,0x35,0x67,0xff,
    0x0c,0x32,0x63,0xff,0x0c,0x31,0x60,0xfc,0x0c,0x30,0x5f,0xfb,0x0c,0x30,0x60,0xfc,0x0c,0x31,0x61,0xfc,0x0c,0x33,0x63,0xfe,
    0x0c,0x33,0x63,0xfe,0x0c,0x33,0x63,0xfe,0x0c,0x33,0x63,0xfe,0x0c,0x31,0x61,0xfd,0x0c,0x30,0x60,0xfc,0x0c,0x30,0x5f,0xfb,
    0x0c,0x30,0x60,0xfc,0x0c,0x32,0x62,0xff,0x0c,0x34,0x66,0xff,0x0d,0x36,0x69,0xff,0x0c,0x33,0x64,0xf8,0x0c,0x33,0x64,0x9e,
    0x0b,0x34,0x62,0x2c,0x00,0x00,0x00,0x00,0x00,0x00,0x00,0x00,0x00,0x00,0x7f,0x02,0x00,0x00,0x00,0x00,0x00,0x00,0x00,0x00,
    0x00,0x00,0x00,0x00,0x00,0x00,0x00,0x00,0x00,0x00,0x00,0x00,0x00,0x00,0x00,0x00,0x00,0x00,0x00,0x00,0x00,0x00,0x00,0x00,
    0x00,0x00,0x00,0x00,0x00,0x00,0x00,0x00,0x00,0x00,0x00,0x00,0x00,0x00,0x00,0x00,0x00,0x00,0x00,0x00,0x00,0x00,0x00,0x00,
    0x00,0x00,0x00,0x00,0x00,0x00,0x00,0x00,0x00,0x00,0x00,0x00,0x00,0x00,0x00,0x00,0x00,0x00,0x00,0x00,0x00,0x55,0x55,0x03,
    0x03,0x02,0x01,0x00,0x00,0x00,0x00,0x00,0x00,0x1e,0x54,0x6d,0x00,0x27,0x5b,0xe9,0x03,0x2d,0x62,0xff,0x08,0x2f,0x61,0xff,
    0x0f,0x33,0x62,0xfc,0x0e,0x32,0x60,0xfd,0x0c,0x32,0x62,0xfe,0x0c,0x36,0x68,0xff,0x0d,0x3b,0x70,0xff,0x0d,0x3e,0x76,0xff,
    0x0d,0x40,0x78,0xff,0x0e,0x43,0x7c,0xff,0x0e,0x43,0x7d,0xff,0x0e,0x43,0x7d,0xff,0x0e,0x44,0x7d,0xff,0x0e,0x41,0x79,0xff,
    0x0e,0x3f,0x76,0xff,0x0d,0x3c,0x71,0xff,0x0d,0x38,0x6b,0xff,0x0c,0x33,0x63,0xfe,0x0c,0x30,0x5f,0xfd,0x0c,0x30,0x60,0xfc,
    0x0c,0x32,0x63,0xff,0x0d,0x35,0x69,0xff,0x0c,0x34,0x65,0xf9,0x0c,0x32,0x65,0x92,0x11,0x33,0x55,0x0f,0x00,0x00,0x00,0x00,
    0x00,0x55,0x55,0x03,0x00,0x00,0x00,0x00,0x00,0x00,0x00,0x00,0x00,0x00,0x00,0x00,0x00,0x00,0x00,0x00,0x00,0x00,0x00,0x00,
    0x00,0x00,0x00,0x00,0x00,0x00,0x00,0x00,0x00,0x00,0x00,0x00,0x00,0x00,0x00,0x00,0x00,0x00,0x00,0x00,0x00,0x00,0x00,0x00,
    0x00,0x00,0x00,0x00,0x00,0x00,0x00,0x00,0x00,0x00,0x00,0x00,0x00,0x00,0x00,0x00,0x00,0x00,0x00,0x00,0x00,0x00,0x00,0x00,
    0x00,0x55,0xaa,0x03,0x01,0x00,0x00,0x00,0x00,0x00,0x00,0x19,0x14,0x3a,0x69,0xb8,0x3e,0x5f,0x89,0xff,0x53,0x6f,0x91,0xff,
    0x3b,0x5a,0x81,0xfb,0x1f,0x41,0x6d,0xfe,0x00,0x2b,0x5f,0xff,0x04,0x35,0x6d,0xff,0x10,0x45,0x7c,0xff,0x0e,0x46,0x81,0xff,
    0x0e,0x48,0x83,0xff,0x0e,0x48,0x84,0xff,0x0e,0x49,0x85,0xff,0x0e,0x49,0x85,0xff,0x0e,0x49,0x85,0xff,0x0e,0x49,0x85,0xff,
    0x0e,0x49,0x85,0xff,0x0e,0x49,0x85,0xff,0x0e,0x48,0x84,0xff,0x0e,0x48,0x84,0xff,0x0e,0x47,0x82,0xff,0x0e,0x43,0x7d,0xff,
    0x0d,0x3e,0x74,0xff,0x0d,0x37,0x69,0xff,0x0c,0x31,0x60,0xfe,0x0c,0x30,0x60,0xfc,0x0c,0x32,0x63,0xff,0x0d,0x36,0x69,0xff,
    0x0c,0x33,0x65,0xd9,0x0c,0x2f,0x5f,0x3b,0x00,0x00,0x00,0x00,0x00,0x55,0x55,0x03,0x00,0x00,0x00,0x00,0x00,0x00,0x00,0x00,
    0x00,0x00,0x00,0x00,0x00,0x00,0x00,0x00,0x00,0x00,0x00,0x00,0x00,0x00,0x00,0x00,0x00,0x00,0x00,0x00,0x00,0x00,0x00,0x00,
    0x00,0x00,0x00,0x00,0x00,0x00,0x00,0x00,0x00,0x00,0x00,0x00,0x00,0x00,0x00,0x00,0x00,0x00,0x00,0x00,0x00,0x00,0x00,0x00,
    0x00,0x00,0x00,0x00,0x3f,0x3f,0x7f,0x04,0x01,0x00,0x00,0x00,0x00,0x15,0x49,0x3b,0x7d,0x91,0xac,0xe6,0xdd,0xe5,0xef,0xff,
    0xff,0xff,0xff,0xfb,0xff,0xff,0xff,0xfe,0xfb,0xfc,0xfd,0xff,0xeb,0xee,0xf2,0xff,0x9a,0xb1,0xc9,0xff,0x37,0x67,0x99,0xff,
    0x02,0x3f,0x7e,0xff,0x0f,0x4a,0x86,0xff,0x0f,0x4b,0x88,0xff,0x0e,0x4b,0x89,0xff,0x0f,0x4d,0x8b,0xff,0x0f,0x4d,0x8c,0xff,
    0x0f,0x4e,0x8c,0xff,0x0f,0x4e,0x8c,0xff,0x0f,0x4d,0x8c,0xff,0x0f,0x4d,0x8b,0xff,0x0e,0x4c,0x8a,0xff,0x0e,0x4b,0x87,0xff,
    0x0e,0x49,0x86,0xff,0x0e,0x49,0x85,0xff,0x0e,0x48,0x84,0xff,0x0e,0x47,0x81,0xff,0x0d,0x40,0x78,0xff,0x0d,0x36,0x67,0xff,
    0x0c,0x30,0x5f,0xfe,0x0c,0x31,0x61,0xfb,0x0d,0x34,0x66,0xff,0x0c,0x33,0x65,0xfb,0x0c,0x31,0x63,0x67,0x00,0x00,0x00,0x00,
    0x00,0x55,0x55,0x03,0x00,0x00,0x00,0x01,0x00,0x00,0x00,0x00,0x00,0x00,0x00,0x00,0x00,0x00,0x00,0x00,0x00,0x00,0x00,0x00,
    0x00,0x00,0x00,0x00,0x00,0x00,0x00,0x00,0x00,0x00,0x00,0x00,0x00,0x00,0x00,0x00,0x00,0x00,0x00,0x00,0x00,0x00,0x00,0x00,
    0x00,0x00,0x00,0x00,0x00,0x00,0x00,0x00,0x00,0x3f,0x3f,0x04,0x02,0x00,0x00,0x00,0x07,0x25,0x55,0x65,0x9a,0xac,0xc2,0xfb,
    0xff,0xff,0xff,0xff,0xff,0xff,0xff,0xfc,0xf9,0xfb,0xfc,0xff,0xf8,0xf9,0xfb,0xff,0xfa,0xfb,0xfc,0xff,0xfd,0xfe,0xff,0xff,
    0xff,0xff,0xff,0xff,0xfa,0xfb,0xfc,0xff,0x87,0xa6,0xc4,0xff,0x04,0x47,0x88,0xff,0x0f,0x50,0x8f,0xff,0x10,0x52,0x92,0xff,
    0x0f,0x52,0x93,0xff,0x0f,0x53,0x94,0xff,0x0f,0x53,0x94,0xff,0x0f,0x53,0x94,0xff,0x0f,0x53,0x94,0xff,0x0f,0x52,0x93,0xff,
    0x0f,0x52,0x92,0xff,0x0f,0x50,0x90,0xff,0x0f,0x4f,0x8f,0xff,0x0f,0x4e,0x8c,0xff,0x0e,0x4b,0x88,0xff,0x0e,0x49,0x85,0xff,
    0x0e,0x49,0x84,0xff,0x0e,0x46,0x80,0xff,0x0d,0x3d,0x73,0xff,0x0c,0x32,0x63,0xff,0x0c,0x30,0x5f,0xfd,0x0c,0x32,0x63,0xfe,
    0x0d,0x35,0x68,0xff,0x0b,0x32,0x62,0x98,0x00,0x00,0x00,0x00,0x00,0x00,0x7f,0x02,0x00,0x00,0x00,0x01,0x00,0x00,0x00,0x00,
    0x00,0x00,0x00,0x00,0x00,0x00,0x00,0x00,0x00,0x00,0x00,0x00,0x00,0x00,0x00,0x00,0x00,0x00,0x00,0x00,0x00,0x00,0x00,0x00,
    0x00,0x00,0x00,0x00,0x00,0x00,0x00,0x00,0x00,0x00,0x00,0x00,0x00,0x55,0x55,0x03,0x03,0x00,0x00,0x00,0x00,0x11,0x46,0x65,
    0x66,0x80,0xa1,0xff,0xff,0xff,0xff,0xfe,0xf6,0xf7,0xf9,0xfd,0xf8,0xf9,0xfb,0xff,0xfa,0xfb,0xfc,0xff,0xfa,0xfb,0xfd,0xff,
    0xfa,0xfb,0xfd,0xff,0xf9,0xfa,0xfc,0xff,0xf6,0xf9,0xfb,0xff,0xfa,0xfc,0xfd,0xff,0xff,0xff,0xff,0xff,0xa4,0xbe,0xd7,0xff,
    0x09,0x50,0x93,0xff,0x0f,0x55,0x97,0xff,0x10,0x56,0x97,0xff,0x0f,0x56,0x98,0xff,0x0f,0x56,0x98,0xff,0x0f,0x56,0x98,0xff,
    0x0f,0x56,0x98,0xff,0x0f,0x56,0x97,0xff,0x0f,0x55,0x97,0xff,0x0f,0x55,0x96,0xff,0x0f,0x54,0x95,0xff,0x0f,0x53,0x93,0xff,
    0x0f,0x51,0x90,0xff,0x0f,0x4f,0x8d,0xff,0x0e,0x4c,0x89,0xff,0x0e,0x49,0x85,0xff,0x0e,0x49,0x84,0xff,0x0e,0x43,0x7b,0xff,
    0x0c,0x35,0x67,0xff,0x0c,0x31,0x60,0xfe,0x0c,0x32,0x62,0xfc,0x0d,0x36,0x6a,0xff,0x0b,0x31,0x61,0x9a,0x00,0x00,0x00,0x00,
    0x00,0x55,0x55,0x03,0x00,0x00,0x00,0x00,0x00,0x00,0x00,0x00,0x00,0x00,0x00,0x00,0x00,0x00,0x00,0x00,0x00,0x00,0x00,0x00,
    0x00,0x00,0x00,0x00,0x00,0x00,0x00,0x00,0x00,0x00,0x00,0x00,0x00,0x00,0x00,0x00,0x00,0x55,0x55,0x03,0x00,0x00,0x00,0x00,
    0x08,0x2c,0x59,0x39,0x12,0x38,0x68,0xfe,0xd7,0xde,0xe6,0xfd,0xfd,0xfd,0xff,0xfd,0xf8,0xf9,0xfa,0xff,0xfa,0xfb,0xfd,0xff,
    0xfa,0xfb,0xfd,0xff,0xfa,0xfb,0xfd,0xff,0xfa,0xfc,0xfd,0xff,0xfa,0xfc,0xfd,0xff,0xfa,0xfc,0xfd,0xff,0xf9,0xfb,0xfd,0xff,
    0xf6,0xf9,0xfb,0xff,0xff,0xff,0xff,0xff,0x90,0xb1,0xd0,0xff,0x01,0x4c,0x92,0xff,0x13,0x59,0x9a,0xff,0x10,0x57,0x99,0xff,
    0x10,0x57,0x99,0xff,0x10,0x57,0x99,0xff,0x10,0x57,0x99,0xff,0x10,0x57,0x99,0xff,0x10,0x57,0x99,0xff,0x10,0x57,0x99,0xff,
    0x0f,0x57,0x99,0xff,0x0f,0x56,0x98,0xff,0x0f,0x55,0x97,0xff,0x0f,0x54,0x94,0xff,0x0f,0x52,0x91,0xff,0x0f,0x4e,0x8c,0xff,
    0x0e,0x4b,0x87,0xff,0x0e,0x49,0x85,0xff,0x0e,0x46,0x7f,0xff,0x0c,0x36,0x68,0xff,0x0c,0x31,0x60,0xff,0x0c,0x33,0x62,0xfa,
    0x0d,0x37,0x6a,0xff,0x0b,0x32,0x61,0x70,0x00,0x00,0x00,0x00,0x00,0x3f,0x7f,0x04,0x00,0x00,0x00,0x00,0x00,0x00,0x00,0x00,
    0x00,0x00,0x00,0x00,0x00,0x00,0x00,0x00,0x00,0x00,0x00,0x00,0x00,0x00,0x00,0x00,0x00,0x00,0x00,0x00,0x00,0x00,0x00,0x02,
    0x00,0x00,0xff,0x01,0x2c,0x42,0x6e,0x17,0x00,0x27,0x5a,0xe9,0x49,0x67,0x8c,0xfe,0xff,0xff,0xff,0xfd,0xf8,0xfa,0xfb,0xff,
    0xfa,0xfb,0xfd,0xff,0xfa,0xfb,0xfd,0xff,0xfa,0xfc,0xfd,0xff,0xfa,0xfc,0xfd,0xff,0xfa,0xfc,0xfd,0xff,0xfa,0xfc,0xfd,0xff,
    0xfa,0xfc,0xfd,0xff,0xfa,0xfc,0xfd,0xff,0xf9,0xfc,0xfd,0xff,0xf6,0xf9,0xfb,0xff,0xff,0xff,0xff,0xff,0x64,0x92,0xbd,0xff,
    0x01,0x4d,0x93,0xff,0x14,0x59,0x9a,0xff,0x10,0x57,0x99,0xff,0x10,0x57,0x99,0xff,0x10,0x57,0x98,0xff,0x10,0x56,0x98,0xff,
    0x10,0x57,0x98,0xff,0x10,0x58,0x99,0xff,0x10,0x58,0x9a,0xff,0x10,0x58,0x9a,0xff,0x10,0x57,0x9a,0xff,0x0f,0x57,0x99,0xff,
    0x0f,0x56,0x97,0xff,0x0f,0x53,0x93,0xff,0x0f,0x50,0x8f,0xff,0x0e,0x4c,0x89,0xff,0x0e,0x4a,0x85,0xff,0x0e,0x46,0x80,0xff,
    0x0c,0x36,0x68,0xff,0x0c,0x31,0x60,0xfe,0x0c,0x32,0x62,0xfb,0x0d,0x34,0x66,0xff,0x0b,0x30,0x60,0x45,0x00,0x00,0x00,0x00,
    0x00,0x55,0x55,0x03,0x00,0x00,0x00,0x00,0x00,0x00,0x00,0x00,0x00,0x00,0x00,0x00,0x00,0x00,0x00,0x00,0x00,0x00,0x00,0x00,
    0x00,0x00,0x00,0x00,0x00,0x00,0x55,0x03,0x00,0x00,0x00,0x00,0x10,0x36,0x65,0xba,0x00,0x27,0x5e,0xff,0x6a,0x81,0x9d,0xfc,
    0xfe,0xfe,0xff,0xff,0xf6,0xf8,0xfb,0xff,0xfa,0xfb,0xfd,0xff,0xfa,0xfc,0xfd,0xff,0xfa,0xfc,0xfd,0xff,0xfa,0xfc,0xfd,0xff,
    0xfa,0xfc,0xfd,0xff,0xfa,0xfc,0xfd,0xff,0xfa,0xfc,0xfd,0xff,0xfa,0xfc,0xfd,0xff,0xfa,0xfc,0xfd,0xff,0xf8,0xfb,0xfc,0xff,
    0xfe,0xfe,0xff,0xff,0xdd,0xe7,0xf1,0xff,0x15,0x5e,0xa0,0xff,0x0e,0x5c,0xa1,0xff,0x11,0x5c,0x9f,0xff,0x11,0x5c,0x9f,0xff,
    0x11,0x5c,0xa0,0xff,0x11,0x5e,0xa3,0xff,0x11,0x5d,0xa0,0xff,0x10,0x59,0x9b,0xff,0x10,0x58,0x99,0xff,0x10,0x58,0x9a,0xff,
    0x10,0x59,0x9b,0xff,0x10,0x59,0x9b,0xff,0x0f,0x58,0x9a,0xff,0x0f,0x57,0x99,0xff,0x0f,0x55,0x95,0xff,0x0f,0x51,0x90,0xff,
    0x0e,0x4d,0x89,0xff,0x0e,0x4a,0x86,0xff,0x0e,0x46,0x80,0xff,0x0c,0x34,0x66,0xff,0x0c,0x31,0x60,0xfd,0x0c,0x34,0x64,0xfe,
    0x0c,0x32,0x64,0xe8,0x0b,0x2e,0x5c,0x16,0x00,0x00,0xff,0x01,0x00,0x00,0x00,0x02,0x00,0x00,0x00,0x00,0x00,0x00,0x00,0x00,
    0x00,0x00,0x00,0x00,0x00,0x00,0x00,0x00,0x00,0x55,0x55,0x03,0x00,0x00,0x00,0x00,0x0b,0x32,0x61,0x6b,0x11,0x39,0x6c,0xff,
    0x00,0x23,0x56,0xfb,0x8c,0x9e,0xb5,0xff,0xff,0xff,0xff,0xff,0xf6,0xf8,0xfa,0xff,0xfa,0xfb,0xfd,0xff,0xfa,0xfc,0xfd,0xff,
    0xfa,0xfc,0xfd,0xff,0xfa,0xfc,0xfd,0xff,0xfa,0xfc,0xfd,0xff,0xfa,0xfc,0xfd,0xff,0xfa,0xfc,0xfd,0xff,0xfa,0xfc,0xfd,0xff,
    0xfa,0xfc,0xfd,0xff,0xfa,0xfc,0xfd,0xff,0xf7,0xf9,0xfb,0xff,0xff,0xff,0xff,0xff,0x74,0x92,0xaf,0xff,0x00,0x21,0x4d,0xff,
    0x0b,0x28,0x4b,0xff,0x07,0x25,0x49,0xff,0x08,0x2a,0x50,0xff,0x0a,0x39,0x67,0xff,0x0d,0x47,0x7e,0xff,0x10,0x58,0x9a,0xff,
    0x11,0x5f,0xa4,0xff,0x10,0x5b,0x9d,0xff,0x10,0x59,0x9a,0xff,0x10,0x5a,0x9c,0xff,0x10,0x5a,0x9c,0xff,0x10,0x5a,0x9b,0xff,
    0x0f,0x58,0x9a,0xff,0x0f,0x56,0x96,0xff,0x0f,0x52,0x91,0xff,0x0e,0x4d,0x8a,0xff,0x0e,0x4b,0x86,0xff,0x0e,0x43,0x7b,0xff,
    0x0c,0x32,0x62,0xff,0x0c,0x31,0x61,0xfc,0x0d,0x36,0x69,0xff,0x0c,0x31,0x61,0xaa,0x00,0x00,0x00,0x00,0x00,0x55,0x55,0x03,
    0x00,0x00,0x00,0x00,0x00,0x00,0x00,0x00,0x00,0x00,0x00,0x00,0x00,0x00,0x00,0x01,0x00,0x00,0xff,0x01,0x0d,0x35,0x5d,0x13,
    0x0b,0x32,0x63,0xee,0x10,0x36,0x66,0xfd,0x00,0x24,0x57,0xfe,0x8a,0x9d,0xb4,0xff,0xff,0xff,0xff,0xff,0xf6,0xf8,0xfb,0xff,
    0xfa,0xfc,0xfd,0xff,0xfa,0xfc,0xfd,0xff,0xfa,0xfc,0xfd,0xff,0xfa,0xfc,0xfd,0xff,0xfa,0xfc,0xfd,0xff,0xfa,0xfc,0xfd,0xff,
    0xfa,0xfc,0xfd,0xff,0xfa,0xfc,0xfd,0xff,0xfa,0xfc,0xfd,0xff,0xfa,0xfb,0xfc,0xff,0xf7,0xf7,0xf9,0xff,0xfe,0xfe,0xff,0xff,
    0xb9,0xbb,0xc0,0xff,0x02,0x06,0x1f,0xff,0x05,0x12,0x2a,0xff,0x04,0x11,0x28,0xff,0x03,0x10,0x27,0xff,0x03,0x0f,0x26,0xff,
    0x03,0x11,0x29,0xff,0x06,0x1d,0x3d,0xff,0x0a,0x37,0x65,0xff,0x11,0x59,0x99,0xff,0x12,0x5e,0xa2,0xff,0x11,0x5a,0x9b,0xff,
    0x11,0x5b,0x9d,0xff,0x11,0x5b,0x9d,0xff,0x11,0x5b,0x9c,0xff,0x10,0x59,0x9b,0xff,0x10,0x57,0x97,0xff,0x0f,0x52,0x90,0xff,
    0x0f,0x4d,0x89,0xff,0x0f,0x4b,0x87,0xff,0x0d,0x3d,0x72,0xff,0x0c,0x30,0x60,0xff,0x0c,0x32,0x63,0xfc,0x0d,0x35,0x67,0xff,
    0x0b,0x33,0x63,0x40,0x00,0x00,0x00,0x00,0x00,0x55,0x55,0x03,0x00,0x00,0x00,0x00,0x00,0x00,0x00,0x00,0x00,0x55,0xaa,0x03,
    0x00,0x00,0x00,0x00,0x0b,0x31,0x61,0x80,0x0d,0x36,0x69,0xff,0x0f,0x34,0x63,0xfb,0x00,0x26,0x5a,0xff,0x73,0x91,0xb1,0xff,
    0xff,0xff,0xff,0xff,0xf6,0xf9,0xfb,0xff,0xfa,0xfc,0xfd,0xff,0xfa,0xfc,0xfd,0xff,0xfa,0xfc,0xfd,0xff,0xfa,0xfc,0xfd,0xff,
    0xfa,0xfc,0xfd,0xff,0xfa,0xfc,0xfd,0xff,0xfa,0xfc,0xfd,0xff,0xfa,0xfc,0xfd,0xff,0xfa,0xfb,0xfc,0xff,0xfa,0xfa,0xfb,0xff,
    0xf9,0xf9,0xfa,0xff,0xfd,0xfd,0xfe,0xff,0xef,0xf0,0xf3,0xff,0x1e,0x2e,0x46,0xff,0x00,0x0f,0x2a,0xff,0x06,0x16,0x31,0xff,
    0x04,0x15,0x2f,0xff,0x04,0x15,0x30,0xff,0x04,0x15,0x2f,0xff,0x04,0x12,0x2b,0xff,0x03,0x0e,0x25,0xff,0x06,0x1d,0x3c,0xff,
    0x0e,0x4d,0x86,0xff,0x12,0x61,0xa5,0xff,0x11,0x5b,0x9d,0xff,0x11,0x5c,0x9e,0xff,0x11,0x5c,0x9e,0xff,0x10,0x5c,0x9e,0xff,
    0x10,0x5a,0x9c,0xff,0x10,0x57,0x96,0xff,0x0f,0x52,0x8f,0xff,0x0f,0x4d,0x88,0xff,0x0e,0x4a,0x84,0xff,0x0c,0x35,0x67,0xff,
    0x0c,0x31,0x61,0xfc,0x0d,0x35,0x67,0xfe,0x0c,0x31,0x61,0xbf,0x00,0x00,0x00,0x00,0x00,0x00,0x7f,0x02,0x00,0x00,0x00,0x00,
    0x00,0x00,0x00,0x01,0x00,0x00,0x00,0x01,0x0c,0x33,0x59,0x14,0x0b,0x32,0x63,0xec,0x0c,0x33,0x64,0xfe,0x0e,0x32,0x61,0xfe,
    0x02,0x32,0x69,0xff,0x49,0x78,0xa5,0xff,0xfe,0xfe,0xff,0xff,0xf9,0xfb,0xfc,0xff,0xfa,0xfc,0xfd,0xff,0xfa,0xfc,0xfd,0xff,
    0xfa,0xfc,0xfd,0xff,0xfa,0xfc,0xfd,0xff,0xfa,0xfc,0xfd,0xff,0xfa,0xfc,0xfd,0xff,0xfa,0xfc,0xfd,0xff,0xfa,0xfa,0xfb,0xff,
    0xfa,0xfa,0xfb,0xff,0xfa,0xfa,0xfb,0xff,0xfa,0xfa,0xfb,0xff,0xf8,0xf8,0xf9,0xff,0xff,0xff,0xff,0xff,0x43,0x4f,0x62,0xff,
    0x00,0x08,0x23,0xff,0x07,0x17,0x30,0xff,0x04,0x14,0x2e,0xff,0x04,0x14,0x2e,0xff,0x04,0x14,0x2e,0xff,0x04,0x15,0x2f,0xff,
    0x04,0x15,0x30,0xff,0x03,0x12,0x2a,0xff,0x04,0x12,0x2a,0xff,0x0c,0x41,0x74,0xff,0x12,0x62,0xa7,0xff,0x11,0x5c,0x9d,0xff,
    0x11,0x5d,0x9f,0xff,0x11,0x5d,0x9f,0xff,0x10,0x5d,0x9f,0xff,0x10,0x5b,0x9c,0xff,0x10,0x56,0x95,0xff,0x0f,0x50,0x8d,0xff,
    0x0f,0x4d,0x89,0xff,0x0d,0x41,0x77,0xff,0x0c,0x31,0x5f,0xff,0x0c,0x32,0x62,0xfd,0x0d,0x34,0x66,0xff,0x0b,0x33,0x62,0x41,
    0x00,0x00,0x00,0x00,0x00,0x55,0x55,0x03,0x00,0x3f,0x7f,0x04,0x00,0x00,0x00,0x00,0x0c,0x32,0x61,0x66,0x0d,0x36,0x69,0xff,
    0x0c,0x31,0x61,0xfc,0x0d,0x32,0x62,0xff,0x0c,0x45,0x7e,0xff,0x15,0x54,0x8d,0xff,0xdd,0xe7,0xef,0xff,0xfe,0xfe,0xfe,0xff,
    0xf8,0xfb,0xfc,0xff,0xfa,0xfc,0xfd,0xff,0xfa,0xfc,0xfd,0xff,0xfa,0xfc,0xfd,0xff,0xfa,0xfc,0xfd,0xff,0xfa,0xfc,0xfd,0xff,
    0xfa,0xfa,0xfb,0xff,0xfa,0xfa,0xfb,0xff,0xfa,0xfa,0xfb,0xff,0xfa,0xfa,0xfb,0xff,0xfa,0xfa,0xfb,0xff,0xf7,0xf7,0xf8,0xff,
    0xff,0xff,0xff,0xff,0x60,0x6a,0x7b,0xff,0x00,0x05,0x21,0xff,0x08,0x17,0x31,0xff,0x04,0x14,0x2e,0xff,0x04,0x14,0x2e,0xff,
    0x04,0x14,0x2e,0xff,0x04,0x14,0x2e,0xff,0x04,0x14,0x2e,0xff,0x04,0x15,0x2f,0xff,0x04,0x14,0x2e,0xff,0x03,0x0f,0x26,0xff,
    0x0d,0x47,0x7d,0xff,0x12,0x64,0xa9,0xff,0x11,0x5e,0x9e,0xff,0x11,0x5f,0xa1,0xff,0x11,0x5f,0xa1,0xff,0x10,0x5e,0x9f,0xff,
    0x10,0x5b,0x9b,0xff,0x0f,0x55,0x93,0xff,0x0f,0x4f,0x8b,0xff,0x0e,0x4b,0x85,0xff,0x0c,0x35,0x67,0xff,0x0c,0x30,0x61,0xfb,
    0x0d,0x36,0x69,0xff,0x0c,0x30,0x61,0xa7,0x00,0x00,0x00,0x00,0x00,0x3f,0x7f,0x04,0x00,0x7f,0x7f,0x02,0x00,0x00,0x7f,0x02,
    0x0b,0x31,0x61,0xca,0x0d,0x35,0x67,0xfe,0x0c,0x30,0x60,0xfc,0x0d,0x38,0x6a,0xff,0x12,0x4f,0x89,0xff,0x01,0x46,0x86,0xff,
    0x9e,0xba,0xd4,0xff,0xff,0xff,0xff,0xff,0xf6,0xf9,0xfb,0xff,0xfa,0xfc,0xfd,0xff,0xfa,0xfc,0xfd,0xff,0xfa,0xfc,0xfd,0xff,
    0xfa,0xfc,0xfd,0xff,0xfa,0xfa,0xfb,0xff,0xfa,0xfa,0xfb,0xff,0xfa,0xfa,0xfb,0xff,0xfa,0xfa,0xfb,0xff,0xfa,0xfa,0xfb,0xff,
    0xfa,0xfa,0xfb,0xff,0xf7,0xf7,0xf8,0xff,0xff,0xff,0xff,0xff,0x61,0x6b,0x7b,0xff,0x00,0x05,0x21,0xff,0x07,0x17,0x31,0xff,
    0x04,0x14,0x2e,0xff,0x04,0x14,0x2e,0xff,0x04,0x14,0x2e,0xff,0x04,0x14,0x2e,0xff,0x04,0x14,0x2e,0xff,0x04,0x14,0x2e,0xff,
    0x04,0x15,0x2f,0xff,0x04,0x13,0x2c,0xff,0x04,0x17,0x33,0xff,0x10,0x57,0x94,0xff,0x12,0x63,0xa6,0xff,0x11,0x60,0xa1,0xff,
    0x11,0x60,0xa2,0xff,0x11,0x60,0xa2,0xff,0x10,0x5e,0x9f,0xff,0x10,0x59,0x98,0xff,0x0f,0x52,0x8e,0xff,0x0f,0x4f,0x8a,0xff,
    0x0d,0x3d,0x72,0xff,0x0c,0x30,0x5f,0xfe,0x0c,0x33,0x63,0xfe,0x0c,0x32,0x63,0xf4,0x0a,0x33,0x66,0x19,0x00,0x00,0x00,0x00,
    0x00,0x00,0x00,0x00,0x09,0x31,0x62,0x1a,0x0c,0x32,0x62,0xf6,0x0c,0x33,0x63,0xff,0x0c,0x30,0x5f,0xfe,0x0d,0x40,0x76,0xff,
    0x11,0x52,0x8d,0xff,0x09,0x4f,0x8e,0xff,0x2f,0x6f,0xa7,0xff,0xf4,0xf8,0xfa,0xff,0xfa,0xfc,0xfd,0xff,0xf9,0xfb,0xfd,0xff,
    0xfa,0xfc,0xfd,0xff,0xfa,0xfc,0xfd,0xff,0xfa,0xfb,0xfc,0xff,0xfa,0xfa,0xfb,0xff,0xfa,0xfa,0xfb,0xff,0xfa,0xfa,0xfb,0xff,
    0xfa,0xfa,0xfb,0xff,0xfa,0xfa,0xfb,0xff,0xfa,0xfa,0xfb,0xff,0xf9,0xf9,0xfa,0xff,0xfc,0xfc,0xfd,0xff,0x3e,0x4a,0x5e,0xff,
    0x00,0x09,0x24,0xff,0x07,0x17,0x30,0xff,0x04,0x14,0x2e,0xff,0x04,0x14,0x2e,0xff,0x04,0x14,0x2e,0xff,0x04,0x14,0x2e,0xff,
    0x04,0x14,0x2e,0xff,0x04,0x14,0x2e,0xff,0x04,0x14,0x2e,0xff,0x04,0x15,0x30,0xff,0x03,0x0f,0x27,0xff,0x08,0x29,0x4e,0xff,
    0x13,0x65,0xa7,0xff,0x12,0x61,0xa3,0xff,0x12,0x62,0xa3,0xff,0x12,0x62,0xa3,0xff,0x11,0x60,0xa2,0xff,0x11,0x5c,0x9c,0xff,
    0x10,0x56,0x93,0xff,0x0f,0x51,0x8d,0xff,0x0e,0x46,0x7e,0xff,0x0c,0x31,0x61,0xff,0x0c,0x32,0x62,0xfc,0x0d,0x35,0x68,0xff,
    0x0c,0x33,0x64,0x4f,0x00,0x00,0x00,0x00,0x00,0x00,0x00,0x00,0x0c,0x32,0x61,0x51,0x0d,0x35,0x68,0xff,0x0c,0x32,0x62,0xfc,
    0x0c,0x32,0x62,0xff,0x0f,0x49,0x82,0xff,0x0f,0x52,0x8d,0xff,0x14,0x5a,0x97,0xff,0x01,0x54,0x98,0xff,0x8b,0xb3,0xd3,0xff,
    0xff,0xff,0xff,0xff,0xf6,0xf9,0xfb,0xff,0xfa,0xfc,0xfd,0xff,0xfa,0xfc,0xfd,0xff,0xfa,0xfa,0xfb,0xff,0xfa,0xfa,0xfb,0xff,
    0xfa,0xfa,0xfb,0xff,0xfa,0xfa,0xfb,0xff,0xfa,0xfa,0xfb,0xff,0xfa,0xfa,0xfb,0xff,0xf9,0xfa,0xfb,0xff,0xfc,0xfc,0xfc,0xff,
    0xf7,0xf7,0xf8,0xff,0x21,0x30,0x47,0xff,0x00,0x0d,0x28,0xff,0x06,0x15,0x2f,0xff,0x04,0x14,0x2e,0xff,0x04,0x14,0x2e,0xff,
    0x04,0x14,0x2e,0xff,0x04,0x14,0x2e,0xff,0x04,0x14,0x2e,0xff,0x04,0x14,0x2e,0xff,0x04,0x14,0x2e,0xff,0x04,0x14,0x2e,0xff,
    0x04,0x15,0x2f,0xff,0x03,0x10,0x2a,0xff,0x0f,0x52,0x8b,0xff,0x13,0x67,0xaa,0xff,0x12,0x63,0xa4,0xff,0x12,0x63,0xa5,0xff,
    0x11,0x63,0xa5,0xff,0x11,0x60,0xa0,0xff,0x11,0x59,0x98,0xff,0x0f,0x53,0x8f,0xff,0x0f,0x4e,0x88,0xff,0x0d,0x36,0x67,0xff,
    0x0c,0x31,0x60,0xfb,0x0d,0x36,0x69,0xff,0x0c,0x32,0x62,0x8e,0x00,0x00,0x00,0x00,0x00,0x00,0x00,0x00,0x0b,0x32,0x62,0x84,
    0x0d,0x36,0x6a,0xff,0x0c,0x31,0x61,0xfb,0x0c,0x36,0x66,0xff,0x0f,0x4e,0x88,0xff,0x0f,0x54,0x90,0xff,0x11,0x5b,0x99,0xff,
    0x12,0x62,0xa3,0xff,0x0a,0x60,0xa4,0xff,0xb5,0xcf,0xe3,0xff,0xff,0xff,0xff,0xff,0xf5,0xf9,0xfb,0xff,0xfa,0xfb,0xfc,0xff,
    0xfa,0xfa,0xfb,0xff,0xfa,0xfa,0xfb,0xff,0xfa,0xfa,0xfb,0xff,0xfa,0xfa,0xfb,0xff,0xfa,0xfa,0xfb,0xff,0xfa,0xfa,0xfb,0xff,
    0xf6,0xf6,0xf8,0xff,0xff,0xff,0xff,0xff,0xb2,0xb7,0xbf,0xff,0x03,0x0c,0x27,0xff,0x06,0x16,0x2f,0xff,0x04,0x14,0x2e,0xff,
    0x04,0x14,0x2e,0xff,0x04,0x14,0x2e,0xff,0x04,0x14,0x2e,0xff,0x04,0x14,0x2e,0xff,0x04,0x14,0x2e,0xff,0x04,0x14,0x2e,0xff,
    0x04,0x14,0x2e,0xff,0x04,0x14,0x2e,0xff,0x04,0x15,0x30,0xff,0x03,0x0f,0x26,0xff,0x0a,0x34,0x5e,0xff,0x13,0x6a,0xae,0xff,
    0x12,0x64,0xa5,0xff,0x12,0x65,0xa7,0xff,0x12,0x65,0xa7,0xff,0x11,0x63,0xa3,0xff,0x11,0x5d,0x9c,0xff,0x10,0x55,0x91,0xff,
    0x0f,0x51,0x8c,0xff,0x0d,0x3b,0x6e,0xff,0x0c,0x30,0x60,0xfc,0x0d,0x35,0x68,0xff,0x0b,0x32,0x62,0xc0,0x00,0x00,0x7f,0x02,
    0x00,0x00,0x00,0x00,0x0c,0x33,0x62,0xb3,0x0d,0x35,0x68,0xff,0x0c,0x30,0x60,0xfc,0x0d,0x39,0x6c,0xff,0x0f,0x52,0x8c,0xff,
    0x10,0x57,0x92,0xff,0x11,0x5e,0x9d,0xff,0x13,0x66,0xa6,0xff,0x0e,0x65,0xa7,0xff,0x1a,0x6c,0xab,0xff,0xc7,0xdb,0xea,0xff,
    0xff,0xff,0xff,0xff,0xf8,0xf9,0xfb,0xff,0xf7,0xf7,0xf8,0xff,0xf9,0xf9,0xfa,0xff,0xfa,0xfa,0xfb,0xff,0xfa,0xfa,0xfb,0xff,
    0xfa,0xfa,0xfb,0xff,0xf7,0xf7,0xf8,0xff,0xf8,0xf8,0xfa,0xff,0xff,0xff,0xff,0xff,0x3b,0x46,0x5b,0xff,0x00,0x08,0x24,0xff,
    0x07,0x17,0x30,0xff,0x04,0x14,0x2e,0xff,0x04,0x14,0x2e,0xff,0x04,0x14,0x2e,0xff,0x04,0x14,0x2e,0xff,0x04,0x14,0x2e,0xff,
    0x04,0x14,0x2e,0xff,0x04,0x14,0x2e,0xff,0x04,0x14,0x2e,0xff,0x04,0x14,0x2e,0xff,0x04,0x14,0x2f,0xff,0x04,0x12,0x2a,0xff,
    0x06,0x20,0x40,0xff,0x12,0x67,0xa8,0xff,0x12,0x67,0xa9,0xff,0x12,0x67,0xa8,0xff,0x12,0x67,0xa8,0xff,0x11,0x65,0xa6,0xff,
    0x11,0x60,0x9f,0xff,0x10,0x58,0x95,0xff,0x0f,0x54,0x8f,0xff,0x0d,0x40,0x75,0xff,0x0c,0x30,0x5f,0xfe,0x0c,0x34,0x65,0xff,
    0x0c,0x31,0x61,0xe6,0x12,0x24,0x5b,0x0e,0x00,0x33,0x66,0x05,0x0c,0x33,0x62,0xc8,0x0d,0x35,0x67,0xff,0x0c,0x30,0x5f,0xfd,
    0x0d,0x3f,0x73,0xff,0x10,0x55,0x8f,0xff,0x10,0x58,0x95,0xff,0x12,0x61,0xa0,0xff,0x12,0x67,0xa7,0xff,0x15,0x6a,0xab,0xff,
    0x0f,0x66,0xa8,0xff,0x15,0x6a,0xab,0xff,0xa6,0xc5,0xdd,0xff,0xff,0xff,0xff,0xff,0xff,0xff,0xff,0xff,0xfc,0xfc,0xfd,0xff,
    0xf9,0xf9,0xfa,0xff,0xf7,0xf8,0xf9,0xff,0xfa,0xfa,0xfb,0xff,0xff,0xff,0xff,0xff,0xff,0xff,0xff,0xff,0x73,0x7b,0x8a,0xff,
    0x00,0x08,0x24,0xff,0x06,0x17,0x31,0xff,0x04,0x14,0x2e,0xff,0x04,0x14,0x2e,0xff,0x04,0x14,0x2e,0xff,0x04,0x14,0x2e,0xff,
    0x04,0x14,0x2e,0xff,0x04,0x14,0x2e,0xff,0x04,0x14,0x2e,0xff,0x04,0x14,0x2e,0xff,0x04,0x14,0x2e,0xff,0x04,0x14,0x2e,0xff,
    0x04,0x14,0x2f,0xff,0x04,0x14,0x2d,0xff,0x04,0x16,0x31,0xff,0x11,0x5e,0x9b,0xff,0x13,0x6b,0xad,0xff,0x13,0x69,0xa9,0xff,
    0x13,0x69,0xaa,0xff,0x12,0x67,0xa8,0xff,0x12,0x63,0xa2,0xff,0x11,0x5b,0x98,0xff,0x10,0x55,0x90,0xff,0x0e,0x46,0x7d,0xff,
    0x0c,0x30,0x60,0xfe,0x0c,0x33,0x64,0xff,0x0b,0x31,0x62,0xf1,0x0f,0x2f,0x5f,0x20,0x0d,0x28,0x5d,0x13,0x0b,0x31,0x61,0xed,
    0x0c,0x34,0x65,0xff,0x0c,0x2f,0x5f,0xfe,0x0e,0x42,0x76,0xff,0x10,0x56,0x91,0xff,0x10,0x5a,0x97,0xff,0x12,0x63,0xa3,0xff,
    0x12,0x68,0xaa,0xff,0x13,0x6a,0xac,0xff,0x15,0x6c,0xac,0xff,0x11,0x6b,0xae,0xff,0x09,0x5e,0x9f,0xff,0x40,0x4d,0x64,0xff,
    0xac,0xb1,0xb9,0xff,0xf1,0xf2,0xf4,0xff,0xff,0xff,0xff,0xff,0xff,0xff,0xff,0xff,0xf9,0xf9,0xfa,0xff,0xcf,0xd2,0xd7,0xff,
    0x58,0x60,0x72,0xff,0x00,0x07,0x23,0xff,0x06,0x16,0x30,0xff,0x04,0x14,0x2e,0xff,0x04,0x14,0x2e,0xff,0x04,0x14,0x2e,0xff,
    0x04,0x14,0x2e,0xff,0x04,0x14,0x2e,0xff,0x04,0x14,0x2e,0xff,0x04,0x14,0x2e,0xff,0x04,0x14,0x2e,0xff,0x04,0x14,0x2e,0xff,
    0x04,0x14,0x2e,0xff,0x04,0x14,0x2e,0xff,0x04,0x14,0x2e,0xff,0x04,0x15,0x2f,0xff,0x03,0x10,0x28,0xff,0x0f,0x54,0x8b,0xff,
    0x14,0x70,0xb3,0xff,0x13,0x69,0xaa,0xff,0x13,0x6a,0xac,0xff,0x12,0x6a,0xab,0xff,0x12,0x65,0xa5,0xff,0x11,0x5c,0x9a,0xff,
    0x10,0x56,0x92,0xff,0x0e,0x49,0x81,0xff,0x0c,0x31,0x60,0xff,0x0c,0x32,0x62,0xfe,0x0c,0x33,0x65,0xff,0x0a,0x31,0x63,0x48,
    0x0e,0x2a,0x63,0x12,0x0b,0x31,0x61,0xeb,0x0c,0x34,0x65,0xff,0x0c,0x2f,0x5f,0xfe,0x0e,0x42,0x77,0xff,0x10,0x57,0x93,0xff,
    0x11,0x5c,0x99,0xff,0x12,0x65,0xa5,0xff,0x12,0x6b,0xac,0xff,0x13,0x6d,0xae,0xff,0x13,0x6c,0xad,0xff,0x14,0x6f,0xb0,0xff,
    0x14,0x68,0xa7,0xff,0x00,0x0e,0x2b,0xff,0x00,0x0a,0x25,0xff,0x1e,0x2c,0x44,0xff,0x3d,0x49,0x5d,0xff,0x4e,0x5a,0x6c,0xff,
    0x30,0x3d,0x52,0xff,0x04,0x14,0x2e,0xff,0x00,0x06,0x22,0xff,0x07,0x17,0x30,0xff,0x04,0x14,0x2e,0xff,0x04,0x14,0x2e,0xff,
    0x04,0x14,0x2e,0xff,0x04,0x14,0x2e,0xff,0x04,0x14,0x2e,0xff,0x04,0x14,0x2e,0xff,0x04,0x14,0x2e,0xff,0x04,0x14,0x2e,0xff,
    0x04,0x14,0x2e,0xff,0x04,0x14,0x2e,0xff,0x04,0x14,0x2e,0xff,0x04,0x14,0x2e,0xff,0x04,0x14,0x2e,0xff,0x04,0x15,0x2f,0xff,
    0x03,0x10,0x28,0xff,0x0f,0x55,0x8d,0xff,0x14,0x72,0xb5,0xff,0x13,0x6c,0xac,0xff,0x13,0x6d,0xae,0xff,0x12,0x6b,0xad,0xff,
    0x12,0x67,0xa7,0xff,0x11,0x5e,0x9c,0xff,0x10,0x58,0x94,0xff,0x0e,0x4a,0x81,0xff,0x0c,0x31,0x60,0xff,0x0c,0x32,0x62,0xfe,
    0x0c,0x33,0x65,0xff,0x0a,0x33,0x62,0x46,0x0e,0x2a,0x63,0x12,0x0b,0x32,0x62,0xea,0x0c,0x34,0x65,0xff,0x0c,0x2f,0x5e,0xfe,
    0x0e,0x43,0x77,0xff,0x10,0x59,0x94,0xff,0x11,0x5d,0x9a,0xff,0x13,0x66,0xa6,0xff,0x13,0x6d,0xae,0xff,0x14,0x6f,0xb0,0xff,
    0x14,0x6f,0xaf,0xff,0x14,0x70,0xb2,0xff,0x13,0x69,0xa9,0xff,0x08,0x1e,0x3a,0xff,0x06,0x13,0x2d,0xff,0x00,0x0e,0x2a,0xff,
    0x00,0x09,0x24,0xff,0x00,0x07,0x22,0xff,0x00,0x0b,0x26,0xff,0x03,0x14,0x2e,0xff,0x07,0x17,0x31,0xff,0x04,0x14,0x2e,0xff,
    0x04,0x14,0x2e,0xff,0x04,0x14,0x2e,0xff,0x04,0x14,0x2e,0xff,0x04,0x14,0x2e,0xff,0x04,0x14,0x2e,0xff,0x04,0x14,0x2e,0xff,
    0x04,0x14,0x2e,0xff,0x04,0x14,0x2e,0xff,0x04,0x14,0x2e,0xff,0x04,0x14,0x2e,0xff,0x04,0x14,0x2e,0xff,0x04,0x14,0x2e,0xff,
    0x04,0x14,0x2e,0xff,0x04,0x15,0x2f,0xff,0x03,0x11,0x29,0xff,0x10,0x59,0x91,0xff,0x15,0x73,0xb7,0xff,0x14,0x6e,0xae,0xff,
    0x14,0x6f,0xb0,0xff,0x13,0x6e,0xaf,0xff,0x13,0x68,0xa9,0xff,0x11,0x60,0x9d,0xff,0x11,0x5a,0x95,0xff,0x0f,0x4b,0x82,0xff,
    0x0c,0x30,0x60,0xff,0x0c,0x32,0x62,0xfe,0x0c,0x33,0x65,0xff,0x0b,0x33,0x63,0x45,0x0d,0x28,0x6b,0x13,0x0b,0x32,0x61,0xef,
    0x0c,0x34,0x65,0xff,0x0c,0x2f,0x5e,0xfe,0x0e,0x42,0x77,0xff,0x11,0x59,0x94,0xff,0x11,0x5e,0x9b,0xff,0x13,0x68,0xa7,0xff,
    0x13,0x6e,0xaf,0xff,0x14,0x70,0xb2,0xff,0x14,0x71,0xb2,0xff,0x14,0x70,0xb1,0xff,0x15,0x74,0xb7,0xff,0x08,0x2a,0x4d,0xff,
    0x03,0x10,0x28,0xff,0x05,0x16,0x31,0xff,0x07,0x16,0x30,0xff,0x07,0x17,0x31,0xff,0x06,0x16,0x30,0xff,0x05,0x15,0x2e,0xff,
    0x04,0x14,0x2e,0xff,0x04,0x14,0x2e,0xff,0x04,0x14,0x2e,0xff,0x04,0x14,0x2e,0xff,0x04,0x14,0x2e,0xff,0x04,0x14,0x2e,0xff,
    0x04,0x14,0x2e,0xff,0x04,0x14,0x2e,0xff,0x04,0x14,0x2e,0xff,0x04,0x14,0x2e,0xff,0x04,0x14,0x2e,0xff,0x04,0x14,0x2e,0xff,
    0x04,0x14,0x2e,0xff,0x04,0x14,0x2e,0xff,0x04,0x14,0x2f,0xff,0x04,0x12,0x2c,0xff,0x05,0x19,0x35,0xff,0x13,0x69,0xa7,0xff,
    0x14,0x73,0xb4,0xff,0x14,0x70,0xb1,0xff,0x14,0x71,0xb2,0xff,0x13,0x6f,0xb1,0xff,0x13,0x6a,0xaa,0xff,0x11,0x61,0x9e,0xff,
    0x11,0x5a,0x96,0xff,0x0f,0x4a,0x82,0xff,0x0c,0x30,0x60,0xff,0x0c,0x32,0x62,0xfe,0x0c,0x33,0x66,0xff,0x0a,0x33,0x63,0x4a,
    0x1c,0x38,0x71,0x09,0x0c,0x31,0x62,0xd2,0x0d,0x34,0x67,0xff,0x0c,0x30,0x5e,0xfd,0x0d,0x3c,0x6e,0xff,0x10,0x59,0x93,0xff,
    0x11,0x5f,0x9a,0xff,0x12,0x69,0xa7,0xff,0x13,0x70,0xb0,0xff,0x14,0x73,0xb4,0xff,0x14,0x73,0xb3,0xff,0x14,0x71,0xb2,0xff,
    0x15,0x79,0xbd,0xff,0x0b,0x3c,0x66,0xff,0x03,0x0d,0x24,0xff,0x04,0x16,0x30,0xff,0x04,0x14,0x2e,0xff,0x04,0x14,0x2e,0xff,
    0x04,0x14,0x2e,0xff,0x04,0x14,0x2e,0xff,0x04,0x14,0x2e,0xff,0x04,0x14,0x2e,0xff,0x04,0x14,0x2e,0xff,0x04,0x14,0x2e,0xff,
    0x04,0x14,0x2e,0xff,0x04,0x14,0x2e,0xff,0x04,0x14,0x2e,0xff,0x04,0x14,0x2e,0xff,0x04,0x14,0x2e,0xff,0x04,0x14,0x2e,0xff,
    0x04,0x14,0x2e,0xff,0x04,0x14,0x2e,0xff,0x04,0x14,0x2e,0xff,0x04,0x14,0x2e,0xff,0x04,0x15,0x30,0xff,0x03,0x10,0x29,0xff,
    0x07,0x26,0x47,0xff,0x14,0x74,0xb6,0xff,0x14,0x72,0xb3,0xff,0x14,0x73,0xb3,0xff,0x14,0x72,0xb3,0xff,0x13,0x71,0xb2,0xff,
    0x13,0x6b,0xaa,0xff,0x11,0x61,0x9d,0xff,0x11,0x5c,0x96,0xff,0x0e,0x45,0x79,0xff,0x0c,0x2f,0x5f,0xfe,0x0c,0x33,0x64,0xff,
    0x0b,0x31,0x62,0xf5,0x0b,0x2e,0x62,0x2c,0x00,0x00,0x00,0x00,0x0c,0x33,0x62,0xb8,0x0d,0x35,0x68,0xff,0x0c,0x30,0x5f,0xfc,
    0x0d,0x39,0x6b,0xff,0x10,0x58,0x93,0xff,0x11,0x5f,0x9a,0xff,0x13,0x68,0xa6,0xff,0x13,0x70,0xb1,0xff,0x14,0x74,0xb5,0xff,
    0x14,0x75,0xb6,0xff,0x15,0x73,0xb4,0xff,0x15,0x7a,0xbc,0xff,0x10,0x5b,0x91,0xff,0x03,0x11,0x29,0xff,0x04,0x15,0x2f,0xff,
    0x04,0x14,0x2e,0xff,0x04,0x14,0x2e,0xff,0x04,0x14,0x2e,0xff,0x04,0x14,0x2e,0xff,0x04,0x14,0x2e,0xff,0x04,0x14,0x2e,0xff,
    0x04,0x14,0x2e,0xff,0x04,0x14,0x2e,0xff,0x04,0x14,0x2e,0xff,0x04,0x14,0x2e,0xff,0x04,0x14,0x2e,0xff,0x04,0x14,0x2e,0xff,
    0x04,0x14,0x2e,0xff,0x04,0x14,0x2e,0xff,0x04,0x14,0x2e,0xff,0x04,0x14,0x2e,0xff,0x04,0x14,0x2e,0xff,0x04,0x14,0x2e,0xff,
    0x04,0x16,0x30,0xff,0x03,0x0e,0x25,0xff,0x0c,0x44,0x71,0xff,0x16,0x7b,0xbf,0xff,0x15,0x73,0xb4,0xff,0x15,0x74,0xb6,0xff,
    0x15,0x75,0xb6,0xff,0x13,0x72,0xb3,0xff,0x13,0x6b,0xa9,0xff,0x12,0x61,0x9d,0xff,0x11,0x5c,0x96,0xff,0x0e,0x42,0x76,0xff,
    0x0c,0x2f,0x5e,0xfe,0x0c,0x34,0x65,0xff,0x0b,0x31,0x61,0xeb,0x11,0x22,0x66,0x0f,0x00,0x00,0x00,0x00,0x0c,0x33,0x62,0x91,
    0x0d,0x36,0x69,0xff,0x0c,0x31,0x61,0xfb,0x0c,0x33,0x64,0xff,0x10,0x54,0x8d,0xff,0x12,0x5f,0x9a,0xff,0x13,0x67,0xa4,0xff,
    0x14,0x70,0xb0,0xff,0x14,0x76,0xb6,0xff,0x15,0x76,0xb7,0xff,0x15,0x77,0xb7,0xff,0x15,0x77,0xb7,0xff,0x15,0x78,0xb9,0xff,
    0x06,0x23,0x43,0xff,0x04,0x10,0x29,0xff,0x04,0x15,0x30,0xff,0x04,0x14,0x2e,0xff,0x04,0x14,0x2e,0xff,0x04,0x14,0x2e,0xff,
    0x04,0x14,0x2e,0xff,0x04,0x14,0x2e,0xff,0x04,0x14,0x2e,0xff,0x04,0x14,0x2e,0xff,0x04,0x14,0x2e,0xff,0x04,0x14,0x2e,0xff,
    0x04,0x14,0x2e,0xff,0x04,0x14,0x2e,0xff,0x04,0x14,0x2e,0xff,0x04,0x14,0x2e,0xff,0x04,0x14,0x2e,0xff,0x04,0x14,0x2e,0xff,
    0x04,0x14,0x2e,0xff,0x04,0x14,0x2f,0xff,0x04,0x14,0x2e,0xff,0x04,0x14,0x2d,0xff,0x13,0x6a,0xa5,0xff,0x16,0x7a,0xbc,0xff,
    0x15,0x76,0xb6,0xff,0x15,0x76,0xb7,0xff,0x15,0x76,0xb7,0xff,0x14,0x72,0xb2,0xff,0x13,0x6a,0xa8,0xff,0x12,0x60,0x9b,0xff,
    0x11,0x5a,0x94,0xff,0x0d,0x39,0x6c,0xff,0x0c,0x30,0x5f,0xfd,0x0d,0x35,0x67,0xff,0x0c,0x32,0x62,0xca,0x00,0x2a,0x55,0x06,
    0x00,0x00,0x00,0x00,0x0a,0x33,0x63,0x5f,0x0d,0x35,0x69,0xff,0x0c,0x32,0x62,0xfc,0x0c,0x30,0x5f,0xff,0x0f,0x4d,0x83,0xff,
    0x11,0x5f,0x9a,0xff,0x12,0x65,0xa2,0xff,0x14,0x70,0xaf,0xff,0x14,0x76,0xb7,0xff,0x15,0x79,0xba,0xff,0x15,0x78,0xba,0xff,
    0x15,0x77,0xb8,0xff,0x16,0x7e,0xc1,0xff,0x0f,0x56,0x8a,0xff,0x03,0x0d,0x25,0xff,0x04,0x16,0x30,0xff,0x04,0x14,0x2e,0xff,
    0x04,0x14,0x2e,0xff,0x04,0x14,0x2e,0xff,0x04,0x14,0x2e,0xff,0x04,0x14,0x2e,0xff,0x04,0x14,0x2e,0xff,0x04,0x14,0x2e,0xff,
    0x04,0x14,0x2e,0xff,0x04,0x14,0x2e,0xff,0x04,0x14,0x2e,0xff,0x04,0x14,0x2e,0xff,0x04,0x14,0x2e,0xff,0x04,0x14,0x2e,0xff,
    0x04,0x14,0x2e,0xff,0x04,0x14,0x2e,0xff,0x05,0x15,0x2f,0xff,0x04,0x16,0x31,0xff,0x01,0x0a,0x21,0xff,0x0c,0x3f,0x69,0xff,
    0x16,0x7f,0xc2,0xff,0x15,0x77,0xb8,0xff,0x15,0x79,0xba,0xff,0x15,0x78,0xb9,0xff,0x14,0x77,0xb8,0xff,0x14,0x72,0xb1,0xff,
    0x12,0x68,0xa5,0xff,0x11,0x60,0x9c,0xff,0x10,0x55,0x8e,0xff,0x0c,0x33,0x64,0xff,0x0c,0x31,0x61,0xfb,0x0d,0x36,0x69,0xff,
    0x0c,0x32,0x61,0x9d,0x00,0x00,0x00,0x00,0x00,0x00,0x00,0x00,0x0d,0x30,0x67,0x25,0x0c,0x33,0x63,0xfa,0x0c,0x32,0x63,0xfe,
    0x0c,0x30,0x5f,0xff,0x0d,0x40,0x73,0xff,0x11,0x5e,0x99,0xff,0x12,0x63,0x9f,0xff,0x13,0x6e,0xac,0xff,0x14,0x76,0xb6,0xff,
    0x15,0x7a,0xbb,0xff,0x15,0x7a,0xbb,0xff,0x15,0x7b,0xbb,0xff,0x15,0x7a,0xba,0xff,0x16,0x81,0xc4,0xff,0x0b,0x3b,0x64,0xff,
    0x03,0x0b,0x22,0xff,0x04,0x17,0x32,0xff,0x04,0x14,0x2e,0xff,0x04,0x14,0x2e,0xff,0x04,0x14,0x2e,0xff,0x04,0x14,0x2e,0xff,
    0x04,0x14,0x2e,0xff,0x04,0x14,0x2e,0xff,0x04,0x14,0x2e,0xff,0x04,0x14,0x2e,0xff,0x04,0x14,0x2e,0xff,0x04,0x14,0x2e,0xff,
    0x04,0x14,0x2e,0xff,0x04,0x14,0x2e,0xff,0x04,0x14,0x2e,0xff,0x05,0x15,0x2f,0xff,0x00,0x11,0x2d,0xff,0x04,0x10,0x28,0xff,
    0x0c,0x2a,0x4b,0xff,0x10,0x76,0xb7,0xff,0x16,0x7c,0xbd,0xff,0x15,0x7a,0xbb,0xff,0x15,0x7a,0xbc,0xff,0x15,0x7b,0xbb,0xff,
    0x14,0x78,0xb8,0xff,0x14,0x70,0xaf,0xff,0x12,0x66,0xa2,0xff,0x11,0x60,0x9b,0xff,0x0e,0x4a,0x80,0xff,0x0c,0x2f,0x5f,0xff,
    0x0c,0x32,0x62,0xfc,0x0d,0x35,0x69,0xff,0x0a,0x33,0x61,0x5e,0x00,0x00,0x00,0x00,0x00,0x00,0x00,0x01,0x00,0x33,0x66,0x05,
    0x0b,0x32,0x61,0xdb,0x0c,0x34,0x66,0xff,0x0c,0x31,0x61,0xfd,0x0c,0x33,0x64,0xff,0x11,0x58,0x91,0xff,0x12,0x63,0x9e,0xff,
    0x13,0x6b,0xa8,0xff,0x15,0x75,0xb3,0xff,0x15,0x7a,0xbb,0xff,0x16,0x7d,0xbe,0xff,0x16,0x7c,0xbd,0xff,0x16,0x7c,0xbd,0xff,
    0x16,0x7e,0xbf,0xff,0x16,0x7b,0xbc,0xff,0x07,0x28,0x4a,0xff,0x03,0x0b,0x22,0xff,0x04,0x16,0x31,0xff,0x04,0x14,0x2e,0xff,
    0x04,0x14,0x2e,0xff,0x04,0x14,0x2e,0xff,0x04,0x14,0x2e,0xff,0x04,0x14,0x2e,0xff,0x04,0x14,0x2e,0xff,0x04,0x14,0x2e,0xff,
    0x04,0x14,0x2e,0xff,0x04,0x14,0x2e,0xff,0x04,0x14,0x2e,0xff,0x04,0x14,0x2e,0xff,0x05,0x15,0x2f,0xff,0x01,0x12,0x2d,0xff,
    0x19,0x25,0x3c,0xff,0x61,0x6b,0x7c,0xff,0x74,0xa9,0xcc,0xff,0x3b,0x94,0xcc,0xff,0x11,0x79,0xbb,0xff,0x17,0x7d,0xbe,0xff,
    0x16,0x7c,0xbd,0xff,0x15,0x7c,0xbc,0xff,0x15,0x76,0xb6,0xff,0x14,0x6e,0xab,0xff,0x12,0x63,0x9e,0xff,0x11,0x5e,0x98,0xff,
    0x0d,0x3b,0x6d,0xff,0x0c,0x30,0x5f,0xff,0x0c,0x32,0x63,0xfe,0x0c,0x32,0x64,0xfc,0x0d,0x30,0x60,0x25,0x00,0x00,0x00,0x00,
    0x00,0x3f,0x7f,0x04,0x00,0x00,0x00,0x00,0x0b,0x31,0x61,0x80,0x0d,0x36,0x69,0xff,0x0c,0x32,0x62,0xfb,0x0c,0x2f,0x5e,0xff,
    0x0e,0x47,0x7c,0xff,0x12,0x62,0x9d,0xff,0x12,0x67,0xa2,0xff,0x14,0x71,0xb0,0xff,0x15,0x7a,0xb9,0xff,0x15,0x7e,0xbe,0xff,
    0x16,0x7f,0xbf,0xff,0x16,0x7f,0xbf,0xff,0x16,0x7e,0xbd,0xff,0x16,0x81,0xc3,0xff,0x15,0x7a,0xb9,0xff,0x09,0x30,0x54,0xff,
    0x03,0x0c,0x23,0xff,0x04,0x14,0x2e,0xff,0x04,0x16,0x31,0xff,0x04,0x15,0x2f,0xff,0x04,0x14,0x2e,0xff,0x04,0x14,0x2e,0xff,
    0x04,0x14,0x2e,0xff,0x04,0x14,0x2e,0xff,0x04,0x14,0x2e,0xff,0x04,0x14,0x2e,0xff,0x04,0x14,0x2f,0xff,0x04,0x16,0x30,0xff,
    0x04,0x15,0x2f,0xff,0x05,0x0e,0x25,0xff,0x62,0x71,0x84,0xff,0x81,0xb3,0xd3,0xff,0x7e,0xba,0xdf,0xff,0x7d,0xb6,0xda,0xff,
    0x26,0x88,0xc4,0xff,0x13,0x7d,0xbe,0xff,0x16,0x7f,0xbf,0xff,0x15,0x7b,0xbb,0xff,0x14,0x74,0xb2,0xff,0x13,0x69,0xa6,0xff,
    0x12,0x63,0x9e,0xff,0x10,0x51,0x88,0xff,0x0c,0x31,0x60,0xff,0x0c,0x32,0x62,0xfc,0x0d,0x35,0x67,0xfe,0x0c,0x31,0x61,0xbf,
    0x00,0x00,0x7f,0x02,0x00,0x55,0x55,0x03,0x00,0x00,0x00,0x02,0x00,0x00,0x00,0x00,0x0e,0x33,0x5e,0x23,0x0c,0x33,0x64,0xf8,
    0x0c,0x32,0x63,0xfe,0x0c,0x31,0x61,0xfe,0x0c,0x35,0x65,0xff,0x11,0x5b,0x94,0xff,0x12,0x64,0x9f,0xff,0x13,0x6d,0xa9,0xff,
    0x14,0x77,0xb5,0xff,0x15,0x7d,0xbe,0xff,0x15,0x80,0xc1,0xff,0x16,0x80,0xc1,0xff,0x16,0x80,0xc1,0xff,0x16,0x7f,0xbf,0xff,
    0x16,0x82,0xc3,0xff,0x17,0x85,0xc7,0xff,0x0d,0x4a,0x78,0xff,0x04,0x13,0x2d,0xff,0x03,0x0c,0x23,0xff,0x03,0x11,0x2a,0xff,
    0x04,0x14,0x2f,0xff,0x04,0x16,0x30,0xff,0x04,0x16,0x31,0xff,0x04,0x16,0x31,0xff,0x04,0x16,0x30,0xff,0x04,0x15,0x2f,0xff,
    0x04,0x12,0x2c,0xff,0x03,0x0d,0x25,0xff,0x02,0x0d,0x25,0xff,0x0f,0x3d,0x63,0xff,0x75,0xb2,0xd7,0xff,0x7e,0xba,0xe0,0xff,
    0x79,0xb4,0xd9,0xff,0x82,0xba,0xdd,0xff,0x2d,0x8d,0xc7,0xff,0x11,0x7d,0xc0,0xff,0x16,0x7f,0xbf,0xff,0x15,0x78,0xb8,0xff,
    0x13,0x6f,0xad,0xff,0x12,0x65,0xa0,0xff,0x11,0x61,0x9b,0xff,0x0d,0x3d,0x6f,0xff,0x0c,0x30,0x5f,0xff,0x0c,0x32,0x62,0xfc,
    0x0d,0x36,0x68,0xff,0x0b,0x33,0x60,0x5a,0x00,0x00,0x00,0x00,0x00,0x3f,0x7f,0x04,0x00,0x00,0x00,0x00,0x00,0x55,0x55,0x03,
    0x00,0x00,0x00,0x00,0x0b,0x31,0x60,0xa1,0x0d,0x36,0x68,0xff,0x0c,0x32,0x62,0xfc,0x0c,0x2f,0x5f,0xff,0x0f,0x44,0x78,0xff,
    0x12,0x63,0x9e,0xff,0x13,0x67,0xa2,0xff,0x14,0x71,0xaf,0xff,0x16,0x7a,0xb9,0xff,0x16,0x80,0xc0,0xff,0x16,0x82,0xc3,0xff,
    0x17,0x82,0xc3,0xff,0x17,0x82,0xc3,0xff,0x17,0x81,0xc1,0xff,0x17,0x82,0xc2,0xff,0x18,0x8a,0xcd,0xff,0x14,0x71,0xab,0xff,
    0x0d,0x45,0x70,0xff,0x06,0x20,0x3e,0xff,0x04,0x11,0x2b,0xff,0x03,0x0d,0x24,0xff,0x03,0x0b,0x23,0xff,0x03,0x0b,0x23,0xff,
    0x03,0x0c,0x24,0xff,0x03,0x10,0x29,0xff,0x05,0x1a,0x36,0xff,0x0b,0x3a,0x62,0xff,0x14,0x67,0x9d,0xff,0x13,0x84,0xc8,0xff,
    0x3c,0x97,0xce,0xff,0x7d,0xb8,0xdc,0xff,0x82,0xbb,0xde,0xff,0x50,0xa1,0xd1,0xff,0x13,0x80,0xc2,0xff,0x17,0x81,0xc1,0xff,
    0x16,0x7c,0xbc,0xff,0x15,0x74,0xb2,0xff,0x13,0x6a,0xa5,0xff,0x13,0x65,0xa0,0xff,0x10,0x4f,0x85,0xff,0x0c,0x30,0x5f,0xff,
    0x0c,0x32,0x62,0xfd,0x0c,0x34,0x65,0xfe,0x0b,0x31,0x61,0xd8,0x00,0x1f,0x5f,0x08,0x00,0x00,0xff,0x01,0x00,0x00,0x00,0x00,
    0x00,0x00,0x00,0x00,0x00,0x7f,0x7f,0x02,0x00,0x00,0x00,0x01,0x0d,0x34,0x62,0x27,0x0c,0x32,0x64,0xfb,0x0c,0x32,0x63,0xfc,
    0x0c,0x32,0x62,0xfe,0x0c,0x30,0x60,0xff,0x10,0x53,0x8a,0xff,0x13,0x66,0xa0,0xff,0x13,0x6a,0xa6,0xff,0x15,0x75,0xb2,0xff,
    0x16,0x7d,0xbc,0xff,0x16,0x82,0xc2,0xff,0x17,0x83,0xc4,0xff,0x17,0x84,0xc4,0xff,0x17,0x84,0xc4,0xff,0x17,0x83,0xc4,0xff,
    0x17,0x82,0xc2,0xff,0x18,0x88,0xca,0xff,0x18,0x8c,0xcf,0xff,0x16,0x80,0xbf,0xff,0x13,0x6e,0xa7,0xff,0x10,0x59,0x8a,0xff,
    0x0d,0x4b,0x77,0xff,0x0d,0x4b,0x78,0xff,0x0f,0x52,0x82,0xff,0x13,0x69,0xa1,0xff,0x16,0x7b,0xb9,0xff,0x18,0x8a,0xcd,0xff,
    0x18,0x8a,0xcc,0xff,0x17,0x83,0xc3,0xff,0x12,0x80,0xc2,0xff,0x27,0x8c,0xc8,0xff,0x2e,0x90,0xca,0xff,0x13,0x82,0xc3,0xff,
    0x15,0x82,0xc3,0xff,0x16,0x7e,0xbe,0xff,0x15,0x77,0xb5,0xff,0x14,0x6d,0xa9,0xff,0x13,0x66,0xa0,0xff,0x12,0x5d,0x95,0xff,
    0x0c,0x35,0x66,0xff,0x0c,0x31,0x61,0xff,0x0c,0x31,0x62,0xfb,0x0d,0x36,0x69,0xff,0x0a,0x33,0x60,0x5f,0x00,0x00,0x00,0x00,
    0x00,0x55,0x55,0x03,0x00,0x00,0x00,0x00,0x00,0x00,0x00,0x00,0x00,0x00,0x00,0x00,0x00,0x55,0x55,0x03,0x00,0x00,0x00,0x00,
    0x0c,0x31,0x62,0x94,0x0d,0x36,0x69,0xff,0x0c,0x32,0x62,0xfb,0x0c,0x31,0x61,0xff,0x0c,0x35,0x66,0xff,0x12,0x5d,0x96,0xff,
    0x13,0x67,0xa2,0xff,0x13,0x6c,0xa8,0xff,0x15,0x76,0xb4,0xff,0x16,0x7e,0xbd,0xff,0x16,0x83,0xc3,0xff,0x16,0x85,0xc5,0xff,
    0x17,0x85,0xc6,0xff,0x17,0x85,0xc5,0xff,0x17,0x85,0xc6,0xff,0x17,0x84,0xc4,0xff,0x17,0x83,0xc3,0xff,0x17,0x86,0xc7,0xff,
    0x18,0x8a,0xcc,0xff,0x18,0x8d,0xcf,0xff,0x18,0x8e,0xd1,0xff,0x18,0x8e,0xd1,0xff,0x18,0x8d,0xd0,0xff,0x18,0x8b,0xcd,0xff,
    0x17,0x87,0xc8,0xff,0x17,0x84,0xc4,0xff,0x17,0x84,0xc4,0xff,0x17,0x85,0xc5,0xff,0x18,0x86,0xc6,0xff,0x14,0x83,0xc5,0xff,
    0x12,0x83,0xc4,0xff,0x17,0x84,0xc4,0xff,0x16,0x80,0xbf,0xff,0x15,0x78,0xb6,0xff,0x14,0x6f,0xab,0xff,0x12,0x67,0xa2,0xff,
    0x12,0x63,0x9e,0xff,0x0e,0x3e,0x70,0xff,0x0c,0x30,0x5f,0xff,0x0c,0x32,0x62,0xfc,0x0d,0x34,0x66,0xff,0x0c,0x31,0x61,0xce,
    0x00,0x24,0x48,0x07,0x00,0x00,0x7f,0x02,0x00,0x00,0x00,0x01,0x00,0x00,0x00,0x00,0x00,0x00,0x00,0x00,0x00,0x00,0x00,0x00,
    0x00,0x00,0x00,0x01,0x00,0x00,0x7f,0x02,0x13,0x3a,0x62,0x0d,0x0c,0x32,0x63,0xdd,0x0d,0x34,0x65,0xfe,0x0c,0x32,0x61,0xfd,
    0x0c,0x30,0x60,0xff,0x0d,0x3b,0x6c,0xff,0x12,0x60,0x99,0xff,0x12,0x68,0xa2,0xff,0x13,0x6e,0xa9,0xff,0x15,0x77,0xb4,0xff,
    0x16,0x7e,0xbd,0xff,0x16,0x83,0xc3,0xff,0x16,0x86,0xc6,0xff,0x17,0x87,0xc7,0xff,0x17,0x87,0xc7,0xff,0x17,0x86,0xc7,0xff,
    0x17,0x86,0xc7,0xff,0x17,0x86,0xc6,0xff,0x17,0x85,0xc5,0xff,0x17,0x85,0xc5,0xff,0x17,0x85,0xc4,0xff,0x17,0x85,0xc4,0xff,
    0x17,0x85,0xc4,0xff,0x17,0x85,0xc5,0xff,0x17,0x86,0xc6,0xff,0x17,0x86,0xc7,0xff,0x17,0x87,0xc7,0xff,0x17,0x87,0xc7,0xff,
    0x17,0x87,0xc7,0xff,0x17,0x87,0xc7,0xff,0x17,0x84,0xc4,0xff,0x16,0x80,0xbe,0xff,0x15,0x79,0xb6,0xff,0x14,0x70,0xac,0xff,
    0x12,0x68,0xa3,0xff,0x12,0x65,0x9f,0xff,0x0e,0x44,0x77,0xff,0x0c,0x2f,0x5f,0xff,0x0c,0x32,0x63,0xfe,0x0c,0x32,0x63,0xfb,
    0x0c,0x33,0x65,0xfc,0x0a,0x34,0x62,0x31,0x00,0x00,0x00,0x00,0x00,0x7f,0x7f,0x02,0x00,0x00,0x00,0x00,0x00,0x00,0x00,0x00,
    0x00,0x00,0x00,0x00,0x00,0x00,0x00,0x00,0x00,0x00,0x00,0x00,0x00,0x00,0x7f,0x02,0x00,0x00,0x00,0x00,0x0d,0x32,0x5f,0x38,
    0x0c,0x33,0x65,0xfd,0x0c,0x32,0x63,0xfc,0x0c,0x33,0x63,0xfe,0x0c,0x2f,0x5f,0xff,0x0d,0x3a,0x6c,0xff,0x12,0x61,0x99,0xff,
    0x12,0x68,0xa3,0xff,0x13,0x6d,0xa8,0xff,0x14,0x75,0xb2,0xff,0x15,0x7c,0xbb,0xff,0x16,0x82,0xc1,0xff,0x16,0x86,0xc6,0xff,
    0x16,0x87,0xc7,0xff,0x17,0x88,0xc8,0xff,0x17,0x88,0xc8,0xff,0x17,0x88,0xc8,0xff,0x17,0x88,0xc8,0xff,0x17,0x88,0xc8,0xff,
    0x17,0x88,0xc8,0xff,0x17,0x88,0xc8,0xff,0x17,0x88,0xc8,0xff,0x17,0x88,0xc8,0xff,0x17,0x88,0xc8,0xff,0x17,0x88,0xc8,0xff,
    0x17,0x88,0xc8,0xff,0x17,0x87,0xc8,0xff,0x16,0x86,0xc6,0xff,0x16,0x83,0xc2,0xff,0x16,0x7e,0xbd,0xff,0x14,0x77,0xb5,0xff,
    0x13,0x6f,0xab,0xff,0x13,0x68,0xa3,0xff,0x12,0x66,0x9f,0xff,0x0e,0x44,0x78,0xff,0x0c,0x2e,0x5d,0xff,0x0c,0x33,0x63,0xff,
    0x0c,0x31,0x61,0xfa,0x0d,0x36,0x6a,0xff,0x0b,0x32,0x5f,0x70,0x00,0x00,0x00,0x00,0x00,0x55,0x55,0x03,0x00,0x00,0x00,0x00,
    0x00,0x00,0x00,0x00,0x00,0x00,0x00,0x00,0x00,0x00,0x00,0x00,0x00,0x00,0x00,0x00,0x00,0x00,0x00,0x00,0x00,0x00,0x00,0x00,
    0x00,0x55,0x55,0x03,0x00,0x00,0x00,0x00,0x0c,0x31,0x60,0x67,0x0d,0x36,0x69,0xff,0x0c,0x31,0x62,0xfb,0x0c,0x33,0x63,0xff,
    0x0c,0x2f,0x5f,0xff,0x0d,0x3b,0x6c,0xff,0x12,0x5f,0x97,0xff,0x13,0x69,0xa4,0xff,0x13,0x6b,0xa6,0xff,0x14,0x72,0xae,0xff,
    0x15,0x79,0xb7,0xff,0x16,0x7f,0xbd,0xff,0x17,0x83,0xc2,0xff,0x17,0x86,0xc5,0xff,0x17,0x87,0xc8,0xff,0x17,0x88,0xc9,0xff,
    0x17,0x89,0xc9,0xff,0x18,0x89,0xc9,0xff,0x18,0x89,0xc9,0xff,0x18,0x89,0xc9,0xff,0x18,0x89,0xc9,0xff,0x17,0x88,0xc9,0xff,
    0x17,0x88,0xc9,0xff,0x17,0x87,0xc8,0xff,0x17,0x86,0xc6,0xff,0x17,0x84,0xc3,0xff,0x16,0x80,0xbf,0xff,0x15,0x7a,0xb8,0xff,
    0x15,0x74,0xb0,0xff,0x14,0x6d,0xa8,0xff,0x13,0x69,0xa4,0xff,0x12,0x64,0x9e,0xff,0x0e,0x44,0x77,0xff,0x0c,0x2e,0x5e,0xff,
    0x0c,0x33,0x63,0xff,0x0c,0x31,0x61,0xfa,0x0d,0x36,0x6a,0xff,0x0c,0x31,0x62,0xa0,0x00,0x00,0x00,0x00,0x00,0x3f,0x7f,0x04,
    0x00,0x00,0x00,0x00,0x00,0x00,0x00,0x00,0x00,0x00,0x00,0x00,0x00,0x00,0x00,0x00,0x00,0x00,0x00,0x00,0x00,0x00,0x00,0x00,
    0x00,0x00,0x00,0x00,0x00,0x00,0x00,0x00,0x00,0x00,0x00,0x00,0x00,0x3f,0x7f,0x04,0x00,0x00,0x00,0x00,0x0b,0x32,0x61,0x98,
    0x0d,0x36,0x6a,0xff,0x0c,0x31,0x61,0xfa,0x0c,0x33,0x63,0xfe,0x0c,0x30,0x60,0xff,0x0d,0x35,0x66,0xff,0x10,0x52,0x88,0xff,
    0x13,0x67,0xa2,0xff,0x13,0x6b,0xa5,0xff,0x14,0x6e,0xa9,0xff,0x15,0x73,0xaf,0xff,0x15,0x79,0xb6,0xff,0x16,0x7d,0xbb,0xff,
    0x16,0x80,0xc0,0xff,0x17,0x83,0xc3,0xff,0x17,0x85,0xc4,0xff,0x17,0x86,0xc5,0xff,0x17,0x86,0xc6,0xff,0x17,0x86,0xc6,0xff,
    0x17,0x86,0xc6,0xff,0x17,0x85,0xc5,0xff,0x17,0x84,0xc3,0xff,0x16,0x81,0xc0,0xff,0x16,0x7e,0xbd,0xff,0x15,0x7a,0xb8,0xff,
    0x15,0x75,0xb1,0xff,0x14,0x6f,0xaa,0xff,0x14,0x6b,0xa6,0xff,0x13,0x69,0xa4,0xff,0x11,0x59,0x91,0xff,0x0d,0x3b,0x6c,0xff,
    0x0c,0x2f,0x5f,0xff,0x0c,0x33,0x63,0xff,0x0c,0x31,0x61,0xfa,0x0d,0x36,0x68,0xff,0x0c,0x32,0x63,0xca,0x19,0x33,0x66,0x0a,
    0x00,0x00,0x7f,0x02,0x00,0x00,0x00,0x01,0x00,0x00,0x00,0x00,0x00,0x00,0x00,0x00,0x00,0x00,0x00,0x00,0x00,0x00,0x00,0x00,
    0x00,0x00,0x00,0x00,0x00,0x00,0x00,0x00,0x00,0x00,0x00,0x00,0x00,0x00,0x00,0x00,0x00,0x00,0x00,0x00,0x00,0x00,0x00,0x01,
    0x00,0x3f,0x7f,0x04,0x00,0x00,0x00,0x00,0x0b,0x31,0x63,0x9a,0x0d,0x37,0x6a,0xff,0x0c,0x32,0x62,0xfc,0x0c,0x32,0x62,0xfd,
    0x0c,0x31,0x61,0xff,0x0c,0x2f,0x5e,0xff,0x0e,0x42,0x75,0xff,0x11,0x5c,0x94,0xff,0x13,0x69,0xa3,0xff,0x13,0x6c,0xa6,0xff,
    0x14,0x6d,0xa8,0xff,0x14,0x71,0xad,0xff,0x15,0x74,0xb1,0xff,0x15,0x78,0xb5,0xff,0x15,0x7a,0xb8,0xff,0x16,0x7c,0xba,0xff,
    0x16,0x7d,0xbb,0xff,0x16,0x7d,0xbb,0xff,0x16,0x7c,0xba,0xff,0x15,0x7b,0xb8,0xff,0x15,0x79,0xb6,0xff,0x15,0x75,0xb2,0xff,
    0x14,0x72,0xae,0xff,0x14,0x6e,0xa9,0xff,0x13,0x6c,0xa6,0xff,0x13,0x6a,0xa5,0xff,0x12,0x60,0x99,0xff,0x0f,0x49,0x7e,0xff,
    0x0c,0x31,0x61,0xff,0x0c,0x30,0x60,0xff,0x0c,0x33,0x63,0xfe,0x0c,0x31,0x61,0xfb,0x0d,0x36,0x6a,0xff,0x0c,0x32,0x64,0xc9,
    0x0f,0x2d,0x5a,0x11,0x00,0x00,0x00,0x00,0x00,0x00,0x7f,0x02,0x00,0x00,0x00,0x00,0x00,0x00,0x00,0x00,0x00,0x00,0x00,0x00,
    0x00,0x00,0x00,0x00,0x00,0x00,0x00,0x00,0x00,0x00,0x00,0x00,0x00,0x00,0x00,0x00,0x00,0x00,0x00,0x00,0x00,0x00,0x00,0x00,
    0x00,0x00,0x00,0x00,0x00,0x00,0x00,0x00,0x00,0x00,0x00,0x01,0x00,0x7f,0x7f,0x02,0x00,0x00,0x00,0x00,0x0b,0x32,0x64,0x70,
    0x0d,0x34,0x66,0xff,0x0c,0x33,0x64,0xff,0x0c,0x31,0x62,0xfb,0x0c,0x33,0x63,0xff,0x0c,0x2f,0x5f,0xff,0x0c,0x32,0x62,0xff,
    0x0e,0x44,0x78,0xff,0x11,0x59,0x90,0xff,0x12,0x66,0xa0,0xff,0x13,0x6b,0xa5,0xff,0x13,0x6c,0xa6,0xff,0x14,0x6d,0xa8,0xff,
    0x14,0x6e,0xa9,0xff,0x14,0x6f,0xaa,0xff,0x14,0x70,0xab,0xff,0x14,0x70,0xab,0xff,0x14,0x6f,0xaa,0xff,0x14,0x6e,0xa9,0xff,
    0x14,0x6d,0xa8,0xff,0x13,0x6c,0xa7,0xff,0x13,0x6b,0xa6,0xff,0x13,0x68,0xa2,0xff,0x11,0x5d,0x95,0xff,0x0f,0x4a,0x7f,0xff,
    0x0d,0x35,0x66,0xff,0x0c,0x2e,0x5e,0xff,0x0c,0x32,0x62,0xff,0x0c,0x32,0x62,0xfc,0x0c,0x32,0x62,0xfe,0x0d,0x36,0x6a,0xff,
    0x0c,0x33,0x64,0x9d,0x13,0x27,0x62,0x0d,0x00,0x00,0x00,0x00,0x00,0x00,0x7f,0x02,0x00,0x00,0x00,0x00,0x00,0x00,0x00,0x00,
    0x00,0x00,0x00,0x00,0x00,0x00,0x00,0x00,0x00,0x00,0x00,0x00,0x00,0x00,0x00,0x00,0x00,0x00,0x00,0x00,0x00,0x00,0x00,0x00,
    0x00,0x00,0x00,0x00,0x00,0x00,0x00,0x00,0x00,0x00,0x00,0x00,0x00,0x00,0x00,0x00,0x00,0x00,0x00,0x00,0x00,0x00,0x00,0x01,
    0x00,0x00,0x7f,0x02,0x00,0x00,0x00,0x00,0x0a,0x32,0x60,0x47,0x0c,0x33,0x63,0xe6,0x0d,0x36,0x69,0xff,0x0c,0x31,0x61,0xfd,
    0x0c,0x32,0x63,0xfc,0x0c,0x32,0x62,0xff,0x0c,0x2f,0x5e,0xff,0x0c,0x30,0x60,0xff,0x0d,0x3d,0x6f,0xff,0x0f,0x4a,0x7f,0xff,
    0x10,0x57,0x8e,0xff,0x12,0x60,0x99,0xff,0x12,0x64,0x9e,0xff,0x13,0x68,0xa2,0xff,0x13,0x68,0xa2,0xff,0x13,0x68,0xa2,0xff,
    0x13,0x68,0xa2,0xff,0x13,0x66,0xa0,0xff,0x12,0x61,0x9a,0xff,0x11,0x5a,0x91,0xff,0x0f,0x4d,0x83,0xff,0x0e,0x41,0x74,0xff,
    0x0c,0x32,0x63,0xff,0x0c,0x2e,0x5e,0xff,0x0c,0x31,0x61,0xff,0x0c,0x32,0x62,0xfd,0x0c,0x31,0x61,0xfb,0x0d,0x34,0x66,0xff,
    0x0c,0x33,0x65,0xfb,0x0b,0x32,0x64,0x70,0x00,0x00,0x00,0x00,0x00,0x00,0x00,0x00,0x00,0x00,0x7f,0x02,0x00,0x00,0x00,0x00,
    0x00,0x00,0x00,0x00,0x00,0x00,0x00,0x00,0x00,0x00,0x00,0x00,0x00,0x00,0x00,0x00,0x00,0x00,0x00,0x00,0x00,0x00,0x00,0x00,
    0x00,0x00,0x00,0x00,0x00,0x00,0x00,0x00,0x00,0x00,0x00,0x00,0x00,0x00,0x00,0x00,0x00,0x00,0x00,0x00,0x00,0x00,0x00,0x00,
    0x00,0x00,0x00,0x00,0x00,0x00,0x00,0x00,0x00,0x00,0x00,0x00,0x00,0x3f,0x3f,0x04,0x00,0x00,0x00,0x00,0x09,0x31,0x58,0x1a,
    0x0c,0x33,0x64,0xa7,0x0d,0x35,0x67,0xff,0x0d,0x35,0x67,0xff,0x0c,0x32,0x61,0xfd,0x0c,0x32,0x62,0xfc,0x0c,0x32,0x62,0xfe,
    0x0c,0x30,0x5f,0xff,0x0c,0x2e,0x5e,0xff,0x0c,0x30,0x60,0xff,0x0c,0x34,0x64,0xff,0x0d,0x3a,0x6b,0xff,0x0d,0x3f,0x71,0xff,
    0x0d,0x3e,0x70,0xff,0x0d,0x3e,0x70,0xff,0x0d,0x3f,0x71,0xff,0x0d,0x3c,0x6e,0xff,0x0c,0x35,0x65,0xff,0x0c,0x31,0x61,0xff,
    0x0c,0x2e,0x5e,0xff,0x0c,0x2f,0x5f,0xff,0x0c,0x32,0x62,0xfe,0x0c,0x32,0x63,0xfc,0x0c,0x31,0x62,0xfc,0x0c,0x34,0x65,0xff,
    0x0d,0x36,0x69,0xff,0x0c,0x33,0x64,0xc8,0x0d,0x33,0x61,0x37,0x00,0x00,0x00,0x00,0x00,0x7f,0x7f,0x02,0x00,0x00,0x00,0x01,
    0x00,0x00,0x00,0x00,0x00,0x00,0x00,0x00,0x00,0x00,0x00,0x00,0x00,0x00,0x00,0x00,0x00,0x00,0x00,0x00,0x00,0x00,0x00,0x00,
    0x00,0x00,0x00,0x00,0x00,0x00,0x00,0x00,0x00,0x00,0x00,0x00,0x00,0x00,0x00,0x00,0x00,0x00,0x00,0x00,0x00,0x00,0x00,0x00,
    0x00,0x00,0x00,0x00,0x00,0x00,0x00,0x00,0x00,0x00,0x00,0x00,0x00,0x00,0x00,0x00,0x00,0x00,0x00,0x00,0x00,0x00,0x00,0x00,
    0x00,0x55,0x55,0x03,0x00,0x00,0x00,0x00,0x00,0x00,0x00,0x00,0x0b,0x33,0x63,0x45,0x0c,0x34,0x64,0xba,0x0d,0x34,0x66,0xff,
    0x0d,0x35,0x68,0xff,0x0c,0x32,0x63,0xff,0x0c,0x32,0x62,0xfc,0x0c,0x32,0x62,0xfb,0x0c,0x32,0x62,0xfc,0x0c,0x31,0x61,0xfe,
    0x0c,0x30,0x60,0xfe,0x0c,0x2f,0x5f,0xff,0x0c,0x2f,0x5f,0xff,0x0c,0x2f,0x5f,0xff,0x0c,0x2f,0x5f,0xff,0x0c,0x30,0x5f,0xfe,
    0x0c,0x31,0x61,0xfe,0x0c,0x32,0x62,0xfc,0x0c,0x32,0x63,0xfb,0x0c,0x32,0x62,0xfc,0x0c,0x32,0x62,0xff,0x0d,0x35,0x67,0xff,
    0x0d,0x35,0x69,0xff,0x0c,0x33,0x64,0xd3,0x0d,0x34,0x62,0x62,0x00,0x33,0x33,0x05,0x00,0x00,0x00,0x00,0x00,0x55,0x55,0x03,
    0x00,0x00,0x00,0x00,0x00,0x00,0x00,0x00,0x00,0x00,0x00,0x00,0x00,0x00,0x00,0x00,0x00,0x00,0x00,0x00,0x00,0x00,0x00,0x00,
    0x00,0x00,0x00,0x00,0x00,0x00,0x00,0x00,0x00,0x00,0x00,0x00,0x00,0x00,0x00,0x00,0x00,0x00,0x00,0x00,0x00,0x00,0x00,0x00,
    0x00,0x00,0x00,0x00,0x00,0x00,0x00,0x00,0x00,0x00,0x00,0x00,0x00,0x00,0x00,0x00,0x00,0x00,0x00,0x00,0x00,0x00,0x00,0x00,
    0x00,0x00,0x00,0x00,0x00,0x00,0x00,0x00,0x00,0x00,0x00,0x00,0x00,0x00,0x00,0x01,0x00,0x00,0x7f,0x02,0x00,0x00,0x00,0x00,
    0x00,0x00,0x00,0x00,0x0a,0x33,0x62,0x46,0x0c,0x33,0x64,0xa2,0x0c,0x33,0x64,0xf2,0x0d,0x35,0x68,0xff,0x0d,0x36,0x69,0xff,
    0x0d,0x35,0x67,0xff,0x0c,0x33,0x65,0xff,0x0c,0x33,0x64,0xff,0x0c,0x32,0x62,0xfe,0x0c,0x32,0x62,0xfe,0x0c,0x32,0x62,0xfe,
    0x0c,0x32,0x62,0xfe,0x0c,0x33,0x63,0xff,0x0c,0x33,0x64,0xff,0x0d,0x34,0x67,0xff,0x0d,0x35,0x69,0xff,0x0d,0x35,0x69,0xff,
    0x0c,0x33,0x64,0xfc,0x0c,0x33,0x64,0xbb,0x0a,0x33,0x64,0x5e,0x00,0x24,0x48,0x07,0x00,0x00,0x00,0x00,0x00,0x00,0x00,0x00,
    0x00,0x00,0x7f,0x02,0x00,0x00,0x00,0x00,0x00,0x00,0x00,0x00,0x00,0x00,0x00,0x00,0x00,0x00,0x00,0x00,0x00,0x00,0x00,0x00,
    0x00,0x00,0x00,0x00,0x00,0x00,0x00,0x00,0x00,0x00,0x00,0x00,0x00,0x00,0x00,0x00,0x00,0x00,0x00,0x00,0x00,0x00,0x00,0x00,
    0x00,0x00,0x00,0x00,0x00,0x00,0x00,0x00,0x00,0x00,0x00,0x00,0x00,0x00,0x00,0x00,0x00,0x00,0x00,0x00,0x00,0x00,0x00,0x00,
    0x00,0x00,0x00,0x00,0x00,0x00,0x00,0x00,0x00,0x00,0x00,0x00,0x00,0x00,0x00,0x00,0x00,0x00,0x00,0x00,0x00,0x00,0x00,0x00,
    0x00,0x00,0x00,0x00,0x00,0x55,0x55,0x03,0x00,0x00,0xff,0x01,0x00,0x00,0x00,0x00,0x00,0x00,0x00,0x00,0x09,0x36,0x64,0x1c,
    0x0c,0x33,0x66,0x50,0x0c,0x33,0x64,0x8c,0x0c,0x33,0x63,0xbe,0x0c,0x31,0x62,0xe7,0x0b,0x32,0x61,0xf2,0x0c,0x34,0x65,0xff,
    0x0c,0x33,0x65,0xff,0x0c,0x33,0x64,0xff,0x0c,0x34,0x65,0xff,0x0c,0x32,0x61,0xf8,0x0b,0x32,0x62,0xea,0x0c,0x33,0x64,0xc6,
    0x0d,0x33,0x64,0x9b,0x0d,0x35,0x66,0x5f,0x0c,0x31,0x69,0x29,0x00,0x00,0x00,0x00,0x00,0x00,0x00,0x00,0x00,0x00,0x00,0x00,
    0x00,0x55,0x55,0x03,0x00,0x00,0x00,0x01,0x00,0x00,0x00,0x00,0x00,0x00,0x00,0x00,0x00,0x00,0x00,0x00,0x00,0x00,0x00,0x00,
    0x00,0x00,0x00,0x00,0x00,0x00,0x00,0x00,0x00,0x00,0x00,0x00,0x00,0x00,0x00,0x00,0x00,0x00,0x00,0x00,0x00,0x00,0x00,0x00,
    0x00,0x00,0x00,0x00,0x00,0x00,0x00,0x00,0x00,0x00,0x00,0x00,0x00,0x00,0x00,0x00,0x00,0x00,0x00,0x00,0x00,0x00,0x00,0x00,
    0x00,0x00,0x00,0x00,0x00,0x00,0x00,0x00,0x00,0x00,0x00,0x00,0x00,0x00,0x00,0x00,0x00,0x00,0x00,0x00,0x00,0x00,0x00,0x00,
    0x00,0x00,0x00,0x00,0x00,0x00,0x00,0x00,0x00,0x00,0x00,0x00,0x00,0x00,0x00,0x00,0x00,0x00,0x00,0x00,0x00,0x55,0x55,0x03,
    0x00,0x55,0x55,0x03,0x00,0x00,0x00,0x00,0x00,0x00,0x00,0x00,0x00,0x00,0x00,0x00,0x00,0x00,0x00,0x00,0x0f,0x2f,0x5f,0x10,
    0x08,0x31,0x62,0x1f,0x0a,0x33,0x66,0x46,0x0b,0x33,0x63,0x45,0x0b,0x30,0x60,0x45,0x0a,0x36,0x66,0x46,0x0b,0x34,0x62,0x2c,
    0x0e,0x38,0x63,0x12,0x00,0x00,0x00,0x00,0x00,0x00,0x00,0x00,0x00,0x00,0x00,0x00,0x00,0x00,0x00,0x00,0x00,0x00,0x00,0x01,
    0x00,0x3f,0x3f,0x04,0x00,0x00,0x00,0x01,0x00,0x00,0x00,0x00,0x00,0x00,0x00,0x00,0x00,0x00,0x00,0x00,0x00,0x00,0x00,0x00,
    0x00,0x00,0x00,0x00,0x00,0x00,0x00,0x00,0x00,0x00,0x00,0x00,0x00,0x00,0x00,0x00,0x00,0x00,0x00,0x00,0x00,0x00,0x00,0x00,
    0x00,0x00,0x00,0x00,0x00,0x00,0x00,0x00,0x00,0x00,0x00,0x00,0x00,0x00,0x00,0x00,
};
const lv_image_dsc_t img_iris_idle = {
    .header.magic = LV_IMAGE_HEADER_MAGIC,
    .header.cf = LV_COLOR_FORMAT_ARGB8888,
    .header.w = 50,
    .header.h = 50,
    .header.stride = 200,
    .data_size = sizeof(img_iris_idle_map),
    .data = img_iris_idle_map,
};

static const uint8_t img_iris_listening_map[] = {
    0x00,0x00,0x00,0x00,0x00,0x00,0x00,0x00,0x00,0x00,0x00,0x00,0x00,0x00,0x00,0x00,0x00,0x00,0x00,0x00,0x00,0x00,0x00,0x00,
    0x00,0x00,0x00,0x00,0x00,0x00,0x00,0x00,0x00,0x00,0x00,0x00,0x00,0x00,0x00,0x00,0x00,0x00,0x00,0x00,0x00,0x00,0x00,0x00,
    0x00,0x00,0x00,0x00,0x00,0x00,0x00,0x00,0x00,0x00,0x00,0x00,0x00,0x00,0x00,0x01,0x3f,0x3f,0x00,0x04,0x00,0x00,0x00,0x01,
    0x00,0x00,0x00,0x00,0x00,0x00,0x00,0x00,0x00,0x00,0x00,0x00,0x00,0x00,0x00,0x00,0x00,0x00,0x00,0x00,0x46,0x63,0x0e,0x12,
    0x3c,0x5a,0x0f,0x11,0x3c,0x5a,0x0f,0x11,0x46,0x63,0x0e,0x12,0x55,0x55,0x00,0x03,0x00,0x00,0x00,0x00,0x00,0x00,0x00,0x00,
    0x00,0x00,0x00,0x00,0x00,0x00,0x00,0x00,0x00,0x00,0x00,0x00,0x3f,0x3f,0x00,0x04,0x00,0x7f,0x00,0x02,0x00,0x00,0x00,0x00,
    0x00,0x00,0x00,0x00,0x00,0x00,0x00,0x00,0x00,0x00,0x00,0x00,0x00,0x00,0x00,0x00,0x00,0x00,0x00,0x00,0x00,0x00,0x00,0x00,
    0x00,0x00,0x00,0x00,0x00,0x00,0x00,0x00,0x00,0x00,0x00,0x00,0x00,0x00,0x00,0x00,0x00,0x00,0x00,0x00,0x00,0x00,0x00,0x00,
    0x00,0x00,0x00,0x00,0x00,0x00,0x00,0x00,0x00,0x00,0x00,0x00,0x00,0x00,0x00,0x00,0x00,0x00,0x00,0x00,0x00,0x00,0x00,0x00,
    0x00,0x00,0x00,0x00,0x00,0x00,0x00,0x00,0x00,0x00,0x00,0x00,0x00,0x00,0x00,0x00,0x00,0x00,0x00,0x00,0x00,0x00,0x00,0x00,
    0x00,0x00,0x00,0x00,0x00,0x00,0x00,0x00,0x00,0x00,0x00,0x00,0x00,0x00,0x00,0x01,0x55,0x55,0x00,0x03,0x00,0x00,0x00,0x00,
    0x00,0x00,0x00,0x00,0x00,0x00,0x00,0x00,0x3d,0x57,0x08,0x1d,0x3f,0x59,0x09,0x50,0x3e,0x5a,0x09,0x82,0x3d,0x58,0x09,0xb6,
    0x3e,0x58,0x0a,0xc7,0x3f,0x59,0x09,0xea,0x3e,0x58,0x09,0xea,0x3e,0x58,0x09,0xea,0x3e,0x58,0x09,0xeb,0x3d,0x57,0x09,0xd2,
    0x3f,0x59,0x09,0xba,0x41,0x5a,0x0a,0x8d,0x40,0x5b,0x0a,0x5f,0x44,0x5d,0x0c,0x29,0x3f,0x3f,0x00,0x04,0x00,0x00,0x00,0x00,
    0x00,0x00,0x00,0x00,0x55,0x55,0x00,0x03,0x00,0x7f,0x00,0x02,0x00,0x00,0x00,0x00,0x00,0x00,0x00,0x00,0x00,0x00,0x00,0x00,
    0x00,0x00,0x00,0x00,0x00,0x00,0x00,0x00,0x00,0x00,0x00,0x00,0x00,0x00,0x00,0x00,0x00,0x00,0x00,0x00,0x00,0x00,0x00,0x00,
    0x00,0x00,0x00,0x00,0x00,0x00,0x00,0x00,0x00,0x00,0x00,0x00,0x00,0x00,0x00,0x00,0x00,0x00,0x00,0x00,0x00,0x00,0x00,0x00,
    0x00,0x00,0x00,0x00,0x00,0x00,0x00,0x00,0x00,0x00,0x00,0x00,0x00,0x00,0x00,0x00,0x00,0x00,0x00,0x00,0x00,0x00,0x00,0x00,
    0x00,0x00,0x00,0x00,0x00,0x00,0x00,0x00,0x00,0x00,0x00,0x00,0x00,0x00,0x00,0x00,0x55,0x55,0x00,0x03,0x00,0x00,0x00,0x00,
    0x00,0x00,0x00,0x00,0x42,0x58,0x0b,0x17,0x41,0x5a,0x0a,0x65,0x3f,0x5a,0x0a,0xc6,0x3f,0x59,0x0a,0xf6,0x42,0x5e,0x0b,0xff,
    0x43,0x60,0x0b,0xff,0x42,0x5e,0x0b,0xff,0x41,0x5d,0x0b,0xff,0x3f,0x59,0x0a,0xff,0x3f,0x59,0x0a,0xff,0x3f,0x59,0x0a,0xff,
    0x3f,0x59,0x0a,0xff,0x41,0x5c,0x0a,0xff,0x42,0x5e,0x0b,0xff,0x43,0x5f,0x0b,0xff,0x43,0x5f,0x0b,0xff,0x3e,0x5a,0x0a,0xfc,
    0x40,0x5a,0x0a,0xd6,0x3f,0x5b,0x09,0x80,0x3f,0x59,0x0c,0x28,0x00,0x00,0x00,0x00,0x00,0x00,0x00,0x00,0x55,0x55,0x00,0x03,
    0x00,0x00,0x00,0x01,0x00,0x00,0x00,0x00,0x00,0x00,0x00,0x00,0x00,0x00,0x00,0x00,0x00,0x00,0x00,0x00,0x00,0x00,0x00,0x00,
    0x00,0x00,0x00,0x00,0x00,0x00,0x00,0x00,0x00,0x00,0x00,0x00,0x00,0x00,0x00,0x00,0x00,0x00,0x00,0x00,0x00,0x00,0x00,0x00,
    0x00,0x00,0x00,0x00,0x00,0x00,0x00,0x00,0x00,0x00,0x00,0x00,0x00,0x00,0x00,0x00,0x00,0x00,0x00,0x00,0x00,0x00,0x00,0x00,
    0x00,0x00,0x00,0x00,0x00,0x00,0x00,0x00,0x00,0x00,0x00,0x00,0x00,0x00,0x00,0x00,0x00,0x00,0x00,0x01,0xff,0xff,0xff,0x01,
    0x00,0x00,0x02,0x00,0x58,0x6e,0x2c,0x17,0x43,0x5d,0x0d,0x80,0x40,0x5b,0x0c,0xe8,0x42,0x5e,0x0b,0xff,0x41,0x5d,0x0b,0xff,
    0x3e,0x59,0x0a,0xff,0x3c,0x56,0x09,0xfc,0x3b,0x54,0x09,0xfb,0x3c,0x55,0x09,0xfc,0x3c,0x56,0x0a,0xfc,0x3f,0x5a,0x0a,0xfe,
    0x3f,0x5a,0x0a,0xfe,0x3f,0x5a,0x0a,0xfe,0x40,0x5b,0x0a,0xfe,0x3d,0x56,0x0a,0xfd,0x3c,0x56,0x0a,0xfc,0x3b,0x54,0x09,0xfb,
    0x3c,0x55,0x09,0xfc,0x3e,0x58,0x0a,0xff,0x41,0x5c,0x0b,0xff,0x43,0x5e,0x0b,0xff,0x3f,0x59,0x0a,0xf8,0x3e,0x5a,0x09,0x9e,
    0x3f,0x56,0x0b,0x2c,0x00,0x00,0x00,0x00,0x00,0x00,0x00,0x00,0x7f,0x7f,0x00,0x02,0x00,0x00,0x00,0x00,0x00,0x00,0x00,0x00,
    0x00,0x00,0x00,0x00,0x00,0x00,0x00,0x00,0x00,0x00,0x00,0x00,0x00,0x00,0x00,0x00,0x00,0x00,0x00,0x00,0x00,0x00,0x00,0x00,
    0x00,0x00,0x00,0x00,0x00,0x00,0x00,0x00,0x00,0x00,0x00,0x00,0x00,0x00,0x00,0x00,0x00,0x00,0x00,0x00,0x00,0x00,0x00,0x00,
    0x00,0x00,0x00,0x00,0x00,0x00,0x00,0x00,0x00,0x00,0x00,0x00,0x00,0x00,0x00,0x00,0x00,0x00,0x00,0x00,0x55,0x55,0x00,0x03,
    0x02,0x01,0x03,0x00,0x00,0x00,0x00,0x00,0x2c,0x48,0x00,0x6d,0x34,0x50,0x00,0xe9,0x3a,0x57,0x01,0xff,0x3b,0x56,0x06,0xff,
    0x3e,0x58,0x0c,0xfc,0x3d,0x55,0x0b,0xfd,0x3e,0x57,0x0a,0xfe,0x44,0x62,0x0c,0xff,0x4b,0x6d,0x0e,0xff,0x51,0x76,0x0f,0xff,
    0x53,0x7a,0x10,0xff,0x58,0x81,0x11,0xff,0x58,0x83,0x11,0xff,0x58,0x82,0x11,0xff,0x58,0x83,0x11,0xff,0x54,0x7c,0x10,0xff,
    0x52,0x78,0x10,0xff,0x4d,0x70,0x0e,0xff,0x46,0x65,0x0c,0xff,0x3f,0x5a,0x0a,0xfe,0x3c,0x54,0x09,0xfd,0x3c,0x55,0x09,0xfc,
    0x3e,0x59,0x0a,0xff,0x42,0x5e,0x0b,0xff,0x3f,0x5b,0x0a,0xf9,0x40,0x5a,0x0a,0x92,0x33,0x55,0x11,0x0f,0x00,0x00,0x00,0x00,
    0x55,0x55,0x00,0x03,0x00,0x00,0x00,0x00,0x00,0x00,0x00,0x00,0x00,0x00,0x00,0x00,0x00,0x00,0x00,0x00,0x00,0x00,0x00,0x00,
    0x00,0x00,0x00,0x00,0x00,0x00,0x00,0x00,0x00,0x00,0x00,0x00,0x00,0x00,0x00,0x00,0x00,0x00,0x00,0x00,0x00,0x00,0x00,0x00,
    0x00,0x00,0x00,0x00,0x00,0x00,0x00,0x00,0x00,0x00,0x00,0x00,0x00,0x00,0x00,0x00,0x00,0x00,0x00,0x00,0x00,0x00,0x00,0x00,
    0x55,0x55,0x00,0x03,0x00,0x00,0x01,0x00,0x00,0x00,0x00,0x19,0x46,0x5f,0x13,0xb8,0x6a,0x80,0x3c,0xff,0x77,0x8a,0x51,0xff,
    0x64,0x78,0x3a,0xfb,0x4c,0x64,0x1d,0xfe,0x39,0x58,0x00,0xff,0x47,0x6b,0x05,0xff,0x58,0x7f,0x14,0xff,0x5c,0x88,0x13,0xff,
    0x5e,0x8b,0x13,0xff,0x5f,0x8c,0x13,0xff,0x60,0x8d,0x14,0xff,0x5f,0x8d,0x14,0xff,0x60,0x8e,0x14,0xff,0x60,0x8e,0x14,0xff,
    0x5f,0x8d,0x14,0xff,0x60,0x8e,0x14,0xff,0x5f,0x8d,0x13,0xff,0x5e,0x8c,0x13,0xff,0x5d,0x89,0x13,0xff,0x58,0x81,0x12,0xff,
    0x50,0x74,0x0f,0xff,0x45,0x63,0x0c,0xff,0x3c,0x56,0x0a,0xfe,0x3c,0x56,0x0a,0xfc,0x3e,0x59,0x0a,0xff,0x43,0x5e,0x0b,0xff,
    0x40,0x5a,0x0a,0xd9,0x3c,0x56,0x08,0x3b,0x00,0x00,0x00,0x00,0x55,0x55,0x00,0x03,0x00,0x00,0x00,0x00,0x00,0x00,0x00,0x00,
    0x00,0x00,0x00,0x00,0x00,0x00,0x00,0x00,0x00,0x00,0x00,0x00,0x00,0x00,0x00,0x00,0x00,0x00,0x00,0x00,0x00,0x00,0x00,0x00,
    0x00,0x00,0x00,0x00,0x00,0x00,0x00,0x00,0x00,0x00,0x00,0x00,0x00,0x00,0x00,0x00,0x00,0x00,0x00,0x00,0x00,0x00,0x00,0x00,
    0x00,0x00,0x00,0x00,0x3f,0x3f,0x3f,0x04,0x00,0x00,0x01,0x00,0x22,0x3c,0x00,0x3b,0x99,0xa7,0x7c,0xe6,0xe7,0xed,0xdd,0xff,
    0xff,0xff,0xff,0xfb,0xff,0xff,0xff,0xfe,0xfc,0xfd,0xfc,0xff,0xef,0xf2,0xeb,0xff,0xb9,0xcb,0x9b,0xff,0x7a,0x9f,0x3c,0xff,
    0x58,0x87,0x08,0xff,0x61,0x8f,0x15,0xff,0x63,0x92,0x16,0xff,0x64,0x94,0x15,0xff,0x65,0x96,0x16,0xff,0x66,0x98,0x16,0xff,
    0x67,0x99,0x17,0xff,0x67,0x99,0x17,0xff,0x66,0x99,0x16,0xff,0x66,0x97,0x16,0xff,0x64,0x95,0x16,0xff,0x63,0x92,0x15,0xff,
    0x61,0x8f,0x15,0xff,0x5f,0x8d,0x14,0xff,0x5f,0x8c,0x14,0xff,0x5c,0x88,0x13,0xff,0x53,0x79,0x10,0xff,0x43,0x61,0x0c,0xff,
    0x3c,0x55,0x09,0xfe,0x3d,0x57,0x0a,0xfb,0x40,0x5b,0x0b,0xff,0x40,0x5b,0x0a,0xfb,0x3d,0x59,0x09,0x67,0x00,0x00,0x00,0x00,
    0x55,0x55,0x00,0x03,0x00,0x00,0x00,0x01,0x00,0x00,0x00,0x00,0x00,0x00,0x00,0x00,0x00,0x00,0x00,0x00,0x00,0x00,0x00,0x00,
    0x00,0x00,0x00,0x00,0x00,0x00,0x00,0x00,0x00,0x00,0x00,0x00,0x00,0x00,0x00,0x00,0x00,0x00,0x00,0x00,0x00,0x00,0x00,0x00,
    0x00,0x00,0x00,0x00,0x00,0x00,0x00,0x00,0x3f,0x3f,0x00,0x04,0x00,0x00,0x02,0x00,0x32,0x4b,0x05,0x65,0xb1,0xbd,0x9a,0xfb,
    0xff,0xff,0xff,0xff,0xff,0xff,0xff,0xfc,0xfb,0xfc,0xf9,0xff,0xfa,0xfb,0xf8,0xff,0xfc,0xfd,0xfa,0xff,0xff,0xff,0xfd,0xff,
    0xff,0xff,0xff,0xff,0xfc,0xfc,0xfa,0xff,0xb2,0xca,0x8a,0xff,0x61,0x97,0x0c,0xff,0x6a,0x9e,0x18,0xff,0x6d,0xa2,0x19,0xff,
    0x6d,0xa3,0x19,0xff,0x6e,0xa4,0x19,0xff,0x6e,0xa5,0x19,0xff,0x6e,0xa5,0x19,0xff,0x6e,0xa4,0x19,0xff,0x6d,0xa3,0x19,0xff,
    0x6c,0xa2,0x18,0xff,0x6b,0x9f,0x18,0xff,0x69,0x9c,0x18,0xff,0x66,0x98,0x16,0xff,0x63,0x93,0x16,0xff,0x60,0x8e,0x15,0xff,
    0x5f,0x8c,0x14,0xff,0x5b,0x87,0x13,0xff,0x4e,0x72,0x0f,0xff,0x3f,0x59,0x0a,0xff,0x3c,0x55,0x09,0xfd,0x3e,0x59,0x0a,0xfe,
    0x42,0x5e,0x0b,0xff,0x3e,0x58,0x0a,0x98,0x00,0x00,0x00,0x00,0x7f,0x7f,0x00,0x02,0x00,0x00,0x00,0x01,0x00,0x00,0x00,0x00,
    0x00,0x00,0x00,0x00,0x00,0x00,0x00,0x00,0x00,0x00,0x00,0x00,0x00,0x00,0x00,0x00,0x00,0x00,0x00,0x00,0x00,0x00,0x00,0x00,
    0x00,0x00,0x00,0x00,0x00,0x00,0x00,0x00,0x00,0x00,0x00,0x00,0x55,0x55,0x00,0x03,0x00,0x00,0x03,0x00,0x1e,0x3a,0x00,0x65,
    0x89,0x9b,0x64,0xff,0xff,0xff,0xff,0xfe,0xf8,0xf9,0xf6,0xfd,0xfa,0xfb,0xf8,0xff,0xfb,0xfd,0xfa,0xff,0xfc,0xfd,0xfa,0xff,
    0xfc,0xfd,0xfa,0xff,0xfb,0xfc,0xf9,0xff,0xf9,0xfb,0xf6,0xff,0xfc,0xfd,0xfa,0xff,0xff,0xff,0xff,0xff,0xc9,0xdd,0xa9,0xff,
    0x6d,0xa5,0x15,0xff,0x72,0xa9,0x1b,0xff,0x72,0xaa,0x1b,0xff,0x72,0xaa,0x1b,0xff,0x72,0xaa,0x1b,0xff,0x72,0xaa,0x1b,0xff,
    0x72,0xaa,0x1b,0xff,0x72,0xaa,0x1b,0xff,0x72,0xa9,0x1b,0xff,0x71,0xa8,0x1a,0xff,0x70,0xa6,0x1a,0xff,0x6e,0xa3,0x1a,0xff,
    0x6b,0x9f,0x19,0xff,0x68,0x9a,0x17,0xff,0x64,0x93,0x16,0xff,0x60,0x8e,0x15,0xff,0x5f,0x8c,0x15,0xff,0x56,0x7e,0x12,0xff,
    0x43,0x5f,0x0b,0xff,0x3c,0x55,0x09,0xfe,0x3e,0x58,0x0a,0xfc,0x43,0x5f,0x0b,0xff,0x3e,0x57,0x09,0x9a,0x00,0x00,0x00,0x00,
    0x55,0x55,0x00,0x03,0x00,0x00,0x00,0x00,0x00,0x00,0x00,0x00,0x00,0x00,0x00,0x00,0x00,0x00,0x00,0x00,0x00,0x00,0x00,0x00,
    0x00,0x00,0x00,0x00,0x00,0x00,0x00,0x00,0x00,0x00,0x00,0x00,0x00,0x00,0x00,0x00,0x55,0x55,0x00,0x03,0x00,0x00,0x00,0x00,
    0x35,0x50,0x08,0x39,0x44,0x5e,0x12,0xfe,0xe0,0xe5,0xd7,0xfd,0xfd,0xff,0xfd,0xfd,0xf9,0xfa,0xf8,0xff,0xfc,0xfd,0xfa,0xff,
    0xfc,0xfd,0xfa,0xff,0xfc,0xfd,0xfa,0xff,0xfc,0xfd,0xfa,0xff,0xfc,0xfd,0xfa,0xff,0xfc,0xfd,0xfb,0xff,0xfb,0xfd,0xfa,0xff,
    0xfa,0xfb,0xf7,0xff,0xff,0xff,0xff,0xff,0xbe,0xd8,0x96,0xff,0x6b,0xa6,0x0e,0xff,0x75,0xac,0x20,0xff,0x73,0xab,0x1d,0xff,
    0x74,0xab,0x1d,0xff,0x74,0xab,0x1d,0xff,0x74,0xab,0x1d,0xff,0x74,0xab,0x1d,0xff,0x73,0xab,0x1c,0xff,0x73,0xab,0x1c,0xff,
    0x73,0xab,0x1c,0xff,0x73,0xaa,0x1c,0xff,0x71,0xa8,0x1b,0xff,0x6f,0xa4,0x1b,0xff,0x6b,0x9f,0x19,0xff,0x67,0x98,0x18,0xff,
    0x62,0x90,0x16,0xff,0x60,0x8d,0x16,0xff,0x5b,0x85,0x14,0xff,0x43,0x61,0x0c,0xff,0x3c,0x55,0x09,0xff,0x3e,0x58,0x0a,0xfa,
    0x44,0x60,0x0b,0xff,0x3d,0x58,0x09,0x70,0x00,0x00,0x00,0x00,0x3f,0x3f,0x00,0x04,0x00,0x00,0x00,0x00,0x00,0x00,0x00,0x00,
    0x00,0x00,0x00,0x00,0x00,0x00,0x00,0x00,0x00,0x00,0x00,0x00,0x00,0x00,0x00,0x00,0x00,0x00,0x00,0x00,0x00,0x00,0x00,0x02,
    0x00,0x00,0x00,0x01,0x4d,0x6e,0x2c,0x17,0x34,0x4f,0x00,0xe9,0x70,0x84,0x47,0xfe,0xff,0xff,0xff,0xfd,0xfa,0xfb,0xf8,0xff,
    0xfc,0xfd,0xfa,0xff,0xfc,0xfd,0xfa,0xff,0xfc,0xfd,0xfa,0xff,0xfc,0xfd,0xfb,0xff,0xfc,0xfd,0xfb,0xff,0xfc,0xfd,0xfb,0xff,
    0xfc,0xfd,0xfb,0xff,0xfc,0xfd,0xfb,0xff,0xfc,0xfd,0xfa,0xff,0xfa,0xfc,0xf7,0xff,0xff,0xff,0xff,0xff,0xa5,0xc9,0x6d,0xff,
    0x6b,0xa6,0x10,0xff,0x75,0xab,0x21,0xff,0x73,0xab,0x1d,0xff,0x73,0xab,0x1e,0xff,0x73,0xab,0x1d,0xff,0x73,0xaa,0x1d,0xff,
    0x73,0xab,0x1d,0xff,0x74,0xac,0x1e,0xff,0x74,0xac,0x1e,0xff,0x74,0xac,0x1e,0xff,0x74,0xac,0x1d,0xff,0x73,0xab,0x1d,0xff,
    0x71,0xa8,0x1c,0xff,0x6e,0xa3,0x1b,0xff,0x69,0x9c,0x1a,0xff,0x64,0x93,0x17,0xff,0x60,0x8d,0x16,0xff,0x5b,0x85,0x14,0xff,
    0x43,0x61,0x0c,0xff,0x3d,0x56,0x09,0xfe,0x3e,0x59,0x0a,0xfb,0x41,0x5c,0x0a,0xff,0x3b,0x58,0x0b,0x45,0x00,0x00,0x00,0x00,
    0x55,0x55,0x00,0x03,0x00,0x00,0x00,0x00,0x00,0x00,0x00,0x00,0x00,0x00,0x00,0x00,0x00,0x00,0x00,0x00,0x00,0x00,0x00,0x00,
    0x00,0x00,0x00,0x00,0x55,0x55,0x00,0x03,0x00,0x00,0x00,0x00,0x41,0x5b,0x0f,0xba,0x36,0x53,0x00,0xff,0x88,0x98,0x69,0xfc,
    0xfe,0xff,0xfe,0xff,0xf9,0xfa,0xf6,0xff,0xfc,0xfd,0xfa,0xff,0xfc,0xfd,0xfa,0xff,0xfc,0xfd,0xfb,0xff,0xfc,0xfd,0xfb,0xff,
    0xfc,0xfd,0xfb,0xff,0xfc,0xfd,0xfb,0xff,0xfc,0xfd,0xfb,0xff,0xfc,0xfd,0xfb,0xff,0xfc,0xfd,0xfb,0xff,0xfb,0xfc,0xf9,0xff,
    0xfe,0xff,0xfe,0xff,0xeb,0xf3,0xdf,0xff,0x7b,0xb4,0x24,0xff,0x7a,0xb6,0x1e,0xff,0x7a,0xb3,0x21,0xff,0x79,0xb3,0x20,0xff,
    0x7a,0xb4,0x21,0xff,0x7c,0xb8,0x21,0xff,0x7a,0xb5,0x21,0xff,0x76,0xae,0x1f,0xff,0x74,0xab,0x1f,0xff,0x75,0xad,0x1f,0xff,
    0x75,0xad,0x1f,0xff,0x75,0xad,0x1f,0xff,0x75,0xad,0x1f,0xff,0x74,0xab,0x1e,0xff,0x70,0xa5,0x1d,0xff,0x6b,0x9e,0x1b,0xff,
    0x65,0x94,0x19,0xff,0x61,0x8e,0x17,0xff,0x5b,0x85,0x15,0xff,0x42,0x5d,0x0b,0xff,0x3c,0x55,0x09,0xfd,0x40,0x5b,0x0a,0xfe,
    0x3f,0x59,0x09,0xe8,0x39,0x5c,0x0b,0x16,0x00,0xff,0x00,0x01,0x00,0x00,0x00,0x02,0x00,0x00,0x00,0x00,0x00,0x00,0x00,0x00,
    0x00,0x00,0x00,0x00,0x00,0x00,0x00,0x00,0x55,0x55,0x00,0x03,0x00,0x00,0x00,0x00,0x3d,0x58,0x09,0x6b,0x46,0x61,0x0f,0xff,
    0x2f,0x4c,0x00,0xfb,0xa4,0xb0,0x8c,0xff,0xff,0xff,0xff,0xff,0xf9,0xfa,0xf6,0xff,0xfc,0xfd,0xfa,0xff,0xfc,0xfd,0xfb,0xff,
    0xfc,0xfd,0xfb,0xff,0xfc,0xfd,0xfb,0xff,0xfc,0xfd,0xfb,0xff,0xfc,0xfd,0xfb,0xff,0xfc,0xfd,0xfb,0xff,0xfc,0xfd,0xfb,0xff,
    0xfc,0xfd,0xfb,0xff,0xfc,0xfd,0xfb,0xff,0xf9,0xfb,0xf8,0xff,0xff,0xff,0xff,0xff,0x9e,0xb4,0x7a,0xff,0x32,0x4f,0x06,0xff,
    0x35,0x49,0x0e,0xff,0x32,0x48,0x0b,0xff,0x38,0x51,0x0d,0xff,0x4b,0x6e,0x13,0xff,0x5e,0x89,0x19,0xff,0x75,0xac,0x20,0xff,
    0x7e,0xb9,0x23,0xff,0x77,0xb0,0x21,0xff,0x75,0xac,0x20,0xff,0x77,0xae,0x21,0xff,0x77,0xae,0x21,0xff,0x76,0xae,0x20,0xff,
    0x75,0xac,0x20,0xff,0x72,0xa7,0x1e,0xff,0x6c,0x9e,0x1c,0xff,0x65,0x94,0x19,0xff,0x62,0x8f,0x18,0xff,0x57,0x7e,0x14,0xff,
    0x3e,0x58,0x0a,0xff,0x3d,0x57,0x0a,0xfc,0x42,0x5e,0x0b,0xff,0x3d,0x57,0x09,0xaa,0x00,0x00,0x00,0x00,0x55,0x55,0x00,0x03,
    0x00,0x00,0x00,0x00,0x00,0x00,0x00,0x00,0x00,0x00,0x00,0x00,0x00,0x00,0x00,0x01,0x00,0xff,0x00,0x01,0x43,0x5d,0x0d,0x13,
    0x3f,0x58,0x09,0xee,0x42,0x5c,0x0e,0xfd,0x31,0x4c,0x00,0xfe,0xa3,0xb0,0x89,0xff,0xff,0xff,0xff,0xff,0xf9,0xfb,0xf7,0xff,
    0xfc,0xfd,0xfb,0xff,0xfc,0xfd,0xfb,0xff,0xfc,0xfd,0xfb,0xff,0xfc,0xfd,0xfb,0xff,0xfc,0xfd,0xfb,0xff,0xfc,0xfd,0xfb,0xff,
    0xfc,0xfd,0xfb,0xff,0xfc,0xfd,0xfb,0xff,0xfc,0xfd,0xfb,0xff,0xfc,0xfc,0xfb,0xff,0xf8,0xf9,0xf7,0xff,0xff,0xff,0xfe,0xff,
    0xbc,0xbc,0xb8,0xff,0x0d,0x15,0x01,0xff,0x19,0x21,0x04,0xff,0x17,0x1f,0x03,0xff,0x17,0x1e,0x02,0xff,0x15,0x1c,0x02,0xff,
    0x18,0x1f,0x03,0xff,0x28,0x38,0x08,0xff,0x4a,0x6a,0x13,0xff,0x75,0xab,0x21,0xff,0x7d,0xb6,0x24,0xff,0x76,0xad,0x22,0xff,
    0x78,0xaf,0x22,0xff,0x78,0xb0,0x22,0xff,0x78,0xaf,0x22,0xff,0x76,0xad,0x21,0xff,0x72,0xa7,0x20,0xff,0x6c,0x9e,0x1d,0xff,
    0x65,0x92,0x1a,0xff,0x63,0x8f,0x19,0xff,0x4e,0x70,0x10,0xff,0x3c,0x55,0x09,0xff,0x3e,0x59,0x0a,0xfc,0x42,0x5d,0x0a,0xff,
    0x3f,0x5b,0x0b,0x40,0x00,0x00,0x00,0x00,0x55,0x55,0x00,0x03,0x00,0x00,0x00,0x00,0x00,0x00,0x00,0x00,0x55,0x55,0x00,0x03,
    0x00,0x00,0x00,0x00,0x3d,0x57,0x09,0x80,0x43,0x5f,0x0b,0xff,0x40,0x59,0x0d,0xfb,0x33,0x50,0x00,0xff,0x9c,0xb2,0x77,0xff,
    0xff,0xff,0xff,0xff,0xf9,0xfb,0xf7,0xff,0xfc,0xfd,0xfb,0xff,0xfc,0xfd,0xfb,0xff,0xfc,0xfd,0xfb,0xff,0xfc,0xfd,0xfb,0xff,
    0xfc,0xfd,0xfb,0xff,0xfc,0xfd,0xfb,0xff,0xfc,0xfd,0xfb,0xff,0xfc,0xfd,0xfb,0xff,0xfb,0xfc,0xfa,0xff,0xfb,0xfb,0xfa,0xff,
    0xfa,0xfa,0xf9,0xff,0xfe,0xfe,0xfd,0xff,0xf1,0xf2,0xef,0xff,0x35,0x3f,0x1e,0xff,0x18,0x22,0x00,0xff,0x1e,0x29,0x06,0xff,
    0x1d,0x28,0x04,0xff,0x1d,0x28,0x04,0xff,0x1d,0x28,0x04,0xff,0x19,0x22,0x03,0xff,0x14,0x1b,0x02,0xff,0x27,0x37,0x08,0xff,
    0x66,0x94,0x1d,0xff,0x7f,0xba,0x26,0xff,0x78,0xaf,0x24,0xff,0x79,0xb1,0x24,0xff,0x79,0xb1,0x24,0xff,0x79,0xb1,0x24,0xff,
    0x77,0xad,0x22,0xff,0x72,0xa6,0x20,0xff,0x6b,0x9c,0x1e,0xff,0x64,0x91,0x1a,0xff,0x5f,0x8a,0x18,0xff,0x43,0x5f,0x0c,0xff,
    0x3c,0x56,0x0a,0xfc,0x41,0x5d,0x0b,0xfe,0x3d,0x56,0x09,0xbf,0x00,0x00,0x00,0x00,0x7f,0x7f,0x00,0x02,0x00,0x00,0x00,0x00,
    0x00,0x00,0x00,0x01,0x00,0x00,0x00,0x01,0x3f,0x59,0x0c,0x14,0x3e,0x58,0x09,0xec,0x40,0x5a,0x0a,0xfe,0x3d,0x55,0x0b,0xfe,
    0x43,0x65,0x05,0xff,0x89,0xab,0x52,0xff,0xfe,0xfe,0xfe,0xff,0xfb,0xfd,0xfa,0xff,0xfc,0xfd,0xfb,0xff,0xfc,0xfd,0xfb,0xff,
    0xfc,0xfd,0xfb,0xff,0xfc,0xfd,0xfb,0xff,0xfc,0xfd,0xfb,0xff,0xfc,0xfd,0xfb,0xff,0xfc,0xfd,0xfb,0xff,0xfb,0xfb,0xfa,0xff,
    0xfb,0xfb,0xfa,0xff,0xfb,0xfb,0xfa,0xff,0xfb,0xfb,0xfa,0xff,0xf9,0xf9,0xf8,0xff,0xff,0xff,0xff,0xff,0x55,0x5c,0x43,0xff,
    0x10,0x1b,0x00,0xff,0x1f,0x28,0x07,0xff,0x1c,0x26,0x04,0xff,0x1c,0x26,0x04,0xff,0x1c,0x26,0x04,0xff,0x1d,0x27,0x04,0xff,
    0x1e,0x29,0x05,0xff,0x19,0x21,0x03,0xff,0x19,0x22,0x03,0xff,0x56,0x7d,0x19,0xff,0x81,0xbb,0x29,0xff,0x79,0xb0,0x26,0xff,
    0x7b,0xb2,0x26,0xff,0x7a,0xb2,0x26,0xff,0x7a,0xb2,0x26,0xff,0x77,0xad,0x24,0xff,0x71,0xa4,0x21,0xff,0x68,0x97,0x1d,0xff,
    0x64,0x91,0x1b,0xff,0x52,0x77,0x14,0xff,0x3c,0x55,0x09,0xff,0x3e,0x58,0x0a,0xfd,0x41,0x5c,0x0a,0xff,0x3e,0x56,0x0b,0x41,
    0x00,0x00,0x00,0x00,0x55,0x55,0x00,0x03,0x3f,0x7f,0x00,0x04,0x00,0x00,0x00,0x00,0x3e,0x57,0x0a,0x66,0x43,0x5e,0x0b,0xff,
    0x3d,0x58,0x0a,0xfc,0x3e,0x58,0x0b,0xff,0x59,0x81,0x16,0xff,0x6b,0x96,0x23,0xff,0xea,0xf0,0xdf,0xff,0xfe,0xfe,0xfe,0xff,
    0xfb,0xfd,0xf9,0xff,0xfc,0xfe,0xfb,0xff,0xfc,0xfe,0xfb,0xff,0xfc,0xfe,0xfb,0xff,0xfc,0xfe,0xfb,0xff,0xfc,0xfe,0xfb,0xff,
    0xfb,0xfb,0xfa,0xff,0xfb,0xfb,0xfa,0xff,0xfb,0xfb,0xfa,0xff,0xfb,0xfb,0xfa,0xff,0xfb,0xfb,0xfa,0xff,0xf8,0xf8,0xf7,0xff,
    0xff,0xff,0xff,0xff,0x70,0x75,0x60,0xff,0x0d,0x18,0x00,0xff,0x1f,0x29,0x08,0xff,0x1c,0x26,0x04,0xff,0x1c,0x26,0x04,0xff,
    0x1c,0x26,0x04,0xff,0x1c,0x26,0x04,0xff,0x1c,0x26,0x04,0xff,0x1d,0x28,0x04,0xff,0x1c,0x25,0x04,0xff,0x16,0x1d,0x01,0xff,
    0x5e,0x87,0x1d,0xff,0x83,0xbe,0x2b,0xff,0x7a,0xb1,0x27,0xff,0x7c,0xb4,0x28,0xff,0x7c,0xb4,0x28,0xff,0x7b,0xb2,0x27,0xff,
    0x76,0xab,0x25,0xff,0x6f,0xa0,0x21,0xff,0x66,0x94,0x1d,0xff,0x60,0x8b,0x1a,0xff,0x43,0x5f,0x0c,0xff,0x3c,0x56,0x0a,0xfb,
    0x43,0x5e,0x0b,0xff,0x3d,0x57,0x09,0xa7,0x00,0x00,0x00,0x00,0x3f,0x7f,0x00,0x04,0x7f,0x7f,0x00,0x02,0x7f,0x7f,0x00,0x02,
    0x3d,0x58,0x08,0xca,0x41,0x5c,0x0b,0xfe,0x3c,0x56,0x09,0xfc,0x46,0x63,0x0e,0xff,0x65,0x90,0x1f,0xff,0x60,0x91,0x11,0xff,
    0xc5,0xd9,0xa6,0xff,0xff,0xff,0xff,0xff,0xfa,0xfd,0xf8,0xff,0xfc,0xfe,0xfb,0xff,0xfc,0xfe,0xfb,0xff,0xfc,0xfe,0xfb,0xff,
    0xfc,0xfe,0xfb,0xff,0xfb,0xfc,0xfa,0xff,0xfb,0xfb,0xfa,0xff,0xfb,0xfb,0xfa,0xff,0xfb,0xfb,0xfa,0xff,0xfb,0xfb,0xfa,0xff,
    0xfb,0xfb,0xfa,0xff,0xf8,0xf8,0xf7,0xff,0xff,0xff,0xff,0xff,0x70,0x76,0x61,0xff,0x0d,0x18,0x00,0xff,0x1f,0x29,0x07,0xff,
    0x1c,0x26,0x04,0xff,0x1c,0x26,0x04,0xff,0x1c,0x26,0x04,0xff,0x1c,0x26,0x04,0xff,0x1c,0x26,0x04,0xff,0x1c,0x26,0x04,0xff,
    0x1d,0x28,0x04,0xff,0x1b,0x24,0x03,0xff,0x20,0x2c,0x05,0xff,0x72,0xa4,0x25,0xff,0x81,0xba,0x2b,0xff,0x7d,0xb4,0x2a,0xff,
    0x7e,0xb5,0x2a,0xff,0x7e,0xb5,0x2a,0xff,0x7b,0xb1,0x28,0xff,0x74,0xa7,0x25,0xff,0x6b,0x9a,0x20,0xff,0x66,0x93,0x1e,0xff,
    0x4e,0x6f,0x12,0xff,0x3b,0x54,0x09,0xfe,0x3f,0x59,0x0a,0xfe,0x3e,0x58,0x09,0xf4,0x3d,0x5b,0x0a,0x19,0x00,0x00,0x00,0x00,
    0x00,0x00,0x00,0x00,0x44,0x58,0x09,0x1a,0x3e,0x59,0x0a,0xf6,0x3f,0x59,0x0a,0xff,0x3b,0x54,0x09,0xfe,0x52,0x74,0x14,0xff,
    0x69,0x96,0x21,0xff,0x69,0x9a,0x1c,0xff,0x87,0xb4,0x42,0xff,0xf9,0xfc,0xf5,0xff,0xfc,0xfe,0xfb,0xff,0xfc,0xfe,0xfa,0xff,
    0xfd,0xfe,0xfb,0xff,0xfd,0xfe,0xfb,0xff,0xfc,0xfd,0xfb,0xff,0xfb,0xfb,0xfa,0xff,0xfb,0xfb,0xfa,0xff,0xfb,0xfb,0xfa,0xff,
    0xfb,0xfb,0xfa,0xff,0xfb,0xfb,0xfa,0xff,0xfb,0xfb,0xfa,0xff,0xfa,0xfa,0xf9,0xff,0xfd,0xfd,0xfc,0xff,0x50,0x58,0x3e,0xff,
    0x11,0x1b,0x00,0xff,0x1f,0x29,0x07,0xff,0x1c,0x26,0x04,0xff,0x1c,0x26,0x04,0xff,0x1c,0x26,0x04,0xff,0x1c,0x26,0x04,0xff,
    0x1c,0x26,0x04,0xff,0x1c,0x26,0x04,0xff,0x1c,0x26,0x04,0xff,0x1e,0x29,0x04,0xff,0x16,0x1d,0x01,0xff,0x37,0x4d,0x0f,0xff,
    0x83,0xbd,0x2e,0xff,0x7f,0xb6,0x2c,0xff,0x80,0xb7,0x2c,0xff,0x7f,0xb7,0x2c,0xff,0x7e,0xb5,0x2b,0xff,0x78,0xad,0x28,0xff,
    0x6f,0xa0,0x23,0xff,0x69,0x96,0x20,0xff,0x5a,0x81,0x19,0xff,0x3d,0x57,0x09,0xff,0x3d,0x59,0x0a,0xfc,0x42,0x5d,0x0b,0xff,
    0x3d,0x57,0x0c,0x4f,0x00,0x00,0x00,0x00,0x00,0x00,0x00,0x00,0x3e,0x58,0x0c,0x51,0x42,0x5d,0x0b,0xff,0x3d,0x58,0x0a,0xfc,
    0x3e,0x58,0x0a,0xff,0x5e,0x85,0x1b,0xff,0x6a,0x97,0x22,0xff,0x73,0xa3,0x29,0xff,0x73,0xab,0x1d,0xff,0xc1,0xdc,0x9a,0xff,
    0xff,0xff,0xff,0xff,0xfb,0xfd,0xf7,0xff,0xfd,0xfe,0xfb,0xff,0xfd,0xfe,0xfb,0xff,0xfb,0xfb,0xfa,0xff,0xfb,0xfb,0xfa,0xff,
    0xfb,0xfb,0xfa,0xff,0xfb,0xfb,0xfa,0xff,0xfb,0xfb,0xfa,0xff,0xfb,0xfb,0xfa,0xff,0xfb,0xfb,0xf9,0xff,0xfd,0xfd,0xfc,0xff,
    0xf8,0xf8,0xf7,0xff,0x37,0x40,0x21,0xff,0x16,0x20,0x00,0xff,0x1d,0x27,0x06,0xff,0x1c,0x26,0x04,0xff,0x1c,0x26,0x04,0xff,
    0x1c,0x26,0x04,0xff,0x1c,0x26,0x04,0xff,0x1c,0x26,0x04,0xff,0x1c,0x26,0x04,0xff,0x1c,0x26,0x04,0xff,0x1c,0x26,0x04,0xff,
    0x1d,0x28,0x04,0xff,0x18,0x20,0x02,0xff,0x6c,0x99,0x25,0xff,0x87,0xc0,0x31,0xff,0x81,0xb7,0x2e,0xff,0x81,0xb9,0x2f,0xff,
    0x81,0xb8,0x2e,0xff,0x7d,0xb3,0x2c,0xff,0x74,0xa6,0x27,0xff,0x6b,0x99,0x22,0xff,0x64,0x8f,0x1f,0xff,0x43,0x60,0x0d,0xff,
    0x3b,0x56,0x0a,0xfb,0x43,0x5f,0x0b,0xff,0x3d,0x57,0x0a,0x8e,0x00,0x00,0x00,0x00,0x00,0x00,0x00,0x00,0x3d,0x56,0x09,0x84,
    0x43,0x5f,0x0b,0xff,0x3c,0x56,0x09,0xfb,0x42,0x5e,0x0c,0xff,0x64,0x8e,0x1f,0xff,0x6d,0x9a,0x24,0xff,0x76,0xa8,0x2a,0xff,
    0x80,0xb5,0x2f,0xff,0x7f,0xb8,0x2a,0xff,0xd8,0xea,0xbf,0xff,0xff,0xff,0xff,0xff,0xfb,0xfd,0xf7,0xff,0xfc,0xfc,0xfa,0xff,
    0xfb,0xfb,0xfa,0xff,0xfb,0xfb,0xfa,0xff,0xfb,0xfb,0xfa,0xff,0xfb,0xfb,0xfa,0xff,0xfb,0xfb,0xfa,0xff,0xfb,0xfb,0xfa,0xff,
    0xf7,0xf8,0xf6,0xff,0xff,0xff,0xff,0xff,0xba,0xbd,0xb2,0xff,0x14,0x1f,0x03,0xff,0x1d,0x27,0x06,0xff,0x1c,0x26,0x04,0xff,
    0x1c,0x26,0x04,0xff,0x1c,0x26,0x04,0xff,0x1c,0x26,0x04,0xff,0x1c,0x26,0x04,0xff,0x1c,0x26,0x04,0xff,0x1c,0x26,0x04,0xff,
    0x1c,0x26,0x04,0xff,0x1c,0x26,0x04,0xff,0x1e,0x29,0x05,0xff,0x15,0x1c,0x01,0xff,0x46,0x61,0x16,0xff,0x8b,0xc5,0x34,0xff,
    0x82,0xb8,0x30,0xff,0x83,0xbb,0x31,0xff,0x84,0xbb,0x31,0xff,0x80,0xb6,0x2f,0xff,0x79,0xab,0x2b,0xff,0x6e,0x9c,0x25,0xff,
    0x69,0x95,0x22,0xff,0x4b,0x6a,0x11,0xff,0x3b,0x55,0x09,0xfc,0x42,0x5e,0x0b,0xff,0x3d,0x57,0x09,0xc0,0x00,0x7f,0x00,0x02,
    0x00,0x00,0x00,0x00,0x3d,0x58,0x09,0xb3,0x42,0x5e,0x0b,0xff,0x3b,0x55,0x09,0xfc,0x48,0x66,0x10,0xff,0x69,0x94,0x23,0xff,
    0x6f,0x9d,0x26,0xff,0x7a,0xac,0x2d,0xff,0x83,0xb9,0x33,0xff,0x84,0xbb,0x30,0xff,0x89,0xbe,0x3a,0xff,0xe2,0xef,0xcf,0xff,
    0xff,0xff,0xff,0xff,0xfa,0xfb,0xf9,0xff,0xf8,0xf8,0xf7,0xff,0xfa,0xfa,0xf9,0xff,0xfb,0xfb,0xfa,0xff,0xfb,0xfb,0xfa,0xff,
    0xfb,0xfb,0xfa,0xff,0xf8,0xf8,0xf7,0xff,0xf9,0xfa,0xf8,0xff,0xff,0xff,0xff,0xff,0x4d,0x55,0x3b,0xff,0x11,0x1b,0x00,0xff,
    0x1f,0x28,0x07,0xff,0x1c,0x26,0x04,0xff,0x1c,0x26,0x04,0xff,0x1c,0x26,0x04,0xff,0x1c,0x26,0x04,0xff,0x1c,0x26,0x04,0xff,
    0x1c,0x26,0x04,0xff,0x1c,0x26,0x04,0xff,0x1c,0x26,0x04,0xff,0x1c,0x26,0x04,0xff,0x1c,0x27,0x05,0xff,0x18,0x21,0x02,0xff,
    0x2c,0x3c,0x0b,0xff,0x85,0xbc,0x34,0xff,0x86,0xbd,0x34,0xff,0x86,0xbc,0x34,0xff,0x85,0xbc,0x34,0xff,0x83,0xba,0x32,0xff,
    0x7c,0xb0,0x2e,0xff,0x71,0xa0,0x28,0xff,0x6c,0x98,0x25,0xff,0x51,0x73,0x15,0xff,0x3b,0x54,0x08,0xfe,0x40,0x5b,0x0b,0xff,
    0x3e,0x57,0x09,0xe6,0x36,0x5b,0x12,0x0e,0x33,0x66,0x00,0x05,0x3d,0x57,0x0a,0xc8,0x41,0x5d,0x0b,0xff,0x3b,0x53,0x08,0xfd,
    0x4f,0x70,0x14,0xff,0x6c,0x98,0x25,0xff,0x72,0xa0,0x29,0xff,0x7d,0xb0,0x30,0xff,0x85,0xbb,0x34,0xff,0x89,0xbf,0x38,0xff,
    0x85,0xbe,0x33,0xff,0x88,0xbf,0x38,0xff,0xd1,0xe5,0xb3,0xff,0xff,0xff,0xff,0xff,0xff,0xff,0xff,0xff,0xfd,0xfd,0xfc,0xff,
    0xfa,0xfa,0xf9,0xff,0xf9,0xf9,0xf7,0xff,0xfb,0xfb,0xfa,0xff,0xff,0xff,0xff,0xff,0xff,0xff,0xff,0xff,0x80,0x85,0x73,0xff,
    0x11,0x1b,0x00,0xff,0x1f,0x29,0x06,0xff,0x1c,0x26,0x04,0xff,0x1c,0x26,0x04,0xff,0x1c,0x26,0x04,0xff,0x1c,0x26,0x04,0xff,
    0x1c,0x26,0x04,0xff,0x1c,0x26,0x04,0xff,0x1c,0x26,0x04,0xff,0x1c,0x26,0x04,0xff,0x1c,0x26,0x04,0xff,0x1c,0x26,0x04,0xff,
    0x1c,0x27,0x04,0xff,0x1b,0x24,0x03,0xff,0x1f,0x2a,0x05,0xff,0x7a,0xac,0x30,0xff,0x8b,0xc3,0x38,0xff,0x87,0xbd,0x36,0xff,
    0x88,0xbe,0x36,0xff,0x86,0xbd,0x35,0xff,0x80,0xb4,0x31,0xff,0x74,0xa4,0x2a,0xff,0x6e,0x9a,0x26,0xff,0x59,0x7e,0x1b,0xff,
    0x3c,0x55,0x09,0xfe,0x3f,0x5a,0x0a,0xff,0x3e,0x58,0x09,0xf1,0x37,0x57,0x0f,0x20,0x35,0x50,0x0d,0x13,0x3d,0x58,0x09,0xed,
    0x40,0x5b,0x0b,0xff,0x3b,0x53,0x08,0xfe,0x53,0x75,0x17,0xff,0x6e,0x9b,0x28,0xff,0x74,0xa3,0x2c,0xff,0x80,0xb3,0x33,0xff,
    0x88,0xbe,0x37,0xff,0x89,0xc1,0x39,0xff,0x8a,0xc1,0x3b,0xff,0x8b,0xc4,0x39,0xff,0x7d,0xb3,0x2d,0xff,0x55,0x5f,0x41,0xff,
    0xb3,0xb6,0xac,0xff,0xf3,0xf4,0xf1,0xff,0xff,0xff,0xff,0xff,0xff,0xff,0xff,0xff,0xfa,0xfa,0xf9,0xff,0xd4,0xd5,0xcf,0xff,
    0x66,0x6c,0x58,0xff,0x0f,0x1a,0x00,0xff,0x1e,0x28,0x06,0xff,0x1c,0x26,0x04,0xff,0x1c,0x26,0x04,0xff,0x1c,0x26,0x04,0xff,
    0x1c,0x26,0x04,0xff,0x1c,0x26,0x04,0xff,0x1c,0x26,0x04,0xff,0x1c,0x26,0x04,0xff,0x1c,0x26,0x04,0xff,0x1c,0x26,0x04,0xff,
    0x1c,0x26,0x04,0xff,0x1c,0x26,0x04,0xff,0x1c,0x26,0x04,0xff,0x1d,0x27,0x05,0xff,0x17,0x1f,0x02,0xff,0x6d,0x98,0x2b,0xff,
    0x90,0xc9,0x3c,0xff,0x88,0xbf,0x38,0xff,0x89,0xc1,0x39,0xff,0x88,0xc0,0x38,0xff,0x82,0xb7,0x34,0xff,0x77,0xa7,0x2d,0xff,
    0x6f,0x9d,0x29,0xff,0x5d,0x84,0x1d,0xff,0x3c,0x55,0x09,0xff,0x3e,0x58,0x0a,0xfe,0x40,0x5a,0x0a,0xff,0x3f,0x58,0x0a,0x48,
    0x38,0x55,0x0e,0x12,0x3d,0x57,0x09,0xeb,0x40,0x5b,0x0b,0xff,0x3b,0x53,0x08,0xfe,0x53,0x75,0x17,0xff,0x70,0x9d,0x2a,0xff,
    0x76,0xa5,0x2e,0xff,0x82,0xb6,0x36,0xff,0x8a,0xc1,0x3a,0xff,0x8c,0xc3,0x3c,0xff,0x8b,0xc2,0x3c,0xff,0x8e,0xc6,0x3e,0xff,
    0x86,0xba,0x3a,0xff,0x17,0x25,0x00,0xff,0x12,0x1c,0x00,0xff,0x34,0x3d,0x1e,0xff,0x4f,0x57,0x3d,0xff,0x5f,0x66,0x4e,0xff,
    0x44,0x4c,0x30,0xff,0x1c,0x26,0x04,0xff,0x0f,0x19,0x00,0xff,0x1f,0x29,0x07,0xff,0x1c,0x26,0x04,0xff,0x1c,0x26,0x04,0xff,
    0x1c,0x26,0x04,0xff,0x1c,0x26,0x04,0xff,0x1c,0x26,0x04,0xff,0x1c,0x26,0x04,0xff,0x1c,0x26,0x04,0xff,0x1c,0x26,0x04,0xff,
    0x1c,0x26,0x04,0xff,0x1c,0x26,0x04,0xff,0x1c,0x26,0x04,0xff,0x1c,0x26,0x04,0xff,0x1c,0x26,0x04,0xff,0x1d,0x27,0x05,0xff,
    0x17,0x1f,0x01,0xff,0x6f,0x9a,0x2e,0xff,0x92,0xcb,0x3f,0xff,0x8b,0xc1,0x3b,0xff,0x8c,0xc3,0x3c,0xff,0x8b,0xc2,0x3b,0xff,
    0x85,0xba,0x37,0xff,0x79,0xa9,0x30,0xff,0x71,0x9e,0x2b,0xff,0x5e,0x84,0x1e,0xff,0x3c,0x55,0x09,0xff,0x3e,0x58,0x0a,0xfe,
    0x40,0x5a,0x0a,0xff,0x3d,0x57,0x0a,0x46,0x38,0x55,0x0e,0x12,0x3e,0x58,0x09,0xea,0x40,0x5b,0x0b,0xff,0x3a,0x53,0x08,0xfe,
    0x54,0x76,0x18,0xff,0x71,0x9e,0x2c,0xff,0x78,0xa7,0x30,0xff,0x84,0xb8,0x38,0xff,0x8c,0xc2,0x3d,0xff,0x8e,0xc5,0x3f,0xff,
    0x8d,0xc4,0x3f,0xff,0x90,0xc8,0x40,0xff,0x88,0xbc,0x3b,0xff,0x27,0x35,0x0c,0xff,0x1b,0x24,0x05,0xff,0x17,0x22,0x00,0xff,
    0x11,0x1c,0x00,0xff,0x0f,0x1a,0x00,0xff,0x14,0x1e,0x00,0xff,0x1c,0x26,0x03,0xff,0x1f,0x29,0x07,0xff,0x1c,0x26,0x04,0xff,
    0x1c,0x26,0x04,0xff,0x1c,0x26,0x04,0xff,0x1c,0x26,0x04,0xff,0x1c,0x26,0x04,0xff,0x1c,0x26,0x04,0xff,0x1c,0x26,0x04,0xff,
    0x1c,0x26,0x04,0xff,0x1c,0x26,0x04,0xff,0x1c,0x26,0x04,0xff,0x1c,0x26,0x04,0xff,0x1c,0x26,0x04,0xff,0x1c,0x26,0x04,0xff,
    0x1c,0x26,0x04,0xff,0x1d,0x27,0x05,0xff,0x18,0x20,0x02,0xff,0x73,0x9e,0x31,0xff,0x94,0xce,0x42,0xff,0x8d,0xc3,0x3e,0xff,
    0x8e,0xc5,0x3f,0xff,0x8d,0xc4,0x3e,0xff,0x87,0xbb,0x3a,0xff,0x7b,0xaa,0x32,0xff,0x72,0xa0,0x2d,0xff,0x5f,0x85,0x20,0xff,
    0x3c,0x55,0x09,0xff,0x3e,0x58,0x0a,0xfe,0x40,0x5a,0x0a,0xff,0x3e,0x58,0x0b,0x45,0x35,0x50,0x0d,0x13,0x3d,0x57,0x09,0xef,
    0x40,0x5b,0x0b,0xff,0x3a,0x53,0x08,0xfe,0x53,0x75,0x19,0xff,0x72,0x9f,0x2d,0xff,0x78,0xa7,0x31,0xff,0x85,0xb8,0x3a,0xff,
    0x8e,0xc4,0x40,0xff,0x90,0xc7,0x42,0xff,0x90,0xc7,0x42,0xff,0x8f,0xc6,0x41,0xff,0x94,0xcd,0x44,0xff,0x37,0x4c,0x13,0xff,
    0x17,0x1e,0x02,0xff,0x1e,0x29,0x06,0xff,0x1e,0x28,0x07,0xff,0x1f,0x29,0x07,0xff,0x1e,0x28,0x06,0xff,0x1d,0x26,0x05,0xff,
    0x1c,0x26,0x04,0xff,0x1c,0x26,0x04,0xff,0x1c,0x26,0x04,0xff,0x1c,0x26,0x04,0xff,0x1c,0x26,0x04,0xff,0x1c,0x26,0x04,0xff,
    0x1c,0x26,0x04,0xff,0x1c,0x26,0x04,0xff,0x1c,0x26,0x04,0xff,0x1c,0x26,0x04,0xff,0x1c,0x26,0x04,0xff,0x1c,0x26,0x04,0xff,
    0x1c,0x26,0x04,0xff,0x1c,0x26,0x04,0xff,0x1d,0x27,0x04,0xff,0x1a,0x24,0x03,0xff,0x23,0x2e,0x07,0xff,0x86,0xba,0x3d,0xff,
    0x92,0xcb,0x43,0xff,0x8f,0xc6,0x42,0xff,0x90,0xc7,0x42,0xff,0x8f,0xc6,0x41,0xff,0x88,0xbc,0x3c,0xff,0x7c,0xab,0x34,0xff,
    0x73,0xa0,0x2e,0xff,0x5f,0x85,0x20,0xff,0x3c,0x55,0x09,0xff,0x3e,0x58,0x0a,0xfe,0x41,0x5b,0x0a,0xff,0x3e,0x56,0x0a,0x4a,
    0x38,0x55,0x1c,0x09,0x3d,0x57,0x09,0xd2,0x41,0x5d,0x0b,0xff,0x3b,0x54,0x08,0xfd,0x4b,0x69,0x13,0xff,0x71,0x9d,0x2d,0xff,
    0x79,0xa7,0x33,0xff,0x85,0xb8,0x3b,0xff,0x8f,0xc5,0x42,0xff,0x92,0xca,0x45,0xff,0x92,0xca,0x45,0xff,0x91,0xc7,0x44,0xff,
    0x9b,0xd5,0x4a,0xff,0x4e,0x6b,0x1f,0xff,0x13,0x1a,0x00,0xff,0x1e,0x29,0x05,0xff,0x1c,0x26,0x04,0xff,0x1c,0x26,0x04,0xff,
    0x1c,0x26,0x04,0xff,0x1c,0x26,0x04,0xff,0x1c,0x26,0x04,0xff,0x1c,0x26,0x04,0xff,0x1c,0x26,0x04,0xff,0x1c,0x26,0x04,0xff,
    0x1c,0x26,0x04,0xff,0x1c,0x26,0x04,0xff,0x1c,0x26,0x04,0xff,0x1c,0x26,0x04,0xff,0x1c,0x26,0x04,0xff,0x1c,0x26,0x04,0xff,
    0x1c,0x26,0x04,0xff,0x1c,0x26,0x04,0xff,0x1c,0x26,0x04,0xff,0x1c,0x26,0x04,0xff,0x1d,0x28,0x05,0xff,0x17,0x1f,0x01,0xff,
    0x33,0x45,0x10,0xff,0x94,0xcc,0x46,0xff,0x92,0xc9,0x44,0xff,0x92,0xc9,0x45,0xff,0x92,0xc9,0x45,0xff,0x90,0xc7,0x43,0xff,
    0x88,0xbc,0x3d,0xff,0x7c,0xab,0x34,0xff,0x74,0xa1,0x30,0xff,0x56,0x79,0x1b,0xff,0x3b,0x53,0x08,0xfe,0x3f,0x5a,0x0b,0xff,
    0x3e,0x58,0x09,0xf5,0x39,0x56,0x0b,0x2c,0x00,0x00,0x00,0x00,0x3e,0x57,0x09,0xb8,0x42,0x5e,0x0b,0xff,0x3c,0x55,0x08,0xfc,
    0x48,0x65,0x11,0xff,0x70,0x9c,0x2e,0xff,0x78,0xa6,0x33,0xff,0x85,0xb7,0x3c,0xff,0x90,0xc5,0x44,0xff,0x95,0xcc,0x48,0xff,
    0x95,0xcc,0x48,0xff,0x93,0xca,0x47,0xff,0x9b,0xd5,0x4b,0xff,0x74,0x9f,0x36,0xff,0x18,0x20,0x02,0xff,0x1d,0x28,0x05,0xff,
    0x1c,0x26,0x04,0xff,0x1c,0x26,0x04,0xff,0x1c,0x26,0x04,0xff,0x1c,0x26,0x04,0xff,0x1c,0x26,0x04,0xff,0x1c,0x26,0x04,0xff,
    0x1c,0x26,0x04,0xff,0x1c,0x26,0x04,0xff,0x1c,0x26,0x04,0xff,0x1c,0x26,0x04,0xff,0x1c,0x26,0x04,0xff,0x1c,0x26,0x04,0xff,
    0x1c,0x26,0x04,0xff,0x1c,0x26,0x04,0xff,0x1c,0x26,0x04,0xff,0x1c,0x26,0x04,0xff,0x1c,0x26,0x04,0xff,0x1c,0x26,0x04,0xff,
    0x1e,0x29,0x05,0xff,0x14,0x1b,0x00,0xff,0x58,0x78,0x26,0xff,0x9d,0xd7,0x4d,0xff,0x93,0xc9,0x47,0xff,0x95,0xcc,0x48,0xff,
    0x95,0xcc,0x48,0xff,0x92,0xc8,0x45,0xff,0x88,0xbb,0x3e,0xff,0x7b,0xa9,0x35,0xff,0x74,0xa1,0x31,0xff,0x53,0x73,0x19,0xff,
    0x3a,0x53,0x08,0xfe,0x40,0x5b,0x0b,0xff,0x3d,0x57,0x09,0xeb,0x33,0x55,0x11,0x0f,0x00,0x00,0x00,0x00,0x3d,0x57,0x0a,0x91,
    0x43,0x5e,0x0b,0xff,0x3d,0x57,0x09,0xfb,0x3f,0x5a,0x0b,0xff,0x6a,0x93,0x2a,0xff,0x78,0xa6,0x34,0xff,0x83,0xb4,0x3c,0xff,
    0x90,0xc4,0x45,0xff,0x96,0xcd,0x4a,0xff,0x97,0xce,0x4b,0xff,0x97,0xce,0x4b,0xff,0x97,0xce,0x4b,0xff,0x99,0xd1,0x4b,0xff,
    0x2f,0x40,0x0f,0xff,0x17,0x20,0x02,0xff,0x1d,0x28,0x05,0xff,0x1c,0x26,0x04,0xff,0x1c,0x26,0x04,0xff,0x1c,0x26,0x04,0xff,
    0x1c,0x26,0x04,0xff,0x1c,0x26,0x04,0xff,0x1c,0x26,0x04,0xff,0x1c,0x26,0x04,0xff,0x1c,0x26,0x04,0xff,0x1c,0x26,0x04,0xff,
    0x1c,0x26,0x04,0xff,0x1c,0x26,0x04,0xff,0x1c,0x26,0x04,0xff,0x1c,0x26,0x04,0xff,0x1c,0x26,0x04,0xff,0x1c,0x26,0x04,0xff,
    0x1c,0x26,0x04,0xff,0x1d,0x27,0x04,0xff,0x1c,0x27,0x05,0xff,0x1b,0x25,0x04,0xff,0x87,0xb8,0x41,0xff,0x9b,0xd4,0x4d,0xff,
    0x96,0xcd,0x4a,0xff,0x97,0xce,0x4b,0xff,0x97,0xce,0x4b,0xff,0x92,0xc8,0x47,0xff,0x87,0xb9,0x3f,0xff,0x7a,0xa8,0x36,0xff,
    0x72,0x9d,0x2f,0xff,0x48,0x65,0x11,0xff,0x3b,0x55,0x08,0xfd,0x41,0x5d,0x0b,0xff,0x3d,0x58,0x0a,0xca,0x2a,0x55,0x00,0x06,
    0x00,0x00,0x00,0x00,0x3d,0x55,0x0a,0x5f,0x42,0x5e,0x0b,0xff,0x3d,0x58,0x0a,0xfc,0x3b,0x54,0x08,0xff,0x61,0x86,0x24,0xff,
    0x79,0xa6,0x36,0xff,0x80,0xb0,0x3b,0xff,0x8e,0xc1,0x45,0xff,0x97,0xcd,0x4c,0xff,0x99,0xd0,0x4e,0xff,0x99,0xd0,0x4e,0xff,
    0x97,0xcd,0x4d,0xff,0xa0,0xda,0x52,0xff,0x6f,0x96,0x35,0xff,0x13,0x1a,0x00,0xff,0x1e,0x29,0x05,0xff,0x1c,0x26,0x04,0xff,
    0x1c,0x26,0x04,0xff,0x1c,0x26,0x04,0xff,0x1c,0x26,0x04,0xff,0x1c,0x26,0x04,0xff,0x1c,0x26,0x04,0xff,0x1c,0x26,0x04,0xff,
    0x1c,0x26,0x04,0xff,0x1c,0x26,0x04,0xff,0x1c,0x26,0x04,0xff,0x1c,0x26,0x04,0xff,0x1c,0x26,0x04,0xff,0x1c,0x26,0x04,0xff,
    0x1c,0x26,0x04,0xff,0x1c,0x26,0x04,0xff,0x1d,0x27,0x05,0xff,0x1e,0x29,0x05,0xff,0x10,0x16,0x00,0xff,0x51,0x6d,0x24,0xff,
    0xa1,0xda,0x52,0xff,0x97,0xcd,0x4c,0xff,0x99,0xd0,0x4e,0xff,0x99,0xd0,0x4e,0xff,0x98,0xce,0x4c,0xff,0x91,0xc5,0x47,0xff,
    0x84,0xb5,0x3e,0xff,0x79,0xa6,0x36,0xff,0x6c,0x94,0x2c,0xff,0x40,0x5a,0x0b,0xff,0x3c,0x57,0x09,0xfb,0x43,0x5e,0x0b,0xff,
    0x3d,0x57,0x09,0x9d,0x00,0x00,0x00,0x00,0x00,0x00,0x00,0x00,0x3e,0x59,0x0d,0x25,0x3f,0x59,0x0a,0xfa,0x3f,0x59,0x0b,0xfe,
    0x3b,0x54,0x08,0xff,0x50,0x70,0x18,0xff,0x77,0xa3,0x35,0xff,0x7e,0xab,0x3a,0xff,0x8c,0xbd,0x44,0xff,0x96,0xcc,0x4d,0xff,
    0x9b,0xd2,0x50,0xff,0x9b,0xd2,0x50,0xff,0x9b,0xd2,0x51,0xff,0x9a,0xd0,0x50,0xff,0xa3,0xdc,0x55,0xff,0x4c,0x68,0x21,0xff,
    0x11,0x18,0x00,0xff,0x20,0x2b,0x06,0xff,0x1c,0x26,0x04,0xff,0x1c,0x26,0x04,0xff,0x1c,0x26,0x04,0xff,0x1c,0x26,0x04,0xff,
    0x1c,0x26,0x04,0xff,0x1c,0x26,0x04,0xff,0x1c,0x26,0x04,0xff,0x1c,0x26,0x04,0xff,0x1c,0x26,0x04,0xff,0x1c,0x26,0x04,0xff,
    0x1c,0x26,0x04,0xff,0x1c,0x26,0x04,0xff,0x1c,0x26,0x04,0xff,0x1d,0x27,0x05,0xff,0x1a,0x25,0x01,0xff,0x17,0x1f,0x02,0xff,
    0x37,0x48,0x16,0xff,0x97,0xce,0x4b,0xff,0x9d,0xd4,0x52,0xff,0x9b,0xd2,0x50,0xff,0x9c,0xd2,0x50,0xff,0x9b,0xd2,0x51,0xff,
    0x98,0xce,0x4e,0xff,0x8f,0xc1,0x47,0xff,0x81,0xb0,0x3c,0xff,0x79,0xa6,0x36,0xff,0x5d,0x81,0x21,0xff,0x3b,0x54,0x07,0xff,
    0x3d,0x58,0x0a,0xfc,0x42,0x5e,0x0b,0xff,0x3e,0x56,0x0a,0x5e,0x00,0x00,0x00,0x00,0x00,0x00,0x00,0x01,0x33,0x66,0x00,0x05,
    0x3d,0x58,0x09,0xdb,0x40,0x5b,0x0b,0xff,0x3d,0x57,0x09,0xfd,0x40,0x5a,0x0b,0xff,0x6e,0x97,0x2f,0xff,0x7c,0xa9,0x39,0xff,
    0x87,0xb7,0x42,0xff,0x93,0xc8,0x4b,0xff,0x9b,0xd2,0x51,0xff,0x9e,0xd5,0x53,0xff,0x9e,0xd5,0x53,0xff,0x9d,0xd4,0x53,0xff,
    0x9f,0xd6,0x54,0xff,0x9c,0xd3,0x53,0xff,0x35,0x48,0x13,0xff,0x11,0x18,0x00,0xff,0x1f,0x2a,0x06,0xff,0x1c,0x27,0x04,0xff,
    0x1c,0x26,0x04,0xff,0x1c,0x26,0x04,0xff,0x1c,0x26,0x04,0xff,0x1c,0x26,0x04,0xff,0x1c,0x26,0x04,0xff,0x1c,0x26,0x04,0xff,
    0x1c,0x26,0x04,0xff,0x1c,0x26,0x04,0xff,0x1c,0x26,0x04,0xff,0x1c,0x26,0x04,0xff,0x1d,0x27,0x05,0xff,0x1a,0x25,0x02,0xff,
    0x2c,0x34,0x17,0xff,0x71,0x78,0x62,0xff,0xba,0xd7,0x92,0xff,0xb1,0xe1,0x71,0xff,0x9a,0xd2,0x4f,0xff,0x9e,0xd5,0x54,0xff,
    0x9d,0xd5,0x53,0xff,0x9c,0xd3,0x52,0xff,0x96,0xcb,0x4e,0xff,0x8a,0xbc,0x45,0xff,0x7d,0xab,0x3b,0xff,0x76,0xa2,0x35,0xff,
    0x49,0x66,0x12,0xff,0x3b,0x55,0x08,0xff,0x3f,0x59,0x0a,0xfe,0x3e,0x5a,0x0a,0xfc,0x3e,0x59,0x0d,0x25,0x00,0x00,0x00,0x00,
    0x3f,0x7f,0x00,0x04,0x00,0x00,0x00,0x00,0x3d,0x59,0x09,0x80,0x43,0x5f,0x0b,0xff,0x3e,0x59,0x0b,0xfb,0x3a,0x53,0x07,0xff,
    0x59,0x7b,0x1f,0xff,0x7c,0xa8,0x3a,0xff,0x82,0xb0,0x3f,0xff,0x8f,0xc1,0x49,0xff,0x9a,0xcf,0x51,0xff,0x9f,0xd6,0x55,0xff,
    0x9f,0xd6,0x56,0xff,0xa0,0xd7,0x56,0xff,0x9e,0xd5,0x55,0xff,0xa3,0xdb,0x58,0xff,0x9a,0xcf,0x52,0xff,0x3e,0x54,0x1a,0xff,
    0x12,0x18,0x00,0xff,0x1c,0x26,0x04,0xff,0x1f,0x29,0x06,0xff,0x1d,0x27,0x05,0xff,0x1c,0x26,0x04,0xff,0x1c,0x26,0x04,0xff,
    0x1c,0x26,0x04,0xff,0x1c,0x26,0x04,0xff,0x1c,0x26,0x04,0xff,0x1c,0x26,0x04,0xff,0x1d,0x27,0x04,0xff,0x1e,0x29,0x05,0xff,
    0x1d,0x28,0x04,0xff,0x14,0x1b,0x00,0xff,0x78,0x81,0x65,0xff,0xc3,0xdd,0x9e,0xff,0xcd,0xed,0xa3,0xff,0xc8,0xe6,0x9f,0xff,
    0xa6,0xd9,0x62,0xff,0x9e,0xd6,0x54,0xff,0xa0,0xd6,0x56,0xff,0x9b,0xd2,0x53,0xff,0x92,0xc5,0x4b,0xff,0x84,0xb4,0x41,0xff,
    0x7d,0xa9,0x3b,0xff,0x66,0x8c,0x29,0xff,0x3c,0x56,0x09,0xff,0x3e,0x59,0x0a,0xfc,0x41,0x5d,0x0b,0xfe,0x3d,0x58,0x09,0xbf,
    0x00,0x7f,0x00,0x02,0x55,0x55,0x00,0x03,0x00,0x00,0x00,0x02,0x00,0x00,0x00,0x00,0x3a,0x57,0x0e,0x23,0x3f,0x59,0x09,0xf8,
    0x3e,0x59,0x0a,0xfe,0x3d,0x56,0x09,0xfe,0x42,0x5c,0x0d,0xff,0x73,0x9c,0x34,0xff,0x7e,0xab,0x3d,0xff,0x89,0xb9,0x45,0xff,
    0x95,0xc9,0x4f,0xff,0x9e,0xd4,0x56,0xff,0xa1,0xd8,0x59,0xff,0xa1,0xd8,0x59,0xff,0xa2,0xd9,0x59,0xff,0xa0,0xd7,0x58,0xff,
    0xa4,0xdb,0x5a,0xff,0xa7,0xe0,0x5c,0xff,0x5f,0x80,0x2f,0xff,0x1b,0x25,0x04,0xff,0x12,0x19,0x00,0xff,0x19,0x22,0x02,0xff,
    0x1d,0x27,0x04,0xff,0x1e,0x29,0x05,0xff,0x1e,0x29,0x06,0xff,0x1e,0x29,0x06,0xff,0x1e,0x29,0x05,0xff,0x1d,0x27,0x05,0xff,
    0x1a,0x23,0x03,0xff,0x13,0x1b,0x00,0xff,0x13,0x1b,0x00,0xff,0x4d,0x66,0x25,0xff,0xc5,0xe4,0x9b,0xff,0xce,0xed,0xa4,0xff,
    0xc7,0xe7,0x9e,0xff,0xcd,0xea,0xa5,0xff,0xaa,0xdc,0x69,0xff,0xa0,0xd8,0x55,0xff,0xa0,0xd6,0x57,0xff,0x98,0xcc,0x51,0xff,
    0x8c,0xbd,0x48,0xff,0x7f,0xac,0x3e,0xff,0x7a,0xa5,0x3a,0xff,0x4c,0x6a,0x15,0xff,0x3b,0x54,0x08,0xff,0x3e,0x58,0x0a,0xfc,
    0x43,0x5e,0x0b,0xff,0x3e,0x57,0x0b,0x5a,0x00,0x00,0x00,0x00,0x3f,0x7f,0x00,0x04,0x00,0x00,0x00,0x00,0x55,0x55,0x00,0x03,
    0x00,0x00,0x00,0x00,0x3d,0x57,0x09,0xa1,0x42,0x5e,0x0b,0xff,0x3e,0x58,0x0a,0xfc,0x3b,0x53,0x07,0xff,0x55,0x76,0x1c,0xff,
    0x7d,0xa9,0x3c,0xff,0x82,0xaf,0x40,0xff,0x8f,0xc0,0x4a,0xff,0x9a,0xce,0x53,0xff,0xa1,0xd7,0x59,0xff,0xa4,0xda,0x5b,0xff,
    0xa3,0xda,0x5b,0xff,0xa4,0xda,0x5b,0xff,0xa2,0xd9,0x5b,0xff,0xa3,0xd9,0x5b,0xff,0xad,0xe7,0x61,0xff,0x8e,0xbe,0x4d,0xff,
    0x59,0x76,0x2c,0xff,0x2b,0x39,0x0d,0xff,0x19,0x22,0x02,0xff,0x13,0x1a,0x00,0xff,0x12,0x18,0x00,0xff,0x12,0x18,0x00,0xff,
    0x13,0x1a,0x00,0xff,0x17,0x1f,0x01,0xff,0x24,0x30,0x0a,0xff,0x4b,0x65,0x23,0xff,0x81,0xac,0x46,0xff,0xa8,0xe2,0x5b,0xff,
    0xb3,0xe2,0x76,0xff,0xcb,0xe9,0xa2,0xff,0xcd,0xeb,0xa6,0xff,0xba,0xe3,0x84,0xff,0xa2,0xda,0x59,0xff,0xa3,0xd9,0x5a,0xff,
    0x9c,0xd1,0x55,0xff,0x92,0xc4,0x4d,0xff,0x85,0xb3,0x42,0xff,0x7f,0xab,0x3e,0xff,0x63,0x87,0x27,0xff,0x3b,0x54,0x08,0xff,
    0x3e,0x58,0x0a,0xfd,0x40,0x5b,0x0a,0xfe,0x3e,0x57,0x09,0xd8,0x3f,0x5f,0x1f,0x08,0xff,0xff,0x00,0x01,0x00,0x00,0x00,0x00,
    0x00,0x00,0x00,0x00,0x7f,0x7f,0x00,0x02,0x00,0x00,0x00,0x01,0x41,0x5b,0x0d,0x27,0x40,0x5a,0x0a,0xfb,0x3e,0x59,0x0a,0xfc,
    0x3e,0x58,0x0a,0xfe,0x3b,0x55,0x08,0xff,0x68,0x8e,0x2c,0xff,0x80,0xac,0x3f,0xff,0x85,0xb4,0x44,0xff,0x92,0xc4,0x4f,0xff,
    0x9d,0xd1,0x56,0xff,0xa3,0xda,0x5c,0xff,0xa5,0xdc,0x5d,0xff,0xa5,0xdc,0x5e,0xff,0xa5,0xdc,0x5d,0xff,0xa5,0xdc,0x5d,0xff,
    0xa3,0xd9,0x5c,0xff,0xaa,0xe2,0x61,0xff,0xaf,0xe9,0x64,0xff,0xa1,0xd6,0x5a,0xff,0x8b,0xb9,0x4c,0xff,0x71,0x96,0x3b,0xff,
    0x5f,0x7f,0x30,0xff,0x60,0x80,0x30,0xff,0x69,0x8c,0x36,0xff,0x85,0xb2,0x49,0xff,0x9b,0xce,0x57,0xff,0xad,0xe7,0x63,0xff,
    0xad,0xe6,0x62,0xff,0xa4,0xda,0x5d,0xff,0xa3,0xda,0x5a,0xff,0xac,0xdf,0x69,0xff,0xae,0xe0,0x6d,0xff,0xa4,0xdb,0x5b,0xff,
    0xa4,0xdb,0x5c,0xff,0x9f,0xd4,0x58,0xff,0x95,0xc7,0x50,0xff,0x89,0xb8,0x46,0xff,0x80,0xac,0x3f,0xff,0x73,0x9c,0x35,0xff,
    0x42,0x5d,0x0d,0xff,0x3d,0x57,0x09,0xff,0x3d,0x58,0x0a,0xfb,0x43,0x5f,0x0b,0xff,0x3d,0x58,0x0a,0x5f,0x00,0x00,0x00,0x00,
    0x55,0x55,0x00,0x03,0x00,0x00,0x00,0x00,0x00,0x00,0x00,0x00,0x00,0x00,0x00,0x00,0x55,0x55,0x00,0x03,0x00,0x00,0x00,0x00,
    0x3e,0x57,0x0a,0x94,0x43,0x5f,0x0b,0xff,0x3d,0x58,0x0a,0xfb,0x3d,0x57,0x09,0xff,0x42,0x5d,0x0d,0xff,0x75,0x9e,0x36,0xff,
    0x81,0xae,0x40,0xff,0x88,0xb7,0x46,0xff,0x94,0xc6,0x50,0xff,0x9e,0xd2,0x58,0xff,0xa4,0xda,0x5d,0xff,0xa7,0xde,0x5f,0xff,
    0xa7,0xde,0x60,0xff,0xa7,0xde,0x5f,0xff,0xa7,0xde,0x5f,0xff,0xa6,0xdc,0x5f,0xff,0xa5,0xdb,0x5e,0xff,0xa8,0xdf,0x60,0xff,
    0xad,0xe6,0x63,0xff,0xb0,0xea,0x65,0xff,0xb1,0xeb,0x66,0xff,0xb1,0xeb,0x66,0xff,0xb1,0xea,0x66,0xff,0xae,0xe7,0x64,0xff,
    0xaa,0xe1,0x61,0xff,0xa5,0xdb,0x5e,0xff,0xa5,0xdb,0x5e,0xff,0xa7,0xde,0x5f,0xff,0xa7,0xde,0x60,0xff,0xa6,0xdd,0x5d,0xff,
    0xa5,0xdd,0x5c,0xff,0xa6,0xdc,0x5e,0xff,0xa0,0xd5,0x5a,0xff,0x97,0xc9,0x52,0xff,0x8b,0xbb,0x49,0xff,0x81,0xad,0x41,0xff,
    0x7d,0xa8,0x3d,0xff,0x4d,0x6b,0x16,0xff,0x3b,0x54,0x08,0xff,0x3e,0x59,0x0b,0xfc,0x41,0x5c,0x0b,0xff,0x3d,0x57,0x09,0xce,
    0x48,0x48,0x00,0x07,0x7f,0x7f,0x00,0x02,0x00,0x00,0x00,0x01,0x00,0x00,0x00,0x00,0x00,0x00,0x00,0x00,0x00,0x00,0x00,0x00,
    0x00,0x00,0x00,0x01,0x7f,0x7f,0x00,0x02,0x3a,0x62,0x13,0x0d,0x3f,0x58,0x09,0xdd,0x40,0x5b,0x0b,0xfe,0x3e,0x58,0x0b,0xfd,
    0x3c,0x55,0x08,0xff,0x49,0x66,0x13,0xff,0x78,0xa1,0x39,0xff,0x82,0xae,0x42,0xff,0x89,0xb8,0x48,0xff,0x95,0xc6,0x51,0xff,
    0x9e,0xd2,0x59,0xff,0xa5,0xda,0x5e,0xff,0xa8,0xde,0x61,0xff,0xa9,0xdf,0x62,0xff,0xa9,0xdf,0x62,0xff,0xa9,0xdf,0x61,0xff,
    0xa9,0xdf,0x61,0xff,0xa8,0xdf,0x61,0xff,0xa7,0xdd,0x61,0xff,0xa7,0xdc,0x60,0xff,0xa6,0xdc,0x60,0xff,0xa6,0xdc,0x60,0xff,
    0xa6,0xdc,0x60,0xff,0xa7,0xdd,0x60,0xff,0xa8,0xde,0x61,0xff,0xa8,0xdf,0x61,0xff,0xa9,0xdf,0x62,0xff,0xa9,0xdf,0x62,0xff,
    0xa9,0xdf,0x62,0xff,0xa8,0xdf,0x62,0xff,0xa6,0xdc,0x60,0xff,0xa0,0xd4,0x5a,0xff,0x97,0xc9,0x53,0xff,0x8d,0xbc,0x4a,0xff,
    0x82,0xaf,0x42,0xff,0x7e,0xaa,0x3f,0xff,0x54,0x75,0x1d,0xff,0x3b,0x54,0x07,0xff,0x3f,0x59,0x0b,0xfe,0x3e,0x59,0x0a,0xfb,
    0x3f,0x5b,0x0a,0xfc,0x3e,0x58,0x0a,0x31,0x00,0x00,0x00,0x00,0x7f,0x7f,0x00,0x02,0x00,0x00,0x00,0x00,0x00,0x00,0x00,0x00,
    0x00,0x00,0x00,0x00,0x00,0x00,0x00,0x00,0x00,0x00,0x00,0x00,0x7f,0x7f,0x00,0x02,0x00,0x00,0x00,0x00,0x3b,0x56,0x09,0x38,
    0x40,0x5a,0x0a,0xfd,0x3e,0x59,0x0a,0xfc,0x3f,0x59,0x0b,0xfe,0x3a,0x53,0x07,0xff,0x49,0x66,0x13,0xff,0x79,0xa2,0x3b,0xff,
    0x83,0xaf,0x43,0xff,0x88,0xb6,0x47,0xff,0x93,0xc4,0x50,0xff,0x9c,0xcf,0x58,0xff,0xa3,0xd7,0x5d,0xff,0xa8,0xdd,0x61,0xff,
    0xa9,0xe0,0x63,0xff,0xaa,0xe0,0x63,0xff,0xaa,0xe1,0x63,0xff,0xaa,0xe1,0x63,0xff,0xaa,0xe0,0x63,0xff,0xaa,0xe0,0x63,0xff,
    0xaa,0xe0,0x63,0xff,0xaa,0xe0,0x63,0xff,0xaa,0xe0,0x63,0xff,0xaa,0xe0,0x63,0xff,0xaa,0xe1,0x63,0xff,0xaa,0xe1,0x63,0xff,
    0xaa,0xe1,0x63,0xff,0xaa,0xe0,0x63,0xff,0xa8,0xde,0x61,0xff,0xa4,0xd9,0x5e,0xff,0x9e,0xd1,0x59,0xff,0x96,0xc6,0x52,0xff,
    0x8b,0xb9,0x4a,0xff,0x83,0xaf,0x43,0xff,0x7f,0xaa,0x40,0xff,0x55,0x75,0x1d,0xff,0x39,0x52,0x06,0xff,0x3f,0x59,0x0b,0xff,
    0x3d,0x57,0x0a,0xfa,0x43,0x5f,0x0b,0xff,0x3d,0x56,0x09,0x70,0x00,0x00,0x00,0x00,0x55,0x55,0x00,0x03,0x00,0x00,0x00,0x00,
    0x00,0x00,0x00,0x00,0x00,0x00,0x00,0x00,0x00,0x00,0x00,0x00,0x00,0x00,0x00,0x00,0x00,0x00,0x00,0x00,0x00,0x00,0x00,0x00,
    0x55,0x55,0x00,0x03,0x00,0x00,0x00,0x00,0x3d,0x56,0x09,0x67,0x42,0x5e,0x0b,0xff,0x3d,0x57,0x0a,0xfb,0x3f,0x59,0x0b,0xff,
    0x3a,0x53,0x07,0xff,0x49,0x66,0x13,0xff,0x77,0xa0,0x39,0xff,0x83,0xb0,0x44,0xff,0x86,0xb3,0x46,0xff,0x8f,0xbe,0x4d,0xff,
    0x97,0xc9,0x55,0xff,0x9e,0xd2,0x5a,0xff,0xa4,0xd8,0x5f,0xff,0xa7,0xdd,0x62,0xff,0xaa,0xe0,0x63,0xff,0xab,0xe1,0x64,0xff,
    0xab,0xe2,0x65,0xff,0xab,0xe2,0x65,0xff,0xab,0xe2,0x65,0xff,0xab,0xe2,0x65,0xff,0xab,0xe2,0x65,0xff,0xab,0xe2,0x65,0xff,
    0xab,0xe1,0x64,0xff,0xaa,0xe0,0x64,0xff,0xa8,0xde,0x62,0xff,0xa5,0xda,0x60,0xff,0xa0,0xd4,0x5b,0xff,0x99,0xcb,0x56,0xff,
    0x91,0xc1,0x4f,0xff,0x88,0xb5,0x48,0xff,0x83,0xb0,0x44,0xff,0x7d,0xa8,0x3f,0xff,0x55,0x75,0x1d,0xff,0x39,0x52,0x06,0xff,
    0x3f,0x5a,0x0b,0xff,0x3d,0x57,0x0a,0xfa,0x43,0x5f,0x0b,0xff,0x3e,0x57,0x09,0xa0,0x00,0x00,0x00,0x00,0x3f,0x3f,0x00,0x04,
    0x00,0x00,0x00,0x00,0x00,0x00,0x00,0x00,0x00,0x00,0x00,0x00,0x00,0x00,0x00,0x00,0x00,0x00,0x00,0x00,0x00,0x00,0x00,0x00,
    0x00,0x00,0x00,0x00,0x00,0x00,0x00,0x00,0x00,0x00,0x00,0x00,0x3f,0x3f,0x00,0x04,0x00,0x00,0x00,0x00,0x3e,0x57,0x0a,0x98,
    0x43,0x5f,0x0b,0xff,0x3e,0x57,0x0a,0xfa,0x3f,0x59,0x0b,0xfe,0x3c,0x55,0x08,0xff,0x42,0x5d,0x0d,0xff,0x66,0x8b,0x2c,0xff,
    0x81,0xad,0x42,0xff,0x85,0xb2,0x46,0xff,0x89,0xb6,0x49,0xff,0x90,0xc0,0x4f,0xff,0x97,0xc8,0x55,0xff,0x9d,0xcf,0x59,0xff,
    0xa1,0xd5,0x5d,0xff,0xa4,0xd9,0x60,0xff,0xa6,0xdb,0x61,0xff,0xa7,0xdd,0x62,0xff,0xa8,0xdd,0x63,0xff,0xa8,0xdd,0x63,0xff,
    0xa8,0xdd,0x63,0xff,0xa7,0xdb,0x62,0xff,0xa5,0xd9,0x60,0xff,0xa2,0xd6,0x5e,0xff,0x9e,0xd1,0x5a,0xff,0x99,0xca,0x56,0xff,
    0x92,0xc2,0x50,0xff,0x8b,0xb8,0x4a,0xff,0x86,0xb2,0x46,0xff,0x83,0xaf,0x44,0xff,0x6f,0x96,0x33,0xff,0x49,0x66,0x13,0xff,
    0x3b,0x54,0x07,0xff,0x3f,0x59,0x0b,0xff,0x3e,0x57,0x0a,0xfa,0x42,0x5e,0x0b,0xff,0x3f,0x59,0x0a,0xca,0x33,0x66,0x19,0x0a,
    0x7f,0x7f,0x00,0x02,0x00,0x00,0x00,0x01,0x00,0x00,0x00,0x00,0x00,0x00,0x00,0x00,0x00,0x00,0x00,0x00,0x00,0x00,0x00,0x00,
    0x00,0x00,0x00,0x00,0x00,0x00,0x00,0x00,0x00,0x00,0x00,0x00,0x00,0x00,0x00,0x00,0x00,0x00,0x00,0x00,0x00,0x00,0x00,0x01,
    0x3f,0x3f,0x00,0x04,0x00,0x00,0x00,0x00,0x3e,0x57,0x09,0x9a,0x43,0x60,0x0b,0xff,0x3d,0x58,0x0a,0xfc,0x3e,0x58,0x0b,0xfd,
    0x3d,0x56,0x09,0xff,0x3a,0x53,0x07,0xff,0x52,0x72,0x1b,0xff,0x73,0x9a,0x37,0xff,0x83,0xae,0x44,0xff,0x86,0xb3,0x47,0xff,
    0x88,0xb5,0x48,0xff,0x8d,0xbb,0x4c,0xff,0x92,0xc1,0x50,0xff,0x96,0xc7,0x54,0xff,0x99,0xca,0x56,0xff,0x9b,0xcc,0x58,0xff,
    0x9c,0xce,0x59,0xff,0x9c,0xce,0x59,0xff,0x9b,0xcd,0x59,0xff,0x99,0xcb,0x57,0xff,0x97,0xc8,0x54,0xff,0x93,0xc2,0x51,0xff,
    0x8e,0xbd,0x4d,0xff,0x89,0xb7,0x49,0xff,0x87,0xb3,0x47,0xff,0x84,0xb0,0x45,0xff,0x78,0xa2,0x3b,0xff,0x5b,0x7d,0x23,0xff,
    0x3d,0x57,0x09,0xff,0x3b,0x55,0x08,0xff,0x3f,0x59,0x0b,0xfe,0x3d,0x57,0x0a,0xfb,0x43,0x5f,0x0b,0xff,0x3f,0x5a,0x0a,0xc9,
    0x3c,0x5a,0x0f,0x11,0x00,0x00,0x00,0x00,0x00,0x7f,0x00,0x02,0x00,0x00,0x00,0x00,0x00,0x00,0x00,0x00,0x00,0x00,0x00,0x00,
    0x00,0x00,0x00,0x00,0x00,0x00,0x00,0x00,0x00,0x00,0x00,0x00,0x00,0x00,0x00,0x00,0x00,0x00,0x00,0x00,0x00,0x00,0x00,0x00,
    0x00,0x00,0x00,0x00,0x00,0x00,0x00,0x00,0x00,0x00,0x00,0x01,0x7f,0x7f,0x00,0x02,0x00,0x00,0x00,0x00,0x3f,0x58,0x0b,0x70,
    0x41,0x5c,0x0a,0xff,0x3f,0x5a,0x0a,0xff,0x3d,0x58,0x0a,0xfb,0x3f,0x59,0x0b,0xff,0x3a,0x53,0x07,0xff,0x3e,0x58,0x0a,0xff,
    0x55,0x75,0x1d,0xff,0x6f,0x96,0x33,0xff,0x7f,0xaa,0x41,0xff,0x85,0xb2,0x46,0xff,0x87,0xb3,0x47,0xff,0x88,0xb5,0x49,0xff,
    0x8a,0xb7,0x4a,0xff,0x8a,0xb8,0x4b,0xff,0x8b,0xb9,0x4b,0xff,0x8b,0xba,0x4b,0xff,0x8b,0xb8,0x4b,0xff,0x8a,0xb7,0x4a,0xff,
    0x89,0xb6,0x49,0xff,0x87,0xb4,0x48,0xff,0x86,0xb2,0x47,0xff,0x82,0xae,0x43,0xff,0x74,0x9c,0x37,0xff,0x5d,0x7e,0x23,0xff,
    0x42,0x5d,0x0d,0xff,0x3a,0x53,0x06,0xff,0x3e,0x58,0x0a,0xff,0x3e,0x59,0x0b,0xfc,0x3e,0x58,0x0a,0xfe,0x43,0x5f,0x0b,0xff,
    0x3f,0x5a,0x09,0x9d,0x3a,0x4e,0x13,0x0d,0x00,0x00,0x00,0x00,0x7f,0x7f,0x00,0x02,0x00,0x00,0x00,0x00,0x00,0x00,0x00,0x00,
    0x00,0x00,0x00,0x00,0x00,0x00,0x00,0x00,0x00,0x00,0x00,0x00,0x00,0x00,0x00,0x00,0x00,0x00,0x00,0x00,0x00,0x00,0x00,0x00,
    0x00,0x00,0x00,0x00,0x00,0x00,0x00,0x00,0x00,0x00,0x00,0x00,0x00,0x00,0x00,0x00,0x00,0x00,0x00,0x00,0x00,0x00,0x00,0x01,
    0x7f,0x7f,0x00,0x02,0x00,0x00,0x00,0x00,0x3d,0x56,0x0a,0x47,0x3f,0x59,0x09,0xe6,0x42,0x5e,0x0b,0xff,0x3d,0x57,0x0a,0xfd,
    0x3e,0x59,0x0b,0xfc,0x3e,0x58,0x0a,0xff,0x3a,0x53,0x07,0xff,0x3c,0x56,0x08,0xff,0x4b,0x69,0x16,0xff,0x5d,0x7f,0x24,0xff,
    0x6c,0x92,0x31,0xff,0x78,0xa0,0x3b,0xff,0x7d,0xa7,0x40,0xff,0x82,0xad,0x43,0xff,0x82,0xad,0x43,0xff,0x82,0xad,0x43,0xff,
    0x82,0xad,0x43,0xff,0x7f,0xa9,0x41,0xff,0x79,0xa2,0x3c,0xff,0x70,0x97,0x34,0xff,0x61,0x83,0x27,0xff,0x51,0x6f,0x1a,0xff,
    0x3f,0x59,0x0b,0xff,0x3a,0x52,0x06,0xff,0x3d,0x57,0x09,0xff,0x3f,0x59,0x0b,0xfd,0x3d,0x58,0x0a,0xfb,0x41,0x5c,0x0a,0xff,
    0x40,0x5a,0x0a,0xfb,0x3f,0x58,0x0b,0x70,0x00,0x00,0x00,0x00,0x00,0x00,0x00,0x00,0x00,0x7f,0x00,0x02,0x00,0x00,0x00,0x00,
    0x00,0x00,0x00,0x00,0x00,0x00,0x00,0x00,0x00,0x00,0x00,0x00,0x00,0x00,0x00,0x00,0x00,0x00,0x00,0x00,0x00,0x00,0x00,0x00,
    0x00,0x00,0x00,0x00,0x00,0x00,0x00,0x00,0x00,0x00,0x00,0x00,0x00,0x00,0x00,0x00,0x00,0x00,0x00,0x00,0x00,0x00,0x00,0x00,
    0x00,0x00,0x00,0x00,0x00,0x00,0x00,0x00,0x00,0x00,0x00,0x00,0x3f,0x3f,0x00,0x04,0x00,0x00,0x00,0x00,0x3a,0x58,0x09,0x1a,
    0x40,0x5a,0x0a,0xa7,0x41,0x5d,0x0a,0xff,0x41,0x5c,0x0b,0xff,0x3e,0x57,0x0a,0xfd,0x3e,0x59,0x0b,0xfc,0x3e,0x58,0x0a,0xfe,
    0x3b,0x54,0x08,0xff,0x39,0x52,0x06,0xff,0x3c,0x55,0x08,0xff,0x40,0x5b,0x0c,0xff,0x48,0x64,0x12,0xff,0x4e,0x6d,0x18,0xff,
    0x4d,0x6b,0x17,0xff,0x4d,0x6b,0x17,0xff,0x4e,0x6c,0x18,0xff,0x4a,0x68,0x15,0xff,0x42,0x5d,0x0d,0xff,0x3d,0x57,0x09,0xff,
    0x39,0x52,0x06,0xff,0x3a,0x54,0x07,0xff,0x3e,0x58,0x0a,0xfe,0x3e,0x59,0x0b,0xfc,0x3d,0x58,0x0a,0xfc,0x40,0x5b,0x0a,0xff,
    0x42,0x5e,0x0b,0xff,0x3f,0x5a,0x0a,0xc8,0x3c,0x58,0x09,0x37,0x00,0x00,0x00,0x00,0x7f,0x7f,0x00,0x02,0x00,0x00,0x00,0x01,
    0x00,0x00,0x00,0x00,0x00,0x00,0x00,0x00,0x00,0x00,0x00,0x00,0x00,0x00,0x00,0x00,0x00,0x00,0x00,0x00,0x00,0x00,0x00,0x00,
    0x00,0x00,0x00,0x00,0x00,0x00,0x00,0x00,0x00,0x00,0x00,0x00,0x00,0x00,0x00,0x00,0x00,0x00,0x00,0x00,0x00,0x00,0x00,0x00,
    0x00,0x00,0x00,0x00,0x00,0x00,0x00,0x00,0x00,0x00,0x00,0x00,0x00,0x00,0x00,0x00,0x00,0x00,0x00,0x00,0x00,0x00,0x00,0x00,
    0x55,0x55,0x00,0x03,0x00,0x00,0x00,0x00,0x00,0x00,0x00,0x00,0x3e,0x5c,0x0b,0x45,0x3f,0x5a,0x09,0xba,0x40,0x5c,0x0a,0xff,
    0x42,0x5e,0x0b,0xff,0x3f,0x59,0x0a,0xff,0x3e,0x59,0x0a,0xfc,0x3e,0x59,0x0b,0xfb,0x3e,0x59,0x0a,0xfc,0x3d,0x57,0x09,0xfe,
    0x3c,0x55,0x08,0xfe,0x3b,0x54,0x07,0xff,0x3b,0x54,0x07,0xff,0x3b,0x54,0x07,0xff,0x3b,0x54,0x07,0xff,0x3b,0x54,0x08,0xfe,
    0x3d,0x56,0x09,0xfe,0x3e,0x58,0x0a,0xfc,0x3e,0x59,0x0b,0xfb,0x3e,0x59,0x0b,0xfc,0x3e,0x58,0x0a,0xff,0x41,0x5c,0x0b,0xff,
    0x42,0x5e,0x0b,0xff,0x40,0x5a,0x0a,0xd3,0x3e,0x5b,0x0a,0x62,0x33,0x33,0x00,0x05,0x00,0x00,0x00,0x00,0x55,0x55,0x00,0x03,
    0x00,0x00,0x00,0x00,0x00,0x00,0x00,0x00,0x00,0x00,0x00,0x00,0x00,0x00,0x00,0x00,0x00,0x00,0x00,0x00,0x00,0x00,0x00,0x00,
    0x00,0x00,0x00,0x00,0x00,0x00,0x00,0x00,0x00,0x00,0x00,0x00,0x00,0x00,0x00,0x00,0x00,0x00,0x00,0x00,0x00,0x00,0x00,0x00,
    0x00,0x00,0x00,0x00,0x00,0x00,0x00,0x00,0x00,0x00,0x00,0x00,0x00,0x00,0x00,0x00,0x00,0x00,0x00,0x00,0x00,0x00,0x00,0x00,
    0x00,0x00,0x00,0x00,0x00,0x00,0x00,0x00,0x00,0x00,0x00,0x00,0x00,0x00,0x00,0x01,0x7f,0x7f,0x00,0x02,0x00,0x00,0x00,0x00,
    0x00,0x00,0x00,0x00,0x3d,0x5b,0x0a,0x46,0x40,0x5b,0x0b,0xa2,0x3f,0x59,0x0a,0xf2,0x42,0x5d,0x0b,0xff,0x43,0x5f,0x0b,0xff,
    0x41,0x5d,0x0b,0xff,0x40,0x5a,0x0a,0xff,0x3f,0x5a,0x0b,0xff,0x3e,0x58,0x0b,0xfe,0x3e,0x59,0x0b,0xfe,0x3e,0x59,0x0b,0xfe,
    0x3e,0x58,0x0b,0xfe,0x3f,0x5a,0x0b,0xff,0x3f,0x5a,0x0a,0xff,0x41,0x5c,0x0b,0xff,0x42,0x5e,0x0b,0xff,0x42,0x5e,0x0b,0xff,
    0x3f,0x5a,0x0a,0xfc,0x40,0x5a,0x0a,0xbb,0x3e,0x59,0x0a,0x5e,0x48,0x48,0x00,0x07,0x00,0x00,0x00,0x00,0x00,0x00,0x00,0x00,
    0x7f,0x7f,0x00,0x02,0x00,0x00,0x00,0x00,0x00,0x00,0x00,0x00,0x00,0x00,0x00,0x00,0x00,0x00,0x00,0x00,0x00,0x00,0x00,0x00,
    0x00,0x00,0x00,0x00,0x00,0x00,0x00,0x00,0x00,0x00,0x00,0x00,0x00,0x00,0x00,0x00,0x00,0x00,0x00,0x00,0x00,0x00,0x00,0x00,
    0x00,0x00,0x00,0x00,0x00,0x00,0x00,0x00,0x00,0x00,0x00,0x00,0x00,0x00,0x00,0x00,0x00,0x00,0x00,0x00,0x00,0x00,0x00,0x00,
    0x00,0x00,0x00,0x00,0x00,0x00,0x00,0x00,0x00,0x00,0x00,0x00,0x00,0x00,0x00,0x00,0x00,0x00,0x00,0x00,0x00,0x00,0x00,0x00,
    0x00,0x00,0x00,0x00,0x55,0x55,0x00,0x03,0x00,0xff,0x00,0x01,0x00,0x00,0x00,0x00,0x00,0x00,0x00,0x00,0x3f,0x5b,0x09,0x1c,
    0x3f,0x59,0x09,0x50,0x3f,0x5b,0x0a,0x8c,0x3f,0x58,0x0a,0xbe,0x3d,0x58,0x09,0xe7,0x3e,0x58,0x0a,0xf2,0x40,0x5b,0x0a,0xff,
    0x40,0x5a,0x0a,0xff,0x40,0x5a,0x0a,0xff,0x40,0x5b,0x0a,0xff,0x3d,0x57,0x0a,0xf8,0x3e,0x58,0x09,0xea,0x3f,0x5a,0x0a,0xc6,
    0x40,0x5a,0x09,0x9b,0x40,0x5b,0x0a,0x5f,0x3e,0x5d,0x0c,0x29,0x00,0x00,0x00,0x00,0x00,0x00,0x00,0x00,0x00,0x00,0x00,0x00,
    0x55,0x55,0x00,0x03,0x00,0x00,0x00,0x01,0x00,0x00,0x00,0x00,0x00,0x00,0x00,0x00,0x00,0x00,0x00,0x00,0x00,0x00,0x00,0x00,
    0x00,0x00,0x00,0x00,0x00,0x00,0x00,0x00,0x00,0x00,0x00,0x00,0x00,0x00,0x00,0x00,0x00,0x00,0x00,0x00,0x00,0x00,0x00,0x00,
    0x00,0x00,0x00,0x00,0x00,0x00,0x00,0x00,0x00,0x00,0x00,0x00,0x00,0x00,0x00,0x00,0x00,0x00,0x00,0x00,0x00,0x00,0x00,0x00,
    0x00,0x00,0x00,0x00,0x00,0x00,0x00,0x00,0x00,0x00,0x00,0x00,0x00,0x00,0x00,0x00,0x00,0x00,0x00,0x00,0x00,0x00,0x00,0x00,
    0x00,0x00,0x00,0x00,0x00,0x00,0x00,0x00,0x00,0x00,0x00,0x00,0x00,0x00,0x00,0x00,0x00,0x00,0x00,0x00,0x55,0x55,0x00,0x03,
    0x55,0x55,0x00,0x03,0x00,0x00,0x00,0x00,0x00,0x00,0x00,0x00,0x00,0x00,0x00,0x00,0x00,0x00,0x00,0x00,0x3f,0x4f,0x0f,0x10,
    0x41,0x5a,0x08,0x1f,0x41,0x5b,0x0a,0x46,0x3e,0x58,0x0b,0x45,0x3e,0x58,0x0b,0x45,0x41,0x5e,0x0a,0x46,0x3f,0x56,0x0b,0x2c,
    0x46,0x55,0x0e,0x12,0x00,0x00,0x00,0x00,0x00,0x00,0x00,0x00,0x00,0x00,0x00,0x00,0x00,0x00,0x00,0x00,0x00,0x00,0x00,0x01,
    0x3f,0x3f,0x00,0x04,0x00,0x00,0x00,0x01,0x00,0x00,0x00,0x00,0x00,0x00,0x00,0x00,0x00,0x00,0x00,0x00,0x00,0x00,0x00,0x00,
    0x00,0x00,0x00,0x00,0x00,0x00,0x00,0x00,0x00,0x00,0x00,0x00,0x00,0x00,0x00,0x00,0x00,0x00,0x00,0x00,0x00,0x00,0x00,0x00,
    0x00,0x00,0x00,0x00,0x00,0x00,0x00,0x00,0x00,0x00,0x00,0x00,0x00,0x00,0x00,0x00,
};
const lv_image_dsc_t img_iris_listening = {
    .header.magic = LV_IMAGE_HEADER_MAGIC,
    .header.cf = LV_COLOR_FORMAT_ARGB8888,
    .header.w = 50,
    .header.h = 50,
    .header.stride = 200,
    .data_size = sizeof(img_iris_listening_map),
    .data = img_iris_listening_map,
};

static const uint8_t img_iris_thinking_map[] = {
    0x00,0x00,0x00,0x00,0x00,0x00,0x00,0x00,0x00,0x00,0x00,0x00,0x00,0x00,0x00,0x00,0x00,0x00,0x00,0x00,0x00,0x00,0x00,0x00,
    0x00,0x00,0x00,0x00,0x00,0x00,0x00,0x00,0x00,0x00,0x00,0x00,0x00,0x00,0x00,0x00,0x00,0x00,0x00,0x00,0x00,0x00,0x00,0x00,
    0x00,0x00,0x00,0x00,0x00,0x00,0x00,0x00,0x00,0x00,0x00,0x00,0xff,0x00,0x00,0x01,0x7f,0x00,0x3f,0x04,0x00,0x00,0x00,0x01,
    0x00,0x00,0x00,0x00,0x00,0x00,0x00,0x00,0x00,0x00,0x00,0x00,0x00,0x00,0x00,0x00,0x00,0x00,0x00,0x00,0x7f,0x1c,0x46,0x12,
    0x78,0x1e,0x3c,0x11,0x78,0x1e,0x3c,0x11,0x7f,0x1c,0x46,0x12,0x55,0x00,0x55,0x03,0x00,0x00,0x00,0x00,0x00,0x00,0x00,0x00,
    0x00,0x00,0x00,0x00,0x00,0x00,0x00,0x00,0x00,0x00,0x00,0x00,0x7f,0x00,0x3f,0x04,0x7f,0x00,0x7f,0x02,0x00,0x00,0x00,0x00,
    0x00,0x00,0x00,0x00,0x00,0x00,0x00,0x00,0x00,0x00,0x00,0x00,0x00,0x00,0x00,0x00,0x00,0x00,0x00,0x00,0x00,0x00,0x00,0x00,
    0x00,0x00,0x00,0x00,0x00,0x00,0x00,0x00,0x00,0x00,0x00,0x00,0x00,0x00,0x00,0x00,0x00,0x00,0x00,0x00,0x00,0x00,0x00,0x00,
    0x00,0x00,0x00,0x00,0x00,0x00,0x00,0x00,0x00,0x00,0x00,0x00,0x00,0x00,0x00,0x00,0x00,0x00,0x00,0x00,0x00,0x00,0x00,0x00,
    0x00,0x00,0x00,0x00,0x00,0x00,0x00,0x00,0x00,0x00,0x00,0x00,0x00,0x00,0x00,0x00,0x00,0x00,0x00,0x00,0x00,0x00,0x00,0x00,
    0x00,0x00,0x00,0x00,0x00,0x00,0x00,0x00,0x00,0x00,0x00,0x00,0xff,0x00,0x00,0x01,0xaa,0x00,0x55,0x03,0x00,0x00,0x00,0x00,
    0x00,0x00,0x00,0x00,0x00,0x00,0x00,0x00,0x7b,0x1a,0x46,0x1d,0x79,0x1c,0x42,0x50,0x77,0x1b,0x42,0x82,0x75,0x1c,0x41,0xb6,
    0x75,0x1c,0x42,0xc7,0x76,0x1c,0x42,0xea,0x76,0x1c,0x42,0xea,0x75,0x1c,0x42,0xea,0x77,0x1c,0x43,0xeb,0x75,0x1b,0x41,0xd2,
    0x77,0x1c,0x43,0xba,0x79,0x1c,0x44,0x8d,0x78,0x1d,0x43,0x5f,0x7c,0x1f,0x44,0x29,0x7f,0x00,0x3f,0x04,0x00,0x00,0x00,0x00,
    0x00,0x00,0x00,0x00,0x55,0x00,0x55,0x03,0x7f,0x00,0x7f,0x02,0x00,0x00,0x00,0x00,0x00,0x00,0x00,0x00,0x00,0x00,0x00,0x00,
    0x00,0x00,0x00,0x00,0x00,0x00,0x00,0x00,0x00,0x00,0x00,0x00,0x00,0x00,0x00,0x00,0x00,0x00,0x00,0x00,0x00,0x00,0x00,0x00,
    0x00,0x00,0x00,0x00,0x00,0x00,0x00,0x00,0x00,0x00,0x00,0x00,0x00,0x00,0x00,0x00,0x00,0x00,0x00,0x00,0x00,0x00,0x00,0x00,
    0x00,0x00,0x00,0x00,0x00,0x00,0x00,0x00,0x00,0x00,0x00,0x00,0x00,0x00,0x00,0x00,0x00,0x00,0x00,0x00,0x00,0x00,0x00,0x00,
    0x00,0x00,0x00,0x00,0x00,0x00,0x00,0x00,0x00,0x00,0x00,0x00,0x00,0x00,0x00,0x00,0x55,0x00,0x55,0x03,0x00,0x00,0x00,0x00,
    0x00,0x00,0x00,0x00,0x6e,0x16,0x42,0x17,0x7b,0x1e,0x44,0x65,0x79,0x1c,0x44,0xc6,0x77,0x1b,0x43,0xf6,0x7d,0x1e,0x46,0xff,
    0x80,0x1f,0x48,0xff,0x7e,0x1e,0x46,0xff,0x7c,0x1e,0x46,0xff,0x78,0x1c,0x43,0xff,0x78,0x1c,0x43,0xff,0x78,0x1c,0x43,0xff,
    0x77,0x1c,0x43,0xff,0x7b,0x1d,0x45,0xff,0x7d,0x1e,0x46,0xff,0x80,0x1f,0x48,0xff,0x7f,0x1e,0x47,0xff,0x78,0x1c,0x42,0xfc,
    0x79,0x1c,0x43,0xd6,0x79,0x1b,0x43,0x80,0x79,0x19,0x46,0x28,0x00,0x00,0x00,0x00,0x00,0x00,0x00,0x00,0x55,0x00,0x55,0x03,
    0x00,0x00,0x00,0x01,0x00,0x00,0x00,0x00,0x00,0x00,0x00,0x00,0x00,0x00,0x00,0x00,0x00,0x00,0x00,0x00,0x00,0x00,0x00,0x00,
    0x00,0x00,0x00,0x00,0x00,0x00,0x00,0x00,0x00,0x00,0x00,0x00,0x00,0x00,0x00,0x00,0x00,0x00,0x00,0x00,0x00,0x00,0x00,0x00,
    0x00,0x00,0x00,0x00,0x00,0x00,0x00,0x00,0x00,0x00,0x00,0x00,0x00,0x00,0x00,0x00,0x00,0x00,0x00,0x00,0x00,0x00,0x00,0x00,
    0x00,0x00,0x00,0x00,0x00,0x00,0x00,0x00,0x00,0x00,0x00,0x00,0x00,0x00,0x00,0x00,0xff,0x00,0x00,0x01,0xff,0xff,0xff,0x01,
    0x00,0x01,0x00,0x00,0x85,0x37,0x58,0x17,0x7b,0x21,0x47,0x80,0x7a,0x1d,0x45,0xe8,0x7f,0x1e,0x47,0xff,0x7c,0x1e,0x45,0xff,
    0x77,0x1c,0x43,0xff,0x73,0x1b,0x40,0xfc,0x71,0x1a,0x3e,0xfb,0x73,0x1a,0x3f,0xfc,0x74,0x1b,0x40,0xfc,0x78,0x1d,0x44,0xfe,
    0x79,0x1d,0x44,0xfe,0x78,0x1d,0x44,0xfe,0x79,0x1d,0x44,0xfe,0x74,0x1b,0x41,0xfd,0x73,0x1a,0x3f,0xfc,0x72,0x1a,0x3e,0xfb,
    0x72,0x1a,0x3f,0xfc,0x76,0x1c,0x42,0xff,0x7b,0x1d,0x45,0xff,0x7f,0x1e,0x47,0xff,0x78,0x1c,0x43,0xf8,0x79,0x1d,0x43,0x9e,
    0x73,0x1c,0x3f,0x2c,0x00,0x00,0x00,0x00,0x00,0x00,0x00,0x00,0x7f,0x00,0x7f,0x02,0x00,0x00,0x00,0x00,0x00,0x00,0x00,0x00,
    0x00,0x00,0x00,0x00,0x00,0x00,0x00,0x00,0x00,0x00,0x00,0x00,0x00,0x00,0x00,0x00,0x00,0x00,0x00,0x00,0x00,0x00,0x00,0x00,
    0x00,0x00,0x00,0x00,0x00,0x00,0x00,0x00,0x00,0x00,0x00,0x00,0x00,0x00,0x00,0x00,0x00,0x00,0x00,0x00,0x00,0x00,0x00,0x00,
    0x00,0x00,0x00,0x00,0x00,0x00,0x00,0x00,0x00,0x00,0x00,0x00,0x00,0x00,0x00,0x00,0x00,0x00,0x00,0x00,0xaa,0x55,0x55,0x03,
    0x00,0x03,0x02,0x00,0x00,0x00,0x00,0x00,0x69,0x07,0x31,0x6d,0x71,0x0f,0x38,0xe9,0x78,0x15,0x3f,0xff,0x76,0x18,0x40,0xff,
    0x74,0x1d,0x42,0xfc,0x72,0x1c,0x40,0xfd,0x75,0x1c,0x41,0xfe,0x81,0x21,0x4a,0xff,0x8e,0x27,0x52,0xff,0x97,0x2c,0x59,0xff,
    0x9c,0x2e,0x5d,0xff,0xa4,0x32,0x62,0xff,0xa5,0x32,0x63,0xff,0xa5,0x32,0x63,0xff,0xa6,0x32,0x63,0xff,0x9e,0x2f,0x5e,0xff,
    0x99,0x2d,0x5b,0xff,0x90,0x28,0x54,0xff,0x85,0x23,0x4c,0xff,0x77,0x1d,0x43,0xfe,0x72,0x1a,0x3f,0xfd,0x72,0x1a,0x3f,0xfc,
    0x77,0x1c,0x43,0xff,0x7e,0x1e,0x47,0xff,0x79,0x1c,0x44,0xf9,0x7a,0x1b,0x44,0x92,0x66,0x11,0x44,0x0f,0x00,0x00,0x00,0x00,
    0x55,0x00,0x55,0x03,0x00,0x00,0x00,0x00,0x00,0x00,0x00,0x00,0x00,0x00,0x00,0x00,0x00,0x00,0x00,0x00,0x00,0x00,0x00,0x00,
    0x00,0x00,0x00,0x00,0x00,0x00,0x00,0x00,0x00,0x00,0x00,0x00,0x00,0x00,0x00,0x00,0x00,0x00,0x00,0x00,0x00,0x00,0x00,0x00,
    0x00,0x00,0x00,0x00,0x00,0x00,0x00,0x00,0x00,0x00,0x00,0x00,0x00,0x00,0x00,0x00,0x00,0x00,0x00,0x00,0x00,0x00,0x00,0x00,
    0xaa,0x55,0x55,0x03,0x00,0x00,0x00,0x00,0x1e,0x00,0x00,0x19,0x7e,0x24,0x49,0xb8,0x9a,0x4c,0x6d,0xff,0xa0,0x5e,0x7a,0xff,
    0x91,0x49,0x67,0xfb,0x7f,0x2d,0x50,0xfe,0x79,0x14,0x3f,0xff,0x8d,0x21,0x4f,0xff,0xa1,0x32,0x61,0xff,0xab,0x35,0x67,0xff,
    0xaf,0x37,0x6a,0xff,0xb0,0x38,0x6b,0xff,0xb2,0x38,0x6b,0xff,0xb1,0x38,0x6b,0xff,0xb2,0x38,0x6c,0xff,0xb2,0x38,0x6c,0xff,
    0xb1,0x38,0x6b,0xff,0xb2,0x38,0x6c,0xff,0xb1,0x38,0x6b,0xff,0xb0,0x37,0x6a,0xff,0xac,0x36,0x68,0xff,0xa4,0x32,0x62,0xff,
    0x95,0x2a,0x58,0xff,0x83,0x22,0x4b,0xff,0x74,0x1b,0x40,0xfe,0x73,0x1b,0x3f,0xfc,0x77,0x1d,0x43,0xff,0x7f,0x1e,0x47,0xff,
    0x7a,0x1c,0x44,0xd9,0x74,0x19,0x40,0x3b,0x00,0x00,0x00,0x00,0x55,0x00,0x55,0x03,0x00,0x00,0x00,0x00,0x00,0x00,0x00,0x00,
    0x00,0x00,0x00,0x00,0x00,0x00,0x00,0x00,0x00,0x00,0x00,0x00,0x00,0x00,0x00,0x00,0x00,0x00,0x00,0x00,0x00,0x00,0x00,0x00,
    0x00,0x00,0x00,0x00,0x00,0x00,0x00,0x00,0x00,0x00,0x00,0x00,0x00,0x00,0x00,0x00,0x00,0x00,0x00,0x00,0x00,0x00,0x00,0x00,
    0x00,0x00,0x00,0x00,0x7f,0x3f,0x3f,0x04,0x00,0x00,0x00,0x00,0x5f,0x04,0x26,0x3b,0xb8,0x85,0x9b,0xe6,0xf3,0xe0,0xe8,0xff,
    0xff,0xff,0xff,0xfb,0xff,0xff,0xff,0xfe,0xfe,0xfc,0xfc,0xff,0xf4,0xed,0xf0,0xff,0xda,0xa9,0xbe,0xff,0xbe,0x5a,0x84,0xff,
    0xae,0x2e,0x64,0xff,0xb4,0x3a,0x6d,0xff,0xb7,0x3c,0x6f,0xff,0xb9,0x3c,0x71,0xff,0xbc,0x3d,0x73,0xff,0xbe,0x3e,0x74,0xff,
    0xbf,0x3f,0x75,0xff,0xbf,0x3f,0x75,0xff,0xbe,0x3f,0x74,0xff,0xbc,0x3e,0x73,0xff,0xba,0x3d,0x71,0xff,0xb7,0x3b,0x70,0xff,
    0xb4,0x39,0x6d,0xff,0xb2,0x39,0x6c,0xff,0xb0,0x38,0x6b,0xff,0xac,0x36,0x68,0xff,0x9c,0x2e,0x5c,0xff,0x80,0x21,0x49,0xff,
    0x72,0x1a,0x3f,0xfe,0x74,0x1b,0x41,0xfb,0x7b,0x1d,0x45,0xff,0x79,0x1d,0x45,0xfb,0x76,0x1b,0x42,0x67,0x00,0x00,0x00,0x00,
    0x55,0x00,0x55,0x03,0x00,0x00,0x00,0x01,0x00,0x00,0x00,0x00,0x00,0x00,0x00,0x00,0x00,0x00,0x00,0x00,0x00,0x00,0x00,0x00,
    0x00,0x00,0x00,0x00,0x00,0x00,0x00,0x00,0x00,0x00,0x00,0x00,0x00,0x00,0x00,0x00,0x00,0x00,0x00,0x00,0x00,0x00,0x00,0x00,
    0x00,0x00,0x00,0x00,0x00,0x00,0x00,0x00,0x7f,0x3f,0x3f,0x04,0x00,0x01,0x00,0x00,0x6c,0x14,0x37,0x65,0xcb,0xa2,0xb3,0xfb,
    0xff,0xff,0xff,0xff,0xff,0xff,0xff,0xfc,0xfc,0xfa,0xfb,0xff,0xfb,0xf9,0xfa,0xff,0xfd,0xfb,0xfc,0xff,0xff,0xfe,0xff,0xff,
    0xff,0xff,0xff,0xff,0xfd,0xfb,0xfc,0xff,0xdc,0x9e,0xb8,0xff,0xbd,0x37,0x70,0xff,0xc4,0x42,0x79,0xff,0xc7,0x44,0x7c,0xff,
    0xc9,0x44,0x7c,0xff,0xca,0x45,0x7d,0xff,0xcb,0x45,0x7e,0xff,0xcb,0x45,0x7e,0xff,0xca,0x45,0x7d,0xff,0xca,0x45,0x7d,0xff,
    0xc7,0x43,0x7b,0xff,0xc5,0x42,0x7a,0xff,0xc2,0x41,0x77,0xff,0xbd,0x3e,0x74,0xff,0xb8,0x3c,0x70,0xff,0xb2,0x39,0x6c,0xff,
    0xb0,0x38,0x6b,0xff,0xaa,0x35,0x66,0xff,0x93,0x2a,0x56,0xff,0x77,0x1c,0x42,0xff,0x72,0x1b,0x40,0xfd,0x77,0x1d,0x43,0xfe,
    0x7e,0x1e,0x46,0xff,0x77,0x1c,0x43,0x98,0x00,0x00,0x00,0x00,0x7f,0x00,0x7f,0x02,0x00,0x00,0x00,0x01,0x00,0x00,0x00,0x00,
    0x00,0x00,0x00,0x00,0x00,0x00,0x00,0x00,0x00,0x00,0x00,0x00,0x00,0x00,0x00,0x00,0x00,0x00,0x00,0x00,0x00,0x00,0x00,0x00,
    0x00,0x00,0x00,0x00,0x00,0x00,0x00,0x00,0x00,0x00,0x00,0x00,0xaa,0x00,0x55,0x03,0x00,0x02,0x00,0x00,0x5d,0x00,0x23,0x65,
    0xaf,0x71,0x8b,0xff,0xff,0xff,0xff,0xfe,0xf9,0xf7,0xf7,0xfd,0xfb,0xf9,0xfa,0xff,0xfd,0xfb,0xfb,0xff,0xfd,0xfb,0xfc,0xff,
    0xfd,0xfb,0xfc,0xff,0xfd,0xfa,0xfb,0xff,0xfd,0xf8,0xf9,0xff,0xfe,0xfb,0xfc,0xff,0xff,0xff,0xff,0xff,0xeb,0xb9,0xce,0xff,
    0xcd,0x42,0x7d,0xff,0xd0,0x48,0x82,0xff,0xd1,0x49,0x82,0xff,0xd1,0x49,0x82,0xff,0xd1,0x49,0x83,0xff,0xd1,0x49,0x83,0xff,
    0xd1,0x49,0x83,0xff,0xd1,0x48,0x82,0xff,0xd0,0x48,0x82,0xff,0xcf,0x47,0x81,0xff,0xcd,0x47,0x7f,0xff,0xca,0x45,0x7d,0xff,
    0xc5,0x43,0x7a,0xff,0xbf,0x40,0x76,0xff,0xb8,0x3c,0x70,0xff,0xb2,0x39,0x6c,0xff,0xb0,0x38,0x6b,0xff,0xa0,0x31,0x60,0xff,
    0x7e,0x20,0x47,0xff,0x72,0x1a,0x40,0xfe,0x76,0x1c,0x42,0xfc,0x80,0x1e,0x48,0xff,0x75,0x1c,0x42,0x9a,0x00,0x00,0x00,0x00,
    0xaa,0x00,0x55,0x03,0x00,0x00,0x00,0x00,0x00,0x00,0x00,0x00,0x00,0x00,0x00,0x00,0x00,0x00,0x00,0x00,0x00,0x00,0x00,0x00,
    0x00,0x00,0x00,0x00,0x00,0x00,0x00,0x00,0x00,0x00,0x00,0x00,0x00,0x00,0x00,0x00,0x55,0x00,0x55,0x03,0x00,0x00,0x00,0x00,
    0x6f,0x16,0x3a,0x39,0x7d,0x22,0x48,0xfe,0xe9,0xda,0xe0,0xfd,0xff,0xff,0xfd,0xfd,0xfb,0xf9,0xf9,0xff,0xfd,0xfb,0xfc,0xff,
    0xfd,0xfb,0xfc,0xff,0xfd,0xfb,0xfc,0xff,0xfe,0xfb,0xfc,0xff,0xfe,0xfb,0xfc,0xff,0xfe,0xfb,0xfc,0xff,0xfe,0xfa,0xfc,0xff,
    0xfd,0xf8,0xfb,0xff,0xff,0xff,0xff,0xff,0xea,0xab,0xc6,0xff,0xcf,0x3f,0x7c,0xff,0xd3,0x4c,0x85,0xff,0xd2,0x4a,0x84,0xff,
    0xd2,0x4a,0x84,0xff,0xd2,0x4a,0x84,0xff,0xd2,0x4a,0x84,0xff,0xd2,0x4a,0x84,0xff,0xd2,0x4a,0x84,0xff,0xd2,0x4a,0x84,0xff,
    0xd2,0x4a,0x83,0xff,0xd1,0x49,0x83,0xff,0xcf,0x48,0x81,0xff,0xca,0x46,0x7e,0xff,0xc4,0x43,0x7a,0xff,0xbd,0x3f,0x75,0xff,
    0xb4,0x3b,0x6e,0xff,0xb1,0x39,0x6c,0xff,0xa7,0x35,0x65,0xff,0x7f,0x20,0x48,0xff,0x72,0x1a,0x3f,0xff,0x77,0x1c,0x42,0xfa,
    0x80,0x1e,0x48,0xff,0x74,0x1b,0x42,0x70,0x00,0x00,0x00,0x00,0x7f,0x00,0x3f,0x04,0x00,0x00,0x00,0x00,0x00,0x00,0x00,0x00,
    0x00,0x00,0x00,0x00,0x00,0x00,0x00,0x00,0x00,0x00,0x00,0x00,0x00,0x00,0x00,0x00,0x00,0x00,0x00,0x00,0x7f,0x00,0x00,0x02,
    0x00,0x00,0x00,0x01,0x85,0x37,0x58,0x17,0x70,0x0f,0x38,0xe9,0x9b,0x56,0x73,0xfe,0xff,0xff,0xff,0xfd,0xfb,0xf9,0xfa,0xff,
    0xfd,0xfb,0xfc,0xff,0xfd,0xfb,0xfc,0xff,0xfe,0xfb,0xfc,0xff,0xfe,0xfb,0xfc,0xff,0xfe,0xfb,0xfc,0xff,0xfe,0xfb,0xfd,0xff,
    0xfe,0xfb,0xfd,0xff,0xfe,0xfb,0xfd,0xff,0xfe,0xfb,0xfd,0xff,0xfd,0xf8,0xfb,0xff,0xff,0xff,0xff,0xff,0xe2,0x8a,0xaf,0xff,
    0xce,0x40,0x7c,0xff,0xd1,0x4d,0x85,0xff,0xd1,0x4a,0x83,0xff,0xd1,0x4b,0x83,0xff,0xd1,0x4a,0x83,0xff,0xd0,0x4a,0x83,0xff,
    0xd0,0x4a,0x83,0xff,0xd2,0x4b,0x84,0xff,0xd3,0x4b,0x85,0xff,0xd3,0x4b,0x85,0xff,0xd2,0x4b,0x84,0xff,0xd1,0x4a,0x83,0xff,
    0xce,0x49,0x81,0xff,0xc8,0x46,0x7d,0xff,0xc1,0x41,0x77,0xff,0xb6,0x3d,0x70,0xff,0xb1,0x3a,0x6c,0xff,0xa8,0x35,0x66,0xff,
    0x7f,0x21,0x48,0xff,0x73,0x1b,0x40,0xfe,0x77,0x1c,0x43,0xfb,0x7b,0x1d,0x45,0xff,0x72,0x19,0x42,0x45,0x00,0x00,0x00,0x00,
    0x55,0x00,0x55,0x03,0x00,0x00,0x00,0x00,0x00,0x00,0x00,0x00,0x00,0x00,0x00,0x00,0x00,0x00,0x00,0x00,0x00,0x00,0x00,0x00,
    0x00,0x00,0x00,0x00,0x55,0x00,0x55,0x03,0x00,0x00,0x00,0x00,0x7a,0x20,0x45,0xba,0x74,0x0f,0x3a,0xff,0xaa,0x74,0x8a,0xfc,
    0xff,0xfe,0xfe,0xff,0xfb,0xf8,0xf9,0xff,0xfd,0xfb,0xfc,0xff,0xfe,0xfb,0xfc,0xff,0xfe,0xfb,0xfc,0xff,0xfe,0xfb,0xfd,0xff,
    0xfe,0xfb,0xfd,0xff,0xfe,0xfb,0xfd,0xff,0xfe,0xfb,0xfd,0xff,0xfe,0xfb,0xfd,0xff,0xfe,0xfb,0xfd,0xff,0xfe,0xfa,0xfc,0xff,
    0xff,0xfe,0xff,0xff,0xf8,0xe5,0xee,0xff,0xda,0x52,0x8c,0xff,0xde,0x4f,0x8c,0xff,0xda,0x50,0x8b,0xff,0xda,0x4f,0x8b,0xff,
    0xdc,0x50,0x8c,0xff,0xdf,0x51,0x8e,0xff,0xdc,0x50,0x8c,0xff,0xd4,0x4d,0x86,0xff,0xd0,0x4b,0x84,0xff,0xd2,0x4c,0x85,0xff,
    0xd3,0x4c,0x86,0xff,0xd3,0x4c,0x86,0xff,0xd3,0x4c,0x85,0xff,0xd1,0x4b,0x83,0xff,0xca,0x48,0x7f,0xff,0xc2,0x43,0x79,0xff,
    0xb8,0x3e,0x72,0xff,0xb1,0x3a,0x6d,0xff,0xa8,0x36,0x66,0xff,0x7c,0x1f,0x46,0xff,0x73,0x1b,0x40,0xfd,0x79,0x1d,0x44,0xfe,
    0x77,0x1c,0x43,0xe8,0x73,0x17,0x45,0x16,0xff,0x00,0x00,0x01,0x7f,0x00,0x00,0x02,0x00,0x00,0x00,0x00,0x00,0x00,0x00,0x00,
    0x00,0x00,0x00,0x00,0x00,0x00,0x00,0x00,0x55,0x00,0x55,0x03,0x00,0x00,0x00,0x00,0x74,0x1c,0x40,0x6b,0x81,0x22,0x4a,0xff,
    0x6c,0x0c,0x34,0xfb,0xbe,0x94,0xa6,0xff,0xff,0xff,0xff,0xff,0xfb,0xf7,0xf9,0xff,0xfe,0xfb,0xfc,0xff,0xfe,0xfb,0xfc,0xff,
    0xfe,0xfb,0xfd,0xff,0xfe,0xfc,0xfd,0xff,0xfe,0xfc,0xfd,0xff,0xfe,0xfc,0xfd,0xff,0xfe,0xfc,0xfd,0xff,0xfe,0xfc,0xfd,0xff,
    0xfe,0xfc,0xfd,0xff,0xfe,0xfc,0xfd,0xff,0xfc,0xf9,0xfa,0xff,0xff,0xff,0xff,0xff,0xc4,0x8b,0xa3,0xff,0x65,0x18,0x36,0xff,
    0x59,0x1d,0x35,0xff,0x59,0x1b,0x33,0xff,0x64,0x1f,0x3b,0xff,0x86,0x2d,0x52,0xff,0xa8,0x3b,0x69,0xff,0xd1,0x4c,0x85,0xff,
    0xe0,0x53,0x8f,0xff,0xd5,0x4e,0x88,0xff,0xd2,0x4d,0x85,0xff,0xd4,0x4e,0x87,0xff,0xd4,0x4e,0x87,0xff,0xd4,0x4d,0x87,0xff,
    0xd1,0x4c,0x85,0xff,0xcc,0x49,0x81,0xff,0xc3,0x44,0x7a,0xff,0xb7,0x3e,0x72,0xff,0xb2,0x3b,0x6d,0xff,0x9f,0x31,0x60,0xff,
    0x75,0x1c,0x41,0xff,0x75,0x1b,0x41,0xfc,0x7e,0x1e,0x47,0xff,0x75,0x1b,0x42,0xaa,0x00,0x00,0x00,0x00,0x55,0x00,0x55,0x03,
    0x00,0x00,0x00,0x00,0x00,0x00,0x00,0x00,0x00,0x00,0x00,0x00,0xff,0x00,0x00,0x01,0xff,0x00,0x00,0x01,0x78,0x1a,0x43,0x13,
    0x76,0x1b,0x42,0xee,0x7a,0x20,0x46,0xfd,0x6c,0x0d,0x35,0xfe,0xbe,0x92,0xa5,0xff,0xff,0xff,0xff,0xff,0xfb,0xf8,0xf9,0xff,
    0xfe,0xfb,0xfc,0xff,0xfe,0xfb,0xfd,0xff,0xfe,0xfc,0xfd,0xff,0xfe,0xfc,0xfd,0xff,0xfe,0xfc,0xfd,0xff,0xfe,0xfc,0xfd,0xff,
    0xfe,0xfc,0xfd,0xff,0xfe,0xfc,0xfd,0xff,0xfe,0xfc,0xfd,0xff,0xfd,0xfb,0xfc,0xff,0xf9,0xf7,0xf8,0xff,0xff,0xfe,0xff,0xff,
    0xbd,0xb8,0xb9,0xff,0x1d,0x00,0x08,0xff,0x29,0x08,0x14,0xff,0x28,0x07,0x12,0xff,0x26,0x06,0x11,0xff,0x24,0x05,0x10,0xff,
    0x28,0x07,0x13,0xff,0x46,0x13,0x27,0xff,0x82,0x2c,0x50,0xff,0xcf,0x4d,0x85,0xff,0xdd,0x52,0x8e,0xff,0xd2,0x4e,0x86,0xff,
    0xd5,0x4f,0x88,0xff,0xd5,0x4f,0x88,0xff,0xd5,0x4f,0x88,0xff,0xd2,0x4e,0x86,0xff,0xcc,0x4a,0x81,0xff,0xc2,0x45,0x7a,0xff,
    0xb6,0x3e,0x71,0xff,0xb2,0x3c,0x6e,0xff,0x90,0x2a,0x55,0xff,0x73,0x1a,0x3f,0xff,0x76,0x1c,0x42,0xfc,0x7c,0x1d,0x46,0xff,
    0x77,0x1b,0x43,0x40,0x00,0x00,0x00,0x00,0x55,0x00,0x55,0x03,0x00,0x00,0x00,0x00,0x00,0x00,0x00,0x00,0xaa,0x00,0x55,0x03,
    0x00,0x00,0x00,0x00,0x75,0x1b,0x41,0x80,0x7f,0x1e,0x47,0xff,0x76,0x1e,0x44,0xfb,0x70,0x0f,0x38,0xff,0xc5,0x87,0xa1,0xff,
    0xff,0xff,0xff,0xff,0xfc,0xf8,0xf9,0xff,0xfe,0xfb,0xfc,0xff,0xfe,0xfc,0xfd,0xff,0xfe,0xfc,0xfd,0xff,0xfe,0xfc,0xfd,0xff,
    0xfe,0xfc,0xfd,0xff,0xfe,0xfc,0xfd,0xff,0xfe,0xfc,0xfd,0xff,0xfe,0xfc,0xfd,0xff,0xfc,0xfb,0xfb,0xff,0xfb,0xfa,0xfa,0xff,
    0xfa,0xf9,0xf9,0xff,0xfe,0xfd,0xfd,0xff,0xf4,0xf0,0xf1,0xff,0x48,0x24,0x32,0xff,0x2d,0x05,0x14,0xff,0x33,0x0c,0x1b,0xff,
    0x32,0x0b,0x19,0xff,0x33,0x0b,0x1a,0xff,0x32,0x0b,0x19,0xff,0x2b,0x08,0x15,0xff,0x23,0x04,0x0f,0xff,0x44,0x13,0x26,0xff,
    0xb3,0x42,0x72,0xff,0xe0,0x55,0x91,0xff,0xd3,0x50,0x88,0xff,0xd5,0x51,0x8a,0xff,0xd5,0x51,0x8a,0xff,0xd5,0x50,0x89,0xff,
    0xd2,0x4f,0x87,0xff,0xca,0x4a,0x81,0xff,0xbf,0x44,0x78,0xff,0xb3,0x3d,0x70,0xff,0xac,0x3a,0x6a,0xff,0x7d,0x20,0x48,0xff,
    0x74,0x1a,0x40,0xfc,0x7d,0x1e,0x46,0xfe,0x75,0x1c,0x41,0xbf,0x00,0x00,0x00,0x00,0x7f,0x00,0x7f,0x02,0x00,0x00,0x00,0x00,
    0xff,0x00,0x00,0x01,0x00,0x00,0x00,0x01,0x72,0x19,0x3f,0x14,0x76,0x1c,0x42,0xec,0x79,0x1d,0x44,0xfe,0x73,0x1c,0x40,0xfe,
    0x86,0x1e,0x4a,0xff,0xc5,0x6c,0x92,0xff,0xff,0xfe,0xfe,0xff,0xfe,0xfa,0xfc,0xff,0xfe,0xfb,0xfd,0xff,0xfe,0xfc,0xfd,0xff,
    0xfe,0xfc,0xfd,0xff,0xfe,0xfc,0xfd,0xff,0xfe,0xfc,0xfd,0xff,0xfe,0xfc,0xfd,0xff,0xfd,0xfc,0xfc,0xff,0xfb,0xfa,0xfa,0xff,
    0xfb,0xfa,0xfa,0xff,0xfb,0xfa,0xfa,0xff,0xfb,0xfa,0xfa,0xff,0xf9,0xf8,0xf8,0xff,0xff,0xff,0xff,0xff,0x64,0x47,0x52,0xff,
    0x25,0x00,0x0c,0xff,0x32,0x0d,0x1b,0xff,0x30,0x0a,0x18,0xff,0x30,0x0a,0x18,0xff,0x30,0x0a,0x18,0xff,0x31,0x0a,0x19,0xff,
    0x34,0x0b,0x1b,0xff,0x2b,0x08,0x14,0xff,0x2b,0x08,0x14,0xff,0x97,0x37,0x60,0xff,0xe1,0x57,0x93,0xff,0xd3,0x51,0x89,0xff,
    0xd7,0x53,0x8b,0xff,0xd6,0x52,0x8b,0xff,0xd6,0x52,0x8b,0xff,0xd1,0x4f,0x87,0xff,0xc7,0x4a,0x7f,0xff,0xba,0x42,0x75,0xff,
    0xb3,0x3f,0x70,0xff,0x97,0x2e,0x5b,0xff,0x73,0x1a,0x3f,0xff,0x76,0x1c,0x42,0xfd,0x7b,0x1d,0x45,0xff,0x75,0x1b,0x42,0x41,
    0x00,0x00,0x00,0x00,0xaa,0x00,0x55,0x03,0x7f,0x00,0x3f,0x04,0x00,0x00,0x00,0x00,0x75,0x1b,0x41,0x66,0x7e,0x1e,0x47,0xff,
    0x75,0x1b,0x41,0xfc,0x76,0x1c,0x42,0xff,0xa2,0x34,0x63,0xff,0xb7,0x45,0x76,0xff,0xf5,0xe4,0xeb,0xff,0xff,0xfe,0xfe,0xff,
    0xfe,0xfb,0xfc,0xff,0xfe,0xfc,0xfd,0xff,0xfe,0xfc,0xfd,0xff,0xfe,0xfc,0xfd,0xff,0xfe,0xfc,0xfd,0xff,0xfe,0xfc,0xfd,0xff,
    0xfb,0xfa,0xfa,0xff,0xfb,0xfa,0xfa,0xff,0xfb,0xfa,0xfa,0xff,0xfb,0xfa,0xfa,0xff,0xfb,0xfa,0xfa,0xff,0xf8,0xf7,0xf7,0xff,
    0xff,0xff,0xff,0xff,0x7c,0x64,0x6d,0xff,0x23,0x00,0x0a,0xff,0x33,0x0e,0x1b,0xff,0x30,0x0a,0x18,0xff,0x30,0x0a,0x18,0xff,
    0x30,0x0a,0x18,0xff,0x30,0x0a,0x18,0xff,0x30,0x0a,0x18,0xff,0x32,0x0b,0x1a,0xff,0x30,0x0a,0x18,0xff,0x25,0x05,0x11,0xff,
    0xa2,0x3c,0x68,0xff,0xe3,0x59,0x95,0xff,0xd4,0x53,0x8b,0xff,0xd8,0x54,0x8d,0xff,0xd8,0x54,0x8d,0xff,0xd6,0x53,0x8b,0xff,
    0xcf,0x4f,0x85,0xff,0xc2,0x48,0x7c,0xff,0xb6,0x40,0x73,0xff,0xac,0x3b,0x6c,0xff,0x7d,0x21,0x48,0xff,0x74,0x1b,0x41,0xfb,
    0x7e,0x1e,0x47,0xff,0x75,0x1b,0x41,0xa7,0x00,0x00,0x00,0x00,0x3f,0x3f,0x3f,0x04,0x7f,0x00,0x7f,0x02,0x7f,0x00,0x7f,0x02,
    0x75,0x1b,0x41,0xca,0x7c,0x1e,0x46,0xfe,0x73,0x1a,0x40,0xfc,0x82,0x23,0x4b,0xff,0xb1,0x40,0x71,0xff,0xb5,0x38,0x6e,0xff,
    0xe7,0xb5,0xca,0xff,0xff,0xff,0xff,0xff,0xfd,0xf9,0xfb,0xff,0xfe,0xfc,0xfd,0xff,0xfe,0xfc,0xfd,0xff,0xfe,0xfc,0xfd,0xff,
    0xfe,0xfc,0xfd,0xff,0xfc,0xfa,0xfb,0xff,0xfb,0xfa,0xfa,0xff,0xfb,0xfa,0xfa,0xff,0xfb,0xfa,0xfa,0xff,0xfb,0xfa,0xfa,0xff,
    0xfb,0xfa,0xfa,0xff,0xf8,0xf7,0xf7,0xff,0xff,0xff,0xff,0xff,0x7d,0x65,0x6e,0xff,0x23,0x00,0x09,0xff,0x33,0x0d,0x1b,0xff,
    0x30,0x0a,0x18,0xff,0x30,0x0a,0x18,0xff,0x30,0x0a,0x18,0xff,0x30,0x0a,0x18,0xff,0x30,0x0a,0x18,0xff,0x30,0x0a,0x18,0xff,
    0x32,0x0b,0x19,0xff,0x2d,0x09,0x16,0xff,0x36,0x0d,0x1d,0xff,0xc4,0x4d,0x80,0xff,0xde,0x58,0x92,0xff,0xd7,0x55,0x8e,0xff,
    0xd9,0x56,0x8f,0xff,0xd8,0x56,0x8e,0xff,0xd4,0x53,0x8b,0xff,0xc9,0x4d,0x83,0xff,0xbb,0x44,0x77,0xff,0xb4,0x40,0x72,0xff,
    0x8f,0x2b,0x55,0xff,0x72,0x1a,0x3f,0xfe,0x78,0x1d,0x44,0xfe,0x77,0x1c,0x42,0xf4,0x7a,0x1e,0x3d,0x19,0x00,0x00,0x00,0x00,
    0x00,0x00,0x00,0x00,0x7f,0x1d,0x44,0x1a,0x77,0x1b,0x42,0xf6,0x78,0x1d,0x43,0xff,0x71,0x19,0x3f,0xfe,0x93,0x2e,0x59,0xff,
    0xb6,0x44,0x75,0xff,0xbc,0x42,0x77,0xff,0xd2,0x65,0x94,0xff,0xfd,0xf7,0xfa,0xff,0xfe,0xfc,0xfd,0xff,0xfe,0xfb,0xfd,0xff,
    0xfe,0xfc,0xfd,0xff,0xfe,0xfc,0xfd,0xff,0xfd,0xfb,0xfc,0xff,0xfb,0xfa,0xfa,0xff,0xfb,0xfa,0xfa,0xff,0xfb,0xfa,0xfa,0xff,
    0xfb,0xfa,0xfa,0xff,0xfb,0xfa,0xfa,0xff,0xfb,0xfa,0xfa,0xff,0xfa,0xf9,0xf9,0xff,0xfd,0xfc,0xfc,0xff,0x60,0x42,0x4d,0xff,
    0x26,0x00,0x0d,0xff,0x32,0x0d,0x1b,0xff,0x30,0x0a,0x18,0xff,0x30,0x0a,0x18,0xff,0x30,0x0a,0x18,0xff,0x30,0x0a,0x18,0xff,
    0x30,0x0a,0x18,0xff,0x30,0x0a,0x18,0xff,0x30,0x0a,0x18,0xff,0x33,0x0b,0x1a,0xff,0x25,0x05,0x10,0xff,0x5e,0x1f,0x39,0xff,
    0xe0,0x5b,0x95,0xff,0xd8,0x57,0x90,0xff,0xda,0x58,0x90,0xff,0xda,0x58,0x91,0xff,0xd8,0x57,0x8f,0xff,0xcf,0x52,0x88,0xff,
    0xc1,0x49,0x7d,0xff,0xb7,0x43,0x75,0xff,0xa1,0x36,0x64,0xff,0x74,0x1b,0x41,0xff,0x75,0x1c,0x41,0xfc,0x7e,0x1d,0x46,0xff,
    0x77,0x1d,0x43,0x4f,0x00,0x00,0x00,0x00,0x00,0x00,0x00,0x00,0x77,0x1c,0x42,0x51,0x7d,0x1e,0x46,0xff,0x75,0x1c,0x41,0xfc,
    0x76,0x1c,0x42,0xff,0xa5,0x39,0x68,0xff,0xb8,0x44,0x77,0xff,0xc4,0x4e,0x81,0xff,0xcf,0x49,0x84,0xff,0xed,0xae,0xca,0xff,
    0xff,0xff,0xff,0xff,0xfd,0xf9,0xfb,0xff,0xfe,0xfc,0xfd,0xff,0xfe,0xfc,0xfd,0xff,0xfb,0xfa,0xfa,0xff,0xfb,0xfa,0xfa,0xff,
    0xfb,0xfa,0xfa,0xff,0xfb,0xfa,0xfa,0xff,0xfb,0xfa,0xfa,0xff,0xfb,0xfa,0xfa,0xff,0xfb,0xf9,0xfa,0xff,0xfc,0xfc,0xfc,0xff,
    0xf8,0xf7,0xf7,0xff,0x49,0x27,0x34,0xff,0x2a,0x03,0x12,0xff,0x31,0x0c,0x19,0xff,0x30,0x0a,0x18,0xff,0x30,0x0a,0x18,0xff,
    0x30,0x0a,0x18,0xff,0x30,0x0a,0x18,0xff,0x30,0x0a,0x18,0xff,0x30,0x0a,0x18,0xff,0x30,0x0a,0x18,0xff,0x30,0x0a,0x18,0xff,
    0x32,0x0b,0x19,0xff,0x29,0x06,0x13,0xff,0xb6,0x49,0x78,0xff,0xe3,0x5e,0x99,0xff,0xd9,0x59,0x91,0xff,0xdb,0x5a,0x92,0xff,
    0xda,0x5a,0x92,0xff,0xd4,0x56,0x8d,0xff,0xc7,0x4e,0x83,0xff,0xb9,0x45,0x78,0xff,0xaf,0x3f,0x6f,0xff,0x7e,0x21,0x49,0xff,
    0x73,0x1b,0x40,0xfb,0x80,0x1e,0x47,0xff,0x76,0x1c,0x40,0x8e,0x00,0x00,0x00,0x00,0x00,0x00,0x00,0x00,0x75,0x1c,0x41,0x84,
    0x80,0x1e,0x47,0xff,0x73,0x1b,0x40,0xfb,0x7d,0x20,0x48,0xff,0xae,0x3f,0x6f,0xff,0xbb,0x47,0x79,0xff,0xc9,0x50,0x85,0xff,
    0xd6,0x59,0x90,0xff,0xdb,0x57,0x91,0xff,0xf4,0xcc,0xde,0xff,0xff,0xff,0xff,0xff,0xfe,0xf9,0xfb,0xff,0xfd,0xfb,0xfb,0xff,
    0xfb,0xfa,0xfa,0xff,0xfb,0xfa,0xfa,0xff,0xfb,0xfa,0xfa,0xff,0xfb,0xfa,0xfa,0xff,0xfb,0xfa,0xfa,0xff,0xfb,0xfa,0xfa,0xff,
    0xf8,0xf6,0xf6,0xff,0xff,0xff,0xff,0xff,0xc0,0xb4,0xb8,0xff,0x29,0x06,0x10,0xff,0x31,0x0c,0x1a,0xff,0x30,0x0a,0x18,0xff,
    0x30,0x0a,0x18,0xff,0x30,0x0a,0x18,0xff,0x30,0x0a,0x18,0xff,0x30,0x0a,0x18,0xff,0x30,0x0a,0x18,0xff,0x30,0x0a,0x18,0xff,
    0x30,0x0a,0x18,0xff,0x30,0x0a,0x18,0xff,0x33,0x0b,0x1a,0xff,0x25,0x05,0x10,0xff,0x74,0x2b,0x49,0xff,0xe8,0x62,0x9d,0xff,
    0xd9,0x5b,0x93,0xff,0xdc,0x5c,0x95,0xff,0xdc,0x5d,0x95,0xff,0xd8,0x59,0x91,0xff,0xcc,0x53,0x88,0xff,0xbd,0x49,0x7b,0xff,
    0xb5,0x43,0x75,0xff,0x88,0x28,0x51,0xff,0x72,0x1a,0x3f,0xfc,0x7e,0x1e,0x46,0xff,0x76,0x1b,0x41,0xc0,0x7f,0x00,0x00,0x02,
    0x00,0x00,0x00,0x00,0x76,0x1b,0x41,0xb3,0x7e,0x1e,0x46,0xff,0x73,0x1a,0x3f,0xfc,0x84,0x25,0x4e,0xff,0xb4,0x44,0x75,0xff,
    0xbd,0x4a,0x7c,0xff,0xcd,0x54,0x89,0xff,0xd9,0x5d,0x93,0xff,0xdd,0x5c,0x95,0xff,0xde,0x64,0x9a,0xff,0xf7,0xd9,0xe6,0xff,
    0xff,0xff,0xff,0xff,0xfb,0xf9,0xfa,0xff,0xf8,0xf7,0xf7,0xff,0xfa,0xf9,0xf9,0xff,0xfb,0xfa,0xfa,0xff,0xfb,0xfa,0xfa,0xff,
    0xfb,0xfa,0xfa,0xff,0xf8,0xf7,0xf7,0xff,0xfa,0xf8,0xf8,0xff,0xff,0xff,0xff,0xff,0x5c,0x3f,0x4a,0xff,0x26,0x02,0x0d,0xff,
    0x32,0x0d,0x1b,0xff,0x30,0x0a,0x18,0xff,0x30,0x0a,0x18,0xff,0x30,0x0a,0x18,0xff,0x30,0x0a,0x18,0xff,0x30,0x0a,0x18,0xff,
    0x30,0x0a,0x18,0xff,0x30,0x0a,0x18,0xff,0x30,0x0a,0x18,0xff,0x30,0x0a,0x18,0xff,0x31,0x0a,0x19,0xff,0x2a,0x07,0x14,0xff,
    0x49,0x17,0x2a,0xff,0xdd,0x5f,0x97,0xff,0xde,0x5f,0x97,0xff,0xdd,0x5f,0x96,0xff,0xdd,0x5f,0x96,0xff,0xdb,0x5d,0x94,0xff,
    0xd0,0x56,0x8c,0xff,0xc0,0x4c,0x7f,0xff,0xb9,0x47,0x78,0xff,0x92,0x2e,0x59,0xff,0x71,0x19,0x3e,0xfe,0x7a,0x1d,0x44,0xff,
    0x76,0x1b,0x42,0xe6,0x6d,0x24,0x48,0x0e,0x66,0x33,0x33,0x05,0x75,0x1c,0x42,0xc8,0x7d,0x1e,0x46,0xff,0x71,0x19,0x3e,0xfd,
    0x8e,0x2c,0x57,0xff,0xb7,0x47,0x78,0xff,0xc0,0x4d,0x7f,0xff,0xd0,0x58,0x8c,0xff,0xdb,0x5e,0x96,0xff,0xdf,0x63,0x99,0xff,
    0xde,0x5f,0x97,0xff,0xdf,0x62,0x99,0xff,0xf0,0xc3,0xd7,0xff,0xff,0xff,0xff,0xff,0xff,0xff,0xff,0xff,0xfd,0xfc,0xfc,0xff,
    0xfa,0xf9,0xf9,0xff,0xf9,0xf7,0xf8,0xff,0xfb,0xfa,0xfa,0xff,0xff,0xff,0xff,0xff,0xff,0xff,0xff,0xff,0x8b,0x76,0x7e,0xff,
    0x26,0x00,0x0d,0xff,0x32,0x0d,0x1b,0xff,0x30,0x0a,0x18,0xff,0x30,0x0a,0x18,0xff,0x30,0x0a,0x18,0xff,0x30,0x0a,0x18,0xff,
    0x30,0x0a,0x18,0xff,0x30,0x0a,0x18,0xff,0x30,0x0a,0x18,0xff,0x30,0x0a,0x18,0xff,0x30,0x0a,0x18,0xff,0x30,0x0a,0x18,0xff,
    0x31,0x0a,0x19,0xff,0x2f,0x0a,0x17,0xff,0x35,0x0d,0x1b,0xff,0xc9,0x56,0x89,0xff,0xe3,0x63,0x9c,0xff,0xdd,0x61,0x97,0xff,
    0xde,0x61,0x98,0xff,0xdd,0x60,0x97,0xff,0xd3,0x5a,0x8f,0xff,0xc4,0x4f,0x82,0xff,0xba,0x49,0x7a,0xff,0x9d,0x36,0x62,0xff,
    0x73,0x1a,0x3f,0xfe,0x78,0x1d,0x43,0xff,0x76,0x1c,0x42,0xf1,0x6f,0x1f,0x3f,0x20,0x6b,0x1a,0x43,0x13,0x76,0x1b,0x42,0xed,
    0x7a,0x1d,0x44,0xff,0x71,0x19,0x3e,0xfe,0x93,0x30,0x5b,0xff,0xba,0x4a,0x7b,0xff,0xc2,0x4f,0x82,0xff,0xd3,0x5b,0x90,0xff,
    0xdd,0x62,0x99,0xff,0xe0,0x63,0x9b,0xff,0xdf,0x65,0x9b,0xff,0xe3,0x65,0x9c,0xff,0xd1,0x57,0x8d,0xff,0x68,0x46,0x53,0xff,
    0xb9,0xae,0xb1,0xff,0xf4,0xf1,0xf2,0xff,0xff,0xff,0xff,0xff,0xff,0xff,0xff,0xff,0xfa,0xf9,0xf9,0xff,0xd7,0xd0,0xd3,0xff,
    0x73,0x5a,0x63,0xff,0x25,0x00,0x0c,0xff,0x32,0x0c,0x1a,0xff,0x30,0x0a,0x18,0xff,0x30,0x0a,0x18,0xff,0x30,0x0a,0x18,0xff,
    0x30,0x0a,0x18,0xff,0x30,0x0a,0x18,0xff,0x30,0x0a,0x18,0xff,0x30,0x0a,0x18,0xff,0x30,0x0a,0x18,0xff,0x30,0x0a,0x18,0xff,
    0x30,0x0a,0x18,0xff,0x30,0x0a,0x18,0xff,0x30,0x0a,0x18,0xff,0x32,0x0b,0x19,0xff,0x28,0x06,0x12,0xff,0xb2,0x4c,0x78,0xff,
    0xe9,0x69,0xa2,0xff,0xde,0x63,0x99,0xff,0xe0,0x64,0x9b,0xff,0xdf,0x63,0x9a,0xff,0xd6,0x5d,0x93,0xff,0xc6,0x52,0x85,0xff,
    0xbb,0x4b,0x7c,0xff,0xa2,0x3a,0x67,0xff,0x73,0x1a,0x40,0xff,0x76,0x1c,0x42,0xfe,0x79,0x1d,0x44,0xff,0x74,0x1c,0x43,0x48,
    0x71,0x1c,0x46,0x12,0x76,0x1c,0x42,0xeb,0x7a,0x1d,0x44,0xff,0x71,0x19,0x3e,0xfe,0x93,0x30,0x5b,0xff,0xbb,0x4c,0x7d,0xff,
    0xc4,0x52,0x84,0xff,0xd5,0x5d,0x92,0xff,0xdf,0x64,0x9b,0xff,0xe2,0x66,0x9d,0xff,0xe0,0x66,0x9c,0xff,0xe5,0x69,0xa0,0xff,
    0xd7,0x62,0x95,0xff,0x31,0x03,0x15,0xff,0x26,0x00,0x0e,0xff,0x46,0x23,0x30,0xff,0x5f,0x42,0x4d,0xff,0x6d,0x53,0x5c,0xff,
    0x54,0x34,0x40,0xff,0x30,0x0a,0x18,0xff,0x24,0x00,0x0b,0xff,0x32,0x0d,0x1b,0xff,0x30,0x0a,0x18,0xff,0x30,0x0a,0x18,0xff,
    0x30,0x0a,0x18,0xff,0x30,0x0a,0x18,0xff,0x30,0x0a,0x18,0xff,0x30,0x0a,0x18,0xff,0x30,0x0a,0x18,0xff,0x30,0x0a,0x18,0xff,
    0x30,0x0a,0x18,0xff,0x30,0x0a,0x18,0xff,0x30,0x0a,0x18,0xff,0x30,0x0a,0x18,0xff,0x30,0x0a,0x18,0xff,0x32,0x0b,0x19,0xff,
    0x28,0x06,0x12,0xff,0xb4,0x4f,0x7b,0xff,0xec,0x6b,0xa4,0xff,0xe0,0x65,0x9b,0xff,0xe2,0x66,0x9d,0xff,0xe1,0x65,0x9c,0xff,
    0xd8,0x5f,0x95,0xff,0xc8,0x55,0x87,0xff,0xbd,0x4d,0x7e,0xff,0xa2,0x3a,0x67,0xff,0x73,0x1a,0x40,0xff,0x76,0x1c,0x42,0xfe,
    0x79,0x1d,0x44,0xff,0x74,0x1d,0x41,0x46,0x71,0x1c,0x46,0x12,0x76,0x1c,0x42,0xea,0x7a,0x1d,0x44,0xff,0x71,0x19,0x3e,0xfe,
    0x94,0x31,0x5b,0xff,0xbc,0x4d,0x7e,0xff,0xc4,0x53,0x85,0xff,0xd5,0x5f,0x94,0xff,0xe0,0x67,0x9e,0xff,0xe3,0x69,0xa0,0xff,
    0xe2,0x69,0x9f,0xff,0xe6,0x6b,0xa1,0xff,0xd8,0x64,0x97,0xff,0x41,0x14,0x26,0xff,0x2e,0x09,0x17,0xff,0x2c,0x04,0x13,0xff,
    0x26,0x00,0x0d,0xff,0x24,0x00,0x0b,0xff,0x28,0x01,0x0f,0xff,0x30,0x0a,0x18,0xff,0x33,0x0d,0x1b,0xff,0x30,0x0a,0x18,0xff,
    0x30,0x0a,0x18,0xff,0x30,0x0a,0x18,0xff,0x30,0x0a,0x18,0xff,0x30,0x0a,0x18,0xff,0x30,0x0a,0x18,0xff,0x30,0x0a,0x18,0xff,
    0x30,0x0a,0x18,0xff,0x30,0x0a,0x18,0xff,0x30,0x0a,0x18,0xff,0x30,0x0a,0x18,0xff,0x30,0x0a,0x18,0xff,0x30,0x0a,0x18,0xff,
    0x30,0x0a,0x18,0xff,0x32,0x0b,0x19,0xff,0x2a,0x07,0x13,0xff,0xb7,0x52,0x7e,0xff,0xec,0x6e,0xa6,0xff,0xe1,0x68,0x9e,0xff,
    0xe3,0x69,0xa0,0xff,0xe2,0x68,0x9f,0xff,0xd9,0x62,0x97,0xff,0xc8,0x56,0x89,0xff,0xbe,0x4e,0x7f,0xff,0xa3,0x3c,0x68,0xff,
    0x73,0x1a,0x40,0xff,0x76,0x1c,0x42,0xfe,0x79,0x1d,0x44,0xff,0x76,0x1d,0x42,0x45,0x78,0x1a,0x43,0x13,0x76,0x1b,0x42,0xef,
    0x7a,0x1d,0x44,0xff,0x71,0x19,0x3e,0xfe,0x93,0x31,0x5b,0xff,0xbc,0x4e,0x7f,0xff,0xc4,0x54,0x86,0xff,0xd5,0x60,0x95,0xff,
    0xe1,0x69,0x9f,0xff,0xe4,0x6b,0xa2,0xff,0xe4,0x6b,0xa2,0xff,0xe3,0x6b,0xa1,0xff,0xeb,0x6e,0xa7,0xff,0x5b,0x21,0x39,0xff,
    0x27,0x06,0x12,0xff,0x33,0x0c,0x1b,0xff,0x32,0x0d,0x1a,0xff,0x33,0x0d,0x1b,0xff,0x32,0x0c,0x1a,0xff,0x30,0x0b,0x19,0xff,
    0x30,0x0a,0x18,0xff,0x30,0x0a,0x18,0xff,0x30,0x0a,0x18,0xff,0x30,0x0a,0x18,0xff,0x30,0x0a,0x18,0xff,0x30,0x0a,0x18,0xff,
    0x30,0x0a,0x18,0xff,0x30,0x0a,0x18,0xff,0x30,0x0a,0x18,0xff,0x30,0x0a,0x18,0xff,0x30,0x0a,0x18,0xff,0x30,0x0a,0x18,0xff,
    0x30,0x0a,0x18,0xff,0x30,0x0a,0x18,0xff,0x31,0x0a,0x19,0xff,0x2e,0x08,0x16,0xff,0x3a,0x0f,0x20,0xff,0xd5,0x64,0x97,0xff,
    0xe8,0x6e,0xa4,0xff,0xe3,0x6b,0xa1,0xff,0xe4,0x6b,0xa2,0xff,0xe3,0x6a,0xa0,0xff,0xd9,0x63,0x98,0xff,0xc8,0x57,0x8a,0xff,
    0xbe,0x4f,0x80,0xff,0xa2,0x3c,0x68,0xff,0x73,0x1a,0x40,0xff,0x76,0x1c,0x42,0xfe,0x7a,0x1d,0x45,0xff,0x75,0x1b,0x41,0x4a,
    0x71,0x1c,0x55,0x09,0x75,0x1b,0x41,0xd2,0x7c,0x1e,0x46,0xff,0x71,0x19,0x3e,0xfd,0x87,0x28,0x51,0xff,0xba,0x4e,0x7e,0xff,
    0xc3,0x55,0x86,0xff,0xd5,0x61,0x95,0xff,0xe1,0x6b,0xa1,0xff,0xe6,0x6e,0xa4,0xff,0xe6,0x6e,0xa4,0xff,0xe3,0x6c,0xa2,0xff,
    0xf3,0x75,0xaf,0xff,0x7d,0x34,0x53,0xff,0x22,0x02,0x0e,0xff,0x33,0x0c,0x1a,0xff,0x30,0x0a,0x18,0xff,0x30,0x0a,0x18,0xff,
    0x30,0x0a,0x18,0xff,0x30,0x0a,0x18,0xff,0x30,0x0a,0x18,0xff,0x30,0x0a,0x18,0xff,0x30,0x0a,0x18,0xff,0x30,0x0a,0x18,0xff,
    0x30,0x0a,0x18,0xff,0x30,0x0a,0x18,0xff,0x30,0x0a,0x18,0xff,0x30,0x0a,0x18,0xff,0x30,0x0a,0x18,0xff,0x30,0x0a,0x18,0xff,
    0x30,0x0a,0x18,0xff,0x30,0x0a,0x18,0xff,0x30,0x0a,0x18,0xff,0x30,0x0a,0x18,0xff,0x32,0x0b,0x1a,0xff,0x28,0x06,0x12,0xff,
    0x53,0x1d,0x32,0xff,0xe9,0x70,0xa7,0xff,0xe5,0x6e,0xa4,0xff,0xe6,0x6e,0xa4,0xff,0xe6,0x6e,0xa4,0xff,0xe3,0x6c,0xa2,0xff,
    0xd9,0x64,0x98,0xff,0xc8,0x58,0x8a,0xff,0xbe,0x51,0x81,0xff,0x96,0x34,0x5e,0xff,0x71,0x19,0x3e,0xfe,0x78,0x1d,0x43,0xff,
    0x77,0x1c,0x42,0xf5,0x73,0x1c,0x3f,0x2c,0x00,0x00,0x00,0x00,0x75,0x1b,0x41,0xb8,0x7e,0x1e,0x47,0xff,0x73,0x19,0x3e,0xfc,
    0x83,0x26,0x4d,0xff,0xb8,0x4d,0x7d,0xff,0xc2,0x55,0x86,0xff,0xd3,0x61,0x94,0xff,0xe1,0x6c,0xa1,0xff,0xe7,0x70,0xa7,0xff,
    0xe7,0x71,0xa7,0xff,0xe5,0x70,0xa5,0xff,0xf1,0x77,0xae,0xff,0xb6,0x55,0x81,0xff,0x29,0x06,0x13,0xff,0x32,0x0b,0x19,0xff,
    0x30,0x0a,0x18,0xff,0x30,0x0a,0x18,0xff,0x30,0x0a,0x18,0xff,0x30,0x0a,0x18,0xff,0x30,0x0a,0x18,0xff,0x30,0x0a,0x18,0xff,
    0x30,0x0a,0x18,0xff,0x30,0x0a,0x18,0xff,0x30,0x0a,0x18,0xff,0x30,0x0a,0x18,0xff,0x30,0x0a,0x18,0xff,0x30,0x0a,0x18,0xff,
    0x30,0x0a,0x18,0xff,0x30,0x0a,0x18,0xff,0x30,0x0a,0x18,0xff,0x30,0x0a,0x18,0xff,0x30,0x0a,0x18,0xff,0x30,0x0a,0x18,0xff,
    0x33,0x0c,0x1a,0xff,0x23,0x03,0x0e,0xff,0x8b,0x3d,0x5e,0xff,0xf4,0x78,0xb1,0xff,0xe4,0x6f,0xa5,0xff,0xe7,0x71,0xa7,0xff,
    0xe7,0x71,0xa7,0xff,0xe3,0x6e,0xa3,0xff,0xd7,0x64,0x98,0xff,0xc6,0x57,0x88,0xff,0xbd,0x51,0x81,0xff,0x91,0x30,0x5a,0xff,
    0x71,0x18,0x3e,0xfe,0x7a,0x1d,0x44,0xff,0x76,0x1c,0x42,0xeb,0x77,0x22,0x44,0x0f,0x00,0x00,0x00,0x00,0x75,0x1c,0x41,0x91,
    0x7f,0x1e,0x47,0xff,0x75,0x1b,0x41,0xfb,0x78,0x1e,0x43,0xff,0xaf,0x47,0x75,0xff,0xc1,0x55,0x86,0xff,0xd0,0x60,0x92,0xff,
    0xdf,0x6c,0xa1,0xff,0xe7,0x72,0xa8,0xff,0xe8,0x73,0xa9,0xff,0xe8,0x73,0xa9,0xff,0xe8,0x73,0xa9,0xff,0xeb,0x75,0xab,0xff,
    0x4d,0x1a,0x2e,0xff,0x29,0x06,0x13,0xff,0x32,0x0b,0x1a,0xff,0x30,0x0a,0x18,0xff,0x30,0x0a,0x18,0xff,0x30,0x0a,0x18,0xff,
    0x30,0x0a,0x18,0xff,0x30,0x0a,0x18,0xff,0x30,0x0a,0x18,0xff,0x30,0x0a,0x18,0xff,0x30,0x0a,0x18,0xff,0x30,0x0a,0x18,0xff,
    0x30,0x0a,0x18,0xff,0x30,0x0a,0x18,0xff,0x30,0x0a,0x18,0xff,0x30,0x0a,0x18,0xff,0x30,0x0a,0x18,0xff,0x30,0x0a,0x18,0xff,
    0x30,0x0a,0x18,0xff,0x31,0x0a,0x19,0xff,0x31,0x0a,0x18,0xff,0x2f,0x09,0x17,0xff,0xd0,0x65,0x96,0xff,0xef,0x77,0xae,0xff,
    0xe7,0x73,0xa8,0xff,0xe8,0x73,0xa9,0xff,0xe8,0x73,0xa9,0xff,0xe2,0x6e,0xa3,0xff,0xd4,0x64,0x96,0xff,0xc3,0x57,0x88,0xff,
    0xb9,0x4f,0x7e,0xff,0x83,0x25,0x4d,0xff,0x72,0x1a,0x3f,0xfd,0x7c,0x1e,0x46,0xff,0x76,0x1b,0x41,0xca,0x55,0x2a,0x55,0x06,
    0x00,0x00,0x00,0x00,0x76,0x1d,0x43,0x5f,0x7e,0x1e,0x46,0xff,0x76,0x1c,0x41,0xfc,0x72,0x19,0x3e,0xff,0xa2,0x3f,0x6a,0xff,
    0xc1,0x56,0x86,0xff,0xcb,0x5e,0x8f,0xff,0xdc,0x6b,0x9f,0xff,0xe7,0x74,0xa9,0xff,0xea,0x76,0xac,0xff,0xea,0x76,0xac,0xff,
    0xe8,0x75,0xa9,0xff,0xf5,0x7c,0xb4,0xff,0xab,0x51,0x7a,0xff,0x23,0x02,0x0e,0xff,0x33,0x0c,0x1a,0xff,0x30,0x0a,0x18,0xff,
    0x30,0x0a,0x18,0xff,0x30,0x0a,0x18,0xff,0x30,0x0a,0x18,0xff,0x30,0x0a,0x18,0xff,0x30,0x0a,0x18,0xff,0x30,0x0a,0x18,0xff,
    0x30,0x0a,0x18,0xff,0x30,0x0a,0x18,0xff,0x30,0x0a,0x18,0xff,0x30,0x0a,0x18,0xff,0x30,0x0a,0x18,0xff,0x30,0x0a,0x18,0xff,
    0x30,0x0a,0x18,0xff,0x30,0x0a,0x18,0xff,0x31,0x0b,0x19,0xff,0x34,0x0c,0x1b,0xff,0x1f,0x00,0x0a,0xff,0x7e,0x38,0x56,0xff,
    0xf5,0x7d,0xb5,0xff,0xe7,0x75,0xa9,0xff,0xea,0x76,0xac,0xff,0xea,0x76,0xab,0xff,0xe9,0x75,0xaa,0xff,0xdf,0x6e,0xa2,0xff,
    0xd0,0x61,0x93,0xff,0xc2,0x57,0x87,0xff,0xb0,0x49,0x77,0xff,0x78,0x1e,0x44,0xff,0x75,0x1b,0x41,0xfb,0x7e,0x1e,0x47,0xff,
    0x74,0x1b,0x40,0x9d,0x00,0x00,0x00,0x00,0x00,0x00,0x00,0x00,0x7c,0x1b,0x44,0x25,0x78,0x1c,0x43,0xfa,0x77,0x1d,0x43,0xfe,
    0x72,0x19,0x3f,0xff,0x8d,0x2e,0x57,0xff,0xbe,0x54,0x84,0xff,0xc7,0x5b,0x8c,0xff,0xd7,0x69,0x9b,0xff,0xe5,0x73,0xa8,0xff,
    0xeb,0x78,0xae,0xff,0xeb,0x78,0xae,0xff,0xeb,0x78,0xae,0xff,0xea,0x77,0xac,0xff,0xf6,0x7f,0xb6,0xff,0x77,0x34,0x51,0xff,
    0x21,0x01,0x0b,0xff,0x35,0x0d,0x1c,0xff,0x30,0x0a,0x18,0xff,0x30,0x0a,0x18,0xff,0x30,0x0a,0x18,0xff,0x30,0x0a,0x18,0xff,
    0x30,0x0a,0x18,0xff,0x30,0x0a,0x18,0xff,0x30,0x0a,0x18,0xff,0x30,0x0a,0x18,0xff,0x30,0x0a,0x18,0xff,0x30,0x0a,0x18,0xff,
    0x30,0x0a,0x18,0xff,0x30,0x0a,0x18,0xff,0x30,0x0a,0x18,0xff,0x31,0x0b,0x19,0xff,0x2f,0x07,0x17,0xff,0x29,0x06,0x12,0xff,
    0x55,0x22,0x37,0xff,0xe7,0x73,0xa9,0xff,0xee,0x7a,0xb0,0xff,0xeb,0x78,0xad,0xff,0xec,0x78,0xae,0xff,0xec,0x78,0xae,0xff,
    0xe7,0x75,0xaa,0xff,0xdb,0x6c,0x9f,0xff,0xca,0x5e,0x8f,0xff,0xc1,0x58,0x87,0xff,0x9d,0x3b,0x66,0xff,0x72,0x19,0x3e,0xff,
    0x76,0x1c,0x41,0xfc,0x7e,0x1e,0x46,0xff,0x77,0x1b,0x41,0x5e,0x00,0x00,0x00,0x00,0x00,0x00,0x00,0x01,0x99,0x33,0x33,0x05,
    0x75,0x1b,0x41,0xdb,0x7a,0x1d,0x45,0xff,0x74,0x1b,0x41,0xfd,0x78,0x1e,0x44,0xff,0xb2,0x4c,0x7a,0xff,0xc4,0x5a,0x8a,0xff,
    0xd1,0x65,0x96,0xff,0xe0,0x71,0xa5,0xff,0xea,0x79,0xae,0xff,0xed,0x7b,0xb0,0xff,0xed,0x7b,0xb0,0xff,0xec,0x7b,0xaf,0xff,
    0xef,0x7c,0xb2,0xff,0xeb,0x7a,0xae,0xff,0x54,0x20,0x35,0xff,0x21,0x01,0x0b,0xff,0x34,0x0c,0x1c,0xff,0x31,0x0a,0x19,0xff,
    0x30,0x0a,0x18,0xff,0x30,0x0a,0x18,0xff,0x30,0x0a,0x18,0xff,0x30,0x0a,0x18,0xff,0x30,0x0a,0x18,0xff,0x30,0x0a,0x18,0xff,
    0x30,0x0a,0x18,0xff,0x30,0x0a,0x18,0xff,0x30,0x0a,0x18,0xff,0x30,0x0a,0x18,0xff,0x31,0x0b,0x19,0xff,0x30,0x08,0x17,0xff,
    0x3d,0x1b,0x27,0xff,0x7e,0x66,0x6f,0xff,0xe4,0xa7,0xc3,0xff,0xf6,0x93,0xc1,0xff,0xea,0x77,0xad,0xff,0xed,0x7c,0xb0,0xff,
    0xed,0x7b,0xb0,0xff,0xeb,0x7a,0xaf,0xff,0xe4,0x73,0xa8,0xff,0xd5,0x68,0x9a,0xff,0xc5,0x5b,0x8b,0xff,0xbc,0x54,0x83,0xff,
    0x83,0x27,0x4f,0xff,0x73,0x19,0x3f,0xff,0x77,0x1d,0x43,0xfe,0x78,0x1c,0x42,0xfc,0x7c,0x1b,0x44,0x25,0x00,0x00,0x00,0x00,
    0x7f,0x00,0x3f,0x04,0x00,0x00,0x00,0x00,0x75,0x1b,0x41,0x80,0x7e,0x1e,0x47,0xff,0x76,0x1c,0x43,0xfb,0x71,0x18,0x3e,0xff,
    0x97,0x37,0x61,0xff,0xc2,0x5a,0x89,0xff,0xc9,0x60,0x90,0xff,0xda,0x6d,0x9f,0xff,0xe7,0x78,0xac,0xff,0xee,0x7d,0xb2,0xff,
    0xee,0x7e,0xb2,0xff,0xee,0x7e,0xb3,0xff,0xec,0x7c,0xb1,0xff,0xf3,0x80,0xb6,0xff,0xe6,0x79,0xac,0xff,0x61,0x28,0x40,0xff,
    0x21,0x01,0x0c,0xff,0x30,0x0a,0x18,0xff,0x34,0x0c,0x1b,0xff,0x31,0x0b,0x19,0xff,0x30,0x0a,0x18,0xff,0x30,0x0a,0x18,0xff,
    0x30,0x0a,0x18,0xff,0x30,0x0a,0x18,0xff,0x30,0x0a,0x18,0xff,0x30,0x0a,0x18,0xff,0x31,0x0a,0x19,0xff,0x33,0x0c,0x1a,0xff,
    0x32,0x0b,0x1a,0xff,0x24,0x03,0x0f,0xff,0x87,0x6b,0x77,0xff,0xe9,0xb2,0xcb,0xff,0xfb,0xba,0xd8,0xff,0xf3,0xb5,0xd2,0xff,
    0xf0,0x87,0xb7,0xff,0xee,0x7c,0xb1,0xff,0xee,0x7e,0xb2,0xff,0xea,0x79,0xae,0xff,0xde,0x70,0xa3,0xff,0xcd,0x62,0x94,0xff,
    0xc3,0x5b,0x8a,0xff,0xa7,0x44,0x70,0xff,0x74,0x1a,0x40,0xff,0x76,0x1c,0x42,0xfc,0x7c,0x1e,0x46,0xfe,0x75,0x1c,0x41,0xbf,
    0x7f,0x00,0x00,0x02,0x55,0x00,0x55,0x03,0x7f,0x00,0x00,0x02,0x00,0x00,0x00,0x00,0x74,0x1d,0x41,0x23,0x78,0x1c,0x43,0xf8,
    0x77,0x1c,0x42,0xfe,0x74,0x1b,0x41,0xfe,0x7a,0x1f,0x46,0xff,0xb6,0x51,0x7f,0xff,0xc5,0x5d,0x8c,0xff,0xd1,0x67,0x98,0xff,
    0xe1,0x74,0xa6,0xff,0xec,0x7c,0xb1,0xff,0xef,0x80,0xb4,0xff,0xef,0x80,0xb4,0xff,0xf0,0x80,0xb5,0xff,0xed,0x7f,0xb3,0xff,
    0xf3,0x82,0xb7,0xff,0xf7,0x84,0xbb,0xff,0x90,0x45,0x67,0xff,0x2f,0x09,0x17,0xff,0x22,0x01,0x0c,0xff,0x2b,0x07,0x14,0xff,
    0x31,0x0b,0x19,0xff,0x33,0x0c,0x1a,0xff,0x33,0x0c,0x1b,0xff,0x33,0x0c,0x1b,0xff,0x33,0x0c,0x1a,0xff,0x31,0x0b,0x19,0xff,
    0x2d,0x08,0x16,0xff,0x24,0x03,0x0e,0xff,0x25,0x02,0x0e,0xff,0x74,0x36,0x51,0xff,0xf1,0xb1,0xd0,0xff,0xfa,0xba,0xd8,0xff,
    0xf4,0xb4,0xd2,0xff,0xf6,0xba,0xd6,0xff,0xf1,0x8d,0xbc,0xff,0xef,0x7d,0xb3,0xff,0xed,0x7e,0xb2,0xff,0xe4,0x76,0xaa,0xff,
    0xd6,0x6b,0x9c,0xff,0xc6,0x5e,0x8d,0xff,0xbf,0x58,0x87,0xff,0x87,0x2a,0x52,0xff,0x72,0x19,0x3f,0xff,0x76,0x1c,0x42,0xfc,
    0x7e,0x1e,0x47,0xff,0x74,0x1c,0x41,0x5a,0x00,0x00,0x00,0x00,0x7f,0x3f,0x3f,0x04,0x00,0x00,0x00,0x00,0x55,0x00,0x55,0x03,
    0x00,0x00,0x00,0x00,0x75,0x1c,0x40,0xa1,0x7e,0x1e,0x47,0xff,0x76,0x1c,0x42,0xfc,0x72,0x18,0x3e,0xff,0x92,0x33,0x5d,0xff,
    0xc2,0x5b,0x8a,0xff,0xc8,0x60,0x90,0xff,0xd7,0x6d,0x9f,0xff,0xe5,0x78,0xab,0xff,0xee,0x80,0xb4,0xff,0xf1,0x82,0xb7,0xff,
    0xf0,0x82,0xb6,0xff,0xf1,0x82,0xb7,0xff,0xef,0x81,0xb5,0xff,0xf0,0x81,0xb6,0xff,0xfe,0x8a,0xc2,0xff,0xd2,0x6f,0x9e,0xff,
    0x86,0x3f,0x5e,0xff,0x45,0x17,0x29,0xff,0x2c,0x07,0x14,0xff,0x24,0x02,0x0e,0xff,0x21,0x01,0x0c,0xff,0x21,0x01,0x0c,0xff,
    0x23,0x02,0x0d,0xff,0x29,0x06,0x12,0xff,0x3b,0x11,0x21,0xff,0x73,0x34,0x4f,0xff,0xbf,0x64,0x8f,0xff,0xf9,0x85,0xbc,0xff,
    0xf5,0x97,0xc4,0xff,0xf5,0xb8,0xd5,0xff,0xf7,0xbb,0xd8,0xff,0xf4,0xa1,0xc8,0xff,0xf0,0x80,0xb6,0xff,0xef,0x81,0xb5,0xff,
    0xe8,0x7b,0xae,0xff,0xdb,0x70,0xa2,0xff,0xcb,0x63,0x93,0xff,0xc4,0x5d,0x8c,0xff,0xa3,0x41,0x6c,0xff,0x72,0x19,0x3f,0xff,
    0x76,0x1c,0x42,0xfd,0x7a,0x1d,0x44,0xfe,0x76,0x1c,0x42,0xd8,0x7f,0x1f,0x3f,0x08,0xff,0x00,0xff,0x01,0x01,0x00,0x00,0x00,
    0x00,0x00,0x00,0x00,0x7f,0x00,0x7f,0x02,0x00,0x00,0x00,0x01,0x75,0x1a,0x41,0x27,0x78,0x1c,0x44,0xfb,0x77,0x1c,0x42,0xfc,
    0x76,0x1c,0x42,0xfe,0x73,0x19,0x3f,0xff,0xa8,0x46,0x72,0xff,0xc5,0x5e,0x8d,0xff,0xcc,0x64,0x94,0xff,0xdb,0x71,0xa3,0xff,
    0xe7,0x7b,0xae,0xff,0xef,0x82,0xb6,0xff,0xf2,0x84,0xb8,0xff,0xf2,0x84,0xb8,0xff,0xf2,0x84,0xb8,0xff,0xf1,0x84,0xb8,0xff,
    0xef,0x82,0xb6,0xff,0xf9,0x88,0xbe,0xff,0xff,0x8d,0xc4,0xff,0xeb,0x80,0xb3,0xff,0xcc,0x6c,0x99,0xff,0xa7,0x55,0x7a,0xff,
    0x8e,0x45,0x66,0xff,0x8f,0x46,0x67,0xff,0x9d,0x4e,0x72,0xff,0xc4,0x67,0x93,0xff,0xe3,0x7b,0xac,0xff,0xfd,0x8b,0xc2,0xff,
    0xfc,0x8a,0xc1,0xff,0xf0,0x83,0xb7,0xff,0xf0,0x81,0xb6,0xff,0xf3,0x8c,0xbd,0xff,0xf3,0x90,0xbf,0xff,0xf2,0x82,0xb7,0xff,
    0xf1,0x82,0xb7,0xff,0xea,0x7d,0xb1,0xff,0xde,0x74,0xa6,0xff,0xd0,0x67,0x98,0xff,0xc5,0x5e,0x8e,0xff,0xb6,0x52,0x80,0xff,
    0x7a,0x20,0x46,0xff,0x75,0x1b,0x41,0xff,0x75,0x1c,0x42,0xfb,0x7f,0x1e,0x47,0xff,0x76,0x1a,0x40,0x5f,0x00,0x00,0x00,0x00,
    0xaa,0x00,0x55,0x03,0x00,0x00,0x00,0x00,0x00,0x00,0x00,0x00,0x00,0x00,0x00,0x00,0x55,0x00,0x55,0x03,0x00,0x00,0x00,0x00,
    0x75,0x1b,0x41,0x94,0x7e,0x1e,0x47,0xff,0x75,0x1c,0x42,0xfb,0x75,0x1b,0x41,0xff,0x7b,0x20,0x47,0xff,0xb7,0x53,0x81,0xff,
    0xc6,0x60,0x8f,0xff,0xcf,0x67,0x97,0xff,0xdd,0x73,0xa5,0xff,0xe8,0x7d,0xb0,0xff,0xf0,0x83,0xb7,0xff,0xf3,0x86,0xba,0xff,
    0xf3,0x86,0xba,0xff,0xf3,0x86,0xba,0xff,0xf3,0x86,0xba,0xff,0xf1,0x85,0xb9,0xff,0xf0,0x84,0xb7,0xff,0xf5,0x87,0xbc,0xff,
    0xfb,0x8b,0xc1,0xff,0xff,0x8e,0xc5,0xff,0xff,0x8f,0xc6,0xff,0xff,0x8f,0xc6,0xff,0xff,0x8f,0xc5,0xff,0xfd,0x8c,0xc2,0xff,
    0xf6,0x88,0xbd,0xff,0xf0,0x84,0xb8,0xff,0xf0,0x85,0xb8,0xff,0xf3,0x86,0xba,0xff,0xf3,0x87,0xba,0xff,0xf3,0x84,0xb9,0xff,
    0xf2,0x83,0xb8,0xff,0xf1,0x84,0xb9,0xff,0xea,0x7f,0xb2,0xff,0xe0,0x76,0xa8,0xff,0xd2,0x6a,0x9b,0xff,0xc6,0x60,0x8f,0xff,
    0xc1,0x5b,0x8a,0xff,0x87,0x2b,0x53,0xff,0x72,0x19,0x3f,0xff,0x76,0x1d,0x42,0xfc,0x7b,0x1d,0x45,0xff,0x75,0x1c,0x41,0xce,
    0x6d,0x24,0x48,0x07,0x7f,0x00,0x7f,0x02,0x00,0x00,0x00,0x01,0x00,0x00,0x00,0x00,0x00,0x00,0x00,0x00,0x00,0x00,0x00,0x00,
    0xff,0x00,0x00,0x01,0x7f,0x00,0x7f,0x02,0x75,0x13,0x3a,0x0d,0x78,0x1c,0x42,0xdd,0x7a,0x1d,0x44,0xfe,0x76,0x1d,0x42,0xfd,
    0x73,0x1a,0x3f,0xff,0x83,0x27,0x4e,0xff,0xbb,0x57,0x84,0xff,0xc6,0x61,0x90,0xff,0xcf,0x69,0x98,0xff,0xdc,0x74,0xa5,0xff,
    0xe7,0x7d,0xb0,0xff,0xef,0x84,0xb7,0xff,0xf3,0x87,0xbb,0xff,0xf4,0x88,0xbc,0xff,0xf4,0x88,0xbc,0xff,0xf4,0x88,0xbc,0xff,
    0xf4,0x88,0xbc,0xff,0xf3,0x88,0xbb,0xff,0xf2,0x87,0xba,0xff,0xf1,0x86,0xb9,0xff,0xf0,0x86,0xb9,0xff,0xf0,0x86,0xb9,0xff,
    0xf1,0x86,0xb9,0xff,0xf2,0x87,0xba,0xff,0xf3,0x87,0xbb,0xff,0xf4,0x88,0xbc,0xff,0xf4,0x88,0xbc,0xff,0xf4,0x88,0xbc,0xff,
    0xf4,0x88,0xbc,0xff,0xf3,0x88,0xbc,0xff,0xf0,0x86,0xb9,0xff,0xe9,0x7f,0xb2,0xff,0xdf,0x76,0xa8,0xff,0xd3,0x6b,0x9b,0xff,
    0xc7,0x62,0x91,0xff,0xc2,0x5d,0x8b,0xff,0x91,0x33,0x5c,0xff,0x72,0x19,0x3e,0xff,0x77,0x1d,0x43,0xfe,0x77,0x1c,0x43,0xfb,
    0x79,0x1c,0x44,0xfc,0x77,0x1a,0x43,0x31,0x00,0x00,0x00,0x00,0x7f,0x00,0x7f,0x02,0x00,0x00,0x00,0x00,0x00,0x00,0x00,0x00,
    0x00,0x00,0x00,0x00,0x00,0x00,0x00,0x00,0x00,0x00,0x00,0x00,0x7f,0x00,0x7f,0x02,0x00,0x00,0x00,0x00,0x71,0x1b,0x3f,0x38,
    0x79,0x1d,0x44,0xfd,0x77,0x1c,0x42,0xfc,0x77,0x1d,0x43,0xfe,0x72,0x18,0x3e,0xff,0x83,0x27,0x4e,0xff,0xbb,0x57,0x85,0xff,
    0xc7,0x62,0x91,0xff,0xcd,0x67,0x97,0xff,0xda,0x72,0xa3,0xff,0xe4,0x7b,0xad,0xff,0xec,0x82,0xb5,0xff,0xf2,0x87,0xba,0xff,
    0xf4,0x89,0xbc,0xff,0xf5,0x89,0xbd,0xff,0xf5,0x8a,0xbd,0xff,0xf5,0x8a,0xbd,0xff,0xf5,0x8a,0xbd,0xff,0xf5,0x89,0xbd,0xff,
    0xf5,0x89,0xbd,0xff,0xf5,0x89,0xbd,0xff,0xf5,0x89,0xbd,0xff,0xf5,0x89,0xbd,0xff,0xf5,0x8a,0xbd,0xff,0xf5,0x8a,0xbd,0xff,
    0xf5,0x89,0xbd,0xff,0xf4,0x89,0xbd,0xff,0xf2,0x87,0xbb,0xff,0xee,0x84,0xb6,0xff,0xe6,0x7d,0xaf,0xff,0xdc,0x75,0xa6,0xff,
    0xd0,0x6a,0x9a,0xff,0xc7,0x62,0x90,0xff,0xc2,0x5e,0x8c,0xff,0x91,0x33,0x5c,0xff,0x71,0x17,0x3d,0xff,0x77,0x1d,0x43,0xff,
    0x76,0x1c,0x41,0xfa,0x80,0x1e,0x48,0xff,0x74,0x1b,0x42,0x70,0x00,0x00,0x00,0x00,0x55,0x00,0x55,0x03,0x00,0x00,0x00,0x00,
    0x00,0x00,0x00,0x00,0x00,0x00,0x00,0x00,0x00,0x00,0x00,0x00,0x00,0x00,0x00,0x00,0x00,0x00,0x00,0x00,0x00,0x00,0x00,0x00,
    0xaa,0x00,0x55,0x03,0x00,0x00,0x00,0x00,0x74,0x1b,0x40,0x67,0x7e,0x1e,0x47,0xff,0x75,0x1c,0x42,0xfb,0x77,0x1d,0x43,0xff,
    0x72,0x18,0x3e,0xff,0x83,0x27,0x4e,0xff,0xb8,0x56,0x83,0xff,0xc7,0x62,0x91,0xff,0xca,0x65,0x94,0xff,0xd4,0x6e,0x9e,0xff,
    0xdf,0x77,0xa8,0xff,0xe7,0x7e,0xb0,0xff,0xed,0x83,0xb6,0xff,0xf1,0x87,0xba,0xff,0xf3,0x89,0xbd,0xff,0xf5,0x8a,0xbe,0xff,
    0xf5,0x8b,0xbe,0xff,0xf6,0x8b,0xbf,0xff,0xf6,0x8b,0xbe,0xff,0xf6,0x8b,0xbe,0xff,0xf6,0x8b,0xbf,0xff,0xf5,0x8b,0xbe,0xff,
    0xf5,0x8a,0xbe,0xff,0xf4,0x89,0xbd,0xff,0xf2,0x88,0xbb,0xff,0xee,0x84,0xb7,0xff,0xe9,0x7f,0xb2,0xff,0xe1,0x78,0xaa,0xff,
    0xd7,0x70,0xa1,0xff,0xcc,0x67,0x96,0xff,0xc7,0x63,0x92,0xff,0xc0,0x5c,0x8a,0xff,0x91,0x33,0x5c,0xff,0x70,0x17,0x3d,0xff,
    0x77,0x1d,0x43,0xff,0x76,0x1c,0x41,0xfa,0x7f,0x1e,0x47,0xff,0x75,0x1c,0x42,0xa0,0x00,0x00,0x00,0x00,0x7f,0x00,0x3f,0x04,
    0x00,0x00,0x00,0x00,0x00,0x00,0x00,0x00,0x00,0x00,0x00,0x00,0x00,0x00,0x00,0x00,0x00,0x00,0x00,0x00,0x00,0x00,0x00,0x00,
    0x00,0x00,0x00,0x00,0x00,0x00,0x00,0x00,0x00,0x00,0x00,0x00,0x7f,0x00,0x3f,0x04,0x00,0x00,0x00,0x00,0x75,0x1c,0x41,0x98,
    0x80,0x1e,0x48,0xff,0x76,0x1c,0x42,0xfa,0x77,0x1d,0x43,0xfe,0x73,0x19,0x3f,0xff,0x7b,0x20,0x46,0xff,0xa5,0x45,0x70,0xff,
    0xc4,0x60,0x8e,0xff,0xc9,0x64,0x93,0xff,0xcd,0x68,0x97,0xff,0xd6,0x70,0xa0,0xff,0xde,0x77,0xa7,0xff,0xe4,0x7c,0xae,0xff,
    0xe9,0x81,0xb3,0xff,0xec,0x84,0xb6,0xff,0xef,0x86,0xb9,0xff,0xf0,0x87,0xba,0xff,0xf1,0x88,0xbb,0xff,0xf1,0x88,0xbb,0xff,
    0xf1,0x87,0xba,0xff,0xf0,0x86,0xb9,0xff,0xed,0x85,0xb7,0xff,0xea,0x82,0xb4,0xff,0xe5,0x7d,0xaf,0xff,0xdf,0x78,0xa9,0xff,
    0xd8,0x71,0xa2,0xff,0xcf,0x6a,0x99,0xff,0xc9,0x65,0x94,0xff,0xc7,0x62,0x91,0xff,0xaf,0x4e,0x7a,0xff,0x83,0x27,0x4e,0xff,
    0x72,0x19,0x3e,0xff,0x77,0x1d,0x43,0xff,0x75,0x1c,0x41,0xfa,0x7e,0x1e,0x46,0xff,0x77,0x1b,0x42,0xca,0x7f,0x19,0x4c,0x0a,
    0x7f,0x00,0x7f,0x02,0xff,0x00,0x00,0x01,0x00,0x00,0x00,0x00,0x00,0x00,0x00,0x00,0x00,0x00,0x00,0x00,0x00,0x00,0x00,0x00,
    0x00,0x00,0x00,0x00,0x00,0x00,0x00,0x00,0x00,0x00,0x00,0x00,0x00,0x00,0x00,0x00,0x00,0x00,0x00,0x00,0x00,0x00,0x00,0x01,
    0x7f,0x00,0x3f,0x04,0x00,0x00,0x00,0x00,0x77,0x1c,0x42,0x9a,0x80,0x1e,0x48,0xff,0x76,0x1c,0x41,0xfc,0x76,0x1d,0x42,0xfd,
    0x75,0x1b,0x41,0xff,0x72,0x18,0x3e,0xff,0x8d,0x31,0x59,0xff,0xb3,0x52,0x7e,0xff,0xc6,0x62,0x90,0xff,0xca,0x65,0x95,0xff,
    0xcc,0x68,0x97,0xff,0xd1,0x6c,0x9c,0xff,0xd7,0x71,0xa1,0xff,0xdc,0x75,0xa6,0xff,0xdf,0x78,0xa9,0xff,0xe2,0x7a,0xac,0xff,
    0xe3,0x7b,0xad,0xff,0xe3,0x7c,0xad,0xff,0xe2,0x7b,0xac,0xff,0xe0,0x79,0xaa,0xff,0xdd,0x76,0xa7,0xff,0xd8,0x73,0xa3,0xff,
    0xd3,0x6d,0x9d,0xff,0xcd,0x68,0x98,0xff,0xca,0x66,0x95,0xff,0xc8,0x64,0x92,0xff,0xba,0x57,0x85,0xff,0x98,0x3a,0x63,0xff,
    0x75,0x1b,0x41,0xff,0x73,0x19,0x3f,0xff,0x77,0x1d,0x43,0xfe,0x75,0x1c,0x42,0xfb,0x7f,0x1e,0x47,0xff,0x78,0x1d,0x43,0xc9,
    0x78,0x1e,0x3c,0x11,0x00,0x00,0x00,0x00,0x7f,0x00,0x00,0x02,0x00,0x00,0x00,0x00,0x00,0x00,0x00,0x00,0x00,0x00,0x00,0x00,
    0x00,0x00,0x00,0x00,0x00,0x00,0x00,0x00,0x00,0x00,0x00,0x00,0x00,0x00,0x00,0x00,0x00,0x00,0x00,0x00,0x00,0x00,0x00,0x00,
    0x00,0x00,0x00,0x00,0x00,0x00,0x00,0x00,0x00,0x00,0x00,0x01,0x7f,0x00,0x7f,0x02,0x00,0x00,0x00,0x00,0x78,0x1b,0x42,0x70,
    0x7b,0x1d,0x45,0xff,0x79,0x1d,0x44,0xff,0x75,0x1c,0x42,0xfb,0x77,0x1d,0x43,0xff,0x72,0x18,0x3e,0xff,0x76,0x1c,0x42,0xff,
    0x91,0x34,0x5c,0xff,0xaf,0x4e,0x7a,0xff,0xc2,0x5e,0x8c,0xff,0xc8,0x65,0x93,0xff,0xcb,0x66,0x95,0xff,0xcc,0x68,0x96,0xff,
    0xcd,0x69,0x98,0xff,0xce,0x6a,0x99,0xff,0xcf,0x6b,0x9a,0xff,0xd0,0x6b,0x9a,0xff,0xcf,0x6a,0x99,0xff,0xcd,0x69,0x98,0xff,
    0xcc,0x68,0x97,0xff,0xcb,0x67,0x96,0xff,0xc9,0x65,0x94,0xff,0xc5,0x61,0x8f,0xff,0xb4,0x53,0x7f,0xff,0x9a,0x3b,0x65,0xff,
    0x7a,0x20,0x46,0xff,0x71,0x18,0x3d,0xff,0x76,0x1c,0x42,0xff,0x76,0x1c,0x42,0xfc,0x76,0x1c,0x42,0xfe,0x80,0x1e,0x47,0xff,
    0x79,0x1d,0x44,0x9d,0x75,0x13,0x3a,0x0d,0x00,0x00,0x00,0x00,0x7f,0x00,0x7f,0x02,0x00,0x00,0x00,0x00,0x00,0x00,0x00,0x00,
    0x00,0x00,0x00,0x00,0x00,0x00,0x00,0x00,0x00,0x00,0x00,0x00,0x00,0x00,0x00,0x00,0x00,0x00,0x00,0x00,0x00,0x00,0x00,0x00,
    0x00,0x00,0x00,0x00,0x00,0x00,0x00,0x00,0x00,0x00,0x00,0x00,0x00,0x00,0x00,0x00,0x00,0x00,0x00,0x00,0x00,0x00,0x00,0x01,
    0x7f,0x00,0x7f,0x02,0x00,0x00,0x00,0x00,0x76,0x1c,0x40,0x47,0x78,0x1c,0x43,0xe6,0x7e,0x1e,0x46,0xff,0x75,0x1c,0x41,0xfd,
    0x77,0x1d,0x42,0xfc,0x76,0x1c,0x42,0xff,0x71,0x18,0x3d,0xff,0x74,0x1a,0x40,0xff,0x86,0x2a,0x52,0xff,0x9a,0x3b,0x65,0xff,
    0xab,0x4b,0x76,0xff,0xb8,0x56,0x84,0xff,0xbf,0x5d,0x8a,0xff,0xc4,0x61,0x8f,0xff,0xc4,0x61,0x8f,0xff,0xc4,0x61,0x8f,0xff,
    0xc4,0x61,0x8f,0xff,0xc0,0x5e,0x8c,0xff,0xba,0x58,0x85,0xff,0xb0,0x4f,0x7b,0xff,0x9e,0x3f,0x69,0xff,0x8b,0x2f,0x57,0xff,
    0x77,0x1d,0x43,0xff,0x71,0x18,0x3d,0xff,0x75,0x1b,0x41,0xff,0x76,0x1d,0x43,0xfd,0x75,0x1c,0x42,0xfb,0x7b,0x1d,0x45,0xff,
    0x79,0x1c,0x44,0xfb,0x78,0x1b,0x44,0x70,0x00,0x00,0x00,0x00,0x00,0x00,0x00,0x00,0x7f,0x00,0x00,0x02,0x00,0x00,0x00,0x00,
    0x00,0x00,0x00,0x00,0x00,0x00,0x00,0x00,0x00,0x00,0x00,0x00,0x00,0x00,0x00,0x00,0x00,0x00,0x00,0x00,0x00,0x00,0x00,0x00,
    0x00,0x00,0x00,0x00,0x00,0x00,0x00,0x00,0x00,0x00,0x00,0x00,0x00,0x00,0x00,0x00,0x00,0x00,0x00,0x00,0x00,0x00,0x00,0x00,
    0x00,0x00,0x00,0x00,0x00,0x00,0x00,0x00,0x00,0x00,0x00,0x00,0x7f,0x00,0x3f,0x04,0x00,0x00,0x00,0x00,0x75,0x1d,0x3a,0x1a,
    0x78,0x1d,0x43,0xa7,0x7c,0x1d,0x45,0xff,0x7c,0x1e,0x45,0xff,0x75,0x1c,0x42,0xfd,0x76,0x1c,0x42,0xfc,0x76,0x1c,0x42,0xfe,
    0x73,0x19,0x3f,0xff,0x71,0x17,0x3d,0xff,0x73,0x1a,0x3f,0xff,0x79,0x1e,0x45,0xff,0x81,0x26,0x4d,0xff,0x89,0x2d,0x55,0xff,
    0x88,0x2c,0x53,0xff,0x88,0x2c,0x53,0xff,0x89,0x2c,0x54,0xff,0x84,0x29,0x50,0xff,0x7a,0x20,0x46,0xff,0x75,0x1b,0x41,0xff,
    0x71,0x17,0x3d,0xff,0x72,0x18,0x3e,0xff,0x76,0x1c,0x42,0xfe,0x77,0x1d,0x42,0xfc,0x75,0x1c,0x41,0xfc,0x7a,0x1d,0x44,0xff,
    0x7e,0x1e,0x47,0xff,0x7a,0x1d,0x43,0xc8,0x73,0x1b,0x40,0x37,0x00,0x00,0x00,0x00,0x7f,0x00,0x7f,0x02,0xff,0x00,0x00,0x01,
    0x00,0x00,0x00,0x00,0x00,0x00,0x00,0x00,0x00,0x00,0x00,0x00,0x00,0x00,0x00,0x00,0x00,0x00,0x00,0x00,0x00,0x00,0x00,0x00,
    0x00,0x00,0x00,0x00,0x00,0x00,0x00,0x00,0x00,0x00,0x00,0x00,0x00,0x00,0x00,0x00,0x00,0x00,0x00,0x00,0x00,0x00,0x00,0x00,
    0x00,0x00,0x00,0x00,0x00,0x00,0x00,0x00,0x00,0x00,0x00,0x00,0x00,0x00,0x00,0x00,0x00,0x00,0x00,0x00,0x00,0x00,0x00,0x00,
    0x55,0x00,0x55,0x03,0x00,0x00,0x00,0x00,0x00,0x00,0x00,0x00,0x79,0x1d,0x42,0x45,0x78,0x1c,0x44,0xba,0x7b,0x1d,0x45,0xff,
    0x7e,0x1e,0x46,0xff,0x77,0x1c,0x43,0xff,0x76,0x1c,0x42,0xfc,0x76,0x1d,0x43,0xfb,0x76,0x1c,0x42,0xfc,0x75,0x1b,0x41,0xfe,
    0x73,0x1a,0x3f,0xfe,0x72,0x19,0x3e,0xff,0x72,0x19,0x3e,0xff,0x72,0x19,0x3e,0xff,0x72,0x19,0x3e,0xff,0x73,0x19,0x3f,0xfe,
    0x74,0x1b,0x41,0xfe,0x76,0x1c,0x42,0xfc,0x76,0x1d,0x43,0xfb,0x76,0x1c,0x42,0xfc,0x76,0x1c,0x42,0xff,0x7c,0x1d,0x45,0xff,
    0x7e,0x1e,0x46,0xff,0x78,0x1d,0x43,0xd3,0x77,0x1c,0x43,0x62,0x66,0x00,0x33,0x05,0x00,0x00,0x00,0x00,0xaa,0x00,0x55,0x03,
    0x00,0x00,0x00,0x00,0x00,0x00,0x00,0x00,0x00,0x00,0x00,0x00,0x00,0x00,0x00,0x00,0x00,0x00,0x00,0x00,0x00,0x00,0x00,0x00,
    0x00,0x00,0x00,0x00,0x00,0x00,0x00,0x00,0x00,0x00,0x00,0x00,0x00,0x00,0x00,0x00,0x00,0x00,0x00,0x00,0x00,0x00,0x00,0x00,
    0x00,0x00,0x00,0x00,0x00,0x00,0x00,0x00,0x00,0x00,0x00,0x00,0x00,0x00,0x00,0x00,0x00,0x00,0x00,0x00,0x00,0x00,0x00,0x00,
    0x00,0x00,0x00,0x00,0x00,0x00,0x00,0x00,0x00,0x00,0x00,0x00,0xff,0x00,0x00,0x01,0x7f,0x00,0x7f,0x02,0x00,0x00,0x00,0x00,
    0x00,0x00,0x00,0x00,0x78,0x1d,0x45,0x46,0x7a,0x1d,0x43,0xa2,0x78,0x1c,0x43,0xf2,0x7d,0x1e,0x46,0xff,0x7f,0x1e,0x47,0xff,
    0x7d,0x1e,0x46,0xff,0x79,0x1d,0x44,0xff,0x78,0x1d,0x44,0xff,0x76,0x1d,0x42,0xfe,0x76,0x1d,0x43,0xfe,0x76,0x1d,0x43,0xfe,
    0x76,0x1d,0x42,0xfe,0x78,0x1d,0x43,0xff,0x79,0x1d,0x44,0xff,0x7c,0x1d,0x45,0xff,0x7e,0x1e,0x47,0xff,0x7e,0x1e,0x46,0xff,
    0x78,0x1d,0x43,0xfc,0x79,0x1c,0x44,0xbb,0x7a,0x1b,0x43,0x5e,0x6d,0x24,0x48,0x07,0x00,0x00,0x00,0x00,0x00,0x00,0x00,0x00,
    0x7f,0x00,0x7f,0x02,0x00,0x00,0x00,0x00,0x00,0x00,0x00,0x00,0x00,0x00,0x00,0x00,0x00,0x00,0x00,0x00,0x00,0x00,0x00,0x00,
    0x00,0x00,0x00,0x00,0x00,0x00,0x00,0x00,0x00,0x00,0x00,0x00,0x00,0x00,0x00,0x00,0x00,0x00,0x00,0x00,0x00,0x00,0x00,0x00,
    0x00,0x00,0x00,0x00,0x00,0x00,0x00,0x00,0x00,0x00,0x00,0x00,0x00,0x00,0x00,0x00,0x00,0x00,0x00,0x00,0x00,0x00,0x00,0x00,
    0x00,0x00,0x00,0x00,0x00,0x00,0x00,0x00,0x00,0x00,0x00,0x00,0x00,0x00,0x00,0x00,0x00,0x00,0x00,0x00,0x00,0x00,0x00,0x00,
    0x00,0x00,0x00,0x00,0x55,0x00,0x55,0x03,0xff,0x00,0x00,0x01,0x00,0x00,0x00,0x00,0x00,0x00,0x00,0x00,0x76,0x1b,0x3f,0x1c,
    0x79,0x1c,0x42,0x50,0x78,0x1d,0x43,0x8c,0x77,0x1c,0x43,0xbe,0x76,0x1b,0x42,0xe7,0x76,0x1c,0x42,0xf2,0x7a,0x1d,0x44,0xff,
    0x79,0x1d,0x44,0xff,0x79,0x1d,0x44,0xff,0x7a,0x1d,0x44,0xff,0x76,0x1b,0x41,0xf8,0x76,0x1c,0x42,0xea,0x79,0x1c,0x44,0xc6,
    0x79,0x1d,0x43,0x9b,0x7b,0x1d,0x45,0x5f,0x7c,0x1f,0x44,0x29,0x00,0x00,0x00,0x00,0x00,0x00,0x00,0x00,0x00,0x00,0x00,0x00,
    0xaa,0x00,0x55,0x03,0x00,0x00,0x00,0x01,0x00,0x00,0x00,0x00,0x00,0x00,0x00,0x00,0x00,0x00,0x00,0x00,0x00,0x00,0x00,0x00,
    0x00,0x00,0x00,0x00,0x00,0x00,0x00,0x00,0x00,0x00,0x00,0x00,0x00,0x00,0x00,0x00,0x00,0x00,0x00,0x00,0x00,0x00,0x00,0x00,
    0x00,0x00,0x00,0x00,0x00,0x00,0x00,0x00,0x00,0x00,0x00,0x00,0x00,0x00,0x00,0x00,0x00,0x00,0x00,0x00,0x00,0x00,0x00,0x00,
    0x00,0x00,0x00,0x00,0x00,0x00,0x00,0x00,0x00,0x00,0x00,0x00,0x00,0x00,0x00,0x00,0x00,0x00,0x00,0x00,0x00,0x00,0x00,0x00,
    0x00,0x00,0x00,0x00,0x00,0x00,0x00,0x00,0x00,0x00,0x00,0x00,0x00,0x00,0x00,0x00,0x00,0x00,0x00,0x00,0x55,0x00,0x55,0x03,
    0x55,0x00,0x55,0x03,0x00,0x00,0x00,0x00,0x00,0x00,0x00,0x00,0x00,0x00,0x00,0x00,0x00,0x00,0x00,0x00,0x6f,0x1f,0x3f,0x10,
    0x7b,0x18,0x41,0x1f,0x78,0x1d,0x45,0x46,0x76,0x1d,0x42,0x45,0x76,0x1d,0x42,0x45,0x7b,0x1d,0x45,0x46,0x73,0x1c,0x3f,0x2c,
    0x7f,0x1c,0x46,0x12,0x00,0x00,0x00,0x00,0x00,0x00,0x00,0x00,0x00,0x00,0x00,0x00,0x00,0x00,0x00,0x00,0xff,0x00,0x00,0x01,
    0x7f,0x00,0x3f,0x04,0x00,0x00,0x00,0x01,0x00,0x00,0x00,0x00,0x00,0x00,0x00,0x00,0x00,0x00,0x00,0x00,0x00,0x00,0x00,0x00,
    0x00,0x00,0x00,0x00,0x00,0x00,0x00,0x00,0x00,0x00,0x00,0x00,0x00,0x00,0x00,0x00,0x00,0x00,0x00,0x00,0x00,0x00,0x00,0x00,
    0x00,0x00,0x00,0x00,0x00,0x00,0x00,0x00,0x00,0x00,0x00,0x00,0x00,0x00,0x00,0x00,
};
const lv_image_dsc_t img_iris_thinking = {
    .header.magic = LV_IMAGE_HEADER_MAGIC,
    .header.cf = LV_COLOR_FORMAT_ARGB8888,
    .header.w = 50,
    .header.h = 50,
    .header.stride = 200,
    .data_size = sizeof(img_iris_thinking_map),
    .data = img_iris_thinking_map,
};

static const uint8_t img_iris_speaking_map[] = {
    0x00,0x00,0x00,0x00,0x00,0x00,0x00,0x00,0x00,0x00,0x00,0x00,0x00,0x00,0x00,0x00,0x00,0x00,0x00,0x00,0x00,0x00,0x00,0x00,
    0x00,0x00,0x00,0x00,0x00,0x00,0x00,0x00,0x00,0x00,0x00,0x00,0x00,0x00,0x00,0x00,0x00,0x00,0x00,0x00,0x00,0x00,0x00,0x00,
    0x00,0x00,0x00,0x00,0x00,0x00,0x00,0x00,0x00,0x00,0x00,0x00,0x00,0x00,0xff,0x01,0x00,0x3f,0x7f,0x04,0x00,0x00,0x00,0x01,
    0x00,0x00,0x00,0x00,0x00,0x00,0x00,0x00,0x00,0x00,0x00,0x00,0x00,0x00,0x00,0x00,0x00,0x00,0x00,0x00,0x00,0x38,0x8d,0x12,
    0x00,0x3c,0x87,0x11,0x00,0x3c,0x87,0x11,0x00,0x38,0x9b,0x12,0x00,0x55,0x55,0x03,0x00,0x00,0x00,0x00,0x00,0x00,0x00,0x00,
    0x00,0x00,0x00,0x00,0x00,0x00,0x00,0x00,0x00,0x00,0x00,0x00,0x00,0x3f,0x7f,0x04,0x00,0x00,0x7f,0x02,0x00,0x00,0x00,0x00,
    0x00,0x00,0x00,0x00,0x00,0x00,0x00,0x00,0x00,0x00,0x00,0x00,0x00,0x00,0x00,0x00,0x00,0x00,0x00,0x00,0x00,0x00,0x00,0x00,
    0x00,0x00,0x00,0x00,0x00,0x00,0x00,0x00,0x00,0x00,0x00,0x00,0x00,0x00,0x00,0x00,0x00,0x00,0x00,0x00,0x00,0x00,0x00,0x00,
    0x00,0x00,0x00,0x00,0x00,0x00,0x00,0x00,0x00,0x00,0x00,0x00,0x00,0x00,0x00,0x00,0x00,0x00,0x00,0x00,0x00,0x00,0x00,0x00,
    0x00,0x00,0x00,0x00,0x00,0x00,0x00,0x00,0x00,0x00,0x00,0x00,0x00,0x00,0x00,0x00,0x00,0x00,0x00,0x00,0x00,0x00,0x00,0x00,
    0x00,0x00,0x00,0x00,0x00,0x00,0x00,0x00,0x00,0x00,0x00,0x00,0x00,0x00,0xff,0x01,0x00,0x55,0xaa,0x03,0x00,0x00,0x00,0x00,
    0x00,0x00,0x00,0x00,0x00,0x00,0x00,0x00,0x00,0x3d,0x8c,0x1d,0x00,0x3c,0x8c,0x50,0x00,0x3a,0x8d,0x82,0x00,0x39,0x8a,0xb6,
    0x00,0x3a,0x8a,0xc7,0x00,0x3a,0x8b,0xea,0x00,0x39,0x8a,0xea,0x00,0x39,0x8a,0xea,0x00,0x3a,0x8b,0xeb,0x00,0x3a,0x8a,0xd2,
    0x00,0x3a,0x8b,0xba,0x00,0x3b,0x8e,0x8d,0x00,0x3b,0x8e,0x5f,0x00,0x3e,0x8f,0x29,0x00,0x3f,0x7f,0x04,0x00,0x00,0x00,0x00,
    0x00,0x00,0x00,0x00,0x00,0x55,0xaa,0x03,0x00,0x00,0x7f,0x02,0x00,0x00,0x00,0x00,0x00,0x00,0x00,0x00,0x00,0x00,0x00,0x00,
    0x00,0x00,0x00,0x00,0x00,0x00,0x00,0x00,0x00,0x00,0x00,0x00,0x00,0x00,0x00,0x00,0x00,0x00,0x00,0x00,0x00,0x00,0x00,0x00,
    0x00,0x00,0x00,0x00,0x00,0x00,0x00,0x00,0x00,0x00,0x00,0x00,0x00,0x00,0x00,0x00,0x00,0x00,0x00,0x00,0x00,0x00,0x00,0x00,
    0x00,0x00,0x00,0x00,0x00,0x00,0x00,0x00,0x00,0x00,0x00,0x00,0x00,0x00,0x00,0x00,0x00,0x00,0x00,0x00,0x00,0x00,0x00,0x00,
    0x00,0x00,0x00,0x00,0x00,0x00,0x00,0x00,0x00,0x00,0x00,0x00,0x00,0x00,0x00,0x00,0x00,0x55,0xaa,0x03,0x00,0x00,0x00,0x00,
    0x00,0x00,0x00,0x00,0x00,0x37,0x85,0x17,0x00,0x3c,0x8f,0x65,0x00,0x3b,0x8d,0xc6,0x00,0x3b,0x8b,0xf6,0x00,0x3e,0x93,0xff,
    0x00,0x3f,0x96,0xff,0x00,0x3e,0x93,0xff,0x00,0x3d,0x91,0xff,0x00,0x3b,0x8c,0xff,0x00,0x3b,0x8c,0xff,0x00,0x3b,0x8c,0xff,
    0x00,0x3a,0x8c,0xff,0x00,0x3c,0x90,0xff,0x00,0x3e,0x93,0xff,0x00,0x3f,0x95,0xff,0x00,0x3f,0x94,0xff,0x00,0x3a,0x8c,0xfc,
    0x00,0x3b,0x8d,0xd6,0x00,0x3b,0x8f,0x80,0x00,0x39,0x8c,0x28,0x00,0x00,0x00,0x00,0x00,0x00,0x00,0x00,0x00,0x55,0xaa,0x03,
    0x00,0x00,0xff,0x01,0x00,0x00,0x00,0x00,0x00,0x00,0x00,0x00,0x00,0x00,0x00,0x00,0x00,0x00,0x00,0x00,0x00,0x00,0x00,0x00,
    0x00,0x00,0x00,0x00,0x00,0x00,0x00,0x00,0x00,0x00,0x00,0x00,0x00,0x00,0x00,0x00,0x00,0x00,0x00,0x00,0x00,0x00,0x00,0x00,
    0x00,0x00,0x00,0x00,0x00,0x00,0x00,0x00,0x00,0x00,0x00,0x00,0x00,0x00,0x00,0x00,0x00,0x00,0x00,0x00,0x00,0x00,0x00,0x00,
    0x00,0x00,0x00,0x00,0x00,0x00,0x00,0x00,0x00,0x00,0x00,0x00,0x00,0x00,0x00,0x00,0x00,0x00,0xff,0x01,0xff,0xff,0xff,0x01,
    0x02,0x00,0x00,0x00,0x21,0x58,0x9b,0x17,0x03,0x3f,0x8f,0x80,0x01,0x3c,0x8d,0xe8,0x00,0x3e,0x94,0xff,0x00,0x3d,0x91,0xff,
    0x00,0x3a,0x8b,0xff,0x00,0x37,0x87,0xfc,0x00,0x36,0x86,0xfb,0x00,0x37,0x86,0xfc,0x00,0x38,0x88,0xfc,0x00,0x3c,0x8c,0xfe,
    0x00,0x3c,0x8d,0xfe,0x00,0x3c,0x8c,0xfe,0x00,0x3c,0x8d,0xfe,0x00,0x39,0x89,0xfd,0x00,0x37,0x87,0xfc,0x00,0x36,0x86,0xfb,
    0x00,0x37,0x86,0xfc,0x00,0x3a,0x8a,0xff,0x00,0x3d,0x8f,0xff,0x00,0x3e,0x94,0xff,0x00,0x3b,0x8c,0xf8,0x00,0x3b,0x8c,0x9e,
    0x00,0x39,0x8b,0x2c,0x00,0x00,0x00,0x00,0x00,0x00,0x00,0x00,0x00,0x7f,0x7f,0x02,0x00,0x00,0x00,0x00,0x00,0x00,0x00,0x00,
    0x00,0x00,0x00,0x00,0x00,0x00,0x00,0x00,0x00,0x00,0x00,0x00,0x00,0x00,0x00,0x00,0x00,0x00,0x00,0x00,0x00,0x00,0x00,0x00,
    0x00,0x00,0x00,0x00,0x00,0x00,0x00,0x00,0x00,0x00,0x00,0x00,0x00,0x00,0x00,0x00,0x00,0x00,0x00,0x00,0x00,0x00,0x00,0x00,
    0x00,0x00,0x00,0x00,0x00,0x00,0x00,0x00,0x00,0x00,0x00,0x00,0x00,0x00,0x00,0x00,0x00,0x00,0x00,0x00,0x00,0x55,0xaa,0x03,
    0x03,0x02,0x00,0x00,0x00,0x00,0x00,0x00,0x00,0x27,0x80,0x6d,0x00,0x30,0x87,0xe9,0x00,0x36,0x8f,0xff,0x00,0x37,0x8a,0xff,
    0x03,0x3a,0x88,0xfc,0x02,0x38,0x86,0xfd,0x00,0x3a,0x89,0xfe,0x01,0x43,0x96,0xff,0x03,0x4d,0xa3,0xff,0x04,0x55,0xad,0xff,
    0x04,0x59,0xb2,0xff,0x05,0x5f,0xba,0xff,0x05,0x60,0xbb,0xff,0x05,0x60,0xbb,0xff,0x05,0x60,0xbc,0xff,0x05,0x5a,0xb3,0xff,
    0x04,0x57,0xaf,0xff,0x03,0x4f,0xa5,0xff,0x02,0x46,0x9a,0xff,0x00,0x3b,0x8c,0xfe,0x00,0x37,0x87,0xfd,0x00,0x37,0x86,0xfc,
    0x00,0x3b,0x8b,0xff,0x00,0x3e,0x93,0xff,0x00,0x3b,0x8e,0xf9,0x00,0x3b,0x8d,0x92,0x00,0x33,0x77,0x0f,0x00,0x00,0x00,0x00,
    0x00,0x55,0xaa,0x03,0x00,0x00,0x00,0x00,0x00,0x00,0x00,0x00,0x00,0x00,0x00,0x00,0x00,0x00,0x00,0x00,0x00,0x00,0x00,0x00,
    0x00,0x00,0x00,0x00,0x00,0x00,0x00,0x00,0x00,0x00,0x00,0x00,0x00,0x00,0x00,0x00,0x00,0x00,0x00,0x00,0x00,0x00,0x00,0x00,
    0x00,0x00,0x00,0x00,0x00,0x00,0x00,0x00,0x00,0x00,0x00,0x00,0x00,0x00,0x00,0x00,0x00,0x00,0x00,0x00,0x00,0x00,0x00,0x00,
    0x00,0x55,0xaa,0x03,0x01,0x00,0x00,0x00,0x00,0x00,0x3d,0x19,0x09,0x42,0x91,0xb8,0x34,0x66,0xac,0xff,0x4a,0x74,0xaf,0xff,
    0x32,0x61,0xa0,0xfb,0x14,0x48,0x92,0xfe,0x00,0x38,0x8f,0xff,0x00,0x4a,0xa4,0xff,0x07,0x5e,0xb7,0xff,0x06,0x65,0xc1,0xff,
    0x07,0x68,0xc6,0xff,0x07,0x69,0xc7,0xff,0x07,0x6a,0xc8,0xff,0x07,0x6a,0xc8,0xff,0x07,0x6b,0xc9,0xff,0x07,0x6b,0xc9,0xff,
    0x07,0x6a,0xc8,0xff,0x07,0x6a,0xc8,0xff,0x07,0x69,0xc7,0xff,0x07,0x69,0xc6,0xff,0x06,0x66,0xc3,0xff,0x05,0x5f,0xb9,0xff,
    0x04,0x53,0xaa,0xff,0x02,0x44,0x97,0xff,0x00,0x38,0x87,0xfe,0x00,0x37,0x87,0xfc,0x00,0x3b,0x8b,0xff,0x00,0x3e,0x94,0xff,
    0x00,0x3b,0x8e,0xd9,0x00,0x38,0x8a,0x3b,0x00,0x00,0x00,0x00,0x00,0x55,0xaa,0x03,0x00,0x00,0x00,0x00,0x00,0x00,0x00,0x00,
    0x00,0x00,0x00,0x00,0x00,0x00,0x00,0x00,0x00,0x00,0x00,0x00,0x00,0x00,0x00,0x00,0x00,0x00,0x00,0x00,0x00,0x00,0x00,0x00,
    0x00,0x00,0x00,0x00,0x00,0x00,0x00,0x00,0x00,0x00,0x00,0x00,0x00,0x00,0x00,0x00,0x00,0x00,0x00,0x00,0x00,0x00,0x00,0x00,
    0x00,0x00,0x00,0x00,0x3f,0x3f,0xbf,0x04,0x02,0x00,0x00,0x00,0x00,0x1e,0x74,0x3b,0x77,0x96,0xc3,0xe6,0xdb,0xe7,0xf7,0xff,
    0xff,0xff,0xff,0xfb,0xff,0xff,0xff,0xfe,0xfc,0xfc,0xfe,0xff,0xea,0xef,0xf6,0xff,0x96,0xbd,0xe3,0xff,0x33,0x83,0xd0,0xff,
    0x00,0x63,0xc5,0xff,0x09,0x6c,0xca,0xff,0x09,0x6f,0xcd,0xff,0x08,0x71,0xd0,0xff,0x09,0x72,0xd2,0xff,0x09,0x74,0xd4,0xff,
    0x09,0x75,0xd5,0xff,0x09,0x75,0xd5,0xff,0x09,0x74,0xd5,0xff,0x09,0x73,0xd3,0xff,0x08,0x71,0xd0,0xff,0x08,0x6f,0xcd,0xff,
    0x08,0x6c,0xca,0xff,0x07,0x6a,0xc8,0xff,0x07,0x69,0xc6,0xff,0x06,0x66,0xc2,0xff,0x05,0x58,0xb1,0xff,0x01,0x42,0x94,0xff,
    0x00,0x37,0x86,0xfe,0x00,0x39,0x89,0xfb,0x00,0x3c,0x8f,0xff,0x00,0x3b,0x8f,0xfb,0x00,0x3b,0x8a,0x67,0x00,0x00,0x00,0x00,
    0x00,0x55,0xaa,0x03,0x00,0x00,0x00,0x01,0x00,0x00,0x00,0x00,0x00,0x00,0x00,0x00,0x00,0x00,0x00,0x00,0x00,0x00,0x00,0x00,
    0x00,0x00,0x00,0x00,0x00,0x00,0x00,0x00,0x00,0x00,0x00,0x00,0x00,0x00,0x00,0x00,0x00,0x00,0x00,0x00,0x00,0x00,0x00,0x00,
    0x00,0x00,0x00,0x00,0x00,0x00,0x00,0x00,0x00,0x3f,0xbf,0x04,0x02,0x00,0x00,0x00,0x00,0x2f,0x80,0x65,0x95,0xaf,0xd4,0xfb,
    0xff,0xff,0xff,0xff,0xff,0xff,0xff,0xfc,0xf9,0xfb,0xfd,0xff,0xf7,0xf9,0xfc,0xff,0xfa,0xfc,0xfe,0xff,0xfe,0xff,0xff,0xff,
    0xff,0xff,0xff,0xff,0xfa,0xfb,0xfd,0xff,0x85,0xb8,0xe7,0xff,0x00,0x70,0xd5,0xff,0x0a,0x7a,0xdb,0xff,0x0c,0x7d,0xde,0xff,
    0x0b,0x7e,0xe0,0xff,0x0b,0x7f,0xe1,0xff,0x0b,0x7f,0xe2,0xff,0x0b,0x7f,0xe2,0xff,0x0b,0x7f,0xe1,0xff,0x0b,0x7e,0xe0,0xff,
    0x0b,0x7c,0xde,0xff,0x0a,0x7a,0xdc,0xff,0x0a,0x77,0xd8,0xff,0x09,0x74,0xd3,0xff,0x09,0x6f,0xce,0xff,0x08,0x6b,0xc8,0xff,
    0x08,0x6a,0xc6,0xff,0x07,0x65,0xc0,0xff,0x03,0x52,0xa7,0xff,0x00,0x3a,0x8b,0xff,0x00,0x37,0x87,0xfd,0x00,0x3b,0x8b,0xfe,
    0x00,0x3e,0x93,0xff,0x00,0x3a,0x8b,0x98,0x00,0x00,0x00,0x00,0x00,0x7f,0x7f,0x02,0x00,0x00,0xff,0x01,0x00,0x00,0x00,0x00,
    0x00,0x00,0x00,0x00,0x00,0x00,0x00,0x00,0x00,0x00,0x00,0x00,0x00,0x00,0x00,0x00,0x00,0x00,0x00,0x00,0x00,0x00,0x00,0x00,
    0x00,0x00,0x00,0x00,0x00,0x00,0x00,0x00,0x00,0x00,0x00,0x00,0x00,0x55,0xaa,0x03,0x04,0x00,0x00,0x00,0x00,0x19,0x74,0x65,
    0x5d,0x86,0xbd,0xff,0xff,0xff,0xff,0xfe,0xf6,0xf7,0xfa,0xfd,0xf8,0xf9,0xfc,0xff,0xfa,0xfb,0xfe,0xff,0xfa,0xfc,0xfe,0xff,
    0xfa,0xfc,0xfe,0xff,0xf9,0xfb,0xfd,0xff,0xf6,0xf9,0xfd,0xff,0xfa,0xfc,0xfe,0xff,0xff,0xff,0xff,0xff,0xa3,0xcf,0xf4,0xff,
    0x06,0x7f,0xe4,0xff,0x0c,0x83,0xe7,0xff,0x0d,0x85,0xe8,0xff,0x0d,0x84,0xe8,0xff,0x0d,0x85,0xe8,0xff,0x0d,0x85,0xe8,0xff,
    0x0d,0x85,0xe8,0xff,0x0c,0x84,0xe8,0xff,0x0c,0x84,0xe7,0xff,0x0c,0x83,0xe6,0xff,0x0c,0x81,0xe4,0xff,0x0c,0x7e,0xe0,0xff,
    0x0b,0x7b,0xdb,0xff,0x0a,0x75,0xd5,0xff,0x09,0x70,0xce,0xff,0x08,0x6b,0xc7,0xff,0x08,0x69,0xc6,0xff,0x06,0x5d,0xb6,0xff,
    0x01,0x40,0x92,0xff,0x00,0x37,0x87,0xfe,0x00,0x3a,0x8a,0xfc,0x00,0x3f,0x95,0xff,0x00,0x39,0x8b,0x9a,0x00,0x00,0x00,0x00,
    0x00,0x55,0xaa,0x03,0x00,0x00,0x00,0x00,0x00,0x00,0x00,0x00,0x00,0x00,0x00,0x00,0x00,0x00,0x00,0x00,0x00,0x00,0x00,0x00,
    0x00,0x00,0x00,0x00,0x00,0x00,0x00,0x00,0x00,0x00,0x00,0x00,0x00,0x00,0x00,0x00,0x00,0x55,0xaa,0x03,0x01,0x00,0x00,0x00,
    0x04,0x31,0x81,0x39,0x0d,0x40,0x90,0xfe,0xd5,0xdf,0xed,0xfd,0xfd,0xfd,0xff,0xfd,0xf8,0xf9,0xfc,0xff,0xfa,0xfc,0xfe,0xff,
    0xfa,0xfc,0xfe,0xff,0xfa,0xfc,0xfe,0xff,0xfa,0xfc,0xfe,0xff,0xfa,0xfc,0xfe,0xff,0xfa,0xfd,0xfe,0xff,0xf9,0xfc,0xfe,0xff,
    0xf6,0xfb,0xfe,0xff,0xff,0xff,0xff,0xff,0x8f,0xc7,0xf5,0xff,0x00,0x7e,0xe8,0xff,0x11,0x88,0xe9,0xff,0x0e,0x86,0xe9,0xff,
    0x0e,0x86,0xe9,0xff,0x0e,0x86,0xe9,0xff,0x0e,0x86,0xe9,0xff,0x0e,0x86,0xe9,0xff,0x0e,0x86,0xe9,0xff,0x0e,0x86,0xe9,0xff,
    0x0d,0x86,0xe9,0xff,0x0d,0x85,0xe8,0xff,0x0d,0x83,0xe6,0xff,0x0d,0x7f,0xe1,0xff,0x0b,0x7b,0xdb,0xff,0x0a,0x74,0xd3,0xff,
    0x09,0x6d,0xca,0xff,0x08,0x6a,0xc6,0xff,0x07,0x63,0xbd,0xff,0x01,0x42,0x93,0xff,0x00,0x37,0x86,0xff,0x00,0x3b,0x8a,0xfa,
    0x00,0x3f,0x96,0xff,0x00,0x38,0x88,0x70,0x00,0x00,0x00,0x00,0x00,0x3f,0x7f,0x04,0x00,0x00,0x00,0x00,0x00,0x00,0x00,0x00,
    0x00,0x00,0x00,0x00,0x00,0x00,0x00,0x00,0x00,0x00,0x00,0x00,0x00,0x00,0x00,0x00,0x00,0x00,0x00,0x00,0x00,0x00,0x7f,0x02,
    0x00,0x00,0x00,0x01,0x21,0x4d,0x90,0x17,0x00,0x30,0x85,0xe9,0x3f,0x6d,0xaa,0xfe,0xff,0xff,0xff,0xfd,0xf8,0xfa,0xfc,0xff,
    0xfa,0xfc,0xfe,0xff,0xfa,0xfc,0xfe,0xff,0xfa,0xfc,0xfe,0xff,0xfa,0xfc,0xfe,0xff,0xfa,0xfc,0xfe,0xff,0xfa,0xfd,0xfe,0xff,
    0xfa,0xfd,0xff,0xff,0xfa,0xfd,0xff,0xff,0xf9,0xfd,0xff,0xff,0xf6,0xfb,0xff,0xff,0xff,0xff,0xff,0xff,0x63,0xb1,0xf1,0xff,
    0x01,0x7f,0xe6,0xff,0x13,0x87,0xe6,0xff,0x0f,0x86,0xe7,0xff,0x0f,0x86,0xe7,0xff,0x0f,0x86,0xe7,0xff,0x0f,0x85,0xe6,0xff,
    0x0f,0x86,0xe7,0xff,0x0f,0x87,0xe8,0xff,0x0f,0x87,0xe9,0xff,0x0f,0x87,0xe9,0xff,0x0f,0x87,0xe9,0xff,0x0e,0x86,0xe8,0xff,
    0x0e,0x83,0xe4,0xff,0x0d,0x7e,0xde,0xff,0x0c,0x78,0xd6,0xff,0x0a,0x70,0xcc,0xff,0x09,0x6b,0xc6,0xff,0x08,0x63,0xbd,0xff,
    0x02,0x42,0x93,0xff,0x00,0x38,0x87,0xfe,0x00,0x3a,0x8b,0xfb,0x00,0x3d,0x90,0xff,0x00,0x37,0x88,0x45,0x00,0x00,0x00,0x00,
    0x00,0x55,0xaa,0x03,0x00,0x00,0x00,0x00,0x00,0x00,0x00,0x00,0x00,0x00,0x00,0x00,0x00,0x00,0x00,0x00,0x00,0x00,0x00,0x00,
    0x00,0x00,0x00,0x00,0x00,0x55,0xaa,0x03,0x00,0x00,0x00,0x00,0x05,0x3d,0x8d,0xba,0x00,0x31,0x8b,0xff,0x63,0x86,0xb6,0xfc,
    0xfe,0xfe,0xff,0xff,0xf7,0xf9,0xfc,0xff,0xfa,0xfc,0xfe,0xff,0xfa,0xfc,0xfe,0xff,0xfa,0xfc,0xfe,0xff,0xfa,0xfd,0xfe,0xff,
    0xfa,0xfd,0xff,0xff,0xfa,0xfd,0xff,0xff,0xfa,0xfd,0xff,0xff,0xfa,0xfd,0xff,0xff,0xfa,0xfd,0xff,0xff,0xf8,0xfc,0xff,0xff,
    0xfe,0xff,0xff,0xff,0xdd,0xee,0xfc,0xff,0x15,0x8e,0xf0,0xff,0x0f,0x8f,0xf4,0xff,0x12,0x8d,0xf0,0xff,0x11,0x8d,0xf1,0xff,
    0x11,0x8e,0xf2,0xff,0x12,0x91,0xf6,0xff,0x11,0x8e,0xf3,0xff,0x10,0x89,0xea,0xff,0x10,0x86,0xe6,0xff,0x10,0x88,0xe8,0xff,
    0x10,0x88,0xe9,0xff,0x10,0x88,0xe9,0xff,0x10,0x88,0xe9,0xff,0x0f,0x86,0xe6,0xff,0x0f,0x81,0xe0,0xff,0x0d,0x7a,0xd8,0xff,
    0x0b,0x71,0xcd,0xff,0x0a,0x6b,0xc6,0xff,0x08,0x64,0xbd,0xff,0x01,0x3f,0x90,0xff,0x00,0x38,0x88,0xfd,0x00,0x3c,0x8e,0xfe,
    0x00,0x3b,0x8c,0xe8,0x00,0x39,0x8b,0x16,0x00,0x00,0xff,0x01,0x00,0x00,0x7f,0x02,0x00,0x00,0x00,0x00,0x00,0x00,0x00,0x00,
    0x00,0x00,0x00,0x00,0x00,0x00,0x00,0x00,0x00,0x55,0xaa,0x03,0x00,0x00,0x00,0x00,0x00,0x39,0x87,0x6b,0x04,0x42,0x96,0xff,
    0x00,0x2b,0x81,0xfb,0x87,0xa2,0xc8,0xff,0xff,0xff,0xff,0xff,0xf6,0xf9,0xfc,0xff,0xfa,0xfc,0xfe,0xff,0xfa,0xfc,0xfe,0xff,
    0xfa,0xfd,0xfe,0xff,0xfa,0xfd,0xff,0xff,0xfa,0xfd,0xff,0xff,0xfa,0xfd,0xff,0xff,0xfa,0xfd,0xff,0xff,0xfa,0xfd,0xff,0xff,
    0xfa,0xfd,0xff,0xff,0xfa,0xfd,0xff,0xff,0xf6,0xfa,0xfd,0xff,0xff,0xff,0xff,0xff,0x73,0xa4,0xce,0xff,0x01,0x37,0x75,0xff,
    0x08,0x36,0x66,0xff,0x04,0x34,0x66,0xff,0x05,0x3c,0x71,0xff,0x09,0x53,0x96,0xff,0x0d,0x6b,0xba,0xff,0x11,0x87,0xe7,0xff,
    0x13,0x93,0xf7,0xff,0x12,0x8b,0xec,0xff,0x11,0x88,0xe8,0xff,0x11,0x8a,0xea,0xff,0x11,0x8a,0xea,0xff,0x11,0x89,0xea,0xff,
    0x10,0x88,0xe8,0xff,0x10,0x82,0xe2,0xff,0x0e,0x7b,0xd8,0xff,0x0c,0x71,0xcd,0xff,0x0b,0x6c,0xc7,0xff,0x07,0x5c,0xb4,0xff,
    0x00,0x3a,0x89,0xff,0x00,0x39,0x89,0xfc,0x00,0x3e,0x94,0xff,0x00,0x39,0x88,0xaa,0x00,0x00,0x00,0x00,0x00,0x55,0x55,0x03,
    0x00,0x00,0x00,0x00,0x00,0x00,0x00,0x00,0x00,0x00,0x00,0x00,0x00,0x00,0xff,0x01,0x00,0x00,0xff,0x01,0x00,0x43,0x86,0x13,
    0x00,0x3a,0x8b,0xee,0x04,0x3e,0x8f,0xfd,0x00,0x2c,0x81,0xfe,0x84,0xa1,0xc8,0xff,0xff,0xff,0xff,0xff,0xf6,0xf9,0xfc,0xff,
    0xfa,0xfc,0xfe,0xff,0xfa,0xfd,0xfe,0xff,0xfa,0xfd,0xff,0xff,0xfa,0xfd,0xff,0xff,0xfa,0xfd,0xff,0xff,0xfa,0xfd,0xff,0xff,
    0xfa,0xfd,0xff,0xff,0xfa,0xfd,0xff,0xff,0xfa,0xfd,0xff,0xff,0xfa,0xfc,0xfd,0xff,0xf7,0xf8,0xf9,0xff,0xfe,0xff,0xff,0xff,
    0xb8,0xb9,0xbf,0xff,0x00,0x08,0x27,0xff,0x01,0x14,0x32,0xff,0x00,0x12,0x31,0xff,0x00,0x11,0x30,0xff,0x00,0x10,0x2d,0xff,
    0x00,0x12,0x31,0xff,0x03,0x27,0x52,0xff,0x0a,0x51,0x92,0xff,0x12,0x87,0xe4,0xff,0x14,0x91,0xf3,0xff,0x13,0x89,0xe7,0xff,
    0x13,0x8b,0xea,0xff,0x13,0x8b,0xea,0xff,0x12,0x8b,0xea,0xff,0x12,0x89,0xe8,0xff,0x11,0x83,0xe1,0xff,0x0f,0x7b,0xd6,0xff,
    0x0c,0x70,0xca,0xff,0x0b,0x6d,0xc6,0xff,0x05,0x50,0xa4,0xff,0x00,0x37,0x87,0xff,0x00,0x3a,0x8a,0xfc,0x00,0x3d,0x92,0xff,
    0x00,0x3b,0x8b,0x40,0x00,0x00,0x00,0x00,0x00,0x55,0xaa,0x03,0x00,0x00,0x00,0x00,0x00,0x00,0x00,0x00,0x00,0x55,0xaa,0x03,
    0x00,0x00,0x00,0x00,0x00,0x39,0x89,0x80,0x00,0x3e,0x94,0xff,0x04,0x3b,0x8a,0xfb,0x00,0x30,0x86,0xff,0x70,0x9f,0xd1,0xff,
    0xff,0xff,0xff,0xff,0xf6,0xf9,0xfd,0xff,0xfa,0xfc,0xfe,0xff,0xfa,0xfd,0xff,0xff,0xfa,0xfd,0xff,0xff,0xfa,0xfd,0xff,0xff,
    0xfa,0xfd,0xff,0xff,0xfa,0xfd,0xff,0xff,0xfa,0xfd,0xff,0xff,0xfa,0xfd,0xff,0xff,0xfa,0xfb,0xfc,0xff,0xfa,0xfa,0xfb,0xff,
    0xf9,0xf9,0xfa,0xff,0xfd,0xfd,0xfd,0xff,0xef,0xf1,0xf5,0xff,0x1a,0x32,0x51,0xff,0x00,0x14,0x37,0xff,0x02,0x1b,0x3d,0xff,
    0x00,0x1a,0x3c,0xff,0x00,0x1a,0x3d,0xff,0x00,0x19,0x3c,0xff,0x00,0x15,0x35,0xff,0x00,0x0e,0x2c,0xff,0x03,0x26,0x4f,0xff,
    0x10,0x74,0xc6,0xff,0x16,0x94,0xf6,0xff,0x14,0x8b,0xe8,0xff,0x15,0x8c,0xea,0xff,0x15,0x8c,0xeb,0xff,0x14,0x8c,0xea,0xff,
    0x13,0x8a,0xe7,0xff,0x12,0x82,0xdf,0xff,0x0f,0x79,0xd3,0xff,0x0d,0x6f,0xc8,0xff,0x0b,0x69,0xc1,0xff,0x02,0x41,0x91,0xff,
    0x00,0x38,0x88,0xfc,0x00,0x3e,0x92,0xfe,0x00,0x39,0x89,0xbf,0x00,0x00,0x00,0x00,0x00,0x7f,0x7f,0x02,0x00,0x00,0x00,0x00,
    0x00,0x00,0xff,0x01,0x00,0x00,0x00,0x01,0x00,0x3f,0x8c,0x14,0x00,0x3a,0x8b,0xec,0x00,0x3c,0x8d,0xfe,0x02,0x38,0x86,0xfe,
    0x00,0x44,0x9b,0xff,0x48,0x92,0xd4,0xff,0xfe,0xfe,0xff,0xff,0xf9,0xfc,0xfe,0xff,0xfa,0xfd,0xfe,0xff,0xfa,0xfd,0xff,0xff,
    0xfa,0xfd,0xff,0xff,0xfa,0xfd,0xff,0xff,0xfa,0xfd,0xff,0xff,0xfa,0xfd,0xff,0xff,0xfa,0xfc,0xfe,0xff,0xfa,0xfa,0xfb,0xff,
    0xfa,0xfa,0xfb,0xff,0xfa,0xfa,0xfb,0xff,0xfa,0xfa,0xfb,0xff,0xf8,0xf8,0xf9,0xff,0xff,0xff,0xff,0xff,0x40,0x52,0x6b,0xff,
    0x00,0x0c,0x30,0xff,0x03,0x1b,0x3c,0xff,0x00,0x18,0x3a,0xff,0x00,0x18,0x3a,0xff,0x00,0x18,0x3a,0xff,0x00,0x19,0x3b,0xff,
    0x00,0x1b,0x3e,0xff,0x00,0x14,0x34,0xff,0x00,0x15,0x35,0xff,0x0e,0x61,0xa8,0xff,0x18,0x96,0xf7,0xff,0x16,0x8c,0xe8,0xff,
    0x16,0x8e,0xeb,0xff,0x16,0x8e,0xeb,0xff,0x16,0x8e,0xeb,0xff,0x15,0x8a,0xe6,0xff,0x12,0x81,0xdc,0xff,0x0f,0x75,0xce,0xff,
    0x0e,0x6f,0xc8,0xff,0x07,0x57,0xab,0xff,0x00,0x37,0x87,0xff,0x00,0x3a,0x8a,0xfd,0x00,0x3d,0x90,0xff,0x00,0x3a,0x89,0x41,
    0x00,0x00,0x00,0x00,0x00,0x55,0xaa,0x03,0x00,0x3f,0xbf,0x04,0x00,0x00,0x00,0x00,0x00,0x39,0x89,0x66,0x00,0x3f,0x94,0xff,
    0x00,0x39,0x89,0xfc,0x01,0x3a,0x8a,0xff,0x09,0x60,0xb7,0xff,0x16,0x76,0xcb,0xff,0xdd,0xeb,0xf8,0xff,0xfd,0xfe,0xff,0xff,
    0xf8,0xfc,0xfe,0xff,0xfa,0xfd,0xff,0xff,0xfa,0xfd,0xff,0xff,0xfa,0xfd,0xff,0xff,0xfa,0xfd,0xff,0xff,0xfa,0xfd,0xff,0xff,
    0xfa,0xfa,0xfb,0xff,0xfa,0xfa,0xfb,0xff,0xfa,0xfa,0xfb,0xff,0xfa,0xfa,0xfb,0xff,0xfa,0xfa,0xfb,0xff,0xf7,0xf7,0xf9,0xff,
    0xff,0xff,0xff,0xff,0x5e,0x6d,0x82,0xff,0x00,0x0a,0x2e,0xff,0x04,0x1b,0x3d,0xff,0x00,0x18,0x3a,0xff,0x00,0x18,0x3a,0xff,
    0x00,0x18,0x3a,0xff,0x00,0x18,0x3a,0xff,0x00,0x18,0x3a,0xff,0x00,0x1a,0x3c,0xff,0x00,0x18,0x39,0xff,0x00,0x10,0x2e,0xff,
    0x10,0x6a,0xb3,0xff,0x1a,0x98,0xf8,0xff,0x18,0x8e,0xe8,0xff,0x18,0x90,0xeb,0xff,0x18,0x90,0xeb,0xff,0x17,0x8e,0xea,0xff,
    0x16,0x88,0xe2,0xff,0x12,0x7d,0xd6,0xff,0x0f,0x72,0xca,0xff,0x0d,0x6a,0xc0,0xff,0x02,0x41,0x91,0xff,0x00,0x38,0x88,0xfb,
    0x00,0x3f,0x94,0xff,0x00,0x3a,0x89,0xa7,0x00,0x00,0x00,0x00,0x00,0x3f,0x7f,0x04,0x00,0x7f,0x7f,0x02,0x00,0x7f,0x7f,0x02,
    0x00,0x38,0x89,0xca,0x00,0x3d,0x91,0xfe,0x00,0x37,0x87,0xfc,0x03,0x44,0x96,0xff,0x12,0x6f,0xc4,0xff,0x03,0x6d,0xca,0xff,
    0xa0,0xcb,0xee,0xff,0xff,0xff,0xff,0xff,0xf7,0xfb,0xfe,0xff,0xfb,0xfd,0xff,0xff,0xfb,0xfd,0xff,0xff,0xfb,0xfd,0xff,0xff,
    0xfb,0xfd,0xff,0xff,0xfa,0xfb,0xfc,0xff,0xfa,0xfa,0xfb,0xff,0xfa,0xfa,0xfb,0xff,0xfa,0xfa,0xfb,0xff,0xfa,0xfa,0xfb,0xff,
    0xfa,0xfa,0xfb,0xff,0xf7,0xf7,0xf8,0xff,0xff,0xff,0xff,0xff,0x5e,0x6e,0x83,0xff,0x00,0x09,0x2d,0xff,0x03,0x1b,0x3d,0xff,
    0x00,0x18,0x3a,0xff,0x00,0x18,0x3a,0xff,0x00,0x18,0x3a,0xff,0x00,0x18,0x3a,0xff,0x00,0x18,0x3a,0xff,0x00,0x18,0x3a,0xff,
    0x00,0x19,0x3c,0xff,0x00,0x16,0x37,0xff,0x02,0x1d,0x41,0xff,0x17,0x83,0xd6,0xff,0x1b,0x96,0xf2,0xff,0x1a,0x91,0xea,0xff,
    0x1a,0x91,0xec,0xff,0x1a,0x91,0xec,0xff,0x18,0x8d,0xe7,0xff,0x16,0x84,0xdd,0xff,0x12,0x77,0xcf,0xff,0x10,0x71,0xc8,0xff,
    0x06,0x50,0xa3,0xff,0x00,0x36,0x86,0xfe,0x00,0x3c,0x8c,0xfe,0x00,0x3a,0x8c,0xf4,0x00,0x3d,0x8e,0x19,0x00,0x00,0x00,0x00,
    0x00,0x00,0x00,0x00,0x00,0x3a,0x89,0x1a,0x00,0x3a,0x8b,0xf6,0x00,0x3b,0x8c,0xff,0x00,0x36,0x85,0xfe,0x08,0x54,0xa8,0xff,
    0x14,0x74,0xc9,0xff,0x0d,0x77,0xd0,0xff,0x34,0x96,0xe3,0xff,0xf5,0xfa,0xfe,0xff,0xfb,0xfd,0xff,0xff,0xfa,0xfd,0xff,0xff,
    0xfb,0xfd,0xff,0xff,0xfb,0xfd,0xff,0xff,0xfb,0xfc,0xfd,0xff,0xfa,0xfa,0xfb,0xff,0xfa,0xfa,0xfb,0xff,0xfa,0xfa,0xfb,0xff,
    0xfa,0xfa,0xfb,0xff,0xfa,0xfa,0xfb,0xff,0xfa,0xfa,0xfb,0xff,0xf9,0xf9,0xfa,0xff,0xfc,0xfc,0xfd,0xff,0x3b,0x4d,0x67,0xff,
    0x00,0x0d,0x30,0xff,0x03,0x1b,0x3c,0xff,0x00,0x18,0x3a,0xff,0x00,0x18,0x3a,0xff,0x00,0x18,0x3a,0xff,0x00,0x18,0x3a,0xff,
    0x00,0x18,0x3a,0xff,0x00,0x18,0x3a,0xff,0x00,0x18,0x3a,0xff,0x00,0x1a,0x3d,0xff,0x00,0x10,0x2e,0xff,0x07,0x3a,0x6a,0xff,
    0x1d,0x98,0xf3,0xff,0x1c,0x93,0xeb,0xff,0x1c,0x93,0xec,0xff,0x1c,0x94,0xed,0xff,0x1b,0x92,0xeb,0xff,0x19,0x8a,0xe2,0xff,
    0x15,0x7e,0xd4,0xff,0x12,0x75,0xca,0xff,0x0c,0x61,0xb5,0xff,0x00,0x39,0x88,0xff,0x00,0x39,0x89,0xfc,0x00,0x3e,0x93,0xff,
    0x00,0x3a,0x8a,0x4f,0x00,0x00,0x00,0x00,0x00,0x00,0x00,0x00,0x00,0x3b,0x8a,0x51,0x00,0x3e,0x92,0xff,0x00,0x39,0x89,0xfc,
    0x00,0x3a,0x89,0xff,0x0e,0x65,0xb9,0xff,0x13,0x76,0xcb,0xff,0x1a,0x82,0xd6,0xff,0x0c,0x86,0xe3,0xff,0x91,0xcb,0xf5,0xff,
    0xff,0xff,0xff,0xff,0xf7,0xfb,0xff,0xff,0xfb,0xfd,0xff,0xff,0xfb,0xfd,0xff,0xff,0xfa,0xfa,0xfb,0xff,0xfa,0xfa,0xfb,0xff,
    0xfa,0xfa,0xfb,0xff,0xfa,0xfa,0xfb,0xff,0xfa,0xfa,0xfb,0xff,0xfa,0xfa,0xfb,0xff,0xf9,0xfa,0xfb,0xff,0xfc,0xfc,0xfc,0xff,
    0xf7,0xf7,0xf8,0xff,0x1d,0x34,0x52,0xff,0x00,0x12,0x35,0xff,0x02,0x19,0x3b,0xff,0x00,0x18,0x3a,0xff,0x00,0x18,0x3a,0xff,
    0x00,0x18,0x3a,0xff,0x00,0x18,0x3a,0xff,0x00,0x18,0x3a,0xff,0x00,0x18,0x3a,0xff,0x00,0x18,0x3a,0xff,0x00,0x18,0x3a,0xff,
    0x00,0x19,0x3c,0xff,0x00,0x13,0x33,0xff,0x17,0x7b,0xc6,0xff,0x20,0x9c,0xf6,0xff,0x1e,0x94,0xeb,0xff,0x1e,0x96,0xed,0xff,
    0x1e,0x95,0xed,0xff,0x1c,0x90,0xe6,0xff,0x18,0x84,0xda,0xff,0x14,0x77,0xcc,0xff,0x10,0x6e,0xc2,0xff,0x02,0x42,0x92,0xff,
    0x00,0x37,0x88,0xfb,0x00,0x3f,0x95,0xff,0x00,0x3b,0x8a,0x8e,0x00,0x00,0x00,0x00,0x00,0x00,0x00,0x00,0x00,0x39,0x8b,0x84,
    0x00,0x3f,0x95,0xff,0x00,0x37,0x88,0xfb,0x02,0x40,0x90,0xff,0x11,0x6e,0xc1,0xff,0x15,0x79,0xcd,0xff,0x1b,0x86,0xdb,0xff,
    0x1f,0x92,0xe7,0xff,0x1a,0x94,0xed,0xff,0xba,0xdf,0xfa,0xff,0xff,0xff,0xff,0xff,0xf7,0xfb,0xff,0xff,0xfa,0xfb,0xfd,0xff,
    0xfa,0xfa,0xfb,0xff,0xfa,0xfa,0xfb,0xff,0xfa,0xfa,0xfb,0xff,0xfa,0xfa,0xfb,0xff,0xfa,0xfa,0xfb,0xff,0xfa,0xfa,0xfb,0xff,
    0xf6,0xf6,0xf8,0xff,0xff,0xff,0xff,0xff,0xb1,0xb8,0xc3,0xff,0x01,0x10,0x34,0xff,0x02,0x1a,0x3b,0xff,0x00,0x18,0x3a,0xff,
    0x00,0x18,0x3a,0xff,0x00,0x18,0x3a,0xff,0x00,0x18,0x3a,0xff,0x00,0x18,0x3a,0xff,0x00,0x18,0x3a,0xff,0x00,0x18,0x3a,0xff,
    0x00,0x18,0x3a,0xff,0x00,0x18,0x3a,0xff,0x00,0x1a,0x3d,0xff,0x00,0x0f,0x2e,0xff,0x0d,0x4b,0x81,0xff,0x22,0xa1,0xfa,0xff,
    0x20,0x96,0xeb,0xff,0x21,0x98,0xee,0xff,0x21,0x98,0xee,0xff,0x1f,0x94,0xe9,0xff,0x1b,0x89,0xde,0xff,0x16,0x7b,0xcf,0xff,
    0x14,0x74,0xc7,0xff,0x06,0x4b,0x9c,0xff,0x00,0x36,0x86,0xfc,0x00,0x3e,0x93,0xff,0x00,0x39,0x8a,0xc0,0x00,0x00,0x7f,0x02,
    0x00,0x00,0x00,0x00,0x00,0x38,0x8a,0xb3,0x00,0x3e,0x93,0xff,0x00,0x37,0x86,0xfc,0x05,0x47,0x98,0xff,0x15,0x74,0xc6,0xff,
    0x18,0x7c,0xcf,0xff,0x1d,0x8a,0xde,0xff,0x23,0x97,0xea,0xff,0x1f,0x99,0xee,0xff,0x29,0x9d,0xef,0xff,0xcb,0xe7,0xfb,0xff,
    0xff,0xff,0xff,0xff,0xf8,0xfa,0xfc,0xff,0xf7,0xf7,0xf8,0xff,0xf9,0xf9,0xfa,0xff,0xfa,0xfa,0xfb,0xff,0xfa,0xfa,0xfb,0xff,
    0xfa,0xfa,0xfb,0xff,0xf7,0xf7,0xf8,0xff,0xf8,0xf8,0xfa,0xff,0xff,0xff,0xff,0xff,0x37,0x4a,0x64,0xff,0x00,0x0d,0x30,0xff,
    0x03,0x1b,0x3c,0xff,0x00,0x18,0x3a,0xff,0x00,0x18,0x3a,0xff,0x00,0x18,0x3a,0xff,0x00,0x18,0x3a,0xff,0x00,0x18,0x3a,0xff,
    0x00,0x18,0x3a,0xff,0x00,0x18,0x3a,0xff,0x00,0x18,0x3a,0xff,0x00,0x18,0x3a,0xff,0x00,0x1a,0x3b,0xff,0x00,0x14,0x34,0xff,
    0x05,0x2b,0x54,0xff,0x23,0x9a,0xee,0xff,0x23,0x9b,0xef,0xff,0x23,0x9a,0xee,0xff,0x23,0x9a,0xee,0xff,0x22,0x98,0xec,0xff,
    0x1e,0x8e,0xe2,0xff,0x19,0x7f,0xd2,0xff,0x16,0x78,0xcb,0xff,0x09,0x54,0xa5,0xff,0x00,0x36,0x85,0xfe,0x00,0x3c,0x8f,0xff,
    0x00,0x39,0x89,0xe6,0x00,0x36,0x91,0x0e,0x00,0x33,0x99,0x05,0x00,0x39,0x89,0xc8,0x00,0x3d,0x92,0xff,0x00,0x36,0x86,0xfd,
    0x09,0x51,0xa2,0xff,0x17,0x78,0xc9,0xff,0x1a,0x80,0xd1,0xff,0x20,0x8f,0xe1,0xff,0x23,0x99,0xec,0xff,0x27,0x9d,0xef,0xff,
    0x22,0x9b,0xef,0xff,0x27,0x9d,0xef,0xff,0xac,0xd8,0xf7,0xff,0xff,0xff,0xff,0xff,0xff,0xff,0xff,0xff,0xfc,0xfc,0xfd,0xff,
    0xf9,0xf9,0xfa,0xff,0xf7,0xf8,0xf9,0xff,0xfa,0xfa,0xfb,0xff,0xff,0xff,0xff,0xff,0xff,0xff,0xff,0xff,0x71,0x7e,0x91,0xff,
    0x00,0x0d,0x30,0xff,0x02,0x1b,0x3c,0xff,0x00,0x18,0x3a,0xff,0x00,0x18,0x3a,0xff,0x00,0x18,0x3a,0xff,0x00,0x18,0x3a,0xff,
    0x00,0x18,0x3a,0xff,0x00,0x18,0x3a,0xff,0x00,0x18,0x3a,0xff,0x00,0x18,0x3a,0xff,0x00,0x18,0x3a,0xff,0x00,0x18,0x3a,0xff,
    0x00,0x19,0x3b,0xff,0x00,0x17,0x39,0xff,0x01,0x1c,0x3f,0xff,0x21,0x8c,0xd9,0xff,0x27,0xa0,0xf4,0xff,0x25,0x9b,0xee,0xff,
    0x25,0x9d,0xef,0xff,0x24,0x9b,0xed,0xff,0x21,0x92,0xe4,0xff,0x1b,0x83,0xd5,0xff,0x18,0x7a,0xcb,0xff,0x0e,0x5f,0xaf,0xff,
    0x00,0x37,0x87,0xfe,0x00,0x3b,0x8d,0xff,0x00,0x3a,0x8a,0xf1,0x00,0x37,0x87,0x20,0x00,0x35,0x86,0x13,0x00,0x39,0x89,0xed,
    0x00,0x3c,0x8e,0xff,0x00,0x36,0x85,0xfe,0x0b,0x56,0xa6,0xff,0x19,0x7b,0xcb,0xff,0x1c,0x83,0xd3,0xff,0x22,0x92,0xe2,0xff,
    0x26,0x9d,0xed,0xff,0x27,0x9f,0xef,0xff,0x29,0x9f,0xef,0xff,0x27,0xa1,0xf3,0xff,0x1c,0x91,0xe1,0xff,0x40,0x53,0x70,0xff,
    0xab,0xb1,0xbc,0xff,0xf1,0xf2,0xf4,0xff,0xff,0xff,0xff,0xff,0xff,0xff,0xff,0xff,0xf9,0xf9,0xfa,0xff,0xce,0xd3,0xd9,0xff,
    0x56,0x63,0x7a,0xff,0x00,0x0c,0x2f,0xff,0x02,0x1a,0x3c,0xff,0x00,0x18,0x3a,0xff,0x00,0x18,0x3a,0xff,0x00,0x18,0x3a,0xff,
    0x00,0x18,0x3a,0xff,0x00,0x18,0x3a,0xff,0x00,0x18,0x3a,0xff,0x00,0x18,0x3a,0xff,0x00,0x18,0x3a,0xff,0x00,0x18,0x3a,0xff,
    0x00,0x18,0x3a,0xff,0x00,0x18,0x3a,0xff,0x00,0x18,0x3a,0xff,0x00,0x19,0x3c,0xff,0x00,0x12,0x32,0xff,0x1d,0x7b,0xc0,0xff,
    0x2a,0xa6,0xfa,0xff,0x27,0x9d,0xed,0xff,0x28,0x9f,0xef,0xff,0x27,0x9e,0xee,0xff,0x24,0x96,0xe6,0xff,0x1e,0x87,0xd7,0xff,
    0x1a,0x7c,0xcc,0xff,0x10,0x64,0xb4,0xff,0x00,0x37,0x87,0xff,0x00,0x3a,0x8a,0xfe,0x00,0x3c,0x8f,0xff,0x00,0x3c,0x8a,0x48,
    0x00,0x38,0x8d,0x12,0x00,0x39,0x89,0xeb,0x00,0x3c,0x8e,0xff,0x00,0x36,0x85,0xfe,0x0b,0x56,0xa6,0xff,0x1b,0x7d,0xcc,0xff,
    0x1e,0x85,0xd4,0xff,0x25,0x95,0xe4,0xff,0x29,0xa0,0xee,0xff,0x2a,0xa2,0xf0,0xff,0x2a,0xa0,0xef,0xff,0x2c,0xa4,0xf3,0xff,
    0x29,0x9a,0xe5,0xff,0x00,0x15,0x3c,0xff,0x00,0x0e,0x30,0xff,0x1b,0x30,0x4f,0xff,0x3a,0x4d,0x67,0xff,0x4c,0x5c,0x74,0xff,
    0x2c,0x40,0x5c,0xff,0x01,0x18,0x3a,0xff,0x00,0x0b,0x2f,0xff,0x03,0x1b,0x3c,0xff,0x00,0x18,0x3a,0xff,0x00,0x18,0x3a,0xff,
    0x00,0x18,0x3a,0xff,0x00,0x18,0x3a,0xff,0x00,0x18,0x3a,0xff,0x00,0x18,0x3a,0xff,0x00,0x18,0x3a,0xff,0x00,0x18,0x3a,0xff,
    0x00,0x18,0x3a,0xff,0x00,0x18,0x3a,0xff,0x00,0x18,0x3a,0xff,0x00,0x18,0x3a,0xff,0x00,0x18,0x3a,0xff,0x00,0x19,0x3c,0xff,
    0x00,0x12,0x32,0xff,0x1f,0x7e,0xc1,0xff,0x2c,0xa9,0xfa,0xff,0x29,0xa0,0xee,0xff,0x2a,0xa2,0xf0,0xff,0x29,0xa0,0xef,0xff,
    0x26,0x99,0xe7,0xff,0x20,0x89,0xd8,0xff,0x1c,0x7e,0xcd,0xff,0x11,0x64,0xb4,0xff,0x00,0x37,0x87,0xff,0x00,0x3a,0x8a,0xfe,
    0x00,0x3c,0x8e,0xff,0x00,0x3a,0x8a,0x46,0x00,0x38,0x8d,0x12,0x00,0x39,0x8a,0xea,0x00,0x3c,0x8e,0xff,0x00,0x35,0x85,0xfe,
    0x0c,0x57,0xa6,0xff,0x1c,0x7e,0xcc,0xff,0x20,0x86,0xd4,0xff,0x27,0x97,0xe4,0xff,0x2b,0xa1,0xee,0xff,0x2d,0xa4,0xf1,0xff,
    0x2d,0xa3,0xf0,0xff,0x2e,0xa6,0xf4,0xff,0x2a,0x9c,0xe6,0xff,0x06,0x26,0x4b,0xff,0x02,0x17,0x38,0xff,0x00,0x13,0x36,0xff,
    0x00,0x0d,0x31,0xff,0x00,0x0b,0x2f,0xff,0x00,0x0f,0x33,0xff,0x00,0x18,0x3a,0xff,0x03,0x1b,0x3d,0xff,0x00,0x18,0x3a,0xff,
    0x00,0x18,0x3a,0xff,0x00,0x18,0x3a,0xff,0x00,0x18,0x3a,0xff,0x00,0x18,0x3a,0xff,0x00,0x18,0x3a,0xff,0x00,0x18,0x3a,0xff,
    0x00,0x18,0x3a,0xff,0x00,0x18,0x3a,0xff,0x00,0x18,0x3a,0xff,0x00,0x18,0x3a,0xff,0x00,0x18,0x3a,0xff,0x00,0x18,0x3a,0xff,
    0x00,0x18,0x3a,0xff,0x00,0x19,0x3c,0xff,0x00,0x13,0x34,0xff,0x22,0x82,0xc4,0xff,0x2f,0xab,0xfa,0xff,0x2c,0xa2,0xef,0xff,
    0x2d,0xa4,0xf1,0xff,0x2c,0xa3,0xf0,0xff,0x28,0x9a,0xe8,0xff,0x22,0x8a,0xd8,0xff,0x1d,0x7f,0xce,0xff,0x12,0x66,0xb4,0xff,
    0x00,0x37,0x87,0xff,0x00,0x3a,0x8a,0xfe,0x00,0x3c,0x8e,0xff,0x00,0x3b,0x8c,0x45,0x00,0x35,0x93,0x13,0x00,0x39,0x89,0xef,
    0x00,0x3c,0x8e,0xff,0x00,0x35,0x85,0xfe,0x0c,0x56,0xa5,0xff,0x1e,0x7f,0xcc,0xff,0x21,0x87,0xd4,0xff,0x29,0x98,0xe4,0xff,
    0x2d,0xa3,0xef,0xff,0x2f,0xa7,0xf2,0xff,0x2f,0xa7,0xf2,0xff,0x2f,0xa6,0xf0,0xff,0x31,0xab,0xf8,0xff,0x0b,0x3a,0x65,0xff,
    0x00,0x11,0x31,0xff,0x02,0x1b,0x3d,0xff,0x03,0x1a,0x3c,0xff,0x03,0x1b,0x3c,0xff,0x02,0x1a,0x3c,0xff,0x01,0x19,0x3a,0xff,
    0x00,0x18,0x3a,0xff,0x00,0x18,0x3a,0xff,0x00,0x18,0x3a,0xff,0x00,0x18,0x3a,0xff,0x00,0x18,0x3a,0xff,0x00,0x18,0x3a,0xff,
    0x00,0x18,0x3a,0xff,0x00,0x18,0x3a,0xff,0x00,0x18,0x3a,0xff,0x00,0x18,0x3a,0xff,0x00,0x18,0x3a,0xff,0x00,0x18,0x3a,0xff,
    0x00,0x18,0x3a,0xff,0x00,0x18,0x3a,0xff,0x00,0x19,0x3b,0xff,0x00,0x16,0x38,0xff,0x03,0x20,0x44,0xff,0x2b,0x9b,0xe3,0xff,
    0x30,0xa9,0xf5,0xff,0x2f,0xa6,0xf1,0xff,0x2f,0xa7,0xf2,0xff,0x2e,0xa5,0xf0,0xff,0x2a,0x9c,0xe7,0xff,0x23,0x8b,0xd8,0xff,
    0x1f,0x80,0xcd,0xff,0x13,0x65,0xb3,0xff,0x00,0x37,0x87,0xff,0x00,0x3a,0x8a,0xfe,0x00,0x3d,0x8f,0xff,0x00,0x3a,0x89,0x4a,
    0x00,0x38,0x8d,0x09,0x00,0x39,0x8a,0xd2,0x00,0x3d,0x91,0xff,0x00,0x36,0x86,0xfd,0x08,0x4b,0x99,0xff,0x1e,0x7e,0xc9,0xff,
    0x22,0x87,0xd2,0xff,0x2a,0x98,0xe2,0xff,0x30,0xa5,0xee,0xff,0x32,0xa9,0xf2,0xff,0x32,0xa9,0xf2,0xff,0x31,0xa7,0xef,0xff,
    0x36,0xb3,0xfe,0xff,0x15,0x55,0x88,0xff,0x00,0x0d,0x2c,0xff,0x01,0x1a,0x3d,0xff,0x00,0x18,0x3a,0xff,0x00,0x18,0x3a,0xff,
    0x00,0x18,0x3a,0xff,0x00,0x18,0x3a,0xff,0x00,0x18,0x3a,0xff,0x00,0x18,0x3a,0xff,0x00,0x18,0x3a,0xff,0x00,0x18,0x3a,0xff,
    0x00,0x18,0x3a,0xff,0x00,0x18,0x3a,0xff,0x00,0x18,0x3a,0xff,0x00,0x18,0x3a,0xff,0x00,0x18,0x3a,0xff,0x00,0x18,0x3a,0xff,
    0x00,0x18,0x3a,0xff,0x00,0x18,0x3a,0xff,0x00,0x18,0x3a,0xff,0x00,0x18,0x3a,0xff,0x01,0x1a,0x3c,0xff,0x00,0x12,0x32,0xff,
    0x09,0x33,0x5d,0xff,0x33,0xac,0xf6,0xff,0x32,0xa9,0xf1,0xff,0x32,0xa9,0xf2,0xff,0x32,0xa9,0xf2,0xff,0x31,0xa7,0xf0,0xff,
    0x2c,0x9c,0xe6,0xff,0x24,0x8b,0xd6,0xff,0x20,0x82,0xce,0xff,0x0f,0x5a,0xa8,0xff,0x00,0x35,0x86,0xfe,0x00,0x3b,0x8c,0xff,
    0x00,0x3a,0x8b,0xf5,0x00,0x39,0x8b,0x2c,0x00,0x00,0x00,0x00,0x00,0x3a,0x8a,0xb8,0x00,0x3e,0x93,0xff,0x00,0x36,0x86,0xfc,
    0x06,0x47,0x96,0xff,0x1e,0x7c,0xc7,0xff,0x23,0x86,0xd1,0xff,0x2b,0x97,0xe0,0xff,0x31,0xa5,0xed,0xff,0x35,0xac,0xf3,0xff,
    0x35,0xac,0xf3,0xff,0x34,0xa9,0xf1,0xff,0x38,0xb4,0xfc,0xff,0x27,0x84,0xc2,0xff,0x00,0x12,0x33,0xff,0x00,0x19,0x3c,0xff,
    0x00,0x18,0x3a,0xff,0x00,0x18,0x3a,0xff,0x00,0x18,0x3a,0xff,0x00,0x18,0x3a,0xff,0x00,0x18,0x3a,0xff,0x00,0x18,0x3a,0xff,
    0x00,0x18,0x3a,0xff,0x00,0x18,0x3a,0xff,0x00,0x18,0x3a,0xff,0x00,0x18,0x3a,0xff,0x00,0x18,0x3a,0xff,0x00,0x18,0x3a,0xff,
    0x00,0x18,0x3a,0xff,0x00,0x18,0x3a,0xff,0x00,0x18,0x3a,0xff,0x00,0x18,0x3a,0xff,0x00,0x18,0x3a,0xff,0x00,0x18,0x3a,0xff,
    0x01,0x1b,0x3d,0xff,0x00,0x0e,0x2d,0xff,0x1a,0x61,0x96,0xff,0x38,0xb6,0xff,0xff,0x34,0xa9,0xf0,0xff,0x35,0xac,0xf3,0xff,
    0x35,0xac,0xf3,0xff,0x33,0xa8,0xef,0xff,0x2d,0x9b,0xe4,0xff,0x25,0x8a,0xd4,0xff,0x21,0x81,0xcc,0xff,0x0c,0x55,0xa4,0xff,
    0x00,0x35,0x85,0xfe,0x00,0x3c,0x8e,0xff,0x00,0x39,0x88,0xeb,0x00,0x33,0x88,0x0f,0x00,0x00,0x00,0x00,0x00,0x3a,0x8a,0x91,
    0x00,0x3f,0x94,0xff,0x00,0x39,0x89,0xfb,0x01,0x3c,0x8c,0xff,0x1b,0x74,0xbf,0xff,0x24,0x87,0xd0,0xff,0x2b,0x95,0xdd,0xff,
    0x32,0xa5,0xeb,0xff,0x36,0xad,0xf3,0xff,0x37,0xae,0xf4,0xff,0x37,0xae,0xf3,0xff,0x37,0xaf,0xf4,0xff,0x38,0xb0,0xf6,0xff,
    0x08,0x30,0x57,0xff,0x00,0x12,0x33,0xff,0x01,0x1a,0x3c,0xff,0x00,0x18,0x3a,0xff,0x00,0x18,0x3a,0xff,0x00,0x18,0x3a,0xff,
    0x00,0x18,0x3a,0xff,0x00,0x18,0x3a,0xff,0x00,0x18,0x3a,0xff,0x00,0x18,0x3a,0xff,0x00,0x18,0x3a,0xff,0x00,0x18,0x3a,0xff,
    0x00,0x18,0x3a,0xff,0x00,0x18,0x3a,0xff,0x00,0x18,0x3a,0xff,0x00,0x18,0x3a,0xff,0x00,0x18,0x3a,0xff,0x00,0x18,0x3a,0xff,
    0x00,0x18,0x3a,0xff,0x00,0x19,0x3b,0xff,0x01,0x18,0x3b,0xff,0x01,0x17,0x39,0xff,0x30,0x9a,0xdb,0xff,0x39,0xb4,0xfa,0xff,
    0x37,0xad,0xf2,0xff,0x37,0xae,0xf4,0xff,0x37,0xae,0xf4,0xff,0x34,0xa8,0xee,0xff,0x2d,0x99,0xe1,0xff,0x25,0x88,0xd2,0xff,
    0x20,0x7e,0xc8,0xff,0x06,0x47,0x96,0xff,0x00,0x36,0x87,0xfd,0x00,0x3d,0x91,0xff,0x00,0x3a,0x8a,0xca,0x00,0x2a,0x7f,0x06,
    0x00,0x00,0x00,0x00,0x00,0x3b,0x8b,0x5f,0x00,0x3e,0x94,0xff,0x00,0x3a,0x8a,0xfc,0x00,0x36,0x86,0xff,0x16,0x68,0xb3,0xff,
    0x25,0x87,0xcf,0xff,0x2b,0x91,0xd8,0xff,0x33,0xa3,0xe8,0xff,0x38,0xae,0xf2,0xff,0x3a,0xb1,0xf5,0xff,0x3a,0xb1,0xf5,0xff,
    0x39,0xaf,0xf2,0xff,0x3d,0xba,0xfe,0xff,0x26,0x7d,0xb6,0xff,0x00,0x0d,0x2d,0xff,0x01,0x1b,0x3d,0xff,0x00,0x18,0x3a,0xff,
    0x00,0x18,0x3a,0xff,0x00,0x18,0x3a,0xff,0x00,0x18,0x3a,0xff,0x00,0x18,0x3a,0xff,0x00,0x18,0x3a,0xff,0x00,0x18,0x3a,0xff,
    0x00,0x18,0x3a,0xff,0x00,0x18,0x3a,0xff,0x00,0x18,0x3a,0xff,0x00,0x18,0x3a,0xff,0x00,0x18,0x3a,0xff,0x00,0x18,0x3a,0xff,
    0x00,0x18,0x3a,0xff,0x00,0x18,0x3a,0xff,0x01,0x19,0x3b,0xff,0x01,0x1b,0x3e,0xff,0x00,0x0a,0x29,0xff,0x19,0x59,0x88,0xff,
    0x3e,0xba,0xff,0xff,0x39,0xaf,0xf2,0xff,0x3a,0xb1,0xf5,0xff,0x3a,0xb1,0xf4,0xff,0x39,0xaf,0xf3,0xff,0x34,0xa6,0xeb,0xff,
    0x2d,0x96,0xdc,0xff,0x26,0x88,0xd0,0xff,0x1d,0x76,0xc0,0xff,0x01,0x3c,0x8c,0xff,0x00,0x39,0x89,0xfb,0x00,0x3f,0x94,0xff,
    0x00,0x3a,0x8a,0x9d,0x00,0x00,0x00,0x00,0x00,0x00,0x00,0x00,0x00,0x3e,0x90,0x25,0x00,0x3b,0x8c,0xfa,0x01,0x3b,0x8b,0xfe,
    0x00,0x36,0x86,0xff,0x0b,0x52,0x9f,0xff,0x25,0x85,0xcc,0xff,0x29,0x8d,0xd3,0xff,0x32,0x9e,0xe3,0xff,0x39,0xad,0xef,0xff,
    0x3c,0xb3,0xf5,0xff,0x3c,0xb3,0xf5,0xff,0x3d,0xb3,0xf5,0xff,0x3c,0xb2,0xf3,0xff,0x40,0xbc,0xff,0xff,0x17,0x53,0x81,0xff,
    0x00,0x0b,0x2b,0xff,0x01,0x1c,0x3f,0xff,0x00,0x18,0x3a,0xff,0x00,0x18,0x3a,0xff,0x00,0x18,0x3a,0xff,0x00,0x18,0x3a,0xff,
    0x00,0x18,0x3a,0xff,0x00,0x18,0x3a,0xff,0x00,0x18,0x3a,0xff,0x00,0x18,0x3a,0xff,0x00,0x18,0x3a,0xff,0x00,0x18,0x3a,0xff,
    0x00,0x18,0x3a,0xff,0x00,0x18,0x3a,0xff,0x00,0x18,0x3a,0xff,0x00,0x19,0x3a,0xff,0x00,0x17,0x39,0xff,0x00,0x12,0x33,0xff,
    0x10,0x38,0x5f,0xff,0x37,0xaf,0xf0,0xff,0x3d,0xb5,0xf7,0xff,0x3c,0xb2,0xf4,0xff,0x3c,0xb3,0xf5,0xff,0x3d,0xb3,0xf5,0xff,
    0x3a,0xaf,0xf1,0xff,0x34,0xa2,0xe6,0xff,0x2b,0x91,0xd7,0xff,0x26,0x88,0xce,0xff,0x14,0x63,0xae,0xff,0x00,0x36,0x86,0xff,
    0x00,0x3a,0x8a,0xfc,0x00,0x3e,0x94,0xff,0x00,0x3b,0x8a,0x5e,0x00,0x00,0x00,0x00,0x00,0x00,0x00,0x01,0x00,0x33,0x99,0x05,
    0x00,0x39,0x89,0xdb,0x00,0x3c,0x8f,0xff,0x00,0x39,0x89,0xfd,0x01,0x3c,0x8c,0xff,0x20,0x79,0xc1,0xff,0x29,0x8b,0xd0,0xff,
    0x30,0x99,0xdd,0xff,0x38,0xa9,0xeb,0xff,0x3d,0xb4,0xf4,0xff,0x3f,0xb6,0xf6,0xff,0x3f,0xb6,0xf6,0xff,0x3f,0xb5,0xf5,0xff,
    0x40,0xb8,0xf8,0xff,0x3e,0xb4,0xf3,0xff,0x0d,0x37,0x5e,0xff,0x00,0x0b,0x2b,0xff,0x01,0x1c,0x3e,0xff,0x00,0x19,0x3b,0xff,
    0x00,0x18,0x3a,0xff,0x00,0x18,0x3a,0xff,0x00,0x18,0x3a,0xff,0x00,0x18,0x3a,0xff,0x00,0x18,0x3a,0xff,0x00,0x18,0x3a,0xff,
    0x00,0x18,0x3a,0xff,0x00,0x18,0x3a,0xff,0x00,0x18,0x3a,0xff,0x00,0x18,0x3a,0xff,0x01,0x19,0x3b,0xff,0x01,0x17,0x3a,0xff,
    0x15,0x27,0x46,0xff,0x5f,0x6f,0x85,0xff,0x87,0xc6,0xea,0xff,0x5f,0xc6,0xfd,0xff,0x3a,0xb3,0xf4,0xff,0x40,0xb6,0xf6,0xff,
    0x3f,0xb6,0xf6,0xff,0x3e,0xb5,0xf5,0xff,0x3a,0xad,0xee,0xff,0x32,0x9d,0xe1,0xff,0x2a,0x8c,0xd2,0xff,0x25,0x83,0xca,0xff,
    0x07,0x48,0x96,0xff,0x00,0x37,0x87,0xff,0x00,0x3b,0x8b,0xfe,0x00,0x3a,0x8d,0xfc,0x00,0x3e,0x89,0x25,0x00,0x00,0x00,0x00,
    0x00,0x3f,0x7f,0x04,0x00,0x00,0x00,0x00,0x00,0x39,0x8b,0x80,0x00,0x3e,0x93,0xff,0x00,0x3a,0x8b,0xfb,0x00,0x35,0x86,0xff,
    0x12,0x5d,0xa8,0xff,0x29,0x8a,0xcf,0xff,0x2d,0x91,0xd5,0xff,0x36,0xa3,0xe4,0xff,0x3d,0xb1,0xf0,0xff,0x41,0xb8,0xf6,0xff,
    0x42,0xb8,0xf7,0xff,0x42,0xb8,0xf7,0xff,0x41,0xb6,0xf5,0xff,0x43,0xbc,0xfa,0xff,0x3f,0xb1,0xee,0xff,0x12,0x42,0x6b,0xff,
    0x00,0x0b,0x2c,0xff,0x00,0x18,0x3a,0xff,0x01,0x1b,0x3e,0xff,0x00,0x19,0x3b,0xff,0x00,0x18,0x3a,0xff,0x00,0x18,0x3a,0xff,
    0x00,0x18,0x3a,0xff,0x00,0x18,0x3a,0xff,0x00,0x18,0x3a,0xff,0x00,0x18,0x3a,0xff,0x00,0x19,0x3b,0xff,0x01,0x1b,0x3d,0xff,
    0x01,0x1a,0x3c,0xff,0x00,0x0e,0x2e,0xff,0x62,0x77,0x8e,0xff,0x94,0xce,0xed,0xff,0x97,0xdc,0xff,0xff,0x94,0xd5,0xf8,0xff,
    0x4f,0xbd,0xf7,0xff,0x3f,0xb7,0xf6,0xff,0x42,0xb8,0xf6,0xff,0x3f,0xb3,0xf2,0xff,0x38,0xa7,0xe8,0xff,0x30,0x96,0xd9,0xff,
    0x2a,0x8b,0xd0,0xff,0x1b,0x6e,0xb6,0xff,0x00,0x38,0x88,0xff,0x00,0x3a,0x8a,0xfc,0x00,0x3d,0x91,0xfe,0x00,0x39,0x89,0xbf,
    0x00,0x00,0x7f,0x02,0x00,0x55,0x55,0x03,0x00,0x00,0x7f,0x02,0x00,0x00,0x00,0x00,0x00,0x3a,0x8a,0x23,0x00,0x3b,0x8c,0xf8,
    0x00,0x3a,0x8b,0xfe,0x00,0x39,0x89,0xfe,0x03,0x3e,0x8e,0xff,0x24,0x7e,0xc4,0xff,0x2c,0x8d,0xd0,0xff,0x33,0x9b,0xdc,0xff,
    0x3b,0xab,0xea,0xff,0x41,0xb6,0xf4,0xff,0x44,0xba,0xf7,0xff,0x44,0xba,0xf7,0xff,0x44,0xbb,0xf7,0xff,0x43,0xb9,0xf5,0xff,
    0x45,0xbd,0xfa,0xff,0x46,0xc1,0xfe,0xff,0x23,0x6a,0x98,0xff,0x01,0x17,0x39,0xff,0x00,0x0c,0x2c,0xff,0x00,0x14,0x35,0xff,
    0x00,0x19,0x3b,0xff,0x01,0x1a,0x3d,0xff,0x01,0x1b,0x3d,0xff,0x01,0x1b,0x3d,0xff,0x01,0x1b,0x3d,0xff,0x01,0x19,0x3b,0xff,
    0x00,0x16,0x37,0xff,0x00,0x0e,0x2e,0xff,0x00,0x0e,0x2f,0xff,0x1b,0x53,0x7d,0xff,0x8f,0xd3,0xf3,0xff,0x98,0xdc,0xfd,0xff,
    0x92,0xd6,0xf8,0xff,0x9a,0xda,0xfa,0xff,0x57,0xc1,0xf8,0xff,0x40,0xb9,0xf7,0xff,0x43,0xb8,0xf5,0xff,0x3d,0xae,0xed,0xff,
    0x35,0x9f,0xe0,0xff,0x2d,0x8e,0xd2,0xff,0x29,0x87,0xcc,0xff,0x09,0x4c,0x99,0xff,0x00,0x36,0x87,0xff,0x00,0x3a,0x8a,0xfc,
    0x00,0x3e,0x93,0xff,0x00,0x38,0x8a,0x5a,0x00,0x00,0x00,0x00,0x00,0x3f,0xbf,0x04,0x00,0x00,0x00,0x00,0x00,0x55,0xaa,0x03,
    0x00,0x00,0x00,0x00,0x00,0x39,0x88,0xa1,0x00,0x3e,0x93,0xff,0x00,0x3a,0x89,0xfc,0x00,0x35,0x86,0xff,0x10,0x58,0xa3,0xff,
    0x2b,0x8b,0xce,0xff,0x2f,0x91,0xd3,0xff,0x38,0xa2,0xe1,0xff,0x3f,0xb0,0xed,0xff,0x44,0xba,0xf5,0xff,0x46,0xbd,0xf8,0xff,
    0x46,0xbc,0xf8,0xff,0x46,0xbd,0xf8,0xff,0x46,0xbb,0xf6,0xff,0x46,0xbc,0xf7,0xff,0x4b,0xc8,0xff,0xff,0x3b,0xa3,0xd9,0xff,
    0x20,0x61,0x8e,0xff,0x08,0x2a,0x4e,0xff,0x00,0x15,0x36,0xff,0x00,0x0d,0x2e,0xff,0x00,0x0b,0x2c,0xff,0x00,0x0b,0x2c,0xff,
    0x00,0x0d,0x2d,0xff,0x00,0x12,0x33,0xff,0x05,0x21,0x45,0xff,0x1a,0x52,0x7c,0xff,0x35,0x93,0xc5,0xff,0x45,0xc3,0xff,0xff,
    0x64,0xc9,0xfa,0xff,0x97,0xd8,0xf9,0xff,0x9b,0xdb,0xfb,0xff,0x74,0xcd,0xf9,0xff,0x43,0xbc,0xf8,0xff,0x45,0xbb,0xf6,0xff,
    0x41,0xb3,0xf0,0xff,0x3a,0xa6,0xe4,0xff,0x31,0x95,0xd6,0xff,0x2c,0x8d,0xd0,0xff,0x19,0x69,0xb2,0xff,0x00,0x36,0x87,0xff,
    0x00,0x3b,0x8a,0xfd,0x00,0x3c,0x8e,0xfe,0x00,0x39,0x8a,0xd8,0x00,0x3f,0x7f,0x08,0x00,0xff,0xff,0x01,0x00,0x00,0x00,0x00,
    0x00,0x00,0x00,0x00,0x00,0x7f,0xff,0x02,0x00,0x00,0x00,0x01,0x00,0x3a,0x89,0x27,0x00,0x3b,0x8d,0xfb,0x00,0x3a,0x8b,0xfc,
    0x00,0x3a,0x8a,0xfe,0x00,0x37,0x87,0xff,0x1d,0x70,0xb7,0xff,0x2e,0x8e,0xd0,0xff,0x31,0x96,0xd7,0xff,0x3b,0xa6,0xe4,0xff,
    0x42,0xb4,0xef,0xff,0x46,0xbc,0xf6,0xff,0x48,0xbe,0xf8,0xff,0x48,0xbe,0xf8,0xff,0x48,0xbf,0xf8,0xff,0x48,0xbe,0xf8,0xff,
    0x47,0xbc,0xf5,0xff,0x4a,0xc4,0xff,0xff,0x4d,0xca,0xff,0xff,0x46,0xb9,0xf1,0xff,0x3a,0x9e,0xd1,0xff,0x2d,0x7e,0xaf,0xff,
    0x24,0x69,0x97,0xff,0x24,0x6a,0x98,0xff,0x29,0x76,0xa5,0xff,0x37,0x98,0xcb,0xff,0x43,0xb2,0xea,0xff,0x4c,0xc8,0xff,0xff,
    0x4c,0xc7,0xff,0xff,0x48,0xbd,0xf6,0xff,0x44,0xbc,0xf7,0xff,0x55,0xc3,0xf9,0xff,0x5a,0xc5,0xf9,0xff,0x45,0xbd,0xf8,0xff,
    0x46,0xbd,0xf7,0xff,0x43,0xb6,0xf1,0xff,0x3d,0xaa,0xe7,0xff,0x34,0x9a,0xda,0xff,0x2e,0x8e,0xd0,0xff,0x25,0x7e,0xc3,0xff,
    0x03,0x3f,0x8e,0xff,0x00,0x39,0x89,0xff,0x00,0x39,0x8a,0xfb,0x00,0x3e,0x94,0xff,0x00,0x3b,0x88,0x5f,0x00,0x00,0x00,0x00,
    0x00,0x55,0xaa,0x03,0x00,0x00,0x00,0x00,0x00,0x00,0x00,0x00,0x00,0x00,0x00,0x00,0x00,0x55,0xaa,0x03,0x00,0x00,0x00,0x00,
    0x00,0x38,0x89,0x94,0x00,0x3e,0x94,0xff,0x00,0x39,0x8a,0xfb,0x00,0x39,0x89,0xff,0x03,0x3f,0x8e,0xff,0x26,0x80,0xc4,0xff,
    0x2f,0x90,0xd1,0xff,0x35,0x99,0xd8,0xff,0x3d,0xa9,0xe5,0xff,0x44,0xb5,0xf0,0xff,0x48,0xbd,0xf6,0xff,0x4a,0xc0,0xf9,0xff,
    0x4a,0xc1,0xf9,0xff,0x4a,0xc0,0xf9,0xff,0x4a,0xc1,0xf9,0xff,0x49,0xbf,0xf7,0xff,0x49,0xbe,0xf6,0xff,0x4b,0xc2,0xfb,0xff,
    0x4d,0xc8,0xff,0xff,0x4f,0xcc,0xff,0xff,0x4f,0xcd,0xff,0xff,0x4f,0xcd,0xff,0xff,0x4f,0xcc,0xff,0xff,0x4e,0xc9,0xff,0xff,
    0x4b,0xc4,0xfc,0xff,0x49,0xbe,0xf6,0xff,0x49,0xbe,0xf7,0xff,0x4a,0xc0,0xf9,0xff,0x4b,0xc1,0xf9,0xff,0x47,0xc0,0xf9,0xff,
    0x46,0xbf,0xf9,0xff,0x49,0xbf,0xf7,0xff,0x45,0xb8,0xf2,0xff,0x3f,0xac,0xe8,0xff,0x37,0x9e,0xdc,0xff,0x2f,0x90,0xd1,0xff,
    0x2c,0x8a,0xcc,0xff,0x0b,0x4d,0x99,0xff,0x00,0x36,0x87,0xff,0x00,0x3a,0x8a,0xfc,0x00,0x3c,0x90,0xff,0x00,0x3a,0x8a,0xce,
    0x00,0x48,0x91,0x07,0x00,0x7f,0x7f,0x02,0x00,0x00,0xff,0x01,0x00,0x00,0x00,0x00,0x00,0x00,0x00,0x00,0x00,0x00,0x00,0x00,
    0x00,0x00,0xff,0x01,0x00,0x7f,0x7f,0x02,0x00,0x3a,0x89,0x0d,0x00,0x3a,0x8b,0xdd,0x00,0x3c,0x8e,0xfe,0x00,0x3a,0x8a,0xfd,
    0x00,0x37,0x87,0xff,0x08,0x48,0x95,0xff,0x29,0x84,0xc6,0xff,0x31,0x92,0xd1,0xff,0x36,0x9b,0xd9,0xff,0x3e,0xa9,0xe5,0xff,
    0x44,0xb5,0xee,0xff,0x49,0xbe,0xf5,0xff,0x4b,0xc1,0xf8,0xff,0x4c,0xc3,0xf9,0xff,0x4c,0xc2,0xf9,0xff,0x4c,0xc2,0xf9,0xff,
    0x4c,0xc2,0xf9,0xff,0x4c,0xc2,0xf8,0xff,0x4b,0xc1,0xf7,0xff,0x4b,0xc0,0xf6,0xff,0x4b,0xc0,0xf6,0xff,0x4b,0xc0,0xf6,0xff,
    0x4b,0xc0,0xf6,0xff,0x4b,0xc1,0xf7,0xff,0x4c,0xc2,0xf8,0xff,0x4c,0xc2,0xf9,0xff,0x4c,0xc2,0xf9,0xff,0x4c,0xc2,0xf9,0xff,
    0x4c,0xc3,0xf9,0xff,0x4c,0xc2,0xf9,0xff,0x4a,0xbf,0xf6,0xff,0x46,0xb7,0xf0,0xff,0x40,0xac,0xe7,0xff,0x37,0x9f,0xdc,0xff,
    0x31,0x92,0xd2,0xff,0x2d,0x8c,0xcd,0xff,0x10,0x57,0xa1,0xff,0x00,0x36,0x86,0xff,0x00,0x3b,0x8b,0xfe,0x00,0x3a,0x8c,0xfb,
    0x00,0x3b,0x8e,0xfc,0x00,0x39,0x87,0x31,0x00,0x00,0x00,0x00,0x00,0x7f,0xff,0x02,0x00,0x00,0x00,0x00,0x00,0x00,0x00,0x00,
    0x00,0x00,0x00,0x00,0x00,0x00,0x00,0x00,0x00,0x00,0x00,0x00,0x00,0x7f,0x7f,0x02,0x00,0x00,0x00,0x00,0x00,0x3b,0x88,0x38,
    0x00,0x3b,0x8f,0xfd,0x00,0x3a,0x8b,0xfc,0x01,0x3b,0x8a,0xfe,0x00,0x35,0x86,0xff,0x09,0x48,0x95,0xff,0x2a,0x85,0xc7,0xff,
    0x31,0x92,0xd1,0xff,0x35,0x99,0xd7,0xff,0x3d,0xa7,0xe2,0xff,0x43,0xb2,0xeb,0xff,0x48,0xba,0xf3,0xff,0x4b,0xc1,0xf7,0xff,
    0x4d,0xc3,0xf9,0xff,0x4d,0xc4,0xfa,0xff,0x4e,0xc4,0xfa,0xff,0x4e,0xc4,0xfa,0xff,0x4e,0xc4,0xfa,0xff,0x4d,0xc4,0xfa,0xff,
    0x4d,0xc4,0xfa,0xff,0x4d,0xc4,0xfa,0xff,0x4d,0xc4,0xfa,0xff,0x4e,0xc4,0xfa,0xff,0x4e,0xc4,0xfa,0xff,0x4d,0xc4,0xfa,0xff,
    0x4d,0xc4,0xfa,0xff,0x4d,0xc3,0xf9,0xff,0x4c,0xc1,0xf8,0xff,0x49,0xbc,0xf4,0xff,0x45,0xb4,0xed,0xff,0x3e,0xa9,0xe5,0xff,
    0x37,0x9c,0xda,0xff,0x31,0x92,0xd1,0xff,0x2e,0x8d,0xcd,0xff,0x10,0x57,0xa2,0xff,0x00,0x34,0x85,0xff,0x01,0x3b,0x8b,0xff,
    0x00,0x3a,0x89,0xfa,0x00,0x3f,0x95,0xff,0x00,0x38,0x88,0x70,0x00,0x00,0x00,0x00,0x00,0x55,0xaa,0x03,0x00,0x00,0x00,0x00,
    0x00,0x00,0x00,0x00,0x00,0x00,0x00,0x00,0x00,0x00,0x00,0x00,0x00,0x00,0x00,0x00,0x00,0x00,0x00,0x00,0x00,0x00,0x00,0x00,
    0x00,0x55,0xaa,0x03,0x00,0x00,0x00,0x00,0x00,0x38,0x88,0x67,0x00,0x3e,0x93,0xff,0x00,0x39,0x8a,0xfb,0x01,0x3b,0x8b,0xff,
    0x00,0x35,0x86,0xff,0x09,0x48,0x96,0xff,0x29,0x82,0xc4,0xff,0x32,0x92,0xd1,0xff,0x34,0x96,0xd4,0xff,0x3a,0xa1,0xdd,0xff,
    0x40,0xac,0xe6,0xff,0x45,0xb5,0xed,0xff,0x49,0xbc,0xf3,0xff,0x4c,0xc1,0xf6,0xff,0x4d,0xc3,0xf8,0xff,0x4e,0xc4,0xf9,0xff,
    0x4f,0xc5,0xfa,0xff,0x4f,0xc5,0xfa,0xff,0x4f,0xc5,0xfa,0xff,0x4f,0xc5,0xfa,0xff,0x4f,0xc5,0xfa,0xff,0x4f,0xc5,0xfa,0xff,
    0x4e,0xc4,0xf9,0xff,0x4e,0xc4,0xf9,0xff,0x4c,0xc1,0xf7,0xff,0x4a,0xbd,0xf4,0xff,0x46,0xb7,0xee,0xff,0x42,0xae,0xe8,0xff,
    0x3c,0xa4,0xdf,0xff,0x35,0x98,0xd6,0xff,0x32,0x93,0xd1,0xff,0x2d,0x8b,0xcb,0xff,0x11,0x57,0xa1,0xff,0x00,0x34,0x85,0xff,
    0x01,0x3b,0x8b,0xff,0x00,0x39,0x89,0xfa,0x00,0x3f,0x95,0xff,0x00,0x39,0x8a,0xa0,0x00,0x00,0x00,0x00,0x00,0x3f,0x7f,0x04,
    0x00,0x00,0x00,0x00,0x00,0x00,0x00,0x00,0x00,0x00,0x00,0x00,0x00,0x00,0x00,0x00,0x00,0x00,0x00,0x00,0x00,0x00,0x00,0x00,
    0x00,0x00,0x00,0x00,0x00,0x00,0x00,0x00,0x00,0x00,0x00,0x00,0x00,0x3f,0x7f,0x04,0x00,0x00,0x00,0x00,0x00,0x39,0x89,0x98,
    0x00,0x3f,0x95,0xff,0x00,0x3a,0x89,0xfa,0x01,0x3b,0x8b,0xfe,0x00,0x37,0x88,0xff,0x04,0x3f,0x8e,0xff,0x1e,0x6d,0xb3,0xff,
    0x31,0x90,0xce,0xff,0x34,0x95,0xd2,0xff,0x36,0x9a,0xd6,0xff,0x3c,0xa3,0xde,0xff,0x41,0xac,0xe5,0xff,0x45,0xb3,0xea,0xff,
    0x48,0xb8,0xef,0xff,0x4a,0xbc,0xf2,0xff,0x4b,0xbf,0xf4,0xff,0x4c,0xc0,0xf5,0xff,0x4d,0xc1,0xf6,0xff,0x4d,0xc1,0xf6,0xff,
    0x4d,0xc1,0xf5,0xff,0x4c,0xbf,0xf4,0xff,0x4b,0xbd,0xf3,0xff,0x48,0xba,0xf0,0xff,0x45,0xb4,0xeb,0xff,0x42,0xae,0xe6,0xff,
    0x3d,0xa5,0xe0,0xff,0x38,0x9c,0xd8,0xff,0x34,0x96,0xd3,0xff,0x32,0x93,0xd0,0xff,0x24,0x79,0xbc,0xff,0x09,0x48,0x95,0xff,
    0x00,0x35,0x86,0xff,0x01,0x3b,0x8b,0xff,0x00,0x3a,0x89,0xfa,0x00,0x3e,0x93,0xff,0x00,0x3b,0x8c,0xca,0x00,0x33,0x7f,0x0a,
    0x00,0x7f,0x7f,0x02,0x00,0x00,0xff,0x01,0x00,0x00,0x00,0x00,0x00,0x00,0x00,0x00,0x00,0x00,0x00,0x00,0x00,0x00,0x00,0x00,
    0x00,0x00,0x00,0x00,0x00,0x00,0x00,0x00,0x00,0x00,0x00,0x00,0x00,0x00,0x00,0x00,0x00,0x00,0x00,0x00,0x00,0x00,0x00,0x01,
    0x00,0x3f,0x7f,0x04,0x00,0x00,0x00,0x00,0x00,0x39,0x8b,0x9a,0x00,0x3f,0x96,0xff,0x00,0x39,0x8a,0xfc,0x00,0x3b,0x8b,0xfd,
    0x00,0x38,0x89,0xff,0x00,0x35,0x86,0xff,0x10,0x54,0x9f,0xff,0x27,0x7d,0xc0,0xff,0x32,0x92,0xd0,0xff,0x34,0x96,0xd3,0xff,
    0x36,0x99,0xd6,0xff,0x3a,0x9f,0xda,0xff,0x3d,0xa5,0xdf,0xff,0x40,0xaa,0xe3,0xff,0x42,0xae,0xe6,0xff,0x44,0xb0,0xe8,0xff,
    0x45,0xb2,0xe9,0xff,0x45,0xb2,0xea,0xff,0x44,0xb1,0xe9,0xff,0x43,0xae,0xe7,0xff,0x41,0xab,0xe4,0xff,0x3e,0xa6,0xe0,0xff,
    0x3a,0xa0,0xdb,0xff,0x37,0x9a,0xd6,0xff,0x35,0x97,0xd4,0xff,0x33,0x94,0xd2,0xff,0x2b,0x85,0xc5,0xff,0x16,0x5f,0xa8,0xff,
    0x01,0x39,0x89,0xff,0x00,0x37,0x87,0xff,0x00,0x3b,0x8a,0xfe,0x00,0x39,0x89,0xfb,0x00,0x3e,0x95,0xff,0x00,0x3b,0x8c,0xc9,
    0x00,0x3c,0x87,0x11,0x00,0x00,0x00,0x00,0x00,0x00,0x7f,0x02,0x00,0x00,0x00,0x00,0x00,0x00,0x00,0x00,0x00,0x00,0x00,0x00,
    0x00,0x00,0x00,0x00,0x00,0x00,0x00,0x00,0x00,0x00,0x00,0x00,0x00,0x00,0x00,0x00,0x00,0x00,0x00,0x00,0x00,0x00,0x00,0x00,
    0x00,0x00,0x00,0x00,0x00,0x00,0x00,0x00,0x00,0x00,0xff,0x01,0x00,0x7f,0x7f,0x02,0x00,0x00,0x00,0x00,0x00,0x3b,0x8a,0x70,
    0x00,0x3c,0x90,0xff,0x00,0x3b,0x8d,0xff,0x00,0x39,0x8a,0xfb,0x00,0x3b,0x8b,0xff,0x00,0x35,0x86,0xff,0x01,0x3a,0x8a,0xff,
    0x11,0x58,0xa2,0xff,0x24,0x79,0xbc,0xff,0x30,0x8d,0xcc,0xff,0x34,0x95,0xd2,0xff,0x35,0x97,0xd3,0xff,0x36,0x99,0xd5,0xff,
    0x37,0x9a,0xd6,0xff,0x38,0x9b,0xd7,0xff,0x39,0x9d,0xd8,0xff,0x39,0x9d,0xd8,0xff,0x38,0x9c,0xd7,0xff,0x37,0x9a,0xd7,0xff,
    0x36,0x99,0xd5,0xff,0x36,0x97,0xd4,0xff,0x35,0x96,0xd3,0xff,0x32,0x91,0xcf,0xff,0x27,0x7f,0xc1,0xff,0x17,0x61,0xa9,0xff,
    0x04,0x3f,0x8e,0xff,0x00,0x35,0x86,0xff,0x00,0x3a,0x8a,0xff,0x00,0x3a,0x8a,0xfc,0x00,0x3a,0x8a,0xfe,0x00,0x3f,0x95,0xff,
    0x00,0x3c,0x8d,0x9d,0x00,0x3a,0x89,0x0d,0x00,0x00,0x00,0x00,0x00,0x7f,0x7f,0x02,0x00,0x00,0x00,0x00,0x00,0x00,0x00,0x00,
    0x00,0x00,0x00,0x00,0x00,0x00,0x00,0x00,0x00,0x00,0x00,0x00,0x00,0x00,0x00,0x00,0x00,0x00,0x00,0x00,0x00,0x00,0x00,0x00,
    0x00,0x00,0x00,0x00,0x00,0x00,0x00,0x00,0x00,0x00,0x00,0x00,0x00,0x00,0x00,0x00,0x00,0x00,0x00,0x00,0x00,0x00,0x00,0x01,
    0x00,0x7f,0x7f,0x02,0x00,0x00,0x00,0x00,0x00,0x39,0x88,0x47,0x00,0x3b,0x8c,0xe6,0x00,0x3e,0x93,0xff,0x00,0x39,0x89,0xfd,
    0x01,0x3a,0x8a,0xfc,0x00,0x3a,0x8a,0xff,0x00,0x35,0x86,0xff,0x00,0x37,0x88,0xff,0x0a,0x4b,0x98,0xff,0x17,0x62,0xa9,0xff,
    0x22,0x75,0xb9,0xff,0x2b,0x84,0xc4,0xff,0x2e,0x8b,0xca,0xff,0x31,0x90,0xce,0xff,0x31,0x91,0xce,0xff,0x31,0x91,0xce,0xff,
    0x31,0x90,0xcf,0xff,0x2f,0x8d,0xcb,0xff,0x2b,0x85,0xc6,0xff,0x25,0x7a,0xbc,0xff,0x1a,0x66,0xad,0xff,0x0e,0x51,0x9d,0xff,
    0x01,0x3b,0x8b,0xff,0x00,0x34,0x86,0xff,0x00,0x39,0x89,0xff,0x01,0x3b,0x8b,0xfd,0x00,0x39,0x8a,0xfb,0x00,0x3c,0x90,0xff,
    0x00,0x3b,0x8e,0xfb,0x00,0x3b,0x8d,0x70,0x00,0x00,0x00,0x00,0x00,0x00,0x00,0x00,0x00,0x00,0x7f,0x02,0x00,0x00,0x00,0x00,
    0x00,0x00,0x00,0x00,0x00,0x00,0x00,0x00,0x00,0x00,0x00,0x00,0x00,0x00,0x00,0x00,0x00,0x00,0x00,0x00,0x00,0x00,0x00,0x00,
    0x00,0x00,0x00,0x00,0x00,0x00,0x00,0x00,0x00,0x00,0x00,0x00,0x00,0x00,0x00,0x00,0x00,0x00,0x00,0x00,0x00,0x00,0x00,0x00,
    0x00,0x00,0x00,0x00,0x00,0x00,0x00,0x00,0x00,0x00,0x00,0x00,0x00,0x3f,0x7f,0x04,0x00,0x00,0x00,0x00,0x00,0x3a,0x7f,0x1a,
    0x00,0x3b,0x8c,0xa7,0x00,0x3d,0x91,0xff,0x00,0x3d,0x91,0xff,0x00,0x3a,0x8a,0xfd,0x01,0x3a,0x8a,0xfc,0x00,0x3a,0x8a,0xfe,
    0x00,0x36,0x87,0xff,0x00,0x34,0x85,0xff,0x00,0x37,0x88,0xff,0x03,0x3d,0x8d,0xff,0x07,0x46,0x94,0xff,0x0c,0x4f,0x9b,0xff,
    0x0b,0x4e,0x99,0xff,0x0b,0x4e,0x99,0xff,0x0c,0x4e,0x9a,0xff,0x09,0x4a,0x97,0xff,0x03,0x3f,0x8e,0xff,0x00,0x39,0x89,0xff,
    0x00,0x34,0x85,0xff,0x00,0x35,0x86,0xff,0x00,0x3a,0x8a,0xfe,0x01,0x3b,0x8a,0xfc,0x00,0x3a,0x89,0xfc,0x00,0x3c,0x8e,0xff,
    0x00,0x3e,0x94,0xff,0x00,0x3b,0x8e,0xc8,0x00,0x3c,0x8b,0x37,0x00,0x00,0x00,0x00,0x00,0x7f,0x7f,0x02,0x00,0x00,0xff,0x01,
    0x00,0x00,0x00,0x00,0x00,0x00,0x00,0x00,0x00,0x00,0x00,0x00,0x00,0x00,0x00,0x00,0x00,0x00,0x00,0x00,0x00,0x00,0x00,0x00,
    0x00,0x00,0x00,0x00,0x00,0x00,0x00,0x00,0x00,0x00,0x00,0x00,0x00,0x00,0x00,0x00,0x00,0x00,0x00,0x00,0x00,0x00,0x00,0x00,
    0x00,0x00,0x00,0x00,0x00,0x00,0x00,0x00,0x00,0x00,0x00,0x00,0x00,0x00,0x00,0x00,0x00,0x00,0x00,0x00,0x00,0x00,0x00,0x00,
    0x00,0x55,0xaa,0x03,0x00,0x00,0x00,0x00,0x00,0x00,0x00,0x00,0x00,0x3b,0x8c,0x45,0x00,0x3a,0x8d,0xba,0x00,0x3c,0x90,0xff,
    0x00,0x3e,0x93,0xff,0x00,0x3b,0x8b,0xff,0x00,0x3a,0x8a,0xfc,0x01,0x3a,0x8b,0xfb,0x00,0x3a,0x8a,0xfc,0x00,0x39,0x89,0xfe,
    0x00,0x37,0x87,0xfe,0x00,0x36,0x87,0xff,0x00,0x36,0x87,0xff,0x00,0x36,0x87,0xff,0x00,0x36,0x87,0xff,0x00,0x37,0x87,0xfe,
    0x00,0x39,0x88,0xfe,0x00,0x3a,0x8a,0xfc,0x01,0x3a,0x8b,0xfb,0x01,0x3a,0x8a,0xfc,0x00,0x3a,0x8a,0xff,0x00,0x3d,0x91,0xff,
    0x00,0x3e,0x93,0xff,0x00,0x3b,0x8d,0xd3,0x00,0x3b,0x8c,0x62,0x00,0x33,0x66,0x05,0x00,0x00,0x00,0x00,0x00,0x55,0xaa,0x03,
    0x00,0x00,0x00,0x00,0x00,0x00,0x00,0x00,0x00,0x00,0x00,0x00,0x00,0x00,0x00,0x00,0x00,0x00,0x00,0x00,0x00,0x00,0x00,0x00,
    0x00,0x00,0x00,0x00,0x00,0x00,0x00,0x00,0x00,0x00,0x00,0x00,0x00,0x00,0x00,0x00,0x00,0x00,0x00,0x00,0x00,0x00,0x00,0x00,
    0x00,0x00,0x00,0x00,0x00,0x00,0x00,0x00,0x00,0x00,0x00,0x00,0x00,0x00,0x00,0x00,0x00,0x00,0x00,0x00,0x00,0x00,0x00,0x00,
    0x00,0x00,0x00,0x00,0x00,0x00,0x00,0x00,0x00,0x00,0x00,0x00,0x00,0x00,0xff,0x01,0x00,0x7f,0x7f,0x02,0x00,0x00,0x00,0x00,
    0x00,0x00,0x00,0x00,0x00,0x3a,0x8e,0x46,0x00,0x3b,0x8f,0xa2,0x00,0x3b,0x8d,0xf2,0x00,0x3e,0x92,0xff,0x00,0x3e,0x94,0xff,
    0x00,0x3d,0x92,0xff,0x00,0x3c,0x8e,0xff,0x00,0x3b,0x8c,0xff,0x01,0x3b,0x8a,0xfe,0x01,0x3b,0x8a,0xfe,0x01,0x3b,0x8a,0xfe,
    0x01,0x3b,0x8a,0xfe,0x00,0x3b,0x8c,0xff,0x00,0x3b,0x8d,0xff,0x00,0x3d,0x91,0xff,0x00,0x3e,0x94,0xff,0x00,0x3e,0x93,0xff,
    0x00,0x3b,0x8c,0xfc,0x00,0x3c,0x8d,0xbb,0x00,0x3b,0x8d,0x5e,0x00,0x48,0x6d,0x07,0x00,0x00,0x00,0x00,0x00,0x00,0x00,0x00,
    0x00,0x7f,0x7f,0x02,0x00,0x00,0x00,0x00,0x00,0x00,0x00,0x00,0x00,0x00,0x00,0x00,0x00,0x00,0x00,0x00,0x00,0x00,0x00,0x00,
    0x00,0x00,0x00,0x00,0x00,0x00,0x00,0x00,0x00,0x00,0x00,0x00,0x00,0x00,0x00,0x00,0x00,0x00,0x00,0x00,0x00,0x00,0x00,0x00,
    0x00,0x00,0x00,0x00,0x00,0x00,0x00,0x00,0x00,0x00,0x00,0x00,0x00,0x00,0x00,0x00,0x00,0x00,0x00,0x00,0x00,0x00,0x00,0x00,
    0x00,0x00,0x00,0x00,0x00,0x00,0x00,0x00,0x00,0x00,0x00,0x00,0x00,0x00,0x00,0x00,0x00,0x00,0x00,0x00,0x00,0x00,0x00,0x00,
    0x00,0x00,0x00,0x00,0x00,0x55,0x55,0x03,0x00,0x00,0xff,0x01,0x00,0x00,0x00,0x00,0x00,0x00,0x00,0x00,0x00,0x3f,0x88,0x1c,
    0x00,0x3c,0x8f,0x50,0x00,0x3c,0x8c,0x8c,0x00,0x3b,0x8b,0xbe,0x00,0x39,0x89,0xe7,0x00,0x39,0x8a,0xf2,0x00,0x3c,0x8e,0xff,
    0x00,0x3b,0x8e,0xff,0x00,0x3b,0x8e,0xff,0x00,0x3c,0x8f,0xff,0x00,0x39,0x89,0xf8,0x00,0x3a,0x8b,0xea,0x00,0x3b,0x8d,0xc6,
    0x00,0x3b,0x8d,0x9b,0x00,0x3b,0x8e,0x5f,0x00,0x3e,0x8f,0x29,0x00,0x00,0x00,0x00,0x00,0x00,0x00,0x00,0x00,0x00,0x00,0x00,
    0x00,0x55,0xaa,0x03,0x00,0x00,0x00,0x01,0x00,0x00,0x00,0x00,0x00,0x00,0x00,0x00,0x00,0x00,0x00,0x00,0x00,0x00,0x00,0x00,
    0x00,0x00,0x00,0x00,0x00,0x00,0x00,0x00,0x00,0x00,0x00,0x00,0x00,0x00,0x00,0x00,0x00,0x00,0x00,0x00,0x00,0x00,0x00,0x00,
    0x00,0x00,0x00,0x00,0x00,0x00,0x00,0x00,0x00,0x00,0x00,0x00,0x00,0x00,0x00,0x00,0x00,0x00,0x00,0x00,0x00,0x00,0x00,0x00,
    0x00,0x00,0x00,0x00,0x00,0x00,0x00,0x00,0x00,0x00,0x00,0x00,0x00,0x00,0x00,0x00,0x00,0x00,0x00,0x00,0x00,0x00,0x00,0x00,
    0x00,0x00,0x00,0x00,0x00,0x00,0x00,0x00,0x00,0x00,0x00,0x00,0x00,0x00,0x00,0x00,0x00,0x00,0x00,0x00,0x00,0x55,0xaa,0x03,
    0x00,0x55,0xaa,0x03,0x00,0x00,0x00,0x00,0x00,0x00,0x00,0x00,0x00,0x00,0x00,0x00,0x00,0x00,0x00,0x00,0x00,0x3f,0x7f,0x10,
    0x00,0x39,0x8b,0x1f,0x00,0x3d,0x8e,0x46,0x00,0x3b,0x8c,0x45,0x00,0x3b,0x88,0x45,0x00,0x3d,0x91,0x46,0x00,0x39,0x8b,0x2c,
    0x00,0x38,0x8d,0x12,0x00,0x00,0x00,0x00,0x00,0x00,0x00,0x00,0x00,0x00,0x00,0x00,0x00,0x00,0x00,0x00,0x00,0x00,0xff,0x01,
    0x00,0x3f,0x7f,0x04,0x00,0x00,0x00,0x01,0x00,0x00,0x00,0x00,0x00,0x00,0x00,0x00,0x00,0x00,0x00,0x00,0x00,0x00,0x00,0x00,
    0x00,0x00,0x00,0x00,0x00,0x00,0x00,0x00,0x00,0x00,0x00,0x00,0x00,0x00,0x00,0x00,0x00,0x00,0x00,0x00,0x00,0x00,0x00,0x00,
    0x00,0x00,0x00,0x00,0x00,0x00,0x00,0x00,0x00,0x00,0x00,0x00,0x00,0x00,0x00,0x00,
};
const lv_image_dsc_t img_iris_speaking = {
    .header.magic = LV_IMAGE_HEADER_MAGIC,
    .header.cf = LV_COLOR_FORMAT_ARGB8888,
    .header.w = 50,
    .header.h = 50,
    .header.stride = 200,
    .data_size = sizeof(img_iris_speaking_map),
    .data = img_iris_speaking_map,
};

static const uint8_t img_iris_connecting_map[] = {
    0x00,0x00,0x00,0x00,0x00,0x00,0x00,0x00,0x00,0x00,0x00,0x00,0x00,0x00,0x00,0x00,0x00,0x00,0x00,0x00,0x00,0x00,0x00,0x00,
    0x00,0x00,0x00,0x00,0x00,0x00,0x00,0x00,0x00,0x00,0x00,0x00,0x00,0x00,0x00,0x00,0x00,0x00,0x00,0x00,0x00,0x00,0x00,0x00,
    0x00,0x00,0x00,0x00,0x00,0x00,0x00,0x00,0x00,0x00,0x00,0x00,0xff,0x00,0x00,0x01,0x7f,0x3f,0x00,0x04,0x00,0x00,0x00,0x01,
    0x00,0x00,0x00,0x00,0x00,0x00,0x00,0x00,0x00,0x00,0x00,0x00,0x00,0x00,0x00,0x00,0x00,0x00,0x00,0x00,0x7f,0x46,0x0e,0x12,
    0x78,0x4b,0x0f,0x11,0x78,0x4b,0x0f,0x11,0x7f,0x46,0x0e,0x12,0x55,0x55,0x00,0x03,0x00,0x00,0x00,0x00,0x00,0x00,0x00,0x00,
    0x00,0x00,0x00,0x00,0x00,0x00,0x00,0x00,0x00,0x00,0x00,0x00,0x7f,0x3f,0x00,0x04,0x7f,0x7f,0x00,0x02,0x00,0x00,0x00,0x00,
    0x00,0x00,0x00,0x00,0x00,0x00,0x00,0x00,0x00,0x00,0x00,0x00,0x00,0x00,0x00,0x00,0x00,0x00,0x00,0x00,0x00,0x00,0x00,0x00,
    0x00,0x00,0x00,0x00,0x00,0x00,0x00,0x00,0x00,0x00,0x00,0x00,0x00,0x00,0x00,0x00,0x00,0x00,0x00,0x00,0x00,0x00,0x00,0x00,
    0x00,0x00,0x00,0x00,0x00,0x00,0x00,0x00,0x00,0x00,0x00,0x00,0x00,0x00,0x00,0x00,0x00,0x00,0x00,0x00,0x00,0x00,0x00,0x00,
    0x00,0x00,0x00,0x00,0x00,0x00,0x00,0x00,0x00,0x00,0x00,0x00,0x00,0x00,0x00,0x00,0x00,0x00,0x00,0x00,0x00,0x00,0x00,0x00,
    0x00,0x00,0x00,0x00,0x00,0x00,0x00,0x00,0x00,0x00,0x00,0x00,0xff,0x00,0x00,0x01,0xaa,0x55,0x00,0x03,0x00,0x00,0x00,0x00,
    0x00,0x00,0x00,0x00,0x00,0x00,0x00,0x00,0x7b,0x46,0x08,0x1d,0x79,0x46,0x09,0x50,0x79,0x44,0x09,0x82,0x78,0x44,0x09,0xb6,
    0x78,0x43,0x0a,0xc7,0x78,0x44,0x09,0xea,0x77,0x44,0x09,0xea,0x77,0x44,0x09,0xea,0x79,0x45,0x09,0xeb,0x78,0x44,0x09,0xd2,
    0x78,0x44,0x09,0xba,0x7c,0x46,0x0a,0x8d,0x7b,0x45,0x0a,0x5f,0x7c,0x4a,0x0c,0x29,0x7f,0x3f,0x00,0x04,0x00,0x00,0x00,0x00,
    0x00,0x00,0x00,0x00,0x55,0x55,0x00,0x03,0x7f,0x7f,0x00,0x02,0x00,0x00,0x00,0x00,0x00,0x00,0x00,0x00,0x00,0x00,0x00,0x00,
    0x00,0x00,0x00,0x00,0x00,0x00,0x00,0x00,0x00,0x00,0x00,0x00,0x00,0x00,0x00,0x00,0x00,0x00,0x00,0x00,0x00,0x00,0x00,0x00,
    0x00,0x00,0x00,0x00,0x00,0x00,0x00,0x00,0x00,0x00,0x00,0x00,0x00,0x00,0x00,0x00,0x00,0x00,0x00,0x00,0x00,0x00,0x00,0x00,
    0x00,0x00,0x00,0x00,0x00,0x00,0x00,0x00,0x00,0x00,0x00,0x00,0x00,0x00,0x00,0x00,0x00,0x00,0x00,0x00,0x00,0x00,0x00,0x00,
    0x00,0x00,0x00,0x00,0x00,0x00,0x00,0x00,0x00,0x00,0x00,0x00,0x00,0x00,0x00,0x00,0x55,0x55,0x00,0x03,0x00,0x00,0x00,0x00,
    0x00,0x00,0x00,0x00,0x79,0x42,0x0b,0x17,0x7b,0x46,0x0a,0x65,0x7b,0x45,0x0a,0xc6,0x79,0x44,0x0a,0xf6,0x80,0x48,0x0b,0xff,
    0x82,0x4a,0x0b,0xff,0x80,0x49,0x0b,0xff,0x7e,0x48,0x0b,0xff,0x7a,0x45,0x0a,0xff,0x7a,0x45,0x0a,0xff,0x7a,0x45,0x0a,0xff,
    0x79,0x45,0x0a,0xff,0x7d,0x47,0x0a,0xff,0x80,0x48,0x0b,0xff,0x82,0x4a,0x0b,0xff,0x81,0x49,0x0b,0xff,0x7a,0x44,0x0a,0xfc,
    0x7a,0x46,0x0a,0xd6,0x7b,0x45,0x09,0x80,0x79,0x46,0x0c,0x28,0x00,0x00,0x00,0x00,0x00,0x00,0x00,0x00,0x55,0x55,0x00,0x03,
    0x00,0x00,0x00,0x01,0x00,0x00,0x00,0x00,0x00,0x00,0x00,0x00,0x00,0x00,0x00,0x00,0x00,0x00,0x00,0x00,0x00,0x00,0x00,0x00,
    0x00,0x00,0x00,0x00,0x00,0x00,0x00,0x00,0x00,0x00,0x00,0x00,0x00,0x00,0x00,0x00,0x00,0x00,0x00,0x00,0x00,0x00,0x00,0x00,
    0x00,0x00,0x00,0x00,0x00,0x00,0x00,0x00,0x00,0x00,0x00,0x00,0x00,0x00,0x00,0x00,0x00,0x00,0x00,0x00,0x00,0x00,0x00,0x00,
    0x00,0x00,0x00,0x00,0x00,0x00,0x00,0x00,0x00,0x00,0x00,0x00,0x00,0x00,0x00,0x00,0xff,0x00,0x00,0x01,0xff,0xff,0xff,0x01,
    0x00,0x00,0x02,0x00,0x85,0x58,0x2c,0x17,0x7d,0x49,0x0d,0x80,0x7c,0x46,0x0c,0xe8,0x81,0x49,0x0b,0xff,0x7e,0x48,0x0b,0xff,
    0x79,0x45,0x0a,0xff,0x75,0x41,0x09,0xfc,0x73,0x41,0x09,0xfb,0x74,0x41,0x09,0xfc,0x76,0x42,0x0a,0xfc,0x7b,0x46,0x0b,0xfe,
    0x7b,0x46,0x0b,0xfe,0x7b,0x46,0x0b,0xfe,0x7b,0x46,0x0b,0xfe,0x76,0x43,0x0a,0xfd,0x75,0x41,0x09,0xfc,0x73,0x41,0x09,0xfb,
    0x74,0x41,0x09,0xfc,0x77,0x44,0x0a,0xff,0x7d,0x47,0x0b,0xff,0x81,0x49,0x0b,0xff,0x7a,0x45,0x0a,0xf8,0x7a,0x45,0x09,0x9e,
    0x79,0x45,0x0b,0x2c,0x00,0x00,0x00,0x00,0x00,0x00,0x00,0x00,0x7f,0x7f,0x00,0x02,0x00,0x00,0x00,0x00,0x00,0x00,0x00,0x00,
    0x00,0x00,0x00,0x00,0x00,0x00,0x00,0x00,0x00,0x00,0x00,0x00,0x00,0x00,0x00,0x00,0x00,0x00,0x00,0x00,0x00,0x00,0x00,0x00,
    0x00,0x00,0x00,0x00,0x00,0x00,0x00,0x00,0x00,0x00,0x00,0x00,0x00,0x00,0x00,0x00,0x00,0x00,0x00,0x00,0x00,0x00,0x00,0x00,
    0x00,0x00,0x00,0x00,0x00,0x00,0x00,0x00,0x00,0x00,0x00,0x00,0x00,0x00,0x00,0x00,0x00,0x00,0x00,0x00,0xaa,0x55,0x00,0x03,
    0x00,0x02,0x03,0x00,0x00,0x00,0x00,0x00,0x6b,0x33,0x00,0x6d,0x74,0x3b,0x00,0xe9,0x7b,0x41,0x01,0xff,0x78,0x42,0x06,0xff,
    0x76,0x43,0x0c,0xfc,0x73,0x42,0x0b,0xfd,0x77,0x44,0x0a,0xfe,0x85,0x4d,0x0d,0xff,0x93,0x57,0x0f,0xff,0x9e,0x5f,0x11,0xff,
    0xa4,0x63,0x13,0xff,0xac,0x69,0x14,0xff,0xae,0x6a,0x15,0xff,0xad,0x6a,0x15,0xff,0xae,0x6a,0x14,0xff,0xa5,0x64,0x13,0xff,
    0xa0,0x61,0x12,0xff,0x95,0x59,0x10,0xff,0x89,0x50,0x0d,0xff,0x7a,0x45,0x0a,0xfe,0x73,0x41,0x09,0xfd,0x74,0x41,0x09,0xfc,
    0x79,0x45,0x0a,0xff,0x80,0x49,0x0b,0xff,0x7b,0x46,0x0a,0xf9,0x7c,0x45,0x0a,0x92,0x77,0x44,0x11,0x0f,0x00,0x00,0x00,0x00,
    0x55,0x55,0x00,0x03,0x00,0x00,0x00,0x00,0x00,0x00,0x00,0x00,0x00,0x00,0x00,0x00,0x00,0x00,0x00,0x00,0x00,0x00,0x00,0x00,
    0x00,0x00,0x00,0x00,0x00,0x00,0x00,0x00,0x00,0x00,0x00,0x00,0x00,0x00,0x00,0x00,0x00,0x00,0x00,0x00,0x00,0x00,0x00,0x00,
    0x00,0x00,0x00,0x00,0x00,0x00,0x00,0x00,0x00,0x00,0x00,0x00,0x00,0x00,0x00,0x00,0x00,0x00,0x00,0x00,0x00,0x00,0x00,0x00,
    0xaa,0x55,0x00,0x03,0x00,0x00,0x01,0x00,0x1e,0x00,0x00,0x19,0x7f,0x4c,0x13,0xb8,0x9c,0x6f,0x3c,0xff,0xa1,0x7b,0x51,0xff,
    0x92,0x69,0x3a,0xfb,0x81,0x51,0x1d,0xfe,0x7d,0x42,0x00,0xff,0x94,0x54,0x07,0xff,0xa9,0x68,0x17,0xff,0xb4,0x6f,0x17,0xff,
    0xb9,0x72,0x17,0xff,0xba,0x73,0x18,0xff,0xbc,0x74,0x18,0xff,0xbb,0x74,0x18,0xff,0xbc,0x75,0x18,0xff,0xbc,0x75,0x18,0xff,
    0xbb,0x74,0x18,0xff,0xbc,0x74,0x18,0xff,0xbb,0x73,0x18,0xff,0xb9,0x73,0x18,0xff,0xb6,0x70,0x17,0xff,0xac,0x69,0x15,0xff,
    0x9b,0x5d,0x12,0xff,0x87,0x4e,0x0d,0xff,0x75,0x42,0x09,0xfe,0x75,0x41,0x09,0xfc,0x79,0x45,0x0a,0xff,0x81,0x49,0x0b,0xff,
    0x7b,0x46,0x0a,0xd9,0x79,0x40,0x08,0x3b,0x00,0x00,0x00,0x00,0x55,0x55,0x00,0x03,0x00,0x00,0x00,0x00,0x00,0x00,0x00,0x00,
    0x00,0x00,0x00,0x00,0x00,0x00,0x00,0x00,0x00,0x00,0x00,0x00,0x00,0x00,0x00,0x00,0x00,0x00,0x00,0x00,0x00,0x00,0x00,0x00,
    0x00,0x00,0x00,0x00,0x00,0x00,0x00,0x00,0x00,0x00,0x00,0x00,0x00,0x00,0x00,0x00,0x00,0x00,0x00,0x00,0x00,0x00,0x00,0x00,
    0x00,0x00,0x00,0x00,0x7f,0x3f,0x3f,0x04,0x00,0x00,0x01,0x00,0x5f,0x26,0x00,0x3b,0xb9,0x9c,0x7c,0xe6,0xf3,0xe8,0xdd,0xff,
    0xff,0xff,0xff,0xfb,0xff,0xff,0xff,0xfe,0xfe,0xfd,0xfc,0xff,0xf4,0xf0,0xeb,0xff,0xdd,0xc1,0x9d,0xff,0xc5,0x8b,0x3f,0xff,
    0xb8,0x6d,0x0c,0xff,0xbd,0x76,0x1a,0xff,0xc1,0x79,0x1b,0xff,0xc4,0x7b,0x1a,0xff,0xc6,0x7c,0x1b,0xff,0xc9,0x7e,0x1b,0xff,
    0xca,0x7f,0x1b,0xff,0xca,0x7f,0x1c,0xff,0xc9,0x7e,0x1b,0xff,0xc7,0x7d,0x1b,0xff,0xc4,0x7b,0x1b,0xff,0xc1,0x79,0x1a,0xff,
    0xbe,0x76,0x19,0xff,0xbb,0x74,0x18,0xff,0xba,0x73,0x18,0xff,0xb5,0x70,0x17,0xff,0xa2,0x62,0x13,0xff,0x83,0x4c,0x0c,0xff,
    0x74,0x41,0x09,0xfe,0x76,0x43,0x0a,0xfb,0x7d,0x47,0x0b,0xff,0x7b,0x47,0x0a,0xfb,0x79,0x45,0x09,0x67,0x00,0x00,0x00,0x00,
    0x55,0x55,0x00,0x03,0x00,0x00,0x00,0x01,0x00,0x00,0x00,0x00,0x00,0x00,0x00,0x00,0x00,0x00,0x00,0x00,0x00,0x00,0x00,0x00,
    0x00,0x00,0x00,0x00,0x00,0x00,0x00,0x00,0x00,0x00,0x00,0x00,0x00,0x00,0x00,0x00,0x00,0x00,0x00,0x00,0x00,0x00,0x00,0x00,
    0x00,0x00,0x00,0x00,0x00,0x00,0x00,0x00,0x7f,0x3f,0x00,0x04,0x00,0x00,0x02,0x00,0x6f,0x3a,0x05,0x65,0xcc,0xb3,0x9a,0xfb,
    0xff,0xff,0xff,0xff,0xff,0xff,0xff,0xfc,0xfc,0xfb,0xf9,0xff,0xfb,0xfa,0xf8,0xff,0xfd,0xfc,0xfa,0xff,0xff,0xff,0xfd,0xff,
    0xff,0xff,0xff,0xff,0xfd,0xfc,0xfa,0xff,0xe2,0xbd,0x8d,0xff,0xca,0x7b,0x12,0xff,0xd0,0x84,0x1d,0xff,0xd4,0x87,0x1f,0xff,
    0xd6,0x88,0x1f,0xff,0xd7,0x89,0x1f,0xff,0xd8,0x89,0x1f,0xff,0xd8,0x89,0x1f,0xff,0xd7,0x89,0x1f,0xff,0xd6,0x88,0x1f,0xff,
    0xd4,0x86,0x1f,0xff,0xd1,0x84,0x1e,0xff,0xcd,0x81,0x1d,0xff,0xc8,0x7e,0x1c,0xff,0xc2,0x79,0x1a,0xff,0xbc,0x75,0x19,0xff,
    0xba,0x74,0x18,0xff,0xb3,0x6f,0x17,0xff,0x99,0x5c,0x11,0xff,0x79,0x44,0x0a,0xff,0x74,0x41,0x09,0xfd,0x79,0x45,0x0a,0xfe,
    0x80,0x49,0x0b,0xff,0x78,0x44,0x0a,0x98,0x00,0x00,0x00,0x00,0x7f,0x7f,0x00,0x02,0x00,0x00,0x00,0x01,0x00,0x00,0x00,0x00,
    0x00,0x00,0x00,0x00,0x00,0x00,0x00,0x00,0x00,0x00,0x00,0x00,0x00,0x00,0x00,0x00,0x00,0x00,0x00,0x00,0x00,0x00,0x00,0x00,
    0x00,0x00,0x00,0x00,0x00,0x00,0x00,0x00,0x00,0x00,0x00,0x00,0xaa,0x55,0x00,0x03,0x00,0x00,0x03,0x00,0x5f,0x23,0x00,0x65,
    0xb0,0x8d,0x64,0xff,0xff,0xff,0xff,0xfe,0xf9,0xf8,0xf6,0xfd,0xfb,0xfa,0xf8,0xff,0xfc,0xfb,0xfa,0xff,0xfe,0xfc,0xfa,0xff,
    0xfe,0xfc,0xfa,0xff,0xfd,0xfb,0xfa,0xff,0xfd,0xfa,0xf7,0xff,0xfe,0xfd,0xfb,0xff,0xff,0xff,0xff,0xff,0xf0,0xd3,0xab,0xff,
    0xdb,0x8a,0x1c,0xff,0xdd,0x8e,0x21,0xff,0xde,0x8e,0x22,0xff,0xde,0x8e,0x22,0xff,0xdf,0x8f,0x22,0xff,0xdf,0x8f,0x22,0xff,
    0xdf,0x8f,0x22,0xff,0xde,0x8e,0x22,0xff,0xdd,0x8e,0x22,0xff,0xdc,0x8d,0x21,0xff,0xda,0x8b,0x21,0xff,0xd6,0x88,0x20,0xff,
    0xd1,0x85,0x1f,0xff,0xca,0x7f,0x1d,0xff,0xc2,0x7a,0x1b,0xff,0xbb,0x75,0x1a,0xff,0xb9,0x73,0x19,0xff,0xa8,0x67,0x15,0xff,
    0x81,0x4a,0x0c,0xff,0x74,0x41,0x09,0xfe,0x78,0x44,0x0a,0xfc,0x82,0x4a,0x0b,0xff,0x78,0x43,0x09,0x9a,0x00,0x00,0x00,0x00,
    0xaa,0x55,0x00,0x03,0x00,0x00,0x00,0x00,0x00,0x00,0x00,0x00,0x00,0x00,0x00,0x00,0x00,0x00,0x00,0x00,0x00,0x00,0x00,0x00,
    0x00,0x00,0x00,0x00,0x00,0x00,0x00,0x00,0x00,0x00,0x00,0x00,0x00,0x00,0x00,0x00,0x55,0x55,0x00,0x03,0x00,0x00,0x00,0x00,
    0x6f,0x3a,0x08,0x39,0x7e,0x4a,0x12,0xfe,0xea,0xe1,0xd7,0xfd,0xff,0xfd,0xfd,0xfd,0xfa,0xf9,0xf8,0xff,0xfd,0xfc,0xfa,0xff,
    0xfe,0xfc,0xfa,0xff,0xfe,0xfc,0xfb,0xff,0xfe,0xfc,0xfb,0xff,0xfe,0xfd,0xfb,0xff,0xfe,0xfd,0xfb,0xff,0xfe,0xfd,0xfa,0xff,
    0xfd,0xfb,0xf7,0xff,0xff,0xff,0xff,0xff,0xf0,0xcb,0x9a,0xff,0xdd,0x89,0x16,0xff,0xdf,0x91,0x27,0xff,0xdf,0x90,0x24,0xff,
    0xdf,0x90,0x24,0xff,0xdf,0x90,0x24,0xff,0xdf,0x90,0x24,0xff,0xdf,0x90,0x24,0xff,0xdf,0x90,0x24,0xff,0xdf,0x90,0x24,0xff,
    0xdf,0x90,0x23,0xff,0xde,0x8f,0x23,0xff,0xdb,0x8d,0x23,0xff,0xd6,0x89,0x21,0xff,0xd0,0x85,0x20,0xff,0xc7,0x7e,0x1e,0xff,
    0xbd,0x77,0x1b,0xff,0xba,0x74,0x1a,0xff,0xb0,0x6d,0x18,0xff,0x82,0x4c,0x0d,0xff,0x74,0x41,0x09,0xff,0x79,0x44,0x0a,0xfa,
    0x82,0x4a,0x0b,0xff,0x76,0x44,0x09,0x70,0x00,0x00,0x00,0x00,0x7f,0x3f,0x00,0x04,0x00,0x00,0x00,0x00,0x00,0x00,0x00,0x00,
    0x00,0x00,0x00,0x00,0x00,0x00,0x00,0x00,0x00,0x00,0x00,0x00,0x00,0x00,0x00,0x00,0x00,0x00,0x00,0x00,0x7f,0x00,0x00,0x02,
    0x00,0x00,0x00,0x01,0x85,0x58,0x2c,0x17,0x72,0x3b,0x00,0xe9,0x9d,0x75,0x47,0xfe,0xff,0xff,0xff,0xfd,0xfb,0xfa,0xf8,0xff,
    0xfd,0xfc,0xfa,0xff,0xfe,0xfc,0xfb,0xff,0xfe,0xfc,0xfb,0xff,0xfe,0xfd,0xfb,0xff,0xfe,0xfd,0xfb,0xff,0xfe,0xfd,0xfb,0xff,
    0xfe,0xfd,0xfb,0xff,0xfe,0xfd,0xfb,0xff,0xfe,0xfd,0xfa,0xff,0xfe,0xfb,0xf8,0xff,0xff,0xff,0xff,0xff,0xeb,0xb7,0x71,0xff,
    0xdc,0x89,0x18,0xff,0xdd,0x91,0x28,0xff,0xde,0x90,0x25,0xff,0xde,0x90,0x25,0xff,0xde,0x90,0x25,0xff,0xdd,0x8f,0x24,0xff,
    0xde,0x90,0x25,0xff,0xdf,0x91,0x25,0xff,0xe0,0x91,0x25,0xff,0xe0,0x91,0x25,0xff,0xe0,0x91,0x25,0xff,0xdf,0x90,0x24,0xff,
    0xdb,0x8d,0x23,0xff,0xd4,0x88,0x22,0xff,0xcb,0x82,0x1f,0xff,0xc0,0x7a,0x1c,0xff,0xba,0x75,0x1b,0xff,0xb0,0x6d,0x18,0xff,
    0x82,0x4c,0x0d,0xff,0x75,0x42,0x09,0xfe,0x79,0x45,0x0a,0xfb,0x7d,0x47,0x0a,0xff,0x76,0x42,0x0b,0x45,0x00,0x00,0x00,0x00,
    0x55,0x55,0x00,0x03,0x00,0x00,0x00,0x00,0x00,0x00,0x00,0x00,0x00,0x00,0x00,0x00,0x00,0x00,0x00,0x00,0x00,0x00,0x00,0x00,
    0x00,0x00,0x00,0x00,0x55,0x55,0x00,0x03,0x00,0x00,0x00,0x00,0x7b,0x48,0x0f,0xba,0x77,0x3c,0x00,0xff,0xac,0x8b,0x69,0xfc,
    0xff,0xfe,0xfe,0xff,0xfb,0xf9,0xf7,0xff,0xfe,0xfc,0xfb,0xff,0xfe,0xfc,0xfb,0xff,0xfe,0xfd,0xfb,0xff,0xfe,0xfd,0xfb,0xff,
    0xfe,0xfd,0xfb,0xff,0xfe,0xfd,0xfb,0xff,0xfe,0xfd,0xfb,0xff,0xfe,0xfd,0xfb,0xff,0xfe,0xfd,0xfb,0xff,0xfe,0xfc,0xf9,0xff,
    0xff,0xff,0xfe,0xff,0xfb,0xef,0xe0,0xff,0xe7,0x98,0x2c,0xff,0xeb,0x99,0x26,0xff,0xe7,0x97,0x29,0xff,0xe8,0x97,0x28,0xff,
    0xe9,0x99,0x29,0xff,0xed,0x9b,0x29,0xff,0xe9,0x99,0x29,0xff,0xe1,0x93,0x27,0xff,0xdd,0x90,0x26,0xff,0xdf,0x92,0x26,0xff,
    0xe0,0x92,0x27,0xff,0xe0,0x92,0x26,0xff,0xe0,0x92,0x26,0xff,0xdd,0x90,0x25,0xff,0xd7,0x8b,0x24,0xff,0xcd,0x84,0x21,0xff,
    0xc2,0x7b,0x1e,0xff,0xba,0x75,0x1c,0xff,0xb0,0x6e,0x19,0xff,0x7f,0x49,0x0c,0xff,0x75,0x42,0x09,0xfd,0x7b,0x46,0x0a,0xfe,
    0x7a,0x45,0x09,0xe8,0x73,0x39,0x0b,0x16,0xff,0x00,0x00,0x01,0x7f,0x00,0x00,0x02,0x00,0x00,0x00,0x00,0x00,0x00,0x00,0x00,
    0x00,0x00,0x00,0x00,0x00,0x00,0x00,0x00,0x55,0x55,0x00,0x03,0x00,0x00,0x00,0x00,0x77,0x42,0x09,0x6b,0x83,0x4c,0x0f,0xff,
    0x6e,0x36,0x00,0xfb,0xbf,0xa7,0x8c,0xff,0xff,0xff,0xff,0xff,0xfc,0xf9,0xf7,0xff,0xfe,0xfc,0xfb,0xff,0xfe,0xfd,0xfb,0xff,
    0xfe,0xfd,0xfb,0xff,0xfe,0xfd,0xfb,0xff,0xfe,0xfd,0xfb,0xff,0xfe,0xfd,0xfb,0xff,0xfe,0xfd,0xfb,0xff,0xfe,0xfd,0xfb,0xff,
    0xfe,0xfd,0xfb,0xff,0xfe,0xfd,0xfb,0xff,0xfc,0xfb,0xf8,0xff,0xff,0xff,0xff,0xff,0xca,0xa8,0x7d,0xff,0x6e,0x3e,0x09,0xff,
    0x61,0x3b,0x10,0xff,0x60,0x3a,0x0d,0xff,0x6c,0x42,0x0f,0xff,0x90,0x5b,0x17,0xff,0xb2,0x73,0x1f,0xff,0xde,0x91,0x28,0xff,
    0xee,0x9d,0x2c,0xff,0xe2,0x95,0x29,0xff,0xde,0x92,0x28,0xff,0xe1,0x94,0x29,0xff,0xe1,0x94,0x29,0xff,0xe1,0x93,0x28,0xff,
    0xde,0x92,0x27,0xff,0xd8,0x8c,0x25,0xff,0xcd,0x85,0x23,0xff,0xc1,0x7b,0x1f,0xff,0xba,0x76,0x1d,0xff,0xa6,0x66,0x17,0xff,
    0x77,0x44,0x0a,0xff,0x77,0x43,0x0a,0xfc,0x80,0x49,0x0b,0xff,0x76,0x43,0x09,0xaa,0x00,0x00,0x00,0x00,0x55,0x55,0x00,0x03,
    0x00,0x00,0x00,0x00,0x00,0x00,0x00,0x00,0x00,0x00,0x00,0x00,0xff,0x00,0x00,0x01,0xff,0x00,0x00,0x01,0x78,0x43,0x0d,0x13,
    0x79,0x45,0x09,0xee,0x7c,0x48,0x0e,0xfd,0x6e,0x37,0x00,0xfe,0xbf,0xa6,0x8a,0xff,0xff,0xff,0xff,0xff,0xfc,0xf9,0xf7,0xff,
    0xfe,0xfd,0xfb,0xff,0xfe,0xfd,0xfb,0xff,0xfe,0xfd,0xfb,0xff,0xfe,0xfd,0xfb,0xff,0xfe,0xfd,0xfb,0xff,0xfe,0xfd,0xfb,0xff,
    0xfe,0xfd,0xfb,0xff,0xfe,0xfd,0xfb,0xff,0xfe,0xfd,0xfb,0xff,0xfd,0xfc,0xfb,0xff,0xf9,0xf8,0xf7,0xff,0xff,0xff,0xfe,0xff,
    0xbf,0xba,0xb8,0xff,0x23,0x0b,0x00,0xff,0x2f,0x18,0x04,0xff,0x2d,0x16,0x02,0xff,0x2c,0x15,0x02,0xff,0x2a,0x13,0x01,0xff,
    0x2e,0x16,0x02,0xff,0x4d,0x2c,0x09,0xff,0x8b,0x58,0x17,0xff,0xdc,0x91,0x29,0xff,0xea,0x9b,0x2d,0xff,0xde,0x93,0x2a,0xff,
    0xe1,0x95,0x2b,0xff,0xe1,0x95,0x2b,0xff,0xe1,0x95,0x2a,0xff,0xdf,0x93,0x29,0xff,0xd7,0x8d,0x27,0xff,0xcc,0x85,0x24,0xff,
    0xbe,0x7a,0x1f,0xff,0xba,0x77,0x1e,0xff,0x95,0x5a,0x12,0xff,0x74,0x41,0x09,0xff,0x79,0x44,0x0a,0xfc,0x7e,0x48,0x0a,0xff,
    0x7b,0x43,0x0b,0x40,0x00,0x00,0x00,0x00,0x55,0x55,0x00,0x03,0x00,0x00,0x00,0x00,0x00,0x00,0x00,0x00,0xaa,0x55,0x00,0x03,
    0x00,0x00,0x00,0x00,0x77,0x43,0x09,0x80,0x81,0x49,0x0b,0xff,0x78,0x46,0x0d,0xfb,0x73,0x3a,0x00,0xff,0xc8,0xa5,0x78,0xff,
    0xff,0xff,0xff,0xff,0xfc,0xfa,0xf7,0xff,0xfe,0xfd,0xfb,0xff,0xfe,0xfd,0xfb,0xff,0xfe,0xfd,0xfb,0xff,0xfe,0xfd,0xfb,0xff,
    0xfe,0xfd,0xfb,0xff,0xfe,0xfd,0xfb,0xff,0xfe,0xfd,0xfb,0xff,0xfe,0xfd,0xfb,0xff,0xfc,0xfc,0xfa,0xff,0xfb,0xfb,0xfa,0xff,
    0xfa,0xfa,0xf9,0xff,0xfd,0xfe,0xfd,0xff,0xf4,0xf2,0xef,0xff,0x4d,0x36,0x1e,0xff,0x33,0x18,0x00,0xff,0x39,0x1f,0x06,0xff,
    0x38,0x1e,0x04,0xff,0x39,0x1e,0x05,0xff,0x38,0x1d,0x04,0xff,0x31,0x19,0x03,0xff,0x28,0x12,0x01,0xff,0x4b,0x2b,0x09,0xff,
    0xbe,0x7d,0x24,0xff,0xed,0x9f,0x2f,0xff,0xe0,0x95,0x2c,0xff,0xe2,0x96,0x2c,0xff,0xe2,0x96,0x2d,0xff,0xe2,0x96,0x2c,0xff,
    0xde,0x94,0x2b,0xff,0xd5,0x8c,0x28,0xff,0xc9,0x83,0x24,0xff,0xbc,0x79,0x20,0xff,0xb4,0x73,0x1d,0xff,0x81,0x4b,0x0d,0xff,
    0x76,0x41,0x0a,0xfc,0x7f,0x48,0x0b,0xfe,0x76,0x44,0x09,0xbf,0x00,0x00,0x00,0x00,0x7f,0x7f,0x00,0x02,0x00,0x00,0x00,0x00,
    0xff,0x00,0x00,0x01,0x00,0x00,0x00,0x01,0x72,0x3f,0x0c,0x14,0x79,0x45,0x09,0xec,0x7b,0x46,0x0b,0xfe,0x74,0x42,0x0b,0xfe,
    0x8a,0x4f,0x07,0xff,0xcb,0x99,0x57,0xff,0xff,0xfe,0xfe,0xff,0xfe,0xfc,0xfa,0xff,0xfe,0xfd,0xfb,0xff,0xfe,0xfd,0xfb,0xff,
    0xfe,0xfd,0xfb,0xff,0xfe,0xfd,0xfb,0xff,0xfe,0xfd,0xfb,0xff,0xfe,0xfd,0xfb,0xff,0xfd,0xfd,0xfb,0xff,0xfb,0xfb,0xfa,0xff,
    0xfb,0xfb,0xfa,0xff,0xfb,0xfb,0xfa,0xff,0xfb,0xfb,0xfa,0xff,0xf9,0xf9,0xf8,0xff,0xff,0xff,0xff,0xff,0x68,0x55,0x43,0xff,
    0x2c,0x10,0x00,0xff,0x38,0x1f,0x07,0xff,0x36,0x1c,0x04,0xff,0x36,0x1c,0x04,0xff,0x36,0x1c,0x04,0xff,0x37,0x1d,0x04,0xff,
    0x3a,0x1f,0x05,0xff,0x30,0x18,0x03,0xff,0x31,0x18,0x03,0xff,0xa0,0x68,0x1e,0xff,0xed,0xa0,0x31,0xff,0xdf,0x96,0x2e,0xff,
    0xe2,0x98,0x2f,0xff,0xe2,0x98,0x2f,0xff,0xe2,0x98,0x2e,0xff,0xdd,0x94,0x2c,0xff,0xd1,0x8b,0x29,0xff,0xc3,0x7f,0x24,0xff,
    0xbc,0x79,0x21,0xff,0x9d,0x61,0x16,0xff,0x74,0x41,0x09,0xff,0x78,0x44,0x0a,0xfd,0x7d,0x47,0x0a,0xff,0x75,0x42,0x0b,0x41,
    0x00,0x00,0x00,0x00,0xaa,0x55,0x00,0x03,0x7f,0x3f,0x00,0x04,0x00,0x00,0x00,0x00,0x78,0x43,0x0a,0x66,0x80,0x49,0x0b,0xff,
    0x77,0x43,0x0a,0xfc,0x78,0x44,0x0b,0xff,0xa9,0x6a,0x1a,0xff,0xbf,0x7f,0x29,0xff,0xf6,0xed,0xe0,0xff,0xff,0xfe,0xfe,0xff,
    0xfe,0xfc,0xfa,0xff,0xfe,0xfd,0xfb,0xff,0xfe,0xfd,0xfb,0xff,0xfe,0xfd,0xfb,0xff,0xfe,0xfd,0xfb,0xff,0xfe,0xfd,0xfb,0xff,
    0xfb,0xfb,0xfa,0xff,0xfb,0xfb,0xfa,0xff,0xfb,0xfb,0xfa,0xff,0xfb,0xfb,0xfa,0xff,0xfb,0xfb,0xfa,0xff,0xf8,0xf8,0xf7,0xff,
    0xff,0xff,0xff,0xff,0x80,0x70,0x60,0xff,0x29,0x0d,0x00,0xff,0x39,0x1f,0x08,0xff,0x36,0x1c,0x04,0xff,0x36,0x1c,0x04,0xff,
    0x36,0x1c,0x04,0xff,0x36,0x1c,0x04,0xff,0x36,0x1c,0x04,0xff,0x38,0x1e,0x05,0xff,0x36,0x1c,0x04,0xff,0x2b,0x14,0x01,0xff,
    0xad,0x72,0x23,0xff,0xef,0xa3,0x34,0xff,0xe0,0x97,0x30,0xff,0xe3,0x9a,0x31,0xff,0xe3,0x9a,0x31,0xff,0xe1,0x98,0x30,0xff,
    0xd9,0x92,0x2e,0xff,0xcc,0x87,0x28,0xff,0xbe,0x7c,0x23,0xff,0xb4,0x74,0x20,0xff,0x80,0x4b,0x0d,0xff,0x75,0x43,0x09,0xfb,
    0x80,0x49,0x0b,0xff,0x77,0x43,0x09,0xa7,0x00,0x00,0x00,0x00,0x3f,0x3f,0x00,0x04,0x7f,0x7f,0x00,0x02,0x7f,0x7f,0x00,0x02,
    0x77,0x44,0x08,0xca,0x7e,0x48,0x0b,0xfe,0x75,0x41,0x09,0xfc,0x85,0x4e,0x0f,0xff,0xb8,0x79,0x25,0xff,0xbe,0x78,0x19,0xff,
    0xea,0xcf,0xa9,0xff,0xff,0xff,0xff,0xff,0xfd,0xfb,0xf8,0xff,0xfe,0xfd,0xfb,0xff,0xfe,0xfd,0xfb,0xff,0xfe,0xfd,0xfb,0xff,
    0xfe,0xfd,0xfb,0xff,0xfc,0xfb,0xfa,0xff,0xfb,0xfb,0xfa,0xff,0xfb,0xfb,0xfa,0xff,0xfb,0xfb,0xfa,0xff,0xfb,0xfb,0xfa,0xff,
    0xfb,0xfb,0xfa,0xff,0xf8,0xf8,0xf7,0xff,0xff,0xff,0xff,0xff,0x80,0x70,0x61,0xff,0x29,0x0d,0x00,0xff,0x39,0x1f,0x07,0xff,
    0x36,0x1c,0x04,0xff,0x36,0x1c,0x04,0xff,0x36,0x1c,0x04,0xff,0x36,0x1c,0x04,0xff,0x36,0x1c,0x04,0xff,0x36,0x1c,0x04,0xff,
    0x38,0x1e,0x05,0xff,0x34,0x1a,0x03,0xff,0x3d,0x21,0x06,0xff,0xcf,0x8c,0x2e,0xff,0xe9,0xa0,0x36,0xff,0xe2,0x9a,0x33,0xff,
    0xe4,0x9b,0x34,0xff,0xe4,0x9b,0x33,0xff,0xdf,0x97,0x31,0xff,0xd3,0x8e,0x2d,0xff,0xc3,0x81,0x27,0xff,0xbc,0x7b,0x24,0xff,
    0x93,0x5a,0x14,0xff,0x73,0x40,0x08,0xfe,0x7a,0x46,0x0b,0xfe,0x79,0x44,0x09,0xf4,0x7a,0x3d,0x0a,0x19,0x00,0x00,0x00,0x00,
    0x00,0x00,0x00,0x00,0x7f,0x44,0x09,0x1a,0x79,0x44,0x0a,0xf6,0x7a,0x45,0x0b,0xff,0x73,0x40,0x08,0xfe,0x98,0x5e,0x17,0xff,
    0xbe,0x7e,0x28,0xff,0xc5,0x81,0x23,0xff,0xdb,0x9f,0x49,0xff,0xfe,0xfa,0xf6,0xff,0xfe,0xfd,0xfb,0xff,0xfe,0xfd,0xfa,0xff,
    0xfe,0xfd,0xfb,0xff,0xfe,0xfd,0xfb,0xff,0xfd,0xfc,0xfb,0xff,0xfb,0xfb,0xfa,0xff,0xfb,0xfb,0xfa,0xff,0xfb,0xfb,0xfa,0xff,
    0xfb,0xfb,0xfa,0xff,0xfb,0xfb,0xfa,0xff,0xfb,0xfb,0xfa,0xff,0xfa,0xfa,0xf9,0xff,0xfd,0xfd,0xfc,0xff,0x64,0x50,0x3e,0xff,
    0x2c,0x11,0x00,0xff,0x38,0x1f,0x07,0xff,0x36,0x1c,0x04,0xff,0x36,0x1c,0x04,0xff,0x36,0x1c,0x04,0xff,0x36,0x1c,0x04,0xff,
    0x36,0x1c,0x04,0xff,0x36,0x1c,0x04,0xff,0x36,0x1c,0x04,0xff,0x39,0x1f,0x05,0xff,0x2b,0x14,0x01,0xff,0x65,0x3f,0x12,0xff,
    0xeb,0xa2,0x38,0xff,0xe3,0x9d,0x36,0xff,0xe5,0x9d,0x37,0xff,0xe5,0x9e,0x37,0xff,0xe3,0x9c,0x35,0xff,0xd9,0x94,0x31,0xff,
    0xca,0x88,0x2b,0xff,0xbf,0x7f,0x27,0xff,0xa7,0x6b,0x1d,0xff,0x76,0x43,0x09,0xff,0x78,0x43,0x0a,0xfc,0x80,0x48,0x0b,0xff,
    0x77,0x43,0x0c,0x4f,0x00,0x00,0x00,0x00,0x00,0x00,0x00,0x00,0x77,0x42,0x0c,0x51,0x7f,0x48,0x0b,0xff,0x77,0x43,0x0a,0xfc,
    0x78,0x44,0x0a,0xff,0xab,0x6f,0x20,0xff,0xc0,0x80,0x29,0xff,0xcc,0x8c,0x31,0xff,0xd9,0x91,0x27,0xff,0xf2,0xd0,0x9f,0xff,
    0xff,0xff,0xff,0xff,0xfe,0xfb,0xf7,0xff,0xfe,0xfd,0xfb,0xff,0xfe,0xfd,0xfb,0xff,0xfb,0xfb,0xfa,0xff,0xfb,0xfb,0xfa,0xff,
    0xfb,0xfb,0xfa,0xff,0xfb,0xfb,0xfa,0xff,0xfb,0xfb,0xfa,0xff,0xfb,0xfb,0xfa,0xff,0xfb,0xfb,0xf9,0xff,0xfc,0xfd,0xfc,0xff,
    0xf8,0xf8,0xf7,0xff,0x4e,0x37,0x21,0xff,0x31,0x16,0x00,0xff,0x37,0x1d,0x06,0xff,0x36,0x1c,0x04,0xff,0x36,0x1c,0x04,0xff,
    0x36,0x1c,0x04,0xff,0x36,0x1c,0x04,0xff,0x36,0x1c,0x04,0xff,0x36,0x1c,0x04,0xff,0x36,0x1c,0x04,0xff,0x36,0x1c,0x04,0xff,
    0x38,0x1d,0x05,0xff,0x2f,0x16,0x02,0xff,0xc0,0x83,0x2e,0xff,0xee,0xa6,0x3c,0xff,0xe4,0x9e,0x39,0xff,0xe5,0xa0,0x3a,0xff,
    0xe5,0x9f,0x39,0xff,0xde,0x9a,0x36,0xff,0xd0,0x8e,0x30,0xff,0xc1,0x81,0x29,0xff,0xb6,0x78,0x25,0xff,0x81,0x4c,0x0e,0xff,
    0x75,0x42,0x08,0xfb,0x82,0x4a,0x0b,0xff,0x78,0x44,0x0a,0x8e,0x00,0x00,0x00,0x00,0x00,0x00,0x00,0x00,0x77,0x43,0x09,0x84,
    0x82,0x4a,0x0b,0xff,0x75,0x42,0x09,0xfb,0x7f,0x4a,0x0e,0xff,0xb5,0x78,0x26,0xff,0xc2,0x83,0x2b,0xff,0xd1,0x90,0x33,0xff,
    0xe0,0x9c,0x3a,0xff,0xe5,0x9f,0x36,0xff,0xf8,0xe2,0xc2,0xff,0xff,0xff,0xff,0xff,0xff,0xfb,0xf7,0xff,0xfd,0xfc,0xfa,0xff,
    0xfb,0xfb,0xfa,0xff,0xfb,0xfb,0xfa,0xff,0xfb,0xfb,0xfa,0xff,0xfb,0xfb,0xfa,0xff,0xfb,0xfb,0xfa,0xff,0xfb,0xfb,0xfa,0xff,
    0xf8,0xf7,0xf6,0xff,0xff,0xff,0xff,0xff,0xc1,0xba,0xb2,0xff,0x2f,0x14,0x03,0xff,0x37,0x1d,0x06,0xff,0x36,0x1c,0x04,0xff,
    0x36,0x1c,0x04,0xff,0x36,0x1c,0x04,0xff,0x36,0x1c,0x04,0xff,0x36,0x1c,0x04,0xff,0x36,0x1c,0x04,0xff,0x36,0x1c,0x04,0xff,
    0x36,0x1c,0x04,0xff,0x36,0x1c,0x04,0xff,0x39,0x1e,0x05,0xff,0x2b,0x13,0x01,0xff,0x7c,0x51,0x1b,0xff,0xf2,0xab,0x40,0xff,
    0xe3,0xa0,0x3b,0xff,0xe6,0xa2,0x3c,0xff,0xe6,0xa2,0x3d,0xff,0xe2,0x9e,0x3a,0xff,0xd5,0x93,0x34,0xff,0xc5,0x85,0x2d,0xff,
    0xbc,0x7e,0x29,0xff,0x8c,0x55,0x13,0xff,0x74,0x40,0x08,0xfc,0x80,0x49,0x0b,0xff,0x78,0x45,0x09,0xc0,0x7f,0x00,0x00,0x02,
    0x00,0x00,0x00,0x00,0x79,0x44,0x09,0xb3,0x80,0x49,0x0b,0xff,0x74,0x40,0x08,0xfc,0x87,0x51,0x11,0xff,0xbb,0x7e,0x2a,0xff,
    0xc5,0x86,0x2f,0xff,0xd5,0x94,0x37,0xff,0xe3,0xa1,0x3e,0xff,0xe7,0xa3,0x3c,0xff,0xe8,0xa7,0x46,0xff,0xf9,0xe9,0xd2,0xff,
    0xff,0xff,0xff,0xff,0xfc,0xfb,0xf9,0xff,0xf8,0xf8,0xf7,0xff,0xfa,0xfa,0xf9,0xff,0xfb,0xfb,0xfa,0xff,0xfb,0xfb,0xfa,0xff,
    0xfb,0xfb,0xfa,0xff,0xf8,0xf8,0xf7,0xff,0xfa,0xf9,0xf8,0xff,0xff,0xff,0xff,0xff,0x61,0x4d,0x3b,0xff,0x2c,0x11,0x00,0xff,
    0x38,0x1f,0x07,0xff,0x36,0x1c,0x04,0xff,0x36,0x1c,0x04,0xff,0x36,0x1c,0x04,0xff,0x36,0x1c,0x04,0xff,0x36,0x1c,0x04,0xff,
    0x36,0x1c,0x04,0xff,0x36,0x1c,0x04,0xff,0x36,0x1c,0x04,0xff,0x36,0x1c,0x04,0xff,0x37,0x1e,0x04,0xff,0x30,0x18,0x02,0xff,
    0x50,0x30,0x0d,0xff,0xe7,0xa4,0x40,0xff,0xe7,0xa5,0x3f,0xff,0xe7,0xa4,0x40,0xff,0xe7,0xa4,0x40,0xff,0xe4,0xa2,0x3e,0xff,
    0xd9,0x98,0x39,0xff,0xc8,0x89,0x30,0xff,0xc0,0x82,0x2c,0xff,0x96,0x5e,0x18,0xff,0x73,0x40,0x08,0xfe,0x7c,0x46,0x0b,0xff,
    0x77,0x44,0x09,0xe6,0x6d,0x48,0x12,0x0e,0x66,0x33,0x00,0x05,0x77,0x44,0x0a,0xc8,0x7f,0x48,0x0b,0xff,0x73,0x40,0x08,0xfd,
    0x92,0x5b,0x17,0xff,0xbe,0x82,0x2d,0xff,0xc7,0x8a,0x32,0xff,0xd9,0x99,0x3b,0xff,0xe5,0xa3,0x41,0xff,0xe8,0xa7,0x44,0xff,
    0xe7,0xa5,0x40,0xff,0xe9,0xa7,0x44,0xff,0xf4,0xdc,0xb7,0xff,0xff,0xff,0xff,0xff,0xff,0xff,0xff,0xff,0xfd,0xfd,0xfc,0xff,
    0xfa,0xfa,0xf9,0xff,0xf9,0xf9,0xf7,0xff,0xfb,0xfb,0xfa,0xff,0xff,0xff,0xff,0xff,0xff,0xff,0xff,0xff,0x8e,0x80,0x73,0xff,
    0x2c,0x11,0x00,0xff,0x38,0x1f,0x06,0xff,0x36,0x1c,0x04,0xff,0x36,0x1c,0x04,0xff,0x36,0x1c,0x04,0xff,0x36,0x1c,0x04,0xff,
    0x36,0x1c,0x04,0xff,0x36,0x1c,0x04,0xff,0x36,0x1c,0x04,0xff,0x36,0x1c,0x04,0xff,0x36,0x1c,0x04,0xff,0x36,0x1c,0x04,0xff,
    0x37,0x1d,0x04,0xff,0x35,0x1b,0x04,0xff,0x3b,0x20,0x06,0xff,0xd2,0x96,0x3b,0xff,0xed,0xaa,0x44,0xff,0xe7,0xa5,0x43,0xff,
    0xe8,0xa7,0x43,0xff,0xe6,0xa5,0x41,0xff,0xdc,0x9c,0x3d,0xff,0xcb,0x8d,0x34,0xff,0xc1,0x84,0x2f,0xff,0xa2,0x69,0x1f,0xff,
    0x75,0x41,0x09,0xfe,0x7a,0x45,0x0b,0xff,0x78,0x44,0x09,0xf1,0x77,0x47,0x0f,0x20,0x6b,0x43,0x0d,0x13,0x77,0x44,0x09,0xed,
    0x7c,0x46,0x0b,0xff,0x73,0x40,0x08,0xfe,0x98,0x60,0x1b,0xff,0xc0,0x85,0x31,0xff,0xc9,0x8d,0x35,0xff,0xdb,0x9c,0x3e,0xff,
    0xe6,0xa7,0x44,0xff,0xe9,0xa9,0x46,0xff,0xe8,0xa9,0x48,0xff,0xed,0xab,0x46,0xff,0xda,0x9b,0x3a,0xff,0x6d,0x57,0x42,0xff,
    0xbb,0xb3,0xac,0xff,0xf4,0xf3,0xf1,0xff,0xff,0xff,0xff,0xff,0xff,0xff,0xff,0xff,0xfa,0xfa,0xf9,0xff,0xd8,0xd4,0xcf,0xff,
    0x77,0x66,0x58,0xff,0x2b,0x0f,0x00,0xff,0x38,0x1e,0x06,0xff,0x36,0x1c,0x04,0xff,0x36,0x1c,0x04,0xff,0x36,0x1c,0x04,0xff,
    0x36,0x1c,0x04,0xff,0x36,0x1c,0x04,0xff,0x36,0x1c,0x04,0xff,0x36,0x1c,0x04,0xff,0x36,0x1c,0x04,0xff,0x36,0x1c,0x04,0xff,
    0x36,0x1c,0x04,0xff,0x36,0x1c,0x04,0xff,0x36,0x1c,0x04,0xff,0x38,0x1d,0x05,0xff,0x2e,0x16,0x01,0xff,0xba,0x84,0x35,0xff,
    0xf3,0xb1,0x4a,0xff,0xe7,0xa7,0x45,0xff,0xe9,0xa9,0x46,0xff,0xe8,0xa8,0x45,0xff,0xdf,0xa0,0x40,0xff,0xce,0x91,0x38,0xff,
    0xc2,0x86,0x31,0xff,0xa8,0x6e,0x23,0xff,0x75,0x41,0x09,0xff,0x78,0x44,0x0a,0xfe,0x7b,0x46,0x0a,0xff,0x78,0x46,0x0a,0x48,
    0x71,0x46,0x0e,0x12,0x77,0x44,0x09,0xeb,0x7c,0x46,0x0b,0xff,0x73,0x40,0x07,0xfe,0x97,0x60,0x1b,0xff,0xc1,0x87,0x33,0xff,
    0xca,0x8f,0x38,0xff,0xdc,0x9f,0x42,0xff,0xe7,0xaa,0x48,0xff,0xea,0xac,0x4a,0xff,0xe9,0xaa,0x49,0xff,0xed,0xae,0x4b,0xff,
    0xdf,0xa4,0x47,0xff,0x37,0x19,0x00,0xff,0x2c,0x12,0x00,0xff,0x4b,0x34,0x1e,0xff,0x64,0x4f,0x3d,0xff,0x72,0x5f,0x4e,0xff,
    0x59,0x44,0x30,0xff,0x36,0x1c,0x04,0xff,0x2a,0x0f,0x00,0xff,0x38,0x1f,0x07,0xff,0x36,0x1c,0x04,0xff,0x36,0x1c,0x04,0xff,
    0x36,0x1c,0x04,0xff,0x36,0x1c,0x04,0xff,0x36,0x1c,0x04,0xff,0x36,0x1c,0x04,0xff,0x36,0x1c,0x04,0xff,0x36,0x1c,0x04,0xff,
    0x36,0x1c,0x04,0xff,0x36,0x1c,0x04,0xff,0x36,0x1c,0x04,0xff,0x36,0x1c,0x04,0xff,0x36,0x1c,0x04,0xff,0x38,0x1d,0x05,0xff,
    0x2e,0x16,0x01,0xff,0xbc,0x86,0x38,0xff,0xf4,0xb4,0x4e,0xff,0xe8,0xaa,0x49,0xff,0xea,0xac,0x4a,0xff,0xe9,0xaa,0x49,0xff,
    0xe0,0xa3,0x44,0xff,0xcf,0x93,0x3a,0xff,0xc3,0x88,0x34,0xff,0xa7,0x6e,0x24,0xff,0x75,0x41,0x08,0xff,0x78,0x44,0x0a,0xfe,
    0x7b,0x46,0x0a,0xff,0x78,0x45,0x0a,0x46,0x71,0x46,0x0e,0x12,0x77,0x44,0x09,0xea,0x7c,0x46,0x0b,0xff,0x73,0x3f,0x07,0xfe,
    0x97,0x61,0x1c,0xff,0xc2,0x88,0x35,0xff,0xcb,0x90,0x3a,0xff,0xdd,0xa1,0x45,0xff,0xe8,0xab,0x4b,0xff,0xeb,0xae,0x4d,0xff,
    0xea,0xad,0x4d,0xff,0xee,0xb0,0x4e,0xff,0xe0,0xa6,0x49,0xff,0x47,0x2a,0x0d,0xff,0x34,0x1b,0x05,0xff,0x32,0x18,0x00,0xff,
    0x2d,0x11,0x00,0xff,0x2b,0x0f,0x00,0xff,0x2f,0x14,0x00,0xff,0x36,0x1c,0x03,0xff,0x39,0x1f,0x07,0xff,0x36,0x1c,0x04,0xff,
    0x36,0x1c,0x04,0xff,0x36,0x1c,0x04,0xff,0x36,0x1c,0x04,0xff,0x36,0x1c,0x04,0xff,0x36,0x1c,0x04,0xff,0x36,0x1c,0x04,0xff,
    0x36,0x1c,0x04,0xff,0x36,0x1c,0x04,0xff,0x36,0x1c,0x04,0xff,0x36,0x1c,0x04,0xff,0x36,0x1c,0x04,0xff,0x36,0x1c,0x04,0xff,
    0x36,0x1c,0x04,0xff,0x38,0x1d,0x05,0xff,0x30,0x16,0x02,0xff,0xbf,0x8b,0x3b,0xff,0xf4,0xb6,0x51,0xff,0xe9,0xac,0x4c,0xff,
    0xeb,0xae,0x4d,0xff,0xea,0xad,0x4c,0xff,0xe1,0xa4,0x47,0xff,0xcf,0x94,0x3d,0xff,0xc4,0x89,0x36,0xff,0xa7,0x70,0x26,0xff,
    0x75,0x41,0x08,0xff,0x78,0x44,0x0a,0xfe,0x7b,0x46,0x0a,0xff,0x79,0x46,0x0b,0x45,0x78,0x43,0x0d,0x13,0x77,0x44,0x09,0xef,
    0x7c,0x46,0x0b,0xff,0x73,0x3f,0x07,0xfe,0x96,0x60,0x1c,0xff,0xc2,0x89,0x36,0xff,0xcb,0x91,0x3c,0xff,0xdc,0xa2,0x47,0xff,
    0xe9,0xad,0x4e,0xff,0xec,0xb1,0x50,0xff,0xec,0xb1,0x50,0xff,0xea,0xb0,0x50,0xff,0xf2,0xb6,0x53,0xff,0x62,0x3f,0x16,0xff,
    0x2d,0x15,0x01,0xff,0x39,0x1f,0x06,0xff,0x38,0x1e,0x07,0xff,0x39,0x1f,0x07,0xff,0x38,0x1e,0x06,0xff,0x36,0x1d,0x05,0xff,
    0x36,0x1c,0x04,0xff,0x36,0x1c,0x04,0xff,0x36,0x1c,0x04,0xff,0x36,0x1c,0x04,0xff,0x36,0x1c,0x04,0xff,0x36,0x1c,0x04,0xff,
    0x36,0x1c,0x04,0xff,0x36,0x1c,0x04,0xff,0x36,0x1c,0x04,0xff,0x36,0x1c,0x04,0xff,0x36,0x1c,0x04,0xff,0x36,0x1c,0x04,0xff,
    0x36,0x1c,0x04,0xff,0x36,0x1c,0x04,0xff,0x37,0x1d,0x04,0xff,0x34,0x1a,0x03,0xff,0x40,0x24,0x08,0xff,0xdd,0xa4,0x4a,0xff,
    0xf0,0xb4,0x52,0xff,0xeb,0xb0,0x50,0xff,0xec,0xb1,0x50,0xff,0xeb,0xaf,0x4f,0xff,0xe0,0xa6,0x49,0xff,0xcf,0x95,0x3f,0xff,
    0xc4,0x8a,0x38,0xff,0xa6,0x6f,0x26,0xff,0x75,0x41,0x08,0xff,0x78,0x44,0x0a,0xfe,0x7c,0x47,0x0a,0xff,0x78,0x44,0x0a,0x4a,
    0x71,0x55,0x1c,0x09,0x78,0x44,0x09,0xd2,0x7e,0x48,0x0b,0xff,0x73,0x40,0x08,0xfd,0x89,0x55,0x15,0xff,0xc0,0x88,0x37,0xff,
    0xc9,0x91,0x3e,0xff,0xdb,0xa2,0x49,0xff,0xe8,0xaf,0x51,0xff,0xed,0xb3,0x54,0xff,0xed,0xb3,0x54,0xff,0xea,0xb0,0x53,0xff,
    0xfa,0xbe,0x5a,0xff,0x84,0x5c,0x26,0xff,0x28,0x11,0x00,0xff,0x39,0x1f,0x05,0xff,0x36,0x1c,0x04,0xff,0x36,0x1c,0x04,0xff,
    0x36,0x1c,0x04,0xff,0x36,0x1c,0x04,0xff,0x36,0x1c,0x04,0xff,0x36,0x1c,0x04,0xff,0x36,0x1c,0x04,0xff,0x36,0x1c,0x04,0xff,
    0x36,0x1c,0x04,0xff,0x36,0x1c,0x04,0xff,0x36,0x1c,0x04,0xff,0x36,0x1c,0x04,0xff,0x36,0x1c,0x04,0xff,0x36,0x1c,0x04,0xff,
    0x36,0x1c,0x04,0xff,0x36,0x1c,0x04,0xff,0x36,0x1c,0x04,0xff,0x36,0x1c,0x04,0xff,0x38,0x1e,0x05,0xff,0x2e,0x16,0x01,0xff,
    0x59,0x39,0x13,0xff,0xf0,0xb6,0x56,0xff,0xec,0xb3,0x54,0xff,0xed,0xb3,0x54,0xff,0xed,0xb3,0x54,0xff,0xea,0xb1,0x52,0xff,
    0xdf,0xa6,0x4c,0xff,0xcd,0x95,0x40,0xff,0xc3,0x8c,0x3a,0xff,0x9a,0x64,0x20,0xff,0x73,0x3f,0x07,0xfe,0x7b,0x46,0x0b,0xff,
    0x78,0x44,0x09,0xf5,0x73,0x45,0x0b,0x2c,0x00,0x00,0x00,0x00,0x78,0x45,0x09,0xb8,0x80,0x49,0x0b,0xff,0x75,0x40,0x08,0xfc,
    0x85,0x51,0x13,0xff,0xbd,0x86,0x37,0xff,0xc7,0x90,0x3e,0xff,0xd9,0xa1,0x49,0xff,0xe7,0xaf,0x53,0xff,0xee,0xb6,0x57,0xff,
    0xee,0xb6,0x58,0xff,0xec,0xb3,0x57,0xff,0xf8,0xbe,0x5c,0xff,0xbd,0x8d,0x41,0xff,0x2f,0x16,0x02,0xff,0x38,0x1d,0x05,0xff,
    0x36,0x1c,0x04,0xff,0x36,0x1c,0x04,0xff,0x36,0x1c,0x04,0xff,0x36,0x1c,0x04,0xff,0x36,0x1c,0x04,0xff,0x36,0x1c,0x04,0xff,
    0x36,0x1c,0x04,0xff,0x36,0x1c,0x04,0xff,0x36,0x1c,0x04,0xff,0x36,0x1c,0x04,0xff,0x36,0x1c,0x04,0xff,0x36,0x1c,0x04,0xff,
    0x36,0x1c,0x04,0xff,0x36,0x1c,0x04,0xff,0x36,0x1c,0x04,0xff,0x36,0x1c,0x04,0xff,0x36,0x1c,0x04,0xff,0x36,0x1c,0x04,0xff,
    0x39,0x1f,0x05,0xff,0x29,0x11,0x00,0xff,0x91,0x68,0x2d,0xff,0xfb,0xc1,0x5e,0xff,0xeb,0xb3,0x56,0xff,0xee,0xb6,0x58,0xff,
    0xee,0xb6,0x58,0xff,0xea,0xb2,0x55,0xff,0xdd,0xa5,0x4c,0xff,0xcb,0x94,0x40,0xff,0xc2,0x8b,0x3b,0xff,0x94,0x5f,0x1d,0xff,
    0x73,0x3f,0x07,0xfe,0x7c,0x47,0x0b,0xff,0x77,0x44,0x09,0xeb,0x66,0x44,0x11,0x0f,0x00,0x00,0x00,0x00,0x79,0x44,0x0a,0x91,
    0x81,0x49,0x0b,0xff,0x77,0x43,0x09,0xfb,0x7a,0x46,0x0c,0xff,0xb3,0x7e,0x32,0xff,0xc6,0x91,0x3f,0xff,0xd5,0x9f,0x49,0xff,
    0xe5,0xaf,0x55,0xff,0xee,0xb7,0x5b,0xff,0xef,0xb8,0x5c,0xff,0xef,0xb8,0x5c,0xff,0xef,0xb9,0x5b,0xff,0xf1,0xbb,0x5d,0xff,
    0x53,0x34,0x12,0xff,0x2f,0x16,0x02,0xff,0x38,0x1e,0x05,0xff,0x36,0x1c,0x04,0xff,0x36,0x1c,0x04,0xff,0x36,0x1c,0x04,0xff,
    0x36,0x1c,0x04,0xff,0x36,0x1c,0x04,0xff,0x36,0x1c,0x04,0xff,0x36,0x1c,0x04,0xff,0x36,0x1c,0x04,0xff,0x36,0x1c,0x04,0xff,
    0x36,0x1c,0x04,0xff,0x36,0x1c,0x04,0xff,0x36,0x1c,0x04,0xff,0x36,0x1c,0x04,0xff,0x36,0x1c,0x04,0xff,0x36,0x1c,0x04,0xff,
    0x36,0x1c,0x04,0xff,0x37,0x1d,0x04,0xff,0x37,0x1c,0x05,0xff,0x35,0x1b,0x04,0xff,0xd6,0xa3,0x50,0xff,0xf5,0xbe,0x5f,0xff,
    0xee,0xb7,0x5b,0xff,0xef,0xb8,0x5c,0xff,0xef,0xb8,0x5b,0xff,0xe9,0xb2,0x57,0xff,0xda,0xa3,0x4d,0xff,0xc8,0x92,0x41,0xff,
    0xbd,0x88,0x39,0xff,0x85,0x51,0x13,0xff,0x74,0x41,0x08,0xfd,0x7e,0x48,0x0b,0xff,0x79,0x44,0x0a,0xca,0x55,0x55,0x00,0x06,
    0x00,0x00,0x00,0x00,0x76,0x43,0x0a,0x5f,0x81,0x48,0x0b,0xff,0x78,0x44,0x0a,0xfc,0x74,0x40,0x07,0xff,0xa6,0x72,0x2a,0xff,
    0xc6,0x91,0x41,0xff,0xd0,0x9b,0x48,0xff,0xe1,0xad,0x54,0xff,0xed,0xb8,0x5c,0xff,0xf0,0xbb,0x5f,0xff,0xf0,0xbb,0x5f,0xff,
    0xee,0xb9,0x5d,0xff,0xfb,0xc4,0x64,0xff,0xb1,0x85,0x40,0xff,0x29,0x11,0x00,0xff,0x39,0x1f,0x06,0xff,0x36,0x1c,0x04,0xff,
    0x36,0x1c,0x04,0xff,0x36,0x1c,0x04,0xff,0x36,0x1c,0x04,0xff,0x36,0x1c,0x04,0xff,0x36,0x1c,0x04,0xff,0x36,0x1c,0x04,0xff,
    0x36,0x1c,0x04,0xff,0x36,0x1c,0x04,0xff,0x36,0x1c,0x04,0xff,0x36,0x1c,0x04,0xff,0x36,0x1c,0x04,0xff,0x36,0x1c,0x04,0xff,
    0x36,0x1c,0x04,0xff,0x36,0x1c,0x04,0xff,0x37,0x1d,0x05,0xff,0x3a,0x1f,0x05,0xff,0x25,0x0d,0x00,0xff,0x84,0x5f,0x2b,0xff,
    0xfb,0xc5,0x64,0xff,0xed,0xb9,0x5d,0xff,0xf0,0xbb,0x5f,0xff,0xf0,0xbb,0x5f,0xff,0xee,0xb9,0x5e,0xff,0xe5,0xb0,0x57,0xff,
    0xd5,0xa0,0x4b,0xff,0xc7,0x92,0x42,0xff,0xb4,0x80,0x35,0xff,0x7a,0x46,0x0c,0xff,0x77,0x43,0x09,0xfb,0x81,0x49,0x0b,0xff,
    0x78,0x44,0x09,0x9d,0x00,0x00,0x00,0x00,0x00,0x00,0x00,0x00,0x7c,0x44,0x0d,0x25,0x7a,0x45,0x0a,0xfa,0x79,0x45,0x0b,0xfe,
    0x74,0x40,0x07,0xff,0x90,0x5c,0x1b,0xff,0xc2,0x8f,0x40,0xff,0xcb,0x97,0x46,0xff,0xdc,0xa8,0x53,0xff,0xea,0xb7,0x5d,0xff,
    0xf1,0xbd,0x62,0xff,0xf1,0xbd,0x62,0xff,0xf1,0xbd,0x63,0xff,0xef,0xbc,0x61,0xff,0xfc,0xc7,0x68,0xff,0x7d,0x59,0x28,0xff,
    0x27,0x0f,0x00,0xff,0x3b,0x21,0x06,0xff,0x36,0x1c,0x04,0xff,0x36,0x1c,0x04,0xff,0x36,0x1c,0x04,0xff,0x36,0x1c,0x04,0xff,
    0x36,0x1c,0x04,0xff,0x36,0x1c,0x04,0xff,0x36,0x1c,0x04,0xff,0x36,0x1c,0x04,0xff,0x36,0x1c,0x04,0xff,0x36,0x1c,0x04,0xff,
    0x36,0x1c,0x04,0xff,0x36,0x1c,0x04,0xff,0x36,0x1c,0x04,0xff,0x36,0x1d,0x05,0xff,0x35,0x1b,0x01,0xff,0x2f,0x16,0x02,0xff,
    0x5b,0x3d,0x19,0xff,0xed,0xb9,0x5d,0xff,0xf3,0xbf,0x64,0xff,0xf0,0xbc,0x62,0xff,0xf1,0xbd,0x62,0xff,0xf1,0xbd,0x62,0xff,
    0xed,0xb9,0x5f,0xff,0xe0,0xac,0x56,0xff,0xcf,0x9b,0x49,0xff,0xc5,0x92,0x42,0xff,0xa1,0x6d,0x28,0xff,0x74,0x40,0x07,0xff,
    0x78,0x44,0x0a,0xfc,0x81,0x48,0x0b,0xff,0x77,0x43,0x0a,0x5e,0x00,0x00,0x00,0x00,0x00,0x00,0x00,0x01,0x99,0x33,0x00,0x05,
    0x77,0x43,0x09,0xdb,0x7d,0x47,0x0b,0xff,0x76,0x43,0x09,0xfd,0x7a,0x46,0x0c,0xff,0xb6,0x83,0x39,0xff,0xc8,0x95,0x46,0xff,
    0xd6,0xa3,0x50,0xff,0xe6,0xb3,0x5c,0xff,0xf0,0xbe,0x63,0xff,0xf2,0xc0,0x66,0xff,0xf2,0xc0,0x66,0xff,0xf1,0xbf,0x65,0xff,
    0xf4,0xc2,0x67,0xff,0xf0,0xbe,0x64,0xff,0x5a,0x3c,0x17,0xff,0x27,0x0f,0x00,0xff,0x3a,0x20,0x06,0xff,0x37,0x1d,0x04,0xff,
    0x36,0x1c,0x04,0xff,0x36,0x1c,0x04,0xff,0x36,0x1c,0x04,0xff,0x36,0x1c,0x04,0xff,0x36,0x1c,0x04,0xff,0x36,0x1c,0x04,0xff,
    0x36,0x1c,0x04,0xff,0x36,0x1c,0x04,0xff,0x36,0x1c,0x04,0xff,0x36,0x1c,0x04,0xff,0x37,0x1d,0x05,0xff,0x36,0x1b,0x03,0xff,
    0x42,0x2b,0x17,0xff,0x83,0x72,0x62,0xff,0xe8,0xcc,0x9b,0xff,0xfa,0xcf,0x81,0xff,0xf0,0xbd,0x61,0xff,0xf2,0xc0,0x66,0xff,
    0xf2,0xc0,0x66,0xff,0xf1,0xbf,0x64,0xff,0xe9,0xb7,0x5e,0xff,0xda,0xa7,0x53,0xff,0xc9,0x96,0x47,0xff,0xc0,0x8d,0x40,0xff,
    0x86,0x52,0x15,0xff,0x74,0x41,0x07,0xff,0x79,0x45,0x0b,0xfe,0x7a,0x44,0x0a,0xfc,0x7c,0x44,0x0d,0x25,0x00,0x00,0x00,0x00,
    0x7f,0x3f,0x00,0x04,0x00,0x00,0x00,0x00,0x79,0x45,0x09,0x80,0x81,0x49,0x0b,0xff,0x78,0x45,0x0b,0xfb,0x73,0x3f,0x06,0xff,
    0x99,0x67,0x24,0xff,0xc6,0x94,0x46,0xff,0xcd,0x9b,0x4c,0xff,0xde,0xad,0x59,0xff,0xec,0xbb,0x63,0xff,0xf2,0xc2,0x68,0xff,
    0xf3,0xc2,0x69,0xff,0xf3,0xc2,0x69,0xff,0xf1,0xc0,0x68,0xff,0xf8,0xc6,0x6c,0xff,0xeb,0xbb,0x65,0xff,0x67,0x48,0x1f,0xff,
    0x28,0x0f,0x00,0xff,0x36,0x1c,0x04,0xff,0x3a,0x1f,0x06,0xff,0x37,0x1d,0x05,0xff,0x36,0x1c,0x04,0xff,0x36,0x1c,0x04,0xff,
    0x36,0x1c,0x04,0xff,0x36,0x1c,0x04,0xff,0x36,0x1c,0x04,0xff,0x36,0x1c,0x04,0xff,0x37,0x1d,0x04,0xff,0x39,0x1f,0x06,0xff,
    0x38,0x1e,0x05,0xff,0x2b,0x12,0x00,0xff,0x8c,0x7a,0x66,0xff,0xeb,0xd3,0xa7,0xff,0xfd,0xe1,0xae,0xff,0xf6,0xdb,0xaa,0xff,
    0xf4,0xc7,0x73,0xff,0xf3,0xc2,0x67,0xff,0xf3,0xc2,0x69,0xff,0xee,0xbd,0x65,0xff,0xe2,0xb1,0x5c,0xff,0xd1,0xa0,0x4f,0xff,
    0xc7,0x95,0x47,0xff,0xaa,0x78,0x31,0xff,0x76,0x42,0x08,0xff,0x78,0x44,0x0a,0xfc,0x7e,0x48,0x0b,0xfe,0x78,0x44,0x09,0xbf,
    0x7f,0x00,0x00,0x02,0x55,0x55,0x00,0x03,0x7f,0x00,0x00,0x02,0x00,0x00,0x00,0x00,0x74,0x41,0x0e,0x23,0x7a,0x45,0x09,0xf8,
    0x79,0x44,0x0a,0xfe,0x76,0x43,0x09,0xfe,0x7c,0x48,0x0d,0xff,0xba,0x88,0x3e,0xff,0xc8,0x97,0x49,0xff,0xd5,0xa5,0x54,0xff,
    0xe5,0xb5,0x60,0xff,0xf0,0xc0,0x69,0xff,0xf4,0xc4,0x6c,0xff,0xf4,0xc4,0x6c,0xff,0xf4,0xc5,0x6c,0xff,0xf2,0xc3,0x6b,0xff,
    0xf7,0xc7,0x6e,0xff,0xfc,0xcb,0x70,0xff,0x95,0x71,0x39,0xff,0x35,0x1b,0x04,0xff,0x28,0x0f,0x00,0xff,0x31,0x18,0x01,0xff,
    0x37,0x1d,0x04,0xff,0x39,0x1e,0x06,0xff,0x39,0x1f,0x06,0xff,0x39,0x1f,0x06,0xff,0x39,0x1f,0x06,0xff,0x37,0x1d,0x05,0xff,
    0x33,0x1a,0x02,0xff,0x2a,0x11,0x00,0xff,0x2b,0x12,0x00,0xff,0x79,0x59,0x2c,0xff,0xf2,0xd9,0xa6,0xff,0xfd,0xe2,0xaf,0xff,
    0xf7,0xdb,0xa9,0xff,0xf9,0xdf,0xb0,0xff,0xf5,0xca,0x7a,0xff,0xf4,0xc3,0x69,0xff,0xf1,0xc2,0x6b,0xff,0xe8,0xb8,0x62,0xff,
    0xda,0xa9,0x57,0xff,0xc9,0x98,0x4a,0xff,0xc3,0x91,0x45,0xff,0x89,0x56,0x18,0xff,0x74,0x40,0x07,0xff,0x78,0x44,0x0a,0xfc,
    0x80,0x49,0x0b,0xff,0x77,0x44,0x0b,0x5a,0x00,0x00,0x00,0x00,0x7f,0x3f,0x00,0x04,0x00,0x00,0x00,0x00,0x55,0x55,0x00,0x03,
    0x00,0x00,0x00,0x00,0x76,0x44,0x09,0xa1,0x80,0x48,0x0b,0xff,0x78,0x44,0x0b,0xfc,0x74,0x3f,0x07,0xff,0x94,0x62,0x21,0xff,
    0xc5,0x95,0x49,0xff,0xcb,0x9b,0x4d,0xff,0xdb,0xac,0x5a,0xff,0xe9,0xba,0x66,0xff,0xf2,0xc4,0x6d,0xff,0xf5,0xc7,0x6f,0xff,
    0xf5,0xc6,0x6f,0xff,0xf5,0xc7,0x6f,0xff,0xf3,0xc5,0x6f,0xff,0xf4,0xc6,0x6f,0xff,0xff,0xd2,0x77,0xff,0xd7,0xac,0x5f,0xff,
    0x8b,0x68,0x35,0xff,0x4a,0x2e,0x10,0xff,0x32,0x18,0x02,0xff,0x2a,0x11,0x00,0xff,0x27,0x0f,0x00,0xff,0x27,0x0f,0x00,0xff,
    0x29,0x10,0x00,0xff,0x2f,0x16,0x00,0xff,0x41,0x26,0x0b,0xff,0x78,0x58,0x2a,0xff,0xc3,0x9b,0x55,0xff,0xfd,0xcd,0x71,0xff,
    0xf8,0xd1,0x87,0xff,0xf7,0xde,0xae,0xff,0xf9,0xe1,0xb1,0xff,0xf7,0xd5,0x93,0xff,0xf5,0xc6,0x6d,0xff,0xf3,0xc5,0x6e,0xff,
    0xec,0xbd,0x68,0xff,0xdf,0xb0,0x5d,0xff,0xcf,0x9f,0x50,0xff,0xc7,0x97,0x4a,0xff,0xa5,0x73,0x2f,0xff,0x74,0x40,0x07,0xff,
    0x78,0x44,0x0b,0xfd,0x7c,0x46,0x0a,0xfe,0x78,0x44,0x09,0xd8,0x7f,0x3f,0x1f,0x08,0xff,0xff,0x00,0x01,0x01,0x00,0x00,0x00,
    0x00,0x00,0x00,0x00,0x7f,0x7f,0x00,0x02,0x00,0x00,0x00,0x01,0x7c,0x41,0x0d,0x27,0x7a,0x46,0x0a,0xfb,0x79,0x44,0x0a,0xfc,
    0x78,0x44,0x0b,0xfe,0x75,0x41,0x07,0xff,0xab,0x7a,0x34,0xff,0xc8,0x98,0x4c,0xff,0xcf,0xa0,0x52,0xff,0xde,0xb0,0x5f,0xff,
    0xeb,0xbe,0x69,0xff,0xf3,0xc6,0x70,0xff,0xf5,0xc8,0x72,0xff,0xf5,0xc8,0x72,0xff,0xf6,0xc9,0x72,0xff,0xf5,0xc8,0x72,0xff,
    0xf3,0xc6,0x70,0xff,0xfc,0xcf,0x76,0xff,0xff,0xd5,0x7a,0xff,0xef,0xc3,0x6e,0xff,0xcf,0xa7,0x5d,0xff,0xac,0x86,0x48,0xff,
    0x93,0x70,0x3a,0xff,0x94,0x71,0x3a,0xff,0xa1,0x7d,0x42,0xff,0xc9,0xa0,0x58,0xff,0xe7,0xbb,0x6a,0xff,0xff,0xd3,0x78,0xff,
    0xff,0xd2,0x78,0xff,0xf4,0xc7,0x71,0xff,0xf5,0xc7,0x6e,0xff,0xf6,0xcc,0x7c,0xff,0xf6,0xce,0x80,0xff,0xf5,0xc8,0x70,0xff,
    0xf4,0xc7,0x70,0xff,0xee,0xc0,0x6b,0xff,0xe2,0xb4,0x62,0xff,0xd3,0xa4,0x55,0xff,0xc8,0x98,0x4c,0xff,0xb9,0x88,0x40,0xff,
    0x7c,0x49,0x0e,0xff,0x77,0x43,0x09,0xff,0x77,0x44,0x0a,0xfb,0x81,0x49,0x0b,0xff,0x78,0x43,0x0a,0x5f,0x00,0x00,0x00,0x00,
    0xaa,0x55,0x00,0x03,0x00,0x00,0x00,0x00,0x00,0x00,0x00,0x00,0x00,0x00,0x00,0x00,0x55,0x55,0x00,0x03,0x00,0x00,0x00,0x00,
    0x76,0x43,0x0a,0x94,0x81,0x49,0x0b,0xff,0x77,0x44,0x0a,0xfb,0x77,0x43,0x09,0xff,0x7d,0x49,0x0e,0xff,0xba,0x8a,0x42,0xff,
    0xc9,0x9a,0x4e,0xff,0xd1,0xa3,0x56,0xff,0xe0,0xb3,0x62,0xff,0xec,0xbf,0x6c,0xff,0xf3,0xc7,0x72,0xff,0xf6,0xca,0x75,0xff,
    0xf6,0xcb,0x75,0xff,0xf6,0xca,0x75,0xff,0xf6,0xcb,0x75,0xff,0xf5,0xc9,0x74,0xff,0xf3,0xc8,0x73,0xff,0xf8,0xcc,0x76,0xff,
    0xff,0xd2,0x79,0xff,0xff,0xd6,0x7c,0xff,0xff,0xd8,0x7d,0xff,0xff,0xd8,0x7d,0xff,0xff,0xd7,0x7c,0xff,0xff,0xd3,0x7a,0xff,
    0xfa,0xce,0x77,0xff,0xf4,0xc8,0x73,0xff,0xf4,0xc8,0x73,0xff,0xf6,0xca,0x75,0xff,0xf6,0xcb,0x75,0xff,0xf6,0xca,0x73,0xff,
    0xf6,0xc9,0x72,0xff,0xf4,0xc8,0x73,0xff,0xee,0xc2,0x6e,0xff,0xe3,0xb6,0x64,0xff,0xd6,0xa8,0x59,0xff,0xc9,0x9a,0x4e,0xff,
    0xc3,0x94,0x4a,0xff,0x8a,0x57,0x19,0xff,0x74,0x40,0x07,0xff,0x78,0x44,0x0b,0xfc,0x7d,0x47,0x0b,0xff,0x78,0x44,0x09,0xce,
    0x6d,0x48,0x00,0x07,0x7f,0x7f,0x00,0x02,0x00,0x00,0x00,0x01,0x00,0x00,0x00,0x00,0x00,0x00,0x00,0x00,0x00,0x00,0x00,0x00,
    0xff,0x00,0x00,0x01,0x7f,0x7f,0x00,0x02,0x75,0x3a,0x13,0x0d,0x79,0x45,0x09,0xdd,0x7c,0x46,0x0a,0xfe,0x78,0x44,0x0b,0xfd,
    0x75,0x41,0x08,0xff,0x85,0x52,0x15,0xff,0xbd,0x8e,0x45,0xff,0xc9,0x9c,0x50,0xff,0xd2,0xa5,0x57,0xff,0xe0,0xb3,0x63,0xff,
    0xea,0xbf,0x6c,0xff,0xf2,0xc8,0x73,0xff,0xf6,0xcb,0x76,0xff,0xf7,0xcd,0x77,0xff,0xf7,0xcc,0x77,0xff,0xf7,0xcc,0x77,0xff,
    0xf7,0xcc,0x77,0xff,0xf6,0xcc,0x77,0xff,0xf5,0xcb,0x76,0xff,0xf4,0xca,0x75,0xff,0xf4,0xc9,0x75,0xff,0xf4,0xc9,0x75,0xff,
    0xf4,0xca,0x75,0xff,0xf5,0xca,0x76,0xff,0xf6,0xcc,0x76,0xff,0xf7,0xcc,0x77,0xff,0xf7,0xcc,0x77,0xff,0xf7,0xcc,0x77,0xff,
    0xf7,0xcd,0x77,0xff,0xf7,0xcc,0x77,0xff,0xf3,0xc9,0x75,0xff,0xec,0xc1,0x6e,0xff,0xe2,0xb6,0x65,0xff,0xd5,0xa9,0x5a,0xff,
    0xca,0x9c,0x50,0xff,0xc4,0x96,0x4b,0xff,0x93,0x61,0x21,0xff,0x74,0x40,0x07,0xff,0x79,0x45,0x0b,0xfe,0x79,0x45,0x0a,0xfb,
    0x7b,0x46,0x0a,0xfc,0x77,0x43,0x0a,0x31,0x00,0x00,0x00,0x00,0x7f,0x7f,0x00,0x02,0x00,0x00,0x00,0x00,0x00,0x00,0x00,0x00,
    0x00,0x00,0x00,0x00,0x00,0x00,0x00,0x00,0x00,0x00,0x00,0x00,0x7f,0x7f,0x00,0x02,0x00,0x00,0x00,0x00,0x76,0x3f,0x09,0x38,
    0x7b,0x46,0x0a,0xfd,0x79,0x44,0x0a,0xfc,0x79,0x45,0x0b,0xfe,0x74,0x3f,0x06,0xff,0x85,0x52,0x15,0xff,0xbe,0x8f,0x46,0xff,
    0xca,0x9c,0x51,0xff,0xd0,0xa3,0x56,0xff,0xdd,0xb1,0x62,0xff,0xe7,0xbc,0x6b,0xff,0xef,0xc4,0x72,0xff,0xf5,0xcb,0x77,0xff,
    0xf7,0xcd,0x79,0xff,0xf8,0xce,0x79,0xff,0xf8,0xce,0x79,0xff,0xf8,0xce,0x79,0xff,0xf8,0xce,0x79,0xff,0xf8,0xce,0x79,0xff,
    0xf8,0xce,0x79,0xff,0xf8,0xce,0x79,0xff,0xf8,0xce,0x79,0xff,0xf8,0xce,0x79,0xff,0xf8,0xce,0x79,0xff,0xf8,0xce,0x79,0xff,
    0xf8,0xce,0x79,0xff,0xf7,0xcd,0x79,0xff,0xf5,0xcb,0x77,0xff,0xf1,0xc6,0x73,0xff,0xe9,0xbe,0x6d,0xff,0xdf,0xb3,0x64,0xff,
    0xd3,0xa6,0x59,0xff,0xc9,0x9c,0x51,0xff,0xc5,0x97,0x4d,0xff,0x93,0x61,0x21,0xff,0x72,0x3e,0x05,0xff,0x79,0x45,0x0b,0xff,
    0x78,0x43,0x0a,0xfa,0x82,0x4a,0x0b,0xff,0x76,0x42,0x09,0x70,0x00,0x00,0x00,0x00,0x55,0x55,0x00,0x03,0x00,0x00,0x00,0x00,
    0x00,0x00,0x00,0x00,0x00,0x00,0x00,0x00,0x00,0x00,0x00,0x00,0x00,0x00,0x00,0x00,0x00,0x00,0x00,0x00,0x00,0x00,0x00,0x00,
    0xaa,0x55,0x00,0x03,0x00,0x00,0x00,0x00,0x76,0x42,0x09,0x67,0x80,0x49,0x0b,0xff,0x77,0x44,0x0a,0xfb,0x79,0x45,0x0b,0xff,
    0x74,0x3f,0x06,0xff,0x85,0x52,0x16,0xff,0xbb,0x8c,0x45,0xff,0xc9,0x9c,0x52,0xff,0xcc,0xa0,0x54,0xff,0xd6,0xab,0x5e,0xff,
    0xe1,0xb6,0x67,0xff,0xe9,0xbf,0x6e,0xff,0xf0,0xc6,0x73,0xff,0xf4,0xcb,0x77,0xff,0xf6,0xcd,0x79,0xff,0xf7,0xce,0x7a,0xff,
    0xf8,0xcf,0x7b,0xff,0xf8,0xcf,0x7b,0xff,0xf8,0xcf,0x7b,0xff,0xf8,0xcf,0x7b,0xff,0xf8,0xcf,0x7b,0xff,0xf8,0xcf,0x7b,0xff,
    0xf7,0xce,0x7a,0xff,0xf7,0xce,0x7a,0xff,0xf4,0xcb,0x78,0xff,0xf1,0xc7,0x75,0xff,0xeb,0xc1,0x6f,0xff,0xe3,0xb8,0x69,0xff,
    0xda,0xae,0x60,0xff,0xcf,0xa2,0x56,0xff,0xca,0x9d,0x52,0xff,0xc2,0x95,0x4c,0xff,0x93,0x61,0x22,0xff,0x73,0x3e,0x05,0xff,
    0x79,0x45,0x0b,0xff,0x77,0x43,0x0a,0xfa,0x81,0x49,0x0b,0xff,0x77,0x44,0x09,0xa0,0x00,0x00,0x00,0x00,0x7f,0x3f,0x00,0x04,
    0x00,0x00,0x00,0x00,0x00,0x00,0x00,0x00,0x00,0x00,0x00,0x00,0x00,0x00,0x00,0x00,0x00,0x00,0x00,0x00,0x00,0x00,0x00,0x00,
    0x00,0x00,0x00,0x00,0x00,0x00,0x00,0x00,0x00,0x00,0x00,0x00,0x7f,0x3f,0x00,0x04,0x00,0x00,0x00,0x00,0x77,0x43,0x0a,0x98,
    0x82,0x4a,0x0b,0xff,0x78,0x44,0x0a,0xfa,0x79,0x45,0x0b,0xfe,0x75,0x41,0x07,0xff,0x7c,0x49,0x0e,0xff,0xa7,0x77,0x34,0xff,
    0xc7,0x9a,0x50,0xff,0xcb,0x9f,0x54,0xff,0xcf,0xa4,0x58,0xff,0xd8,0xad,0x60,0xff,0xe0,0xb6,0x67,0xff,0xe7,0xbd,0x6c,0xff,
    0xec,0xc2,0x71,0xff,0xef,0xc6,0x74,0xff,0xf2,0xc9,0x77,0xff,0xf3,0xca,0x78,0xff,0xf4,0xcb,0x78,0xff,0xf4,0xcb,0x78,0xff,
    0xf3,0xcb,0x78,0xff,0xf2,0xc9,0x77,0xff,0xf0,0xc7,0x75,0xff,0xed,0xc4,0x72,0xff,0xe8,0xbe,0x6e,0xff,0xe2,0xb8,0x69,0xff,
    0xda,0xaf,0x61,0xff,0xd2,0xa6,0x5a,0xff,0xcc,0xa0,0x54,0xff,0xc9,0x9d,0x52,0xff,0xb2,0x83,0x3d,0xff,0x85,0x52,0x15,0xff,
    0x74,0x3f,0x06,0xff,0x79,0x45,0x0b,0xff,0x77,0x43,0x0a,0xfa,0x80,0x48,0x0b,0xff,0x79,0x45,0x0a,0xca,0x7f,0x33,0x19,0x0a,
    0x7f,0x7f,0x00,0x02,0xff,0x00,0x00,0x01,0x00,0x00,0x00,0x00,0x00,0x00,0x00,0x00,0x00,0x00,0x00,0x00,0x00,0x00,0x00,0x00,
    0x00,0x00,0x00,0x00,0x00,0x00,0x00,0x00,0x00,0x00,0x00,0x00,0x00,0x00,0x00,0x00,0x00,0x00,0x00,0x00,0x00,0x00,0x00,0x01,
    0x7f,0x3f,0x00,0x04,0x00,0x00,0x00,0x00,0x78,0x43,0x09,0x9a,0x82,0x4a,0x0b,0xff,0x78,0x43,0x0a,0xfc,0x78,0x44,0x0b,0xfd,
    0x77,0x42,0x09,0xff,0x74,0x3f,0x06,0xff,0x90,0x5e,0x1f,0xff,0xb6,0x87,0x41,0xff,0xc8,0x9c,0x52,0xff,0xcc,0xa0,0x56,0xff,
    0xce,0xa3,0x58,0xff,0xd4,0xa9,0x5c,0xff,0xd9,0xaf,0x62,0xff,0xde,0xb4,0x66,0xff,0xe1,0xb8,0x69,0xff,0xe4,0xba,0x6b,0xff,
    0xe5,0xbc,0x6c,0xff,0xe5,0xbc,0x6c,0xff,0xe4,0xbb,0x6c,0xff,0xe2,0xb8,0x6a,0xff,0xdf,0xb5,0x67,0xff,0xda,0xb0,0x63,0xff,
    0xd5,0xaa,0x5e,0xff,0xd0,0xa4,0x59,0xff,0xcc,0xa1,0x56,0xff,0xca,0x9e,0x54,0xff,0xbc,0x8f,0x47,0xff,0x9a,0x69,0x29,0xff,
    0x77,0x43,0x09,0xff,0x75,0x41,0x07,0xff,0x79,0x45,0x0b,0xfe,0x77,0x44,0x0a,0xfb,0x81,0x49,0x0b,0xff,0x7b,0x45,0x0a,0xc9,
    0x78,0x3c,0x0f,0x11,0x00,0x00,0x00,0x00,0x7f,0x00,0x00,0x02,0x00,0x00,0x00,0x00,0x00,0x00,0x00,0x00,0x00,0x00,0x00,0x00,
    0x00,0x00,0x00,0x00,0x00,0x00,0x00,0x00,0x00,0x00,0x00,0x00,0x00,0x00,0x00,0x00,0x00,0x00,0x00,0x00,0x00,0x00,0x00,0x00,
    0x00,0x00,0x00,0x00,0x00,0x00,0x00,0x00,0x00,0x00,0x00,0x01,0x7f,0x7f,0x00,0x02,0x00,0x00,0x00,0x00,0x7a,0x44,0x0b,0x70,
    0x7d,0x47,0x0a,0xff,0x7b,0x46,0x0a,0xff,0x77,0x44,0x0a,0xfb,0x79,0x45,0x0b,0xff,0x74,0x3f,0x06,0xff,0x78,0x44,0x0a,0xff,
    0x93,0x62,0x22,0xff,0xb1,0x83,0x3d,0xff,0xc4,0x97,0x4e,0xff,0xca,0x9f,0x55,0xff,0xcc,0xa1,0x57,0xff,0xce,0xa3,0x58,0xff,
    0xcf,0xa4,0x59,0xff,0xd0,0xa5,0x5a,0xff,0xd1,0xa7,0x5b,0xff,0xd2,0xa7,0x5b,0xff,0xd1,0xa6,0x5a,0xff,0xcf,0xa4,0x59,0xff,
    0xce,0xa3,0x58,0xff,0xcd,0xa1,0x57,0xff,0xcb,0xa0,0x55,0xff,0xc6,0x9b,0x51,0xff,0xb6,0x89,0x43,0xff,0x9b,0x6b,0x2a,0xff,
    0x7c,0x49,0x0e,0xff,0x73,0x3f,0x06,0xff,0x78,0x44,0x0a,0xff,0x78,0x44,0x0b,0xfc,0x78,0x44,0x0a,0xfe,0x82,0x4a,0x0b,0xff,
    0x7b,0x45,0x09,0x9d,0x75,0x3a,0x13,0x0d,0x00,0x00,0x00,0x00,0x7f,0x7f,0x00,0x02,0x00,0x00,0x00,0x00,0x00,0x00,0x00,0x00,
    0x00,0x00,0x00,0x00,0x00,0x00,0x00,0x00,0x00,0x00,0x00,0x00,0x00,0x00,0x00,0x00,0x00,0x00,0x00,0x00,0x00,0x00,0x00,0x00,
    0x00,0x00,0x00,0x00,0x00,0x00,0x00,0x00,0x00,0x00,0x00,0x00,0x00,0x00,0x00,0x00,0x00,0x00,0x00,0x00,0x00,0x00,0x00,0x01,
    0x7f,0x7f,0x00,0x02,0x00,0x00,0x00,0x00,0x76,0x44,0x0a,0x47,0x7b,0x45,0x09,0xe6,0x80,0x49,0x0b,0xff,0x77,0x43,0x0a,0xfd,
    0x79,0x44,0x0b,0xfc,0x78,0x44,0x0a,0xff,0x73,0x3f,0x06,0xff,0x76,0x41,0x08,0xff,0x88,0x55,0x18,0xff,0x9c,0x6c,0x2a,0xff,
    0xad,0x7f,0x3a,0xff,0xbb,0x8e,0x47,0xff,0xc1,0x95,0x4d,0xff,0xc6,0x9a,0x51,0xff,0xc6,0x9b,0x51,0xff,0xc6,0x9b,0x51,0xff,
    0xc6,0x9a,0x51,0xff,0xc3,0x97,0x4e,0xff,0xbc,0x8f,0x48,0xff,0xb2,0x84,0x3e,0xff,0xa0,0x70,0x2f,0xff,0x8d,0x5b,0x1d,0xff,
    0x79,0x45,0x0b,0xff,0x73,0x3e,0x05,0xff,0x77,0x43,0x09,0xff,0x78,0x45,0x0b,0xfd,0x77,0x44,0x0a,0xfb,0x7d,0x47,0x0a,0xff,
    0x7b,0x46,0x0a,0xfb,0x7a,0x44,0x0b,0x70,0x00,0x00,0x00,0x00,0x00,0x00,0x00,0x00,0x7f,0x00,0x00,0x02,0x00,0x00,0x00,0x00,
    0x00,0x00,0x00,0x00,0x00,0x00,0x00,0x00,0x00,0x00,0x00,0x00,0x00,0x00,0x00,0x00,0x00,0x00,0x00,0x00,0x00,0x00,0x00,0x00,
    0x00,0x00,0x00,0x00,0x00,0x00,0x00,0x00,0x00,0x00,0x00,0x00,0x00,0x00,0x00,0x00,0x00,0x00,0x00,0x00,0x00,0x00,0x00,0x00,
    0x00,0x00,0x00,0x00,0x00,0x00,0x00,0x00,0x00,0x00,0x00,0x00,0x7f,0x3f,0x00,0x04,0x00,0x00,0x00,0x00,0x75,0x44,0x09,0x1a,
    0x7a,0x46,0x0a,0xa7,0x7e,0x47,0x0a,0xff,0x7e,0x47,0x0b,0xff,0x77,0x44,0x0a,0xfd,0x78,0x44,0x0b,0xfc,0x78,0x44,0x0a,0xfe,
    0x75,0x40,0x07,0xff,0x73,0x3e,0x05,0xff,0x75,0x41,0x08,0xff,0x7b,0x47,0x0d,0xff,0x83,0x50,0x14,0xff,0x8b,0x59,0x1b,0xff,
    0x8a,0x58,0x1a,0xff,0x8a,0x58,0x1a,0xff,0x8b,0x58,0x1b,0xff,0x86,0x54,0x17,0xff,0x7c,0x49,0x0e,0xff,0x77,0x43,0x09,0xff,
    0x73,0x3e,0x05,0xff,0x74,0x3f,0x06,0xff,0x78,0x44,0x0a,0xfe,0x79,0x45,0x0b,0xfc,0x77,0x43,0x0a,0xfc,0x7c,0x46,0x0a,0xff,
    0x81,0x49,0x0b,0xff,0x7b,0x46,0x0a,0xc8,0x78,0x45,0x09,0x37,0x00,0x00,0x00,0x00,0x7f,0x7f,0x00,0x02,0xff,0x00,0x00,0x01,
    0x00,0x00,0x00,0x00,0x00,0x00,0x00,0x00,0x00,0x00,0x00,0x00,0x00,0x00,0x00,0x00,0x00,0x00,0x00,0x00,0x00,0x00,0x00,0x00,
    0x00,0x00,0x00,0x00,0x00,0x00,0x00,0x00,0x00,0x00,0x00,0x00,0x00,0x00,0x00,0x00,0x00,0x00,0x00,0x00,0x00,0x00,0x00,0x00,
    0x00,0x00,0x00,0x00,0x00,0x00,0x00,0x00,0x00,0x00,0x00,0x00,0x00,0x00,0x00,0x00,0x00,0x00,0x00,0x00,0x00,0x00,0x00,0x00,
    0x55,0x55,0x00,0x03,0x00,0x00,0x00,0x00,0x00,0x00,0x00,0x00,0x79,0x46,0x0b,0x45,0x7b,0x45,0x09,0xba,0x7d,0x47,0x0a,0xff,
    0x80,0x48,0x0b,0xff,0x79,0x45,0x0a,0xff,0x78,0x44,0x0b,0xfc,0x78,0x45,0x0b,0xfb,0x78,0x44,0x0a,0xfc,0x77,0x43,0x09,0xfe,
    0x75,0x41,0x08,0xfe,0x74,0x40,0x06,0xff,0x74,0x40,0x07,0xff,0x74,0x40,0x07,0xff,0x74,0x40,0x06,0xff,0x75,0x40,0x07,0xfe,
    0x76,0x43,0x09,0xfe,0x78,0x44,0x0a,0xfc,0x78,0x45,0x0b,0xfb,0x78,0x44,0x0b,0xfc,0x78,0x44,0x0a,0xff,0x7e,0x47,0x0b,0xff,
    0x80,0x49,0x0b,0xff,0x7b,0x46,0x0a,0xd3,0x7a,0x46,0x0a,0x62,0x66,0x33,0x00,0x05,0x00,0x00,0x00,0x00,0xaa,0x55,0x00,0x03,
    0x00,0x00,0x00,0x00,0x00,0x00,0x00,0x00,0x00,0x00,0x00,0x00,0x00,0x00,0x00,0x00,0x00,0x00,0x00,0x00,0x00,0x00,0x00,0x00,
    0x00,0x00,0x00,0x00,0x00,0x00,0x00,0x00,0x00,0x00,0x00,0x00,0x00,0x00,0x00,0x00,0x00,0x00,0x00,0x00,0x00,0x00,0x00,0x00,
    0x00,0x00,0x00,0x00,0x00,0x00,0x00,0x00,0x00,0x00,0x00,0x00,0x00,0x00,0x00,0x00,0x00,0x00,0x00,0x00,0x00,0x00,0x00,0x00,
    0x00,0x00,0x00,0x00,0x00,0x00,0x00,0x00,0x00,0x00,0x00,0x00,0xff,0x00,0x00,0x01,0x7f,0x7f,0x00,0x02,0x00,0x00,0x00,0x00,
    0x00,0x00,0x00,0x00,0x78,0x45,0x0a,0x46,0x7c,0x46,0x0b,0xa2,0x7a,0x45,0x0a,0xf2,0x7f,0x48,0x0b,0xff,0x81,0x49,0x0b,0xff,
    0x7f,0x48,0x0b,0xff,0x7b,0x46,0x0a,0xff,0x7a,0x46,0x0b,0xff,0x78,0x45,0x0b,0xfe,0x78,0x45,0x0b,0xfe,0x78,0x45,0x0b,0xfe,
    0x78,0x44,0x0b,0xfe,0x7a,0x45,0x0b,0xff,0x7b,0x46,0x0a,0xff,0x7e,0x47,0x0b,0xff,0x80,0x49,0x0b,0xff,0x80,0x48,0x0b,0xff,
    0x7a,0x45,0x0a,0xfc,0x7a,0x45,0x0a,0xbb,0x7a,0x46,0x0a,0x5e,0x6d,0x48,0x00,0x07,0x00,0x00,0x00,0x00,0x00,0x00,0x00,0x00,
    0x7f,0x7f,0x00,0x02,0x00,0x00,0x00,0x00,0x00,0x00,0x00,0x00,0x00,0x00,0x00,0x00,0x00,0x00,0x00,0x00,0x00,0x00,0x00,0x00,
    0x00,0x00,0x00,0x00,0x00,0x00,0x00,0x00,0x00,0x00,0x00,0x00,0x00,0x00,0x00,0x00,0x00,0x00,0x00,0x00,0x00,0x00,0x00,0x00,
    0x00,0x00,0x00,0x00,0x00,0x00,0x00,0x00,0x00,0x00,0x00,0x00,0x00,0x00,0x00,0x00,0x00,0x00,0x00,0x00,0x00,0x00,0x00,0x00,
    0x00,0x00,0x00,0x00,0x00,0x00,0x00,0x00,0x00,0x00,0x00,0x00,0x00,0x00,0x00,0x00,0x00,0x00,0x00,0x00,0x00,0x00,0x00,0x00,
    0x00,0x00,0x00,0x00,0x55,0x55,0x00,0x03,0xff,0x00,0x00,0x01,0x00,0x00,0x00,0x00,0x00,0x00,0x00,0x00,0x76,0x48,0x09,0x1c,
    0x7c,0x46,0x09,0x50,0x7a,0x45,0x0a,0x8c,0x78,0x44,0x0a,0xbe,0x78,0x44,0x09,0xe7,0x78,0x44,0x0a,0xf2,0x7c,0x46,0x0a,0xff,
    0x7b,0x46,0x0a,0xff,0x7b,0x46,0x0a,0xff,0x7c,0x46,0x0a,0xff,0x78,0x43,0x0a,0xf8,0x78,0x44,0x09,0xea,0x7a,0x45,0x0a,0xc6,
    0x7b,0x46,0x09,0x9b,0x7b,0x45,0x0a,0x5f,0x7c,0x44,0x0c,0x29,0x00,0x00,0x00,0x00,0x00,0x00,0x00,0x00,0x00,0x00,0x00,0x00,
    0xaa,0x55,0x00,0x03,0x00,0x00,0x00,0x01,0x00,0x00,0x00,0x00,0x00,0x00,0x00,0x00,0x00,0x00,0x00,0x00,0x00,0x00,0x00,0x00,
    0x00,0x00,0x00,0x00,0x00,0x00,0x00,0x00,0x00,0x00,0x00,0x00,0x00,0x00,0x00,0x00,0x00,0x00,0x00,0x00,0x00,0x00,0x00,0x00,
    0x00,0x00,0x00,0x00,0x00,0x00,0x00,0x00,0x00,0x00,0x00,0x00,0x00,0x00,0x00,0x00,0x00,0x00,0x00,0x00,0x00,0x00,0x00,0x00,
    0x00,0x00,0x00,0x00,0x00,0x00,0x00,0x00,0x00,0x00,0x00,0x00,0x00,0x00,0x00,0x00,0x00,0x00,0x00,0x00,0x00,0x00,0x00,0x00,
    0x00,0x00,0x00,0x00,0x00,0x00,0x00,0x00,0x00,0x00,0x00,0x00,0x00,0x00,0x00,0x00,0x00,0x00,0x00,0x00,0x55,0x55,0x00,0x03,
    0xaa,0x55,0x00,0x03,0x00,0x00,0x00,0x00,0x00,0x00,0x00,0x00,0x00,0x00,0x00,0x00,0x00,0x00,0x00,0x00,0x6f,0x3f,0x0f,0x10,
    0x7b,0x41,0x08,0x1f,0x7b,0x45,0x0a,0x46,0x79,0x42,0x0b,0x45,0x76,0x42,0x0b,0x45,0x7f,0x48,0x0a,0x46,0x73,0x45,0x0b,0x2c,
    0x7f,0x46,0x0e,0x12,0x00,0x00,0x00,0x00,0x00,0x00,0x00,0x00,0x00,0x00,0x00,0x00,0x00,0x00,0x00,0x00,0xff,0x00,0x00,0x01,
    0x7f,0x3f,0x00,0x04,0x00,0x00,0x00,0x01,0x00,0x00,0x00,0x00,0x00,0x00,0x00,0x00,0x00,0x00,0x00,0x00,0x00,0x00,0x00,0x00,
    0x00,0x00,0x00,0x00,0x00,0x00,0x00,0x00,0x00,0x00,0x00,0x00,0x00,0x00,0x00,0x00,0x00,0x00,0x00,0x00,0x00,0x00,0x00,0x00,
    0x00,0x00,0x00,0x00,0x00,0x00,0x00,0x00,0x00,0x00,0x00,0x00,0x00,0x00,0x00,0x00,
};
const lv_image_dsc_t img_iris_connecting = {
    .header.magic = LV_IMAGE_HEADER_MAGIC,
    .header.cf = LV_COLOR_FORMAT_ARGB8888,
    .header.w = 50,
    .header.h = 50,
    .header.stride = 200,
    .data_size = sizeof(img_iris_connecting_map),
    .data = img_iris_connecting_map,
};

static const uint8_t img_iris_error_map[] = {
    0x00,0x00,0x00,0x00,0x00,0x00,0x00,0x00,0x00,0x00,0x00,0x00,0x00,0x00,0x00,0x00,0x00,0x00,0x00,0x00,0x00,0x00,0x00,0x00,
    0x00,0x00,0x00,0x00,0x00,0x00,0x00,0x00,0x00,0x00,0x00,0x00,0x00,0x00,0x00,0x00,0x00,0x00,0x00,0x00,0x00,0x00,0x00,0x00,
    0x00,0x00,0x00,0x00,0x00,0x00,0x00,0x00,0x00,0x00,0x00,0x00,0x00,0x00,0xff,0x01,0x00,0x00,0x7f,0x04,0x00,0x00,0x00,0x01,
    0x00,0x00,0x00,0x00,0x00,0x00,0x00,0x00,0x00,0x00,0x00,0x00,0x00,0x00,0x00,0x00,0x00,0x00,0x00,0x00,0x0e,0x0e,0x71,0x12,
    0x0f,0x0f,0x69,0x11,0x0f,0x0f,0x69,0x11,0x0e,0x0e,0x71,0x12,0x00,0x00,0x55,0x03,0x00,0x00,0x00,0x00,0x00,0x00,0x00,0x00,
    0x00,0x00,0x00,0x00,0x00,0x00,0x00,0x00,0x00,0x00,0x00,0x00,0x00,0x00,0x7f,0x04,0x00,0x00,0x7f,0x02,0x00,0x00,0x00,0x00,
    0x00,0x00,0x00,0x00,0x00,0x00,0x00,0x00,0x00,0x00,0x00,0x00,0x00,0x00,0x00,0x00,0x00,0x00,0x00,0x00,0x00,0x00,0x00,0x00,
    0x00,0x00,0x00,0x00,0x00,0x00,0x00,0x00,0x00,0x00,0x00,0x00,0x00,0x00,0x00,0x00,0x00,0x00,0x00,0x00,0x00,0x00,0x00,0x00,
    0x00,0x00,0x00,0x00,0x00,0x00,0x00,0x00,0x00,0x00,0x00,0x00,0x00,0x00,0x00,0x00,0x00,0x00,0x00,0x00,0x00,0x00,0x00,0x00,
    0x00,0x00,0x00,0x00,0x00,0x00,0x00,0x00,0x00,0x00,0x00,0x00,0x00,0x00,0x00,0x00,0x00,0x00,0x00,0x00,0x00,0x00,0x00,0x00,
    0x00,0x00,0x00,0x00,0x00,0x00,0x00,0x00,0x00,0x00,0x00,0x00,0x00,0x00,0xff,0x01,0x00,0x00,0x55,0x03,0x00,0x00,0x00,0x00,
    0x00,0x00,0x00,0x00,0x00,0x00,0x00,0x00,0x08,0x08,0x72,0x1d,0x09,0x09,0x6f,0x50,0x09,0x09,0x6d,0x82,0x09,0x09,0x6b,0xb6,
    0x0a,0x0a,0x6c,0xc7,0x09,0x09,0x6c,0xea,0x09,0x09,0x6b,0xea,0x09,0x09,0x6b,0xea,0x09,0x09,0x6d,0xeb,0x09,0x09,0x6c,0xd2,
    0x09,0x09,0x6d,0xba,0x0a,0x0a,0x70,0x8d,0x0a,0x0a,0x6e,0x5f,0x0c,0x0c,0x6f,0x29,0x00,0x00,0x7f,0x04,0x00,0x00,0x00,0x00,
    0x00,0x00,0x00,0x00,0x00,0x00,0x55,0x03,0x00,0x00,0x7f,0x02,0x00,0x00,0x00,0x00,0x00,0x00,0x00,0x00,0x00,0x00,0x00,0x00,
    0x00,0x00,0x00,0x00,0x00,0x00,0x00,0x00,0x00,0x00,0x00,0x00,0x00,0x00,0x00,0x00,0x00,0x00,0x00,0x00,0x00,0x00,0x00,0x00,
    0x00,0x00,0x00,0x00,0x00,0x00,0x00,0x00,0x00,0x00,0x00,0x00,0x00,0x00,0x00,0x00,0x00,0x00,0x00,0x00,0x00,0x00,0x00,0x00,
    0x00,0x00,0x00,0x00,0x00,0x00,0x00,0x00,0x00,0x00,0x00,0x00,0x00,0x00,0x00,0x00,0x00,0x00,0x00,0x00,0x00,0x00,0x00,0x00,
    0x00,0x00,0x00,0x00,0x00,0x00,0x00,0x00,0x00,0x00,0x00,0x00,0x00,0x00,0x00,0x00,0x00,0x00,0x55,0x03,0x00,0x00,0x00,0x00,
    0x00,0x00,0x00,0x00,0x0b,0x0b,0x6e,0x17,0x0a,0x0a,0x6f,0x65,0x0a,0x0a,0x6e,0xc6,0x0a,0x0a,0x6d,0xf6,0x0b,0x0b,0x73,0xff,
    0x0b,0x0b,0x75,0xff,0x0b,0x0b,0x73,0xff,0x0b,0x0b,0x72,0xff,0x0a,0x0a,0x6d,0xff,0x0a,0x0a,0x6e,0xff,0x0a,0x0a,0x6e,0xff,
    0x0a,0x0a,0x6d,0xff,0x0a,0x0a,0x71,0xff,0x0b,0x0b,0x73,0xff,0x0b,0x0b,0x75,0xff,0x0b,0x0b,0x74,0xff,0x0a,0x0a,0x6e,0xfc,
    0x0a,0x0a,0x6e,0xd6,0x09,0x09,0x6f,0x80,0x0c,0x0c,0x6c,0x28,0x00,0x00,0x00,0x00,0x00,0x00,0x00,0x00,0x00,0x00,0x55,0x03,
    0x00,0x00,0x00,0x01,0x00,0x00,0x00,0x00,0x00,0x00,0x00,0x00,0x00,0x00,0x00,0x00,0x00,0x00,0x00,0x00,0x00,0x00,0x00,0x00,
    0x00,0x00,0x00,0x00,0x00,0x00,0x00,0x00,0x00,0x00,0x00,0x00,0x00,0x00,0x00,0x00,0x00,0x00,0x00,0x00,0x00,0x00,0x00,0x00,
    0x00,0x00,0x00,0x00,0x00,0x00,0x00,0x00,0x00,0x00,0x00,0x00,0x00,0x00,0x00,0x00,0x00,0x00,0x00,0x00,0x00,0x00,0x00,0x00,
    0x00,0x00,0x00,0x00,0x00,0x00,0x00,0x00,0x00,0x00,0x00,0x00,0x00,0x00,0x00,0x00,0x00,0x00,0xff,0x01,0xff,0xff,0xff,0x01,
    0x02,0x02,0x00,0x00,0x2c,0x2c,0x79,0x17,0x0d,0x0d,0x71,0x80,0x0c,0x0c,0x70,0xe8,0x0b,0x0b,0x74,0xff,0x0b,0x0b,0x72,0xff,
    0x0a,0x0a,0x6d,0xff,0x09,0x09,0x69,0xfc,0x08,0x08,0x67,0xfb,0x09,0x09,0x69,0xfc,0x09,0x09,0x6a,0xfc,0x0b,0x0b,0x6e,0xfe,
    0x0b,0x0b,0x6f,0xfe,0x0b,0x0b,0x6f,0xfe,0x0b,0x0b,0x6f,0xfe,0x0a,0x0a,0x6a,0xfd,0x09,0x09,0x69,0xfc,0x09,0x09,0x68,0xfb,
    0x09,0x09,0x68,0xfc,0x0a,0x0a,0x6c,0xff,0x0b,0x0b,0x70,0xff,0x0b,0x0b,0x74,0xff,0x0a,0x0a,0x6f,0xf8,0x09,0x09,0x6f,0x9e,
    0x0b,0x0b,0x6e,0x2c,0x00,0x00,0x00,0x00,0x00,0x00,0x00,0x00,0x00,0x00,0x7f,0x02,0x00,0x00,0x00,0x00,0x00,0x00,0x00,0x00,
    0x00,0x00,0x00,0x00,0x00,0x00,0x00,0x00,0x00,0x00,0x00,0x00,0x00,0x00,0x00,0x00,0x00,0x00,0x00,0x00,0x00,0x00,0x00,0x00,
    0x00,0x00,0x00,0x00,0x00,0x00,0x00,0x00,0x00,0x00,0x00,0x00,0x00,0x00,0x00,0x00,0x00,0x00,0x00,0x00,0x00,0x00,0x00,0x00,
    0x00,0x00,0x00,0x00,0x00,0x00,0x00,0x00,0x00,0x00,0x00,0x00,0x00,0x00,0x00,0x00,0x00,0x00,0x00,0x00,0x00,0x00,0x55,0x03,
    0x03,0x03,0x01,0x00,0x00,0x00,0x00,0x00,0x00,0x00,0x5f,0x6d,0x00,0x00,0x66,0xe9,0x01,0x01,0x6e,0xff,0x06,0x06,0x6b,0xff,
    0x0c,0x0c,0x6b,0xfc,0x0b,0x0b,0x68,0xfd,0x0a,0x0a,0x6c,0xfe,0x0e,0x0e,0x78,0xff,0x12,0x13,0x85,0xff,0x16,0x16,0x90,0xff,
    0x17,0x18,0x95,0xff,0x1a,0x1b,0x9d,0xff,0x1b,0x1b,0x9e,0xff,0x1b,0x1b,0x9e,0xff,0x1b,0x1b,0x9e,0xff,0x18,0x18,0x97,0xff,
    0x16,0x17,0x92,0xff,0x13,0x13,0x88,0xff,0x0f,0x10,0x7c,0xff,0x0b,0x0b,0x6e,0xfe,0x09,0x09,0x68,0xfd,0x09,0x09,0x69,0xfc,
    0x0a,0x0a,0x6d,0xff,0x0b,0x0b,0x74,0xff,0x0a,0x0a,0x6f,0xf9,0x0a,0x0a,0x6f,0x92,0x11,0x11,0x66,0x0f,0x00,0x00,0x00,0x00,
    0x00,0x00,0x55,0x03,0x00,0x00,0x00,0x00,0x00,0x00,0x00,0x00,0x00,0x00,0x00,0x00,0x00,0x00,0x00,0x00,0x00,0x00,0x00,0x00,
    0x00,0x00,0x00,0x00,0x00,0x00,0x00,0x00,0x00,0x00,0x00,0x00,0x00,0x00,0x00,0x00,0x00,0x00,0x00,0x00,0x00,0x00,0x00,0x00,
    0x00,0x00,0x00,0x00,0x00,0x00,0x00,0x00,0x00,0x00,0x00,0x00,0x00,0x00,0x00,0x00,0x00,0x00,0x00,0x00,0x00,0x00,0x00,0x00,
    0x00,0x00,0xaa,0x03,0x01,0x01,0x00,0x00,0x00,0x00,0x0a,0x19,0x13,0x13,0x73,0xb8,0x3c,0x3c,0x92,0xff,0x51,0x51,0x99,0xff,
    0x3a,0x3a,0x89,0xfb,0x1d,0x1d,0x76,0xfe,0x00,0x00,0x6f,0xff,0x0b,0x0b,0x85,0xff,0x1c,0x1c,0x9a,0xff,0x1d,0x1d,0xa5,0xff,
    0x1f,0x1f,0xa9,0xff,0x1f,0x1f,0xab,0xff,0x1f,0x20,0xac,0xff,0x20,0x20,0xac,0xff,0x20,0x20,0xac,0xff,0x20,0x20,0xac,0xff,
    0x20,0x20,0xab,0xff,0x20,0x1f,0xac,0xff,0x1f,0x20,0xab,0xff,0x1f,0x1f,0xaa,0xff,0x1e,0x1e,0xa6,0xff,0x1a,0x1a,0x9d,0xff,
    0x15,0x16,0x8d,0xff,0x0f,0x0f,0x7a,0xff,0x09,0x09,0x69,0xfe,0x09,0x09,0x69,0xfc,0x0a,0x0a,0x6d,0xff,0x0b,0x0b,0x74,0xff,
    0x0a,0x0a,0x6f,0xd9,0x08,0x08,0x6c,0x3b,0x00,0x00,0x00,0x00,0x00,0x00,0x55,0x03,0x00,0x00,0x00,0x00,0x00,0x00,0x00,0x00,
    0x00,0x00,0x00,0x00,0x00,0x00,0x00,0x00,0x00,0x00,0x00,0x00,0x00,0x00,0x00,0x00,0x00,0x00,0x00,0x00,0x00,0x00,0x00,0x00,
    0x00,0x00,0x00,0x00,0x00,0x00,0x00,0x00,0x00,0x00,0x00,0x00,0x00,0x00,0x00,0x00,0x00,0x00,0x00,0x00,0x00,0x00,0x00,0x00,
    0x00,0x00,0x00,0x00,0x3f,0x3f,0x7f,0x04,0x01,0x01,0x00,0x00,0x00,0x00,0x52,0x3b,0x7c,0x7c,0xb2,0xe6,0xdd,0xdd,0xf1,0xff,
    0xff,0xff,0xff,0xfb,0xff,0xff,0xff,0xfe,0xfc,0xfc,0xfd,0xff,0xeb,0xeb,0xf3,0xff,0xa0,0xa0,0xd7,0xff,0x45,0x45,0xb9,0xff,
    0x14,0x15,0xa8,0xff,0x21,0x22,0xae,0xff,0x22,0x23,0xb1,0xff,0x22,0x23,0xb4,0xff,0x23,0x24,0xb7,0xff,0x24,0x25,0xb9,0xff,
    0x24,0x25,0xba,0xff,0x24,0x25,0xba,0xff,0x24,0x25,0xb9,0xff,0x23,0x24,0xb7,0xff,0x23,0x23,0xb5,0xff,0x21,0x22,0xb1,0xff,
    0x20,0x21,0xae,0xff,0x20,0x20,0xac,0xff,0x1f,0x20,0xab,0xff,0x1d,0x1e,0xa6,0xff,0x18,0x18,0x94,0xff,0x0e,0x0e,0x77,0xff,
    0x09,0x09,0x68,0xfe,0x0a,0x0a,0x6b,0xfb,0x0b,0x0b,0x70,0xff,0x0a,0x0a,0x6f,0xfb,0x09,0x09,0x6c,0x67,0x00,0x00,0x00,0x00,
    0x00,0x00,0x55,0x03,0x00,0x00,0x00,0x01,0x00,0x00,0x00,0x00,0x00,0x00,0x00,0x00,0x00,0x00,0x00,0x00,0x00,0x00,0x00,0x00,
    0x00,0x00,0x00,0x00,0x00,0x00,0x00,0x00,0x00,0x00,0x00,0x00,0x00,0x00,0x00,0x00,0x00,0x00,0x00,0x00,0x00,0x00,0x00,0x00,
    0x00,0x00,0x00,0x00,0x00,0x00,0x00,0x00,0x00,0x00,0x3f,0x04,0x02,0x02,0x00,0x00,0x05,0x05,0x62,0x65,0x9a,0x9a,0xc6,0xfb,
    0xff,0xff,0xff,0xff,0xff,0xff,0xff,0xfc,0xf9,0xf9,0xfc,0xff,0xf8,0xf8,0xfb,0xff,0xfb,0xfb,0xfd,0xff,0xff,0xff,0xff,0xff,
    0xff,0xff,0xff,0xff,0xfa,0xfa,0xfd,0xff,0x91,0x91,0xda,0xff,0x1b,0x1c,0xb8,0xff,0x27,0x27,0xbf,0xff,0x29,0x29,0xc3,0xff,
    0x28,0x29,0xc5,0xff,0x29,0x2a,0xc6,0xff,0x29,0x2a,0xc7,0xff,0x29,0x2a,0xc7,0xff,0x29,0x2a,0xc6,0xff,0x28,0x29,0xc5,0xff,
    0x28,0x29,0xc3,0xff,0x27,0x28,0xc0,0xff,0x26,0x26,0xbc,0xff,0x24,0x25,0xb7,0xff,0x22,0x23,0xb2,0xff,0x20,0x21,0xac,0xff,
    0x20,0x20,0xaa,0xff,0x1d,0x1e,0xa4,0xff,0x14,0x15,0x8b,0xff,0x0a,0x0a,0x6d,0xff,0x09,0x09,0x68,0xfd,0x0a,0x0a,0x6d,0xfe,
    0x0b,0x0b,0x73,0xff,0x0a,0x0a,0x6d,0x98,0x00,0x00,0x00,0x00,0x00,0x00,0x7f,0x02,0x00,0x00,0x00,0x01,0x00,0x00,0x00,0x00,
    0x00,0x00,0x00,0x00,0x00,0x00,0x00,0x00,0x00,0x00,0x00,0x00,0x00,0x00,0x00,0x00,0x00,0x00,0x00,0x00,0x00,0x00,0x00,0x00,
    0x00,0x00,0x00,0x00,0x00,0x00,0x00,0x00,0x00,0x00,0x00,0x00,0x00,0x00,0x55,0x03,0x03,0x03,0x00,0x00,0x00,0x00,0x50,0x65,
    0x64,0x64,0xa8,0xff,0xff,0xff,0xff,0xfe,0xf6,0xf6,0xf9,0xfd,0xf8,0xf8,0xfb,0xff,0xfa,0xfa,0xfd,0xff,0xfb,0xfb,0xfd,0xff,
    0xfb,0xfb,0xfd,0xff,0xfa,0xfa,0xfd,0xff,0xf7,0xf7,0xfc,0xff,0xfb,0xfb,0xfe,0xff,0xff,0xff,0xff,0xff,0xae,0xaf,0xea,0xff,
    0x26,0x26,0xc9,0xff,0x2c,0x2d,0xcc,0xff,0x2c,0x2d,0xcd,0xff,0x2c,0x2d,0xcd,0xff,0x2c,0x2d,0xcd,0xff,0x2c,0x2d,0xcd,0xff,
    0x2c,0x2d,0xcd,0xff,0x2c,0x2d,0xcd,0xff,0x2b,0x2c,0xcc,0xff,0x2b,0x2c,0xcb,0xff,0x2a,0x2b,0xc8,0xff,0x29,0x2a,0xc5,0xff,
    0x27,0x28,0xc0,0xff,0x25,0x26,0xba,0xff,0x23,0x23,0xb2,0xff,0x20,0x21,0xab,0xff,0x1f,0x20,0xaa,0xff,0x1a,0x1a,0x99,0xff,
    0x0d,0x0d,0x75,0xff,0x09,0x09,0x69,0xfe,0x0a,0x0a,0x6c,0xfc,0x0b,0x0b,0x75,0xff,0x09,0x09,0x6b,0x9a,0x00,0x00,0x00,0x00,
    0x00,0x00,0x55,0x03,0x00,0x00,0x00,0x00,0x00,0x00,0x00,0x00,0x00,0x00,0x00,0x00,0x00,0x00,0x00,0x00,0x00,0x00,0x00,0x00,
    0x00,0x00,0x00,0x00,0x00,0x00,0x00,0x00,0x00,0x00,0x00,0x00,0x00,0x00,0x00,0x00,0x00,0x00,0x55,0x03,0x00,0x00,0x00,0x00,
    0x08,0x08,0x62,0x39,0x12,0x12,0x72,0xfe,0xd7,0xd7,0xe8,0xfd,0xfd,0xfd,0xff,0xfd,0xf7,0xf7,0xfa,0xff,0xfb,0xfb,0xfd,0xff,
    0xfb,0xfb,0xfd,0xff,0xfb,0xfb,0xfd,0xff,0xfb,0xfb,0xfe,0xff,0xfb,0xfb,0xfe,0xff,0xfb,0xfb,0xfe,0xff,0xfa,0xfa,0xfe,0xff,
    0xf7,0xf7,0xfd,0xff,0xff,0xff,0xff,0xff,0x9e,0x9e,0xe9,0xff,0x20,0x22,0xcb,0xff,0x30,0x31,0xcf,0xff,0x2d,0x2f,0xce,0xff,
    0x2d,0x2f,0xce,0xff,0x2d,0x2f,0xce,0xff,0x2d,0x2f,0xce,0xff,0x2d,0x2f,0xce,0xff,0x2d,0x2e,0xce,0xff,0x2d,0x2e,0xce,0xff,
    0x2d,0x2e,0xce,0xff,0x2d,0x2e,0xcd,0xff,0x2c,0x2d,0xcb,0xff,0x2a,0x2b,0xc6,0xff,0x28,0x29,0xc0,0xff,0x25,0x26,0xb8,0xff,
    0x21,0x23,0xae,0xff,0x20,0x21,0xaa,0xff,0x1d,0x1d,0xa1,0xff,0x0d,0x0e,0x76,0xff,0x09,0x09,0x68,0xff,0x0a,0x0a,0x6d,0xfa,
    0x0b,0x0b,0x76,0xff,0x09,0x09,0x6b,0x70,0x00,0x00,0x00,0x00,0x00,0x00,0x7f,0x04,0x00,0x00,0x00,0x00,0x00,0x00,0x00,0x00,
    0x00,0x00,0x00,0x00,0x00,0x00,0x00,0x00,0x00,0x00,0x00,0x00,0x00,0x00,0x00,0x00,0x00,0x00,0x00,0x00,0x00,0x00,0x00,0x02,
    0x00,0x00,0x00,0x01,0x2c,0x2c,0x79,0x17,0x00,0x00,0x65,0xe9,0x47,0x47,0x93,0xfe,0xff,0xff,0xff,0xfd,0xf8,0xf8,0xfb,0xff,
    0xfb,0xfb,0xfd,0xff,0xfb,0xfb,0xfd,0xff,0xfb,0xfb,0xfd,0xff,0xfb,0xfb,0xfe,0xff,0xfb,0xfb,0xfe,0xff,0xfb,0xfb,0xfe,0xff,
    0xfb,0xfb,0xfe,0xff,0xfb,0xfb,0xfe,0xff,0xfa,0xfa,0xfe,0xff,0xf8,0xf8,0xfd,0xff,0xff,0xff,0xff,0xff,0x77,0x78,0xe0,0xff,
    0x21,0x23,0xcb,0xff,0x31,0x32,0xcd,0xff,0x2e,0x2f,0xcd,0xff,0x2e,0x2f,0xcd,0xff,0x2e,0x2f,0xcd,0xff,0x2d,0x2f,0xcc,0xff,
    0x2e,0x2f,0xcd,0xff,0x2e,0x30,0xce,0xff,0x2e,0x30,0xcf,0xff,0x2e,0x30,0xcf,0xff,0x2e,0x2f,0xcf,0xff,0x2d,0x2f,0xce,0xff,
    0x2c,0x2e,0xca,0xff,0x2a,0x2b,0xc4,0xff,0x27,0x28,0xbb,0xff,0x23,0x24,0xb1,0xff,0x20,0x22,0xab,0xff,0x1d,0x1e,0xa1,0xff,
    0x0e,0x0e,0x76,0xff,0x09,0x09,0x69,0xfe,0x0a,0x0a,0x6d,0xfb,0x0a,0x0a,0x71,0xff,0x0b,0x0b,0x6b,0x45,0x00,0x00,0x00,0x00,
    0x00,0x00,0x55,0x03,0x00,0x00,0x00,0x00,0x00,0x00,0x00,0x00,0x00,0x00,0x00,0x00,0x00,0x00,0x00,0x00,0x00,0x00,0x00,0x00,
    0x00,0x00,0x00,0x00,0x00,0x00,0x55,0x03,0x00,0x00,0x00,0x00,0x0f,0x0f,0x6f,0xba,0x00,0x00,0x69,0xff,0x69,0x69,0xa4,0xfc,
    0xfe,0xfe,0xff,0xff,0xf7,0xf7,0xfb,0xff,0xfb,0xfb,0xfd,0xff,0xfb,0xfb,0xfd,0xff,0xfb,0xfb,0xfe,0xff,0xfb,0xfb,0xfe,0xff,
    0xfb,0xfb,0xfe,0xff,0xfb,0xfb,0xfe,0xff,0xfb,0xfb,0xfe,0xff,0xfb,0xfb,0xfe,0xff,0xfb,0xfb,0xfe,0xff,0xf9,0xf9,0xfe,0xff,
    0xfe,0xfe,0xff,0xff,0xe1,0xe2,0xf8,0xff,0x34,0x37,0xd6,0xff,0x2f,0x32,0xda,0xff,0x31,0x34,0xd6,0xff,0x31,0x33,0xd7,0xff,
    0x31,0x34,0xd8,0xff,0x32,0x35,0xdc,0xff,0x31,0x34,0xd8,0xff,0x2f,0x31,0xd0,0xff,0x2e,0x30,0xcd,0xff,0x2f,0x31,0xcf,0xff,
    0x2f,0x31,0xd0,0xff,0x2f,0x31,0xd0,0xff,0x2f,0x31,0xcf,0xff,0x2d,0x30,0xcd,0xff,0x2b,0x2d,0xc6,0xff,0x28,0x2a,0xbd,0xff,
    0x24,0x26,0xb2,0xff,0x21,0x22,0xab,0xff,0x1e,0x1f,0xa1,0xff,0x0c,0x0c,0x72,0xff,0x09,0x09,0x69,0xfd,0x0a,0x0a,0x6f,0xfe,
    0x09,0x09,0x6d,0xe8,0x0b,0x0b,0x68,0x16,0x00,0x00,0xff,0x01,0x00,0x00,0x00,0x02,0x00,0x00,0x00,0x00,0x00,0x00,0x00,0x00,
    0x00,0x00,0x00,0x00,0x00,0x00,0x00,0x00,0x00,0x00,0x55,0x03,0x00,0x00,0x00,0x00,0x09,0x09,0x6b,0x6b,0x0f,0x0f,0x76,0xff,
    0x00,0x00,0x61,0xfb,0x8c,0x8c,0xba,0xff,0xff,0xff,0xff,0xff,0xf7,0xf7,0xfb,0xff,0xfb,0xfb,0xfd,0xff,0xfb,0xfb,0xfe,0xff,
    0xfb,0xfb,0xfe,0xff,0xfb,0xfb,0xfe,0xff,0xfb,0xfb,0xfe,0xff,0xfb,0xfb,0xfe,0xff,0xfb,0xfb,0xfe,0xff,0xfb,0xfb,0xfe,0xff,
    0xfb,0xfb,0xfe,0xff,0xfb,0xfb,0xfe,0xff,0xf8,0xf8,0xfc,0xff,0xff,0xff,0xff,0xff,0x80,0x80,0xc2,0xff,0x0c,0x0d,0x61,0xff,
    0x12,0x13,0x56,0xff,0x0f,0x0f,0x55,0xff,0x12,0x13,0x60,0xff,0x1b,0x1c,0x82,0xff,0x24,0x26,0xa4,0xff,0x2f,0x32,0xcd,0xff,
    0x34,0x36,0xdd,0xff,0x31,0x33,0xd2,0xff,0x30,0x32,0xce,0xff,0x30,0x33,0xd0,0xff,0x30,0x33,0xd0,0xff,0x30,0x32,0xd0,0xff,
    0x2f,0x31,0xce,0xff,0x2c,0x2f,0xc8,0xff,0x29,0x2b,0xbe,0xff,0x24,0x26,0xb1,0xff,0x22,0x23,0xac,0xff,0x1a,0x1c,0x98,0xff,
    0x09,0x0a,0x6b,0xff,0x0a,0x0a,0x6b,0xfc,0x0b,0x0b,0x74,0xff,0x09,0x09,0x6a,0xaa,0x00,0x00,0x00,0x00,0x00,0x00,0x55,0x03,
    0x00,0x00,0x00,0x00,0x00,0x00,0x00,0x00,0x00,0x00,0x00,0x00,0x00,0x00,0x00,0x01,0x00,0x00,0xff,0x01,0x0d,0x0d,0x6b,0x13,
    0x09,0x09,0x6d,0xee,0x0e,0x0e,0x70,0xfd,0x00,0x00,0x61,0xfe,0x8a,0x8a,0xba,0xff,0xff,0xff,0xff,0xff,0xf7,0xf7,0xfb,0xff,
    0xfb,0xfb,0xfe,0xff,0xfb,0xfb,0xfe,0xff,0xfb,0xfb,0xfe,0xff,0xfb,0xfb,0xfe,0xff,0xfb,0xfb,0xfe,0xff,0xfb,0xfb,0xfe,0xff,
    0xfb,0xfb,0xfe,0xff,0xfb,0xfb,0xfe,0xff,0xfb,0xfb,0xfe,0xff,0xfb,0xfb,0xfd,0xff,0xf7,0xf7,0xf9,0xff,0xfe,0xfe,0xff,0xff,
    0xb8,0xb7,0xbc,0xff,0x00,0x00,0x19,0xff,0x04,0x03,0x25,0xff,0x02,0x02,0x23,0xff,0x01,0x01,0x22,0xff,0x01,0x01,0x20,0xff,
    0x02,0x02,0x24,0xff,0x0a,0x0a,0x42,0xff,0x1a,0x1c,0x7e,0xff,0x30,0x33,0xcc,0xff,0x33,0x37,0xd9,0xff,0x30,0x33,0xce,0xff,
    0x31,0x34,0xd1,0xff,0x31,0x34,0xd1,0xff,0x31,0x34,0xd1,0xff,0x30,0x33,0xcf,0xff,0x2e,0x30,0xc7,0xff,0x29,0x2b,0xbd,0xff,
    0x24,0x26,0xb0,0xff,0x22,0x24,0xab,0xff,0x14,0x15,0x88,0xff,0x08,0x08,0x68,0xff,0x0a,0x0a,0x6d,0xfc,0x0a,0x0a,0x72,0xff,
    0x0b,0x0b,0x6b,0x40,0x00,0x00,0x00,0x00,0x00,0x00,0x55,0x03,0x00,0x00,0x00,0x00,0x00,0x00,0x00,0x00,0x00,0x00,0xaa,0x03,
    0x00,0x00,0x00,0x00,0x09,0x09,0x6b,0x80,0x0b,0x0b,0x74,0xff,0x0d,0x0d,0x6c,0xfb,0x00,0x00,0x66,0xff,0x7a,0x7b,0xc0,0xff,
    0xff,0xff,0xff,0xff,0xf7,0xf7,0xfc,0xff,0xfb,0xfb,0xfe,0xff,0xfb,0xfb,0xfe,0xff,0xfb,0xfb,0xfe,0xff,0xfb,0xfb,0xfe,0xff,
    0xfb,0xfb,0xfe,0xff,0xfb,0xfb,0xfe,0xff,0xfb,0xfb,0xfe,0xff,0xfb,0xfb,0xfe,0xff,0xfa,0xfa,0xfc,0xff,0xfa,0xfa,0xfb,0xff,
    0xf9,0xf9,0xfa,0xff,0xfd,0xfd,0xfe,0xff,0xef,0xef,0xf3,0xff,0x1e,0x1e,0x45,0xff,0x00,0x00,0x29,0xff,0x06,0x06,0x2f,0xff,
    0x05,0x05,0x2e,0xff,0x05,0x05,0x2f,0xff,0x04,0x05,0x2e,0xff,0x03,0x03,0x27,0xff,0x00,0x00,0x1f,0xff,0x09,0x0a,0x40,0xff,
    0x29,0x2c,0xaf,0xff,0x36,0x39,0xdd,0xff,0x32,0x35,0xd0,0xff,0x32,0x36,0xd2,0xff,0x33,0x36,0xd2,0xff,0x32,0x36,0xd2,0xff,
    0x31,0x34,0xcf,0xff,0x2e,0x31,0xc6,0xff,0x29,0x2b,0xb9,0xff,0x24,0x26,0xae,0xff,0x21,0x23,0xa5,0xff,0x0d,0x0d,0x74,0xff,
    0x09,0x09,0x6a,0xfc,0x0b,0x0b,0x72,0xfe,0x09,0x09,0x6a,0xbf,0x00,0x00,0x00,0x00,0x00,0x00,0x7f,0x02,0x00,0x00,0x00,0x00,
    0x00,0x00,0xff,0x01,0x00,0x00,0x00,0x01,0x0c,0x0c,0x66,0x14,0x09,0x09,0x6d,0xec,0x0b,0x0b,0x6f,0xfe,0x0b,0x0a,0x69,0xfe,
    0x08,0x09,0x7d,0xff,0x59,0x5b,0xc0,0xff,0xfe,0xfe,0xff,0xff,0xfa,0xfa,0xfe,0xff,0xfb,0xfb,0xfe,0xff,0xfb,0xfb,0xfe,0xff,
    0xfb,0xfb,0xfe,0xff,0xfb,0xfb,0xfe,0xff,0xfb,0xfb,0xfe,0xff,0xfb,0xfb,0xfe,0xff,0xfb,0xfb,0xfd,0xff,0xfa,0xfa,0xfb,0xff,
    0xfa,0xfa,0xfb,0xff,0xfa,0xfa,0xfb,0xff,0xfa,0xfa,0xfb,0xff,0xf8,0xf8,0xf9,0xff,0xff,0xff,0xff,0xff,0x43,0x43,0x61,0xff,
    0x00,0x00,0x21,0xff,0x07,0x07,0x2e,0xff,0x04,0x04,0x2c,0xff,0x04,0x04,0x2c,0xff,0x04,0x04,0x2c,0xff,0x04,0x04,0x2d,0xff,
    0x05,0x05,0x30,0xff,0x02,0x02,0x27,0xff,0x02,0x02,0x27,0xff,0x22,0x24,0x93,0xff,0x37,0x3b,0xde,0xff,0x33,0x37,0xd0,0xff,
    0x34,0x38,0xd3,0xff,0x34,0x38,0xd3,0xff,0x33,0x38,0xd3,0xff,0x31,0x36,0xcd,0xff,0x2d,0x30,0xc3,0xff,0x27,0x2a,0xb5,0xff,
    0x24,0x27,0xae,0xff,0x18,0x1a,0x8f,0xff,0x08,0x08,0x68,0xff,0x0a,0x0a,0x6c,0xfd,0x0a,0x0a,0x71,0xff,0x0b,0x0b,0x69,0x41,
    0x00,0x00,0x00,0x00,0x00,0x00,0x55,0x03,0x00,0x00,0x7f,0x04,0x00,0x00,0x00,0x00,0x0a,0x0a,0x6b,0x66,0x0b,0x0b,0x74,0xff,
    0x0a,0x0a,0x6b,0xfc,0x0b,0x0a,0x6c,0xff,0x1c,0x1e,0x9b,0xff,0x2c,0x2e,0xb1,0xff,0xe1,0xe1,0xf4,0xff,0xfe,0xfe,0xff,0xff,
    0xfa,0xfa,0xfd,0xff,0xfb,0xfb,0xfe,0xff,0xfb,0xfb,0xfe,0xff,0xfb,0xfb,0xfe,0xff,0xfb,0xfb,0xfe,0xff,0xfb,0xfb,0xfe,0xff,
    0xfa,0xfa,0xfb,0xff,0xfa,0xfa,0xfb,0xff,0xfa,0xfa,0xfb,0xff,0xfa,0xfa,0xfb,0xff,0xfa,0xfa,0xfb,0xff,0xf7,0xf7,0xf8,0xff,
    0xff,0xff,0xff,0xff,0x60,0x60,0x79,0xff,0x00,0x00,0x1f,0xff,0x08,0x08,0x2f,0xff,0x04,0x04,0x2c,0xff,0x04,0x04,0x2c,0xff,
    0x04,0x04,0x2c,0xff,0x04,0x04,0x2c,0xff,0x04,0x04,0x2c,0xff,0x05,0x05,0x2e,0xff,0x04,0x04,0x2c,0xff,0x01,0x01,0x21,0xff,
    0x26,0x29,0x9f,0xff,0x39,0x3e,0xe0,0xff,0x34,0x39,0xd1,0xff,0x35,0x3a,0xd4,0xff,0x35,0x3a,0xd4,0xff,0x34,0x39,0xd2,0xff,
    0x31,0x35,0xcb,0xff,0x2c,0x2f,0xbd,0xff,0x26,0x29,0xb0,0xff,0x22,0x25,0xa6,0xff,0x0d,0x0e,0x74,0xff,0x09,0x09,0x6a,0xfb,
    0x0b,0x0b,0x74,0xff,0x09,0x09,0x6a,0xa7,0x00,0x00,0x00,0x00,0x00,0x00,0x3f,0x04,0x00,0x00,0x7f,0x02,0x00,0x00,0x7f,0x02,
    0x08,0x08,0x6b,0xca,0x0b,0x0b,0x72,0xfe,0x09,0x08,0x69,0xfc,0x0f,0x10,0x78,0xff,0x27,0x2a,0xab,0xff,0x1b,0x1f,0xaf,0xff,
    0xaa,0xab,0xe5,0xff,0xff,0xff,0xff,0xff,0xf8,0xf8,0xfd,0xff,0xfb,0xfb,0xfe,0xff,0xfb,0xfb,0xfe,0xff,0xfb,0xfb,0xfe,0xff,
    0xfb,0xfb,0xfe,0xff,0xfa,0xfa,0xfc,0xff,0xfa,0xfa,0xfb,0xff,0xfa,0xfa,0xfb,0xff,0xfa,0xfa,0xfb,0xff,0xfa,0xfa,0xfb,0xff,
    0xfa,0xfa,0xfb,0xff,0xf7,0xf7,0xf8,0xff,0xff,0xff,0xff,0xff,0x61,0x61,0x7a,0xff,0x00,0x00,0x1e,0xff,0x07,0x07,0x2f,0xff,
    0x04,0x04,0x2c,0xff,0x04,0x04,0x2c,0xff,0x04,0x04,0x2c,0xff,0x04,0x04,0x2c,0xff,0x04,0x04,0x2c,0xff,0x04,0x04,0x2c,0xff,
    0x05,0x05,0x2e,0xff,0x03,0x03,0x29,0xff,0x06,0x06,0x32,0xff,0x31,0x35,0xc1,0xff,0x39,0x3e,0xdb,0xff,0x36,0x3b,0xd4,0xff,
    0x37,0x3c,0xd5,0xff,0x37,0x3c,0xd5,0xff,0x35,0x39,0xd1,0xff,0x30,0x34,0xc5,0xff,0x29,0x2c,0xb6,0xff,0x26,0x2a,0xae,0xff,
    0x15,0x16,0x87,0xff,0x08,0x08,0x67,0xfe,0x0b,0x0b,0x6e,0xfe,0x09,0x09,0x6c,0xf4,0x0a,0x0a,0x70,0x19,0x00,0x00,0x00,0x00,
    0x00,0x00,0x00,0x00,0x09,0x09,0x6b,0x1a,0x0a,0x0a,0x6c,0xf6,0x0b,0x0b,0x6e,0xff,0x08,0x08,0x67,0xfe,0x17,0x19,0x8c,0xff,
    0x29,0x2d,0xb1,0xff,0x25,0x29,0xb7,0xff,0x4b,0x50,0xce,0xff,0xf6,0xf6,0xfd,0xff,0xfb,0xfb,0xfe,0xff,0xfa,0xfa,0xfe,0xff,
    0xfb,0xfb,0xfe,0xff,0xfb,0xfb,0xfe,0xff,0xfb,0xfb,0xfd,0xff,0xfa,0xfa,0xfb,0xff,0xfa,0xfa,0xfb,0xff,0xfa,0xfa,0xfb,0xff,
    0xfa,0xfa,0xfb,0xff,0xfa,0xfa,0xfb,0xff,0xfa,0xfa,0xfb,0xff,0xf9,0xf9,0xfa,0xff,0xfc,0xfc,0xfd,0xff,0x3e,0x3e,0x5d,0xff,
    0x00,0x00,0x22,0xff,0x07,0x07,0x2e,0xff,0x04,0x04,0x2c,0xff,0x04,0x04,0x2c,0xff,0x04,0x04,0x2c,0xff,0x04,0x04,0x2c,0xff,
    0x04,0x04,0x2c,0xff,0x04,0x04,0x2c,0xff,0x04,0x04,0x2c,0xff,0x05,0x05,0x2f,0xff,0x01,0x00,0x21,0xff,0x12,0x14,0x5a,0xff,
    0x3a,0x40,0xdd,0xff,0x38,0x3e,0xd5,0xff,0x39,0x3e,0xd6,0xff,0x39,0x3e,0xd7,0xff,0x37,0x3d,0xd4,0xff,0x33,0x39,0xcc,0xff,
    0x2d,0x31,0xbc,0xff,0x28,0x2c,0xb2,0xff,0x1e,0x20,0x9a,0xff,0x09,0x09,0x6a,0xff,0x0a,0x0a,0x6c,0xfc,0x0b,0x0b,0x73,0xff,
    0x0c,0x0c,0x6a,0x4f,0x00,0x00,0x00,0x00,0x00,0x00,0x00,0x00,0x0c,0x0c,0x6b,0x51,0x0b,0x0b,0x73,0xff,0x0a,0x0a,0x6c,0xfc,
    0x0a,0x0a,0x6c,0xff,0x20,0x24,0x9f,0xff,0x29,0x2e,0xb2,0xff,0x32,0x36,0xc0,0xff,0x28,0x2f,0xcb,0xff,0x9f,0xa2,0xeb,0xff,
    0xff,0xff,0xff,0xff,0xf7,0xf7,0xfd,0xff,0xfb,0xfb,0xfe,0xff,0xfb,0xfb,0xfe,0xff,0xfa,0xfa,0xfb,0xff,0xfa,0xfa,0xfb,0xff,
    0xfa,0xfa,0xfb,0xff,0xfa,0xfa,0xfb,0xff,0xfa,0xfa,0xfb,0xff,0xfa,0xfa,0xfb,0xff,0xf9,0xf9,0xfb,0xff,0xfc,0xfc,0xfc,0xff,
    0xf7,0xf7,0xf8,0xff,0x21,0x21,0x45,0xff,0x00,0x00,0x26,0xff,0x06,0x06,0x2d,0xff,0x04,0x04,0x2c,0xff,0x04,0x04,0x2c,0xff,
    0x04,0x04,0x2c,0xff,0x04,0x04,0x2c,0xff,0x04,0x04,0x2c,0xff,0x04,0x04,0x2c,0xff,0x04,0x04,0x2c,0xff,0x04,0x04,0x2c,0xff,
    0x05,0x05,0x2e,0xff,0x02,0x01,0x25,0xff,0x2f,0x34,0xb3,0xff,0x3d,0x43,0xe0,0xff,0x3a,0x40,0xd6,0xff,0x3a,0x41,0xd8,0xff,
    0x3a,0x40,0xd7,0xff,0x37,0x3d,0xd1,0xff,0x31,0x36,0xc3,0xff,0x2a,0x2f,0xb4,0xff,0x25,0x29,0xa9,0xff,0x0e,0x0f,0x75,0xff,
    0x08,0x08,0x69,0xfb,0x0b,0x0b,0x75,0xff,0x0a,0x0a,0x6b,0x8e,0x00,0x00,0x00,0x00,0x00,0x00,0x00,0x00,0x09,0x09,0x6c,0x84,
    0x0b,0x0b,0x75,0xff,0x09,0x09,0x69,0xfb,0x0e,0x0e,0x73,0xff,0x26,0x29,0xa8,0xff,0x2b,0x30,0xb5,0xff,0x33,0x38,0xc4,0xff,
    0x39,0x40,0xd3,0xff,0x36,0x3d,0xd7,0xff,0xc2,0xc4,0xf3,0xff,0xff,0xff,0xff,0xff,0xf7,0xf7,0xfe,0xff,0xfa,0xfa,0xfd,0xff,
    0xfa,0xfa,0xfb,0xff,0xfa,0xfa,0xfb,0xff,0xfa,0xfa,0xfb,0xff,0xfa,0xfa,0xfb,0xff,0xfa,0xfa,0xfb,0xff,0xfa,0xfa,0xfb,0xff,
    0xf6,0xf6,0xf8,0xff,0xff,0xff,0xff,0xff,0xb2,0xb2,0xbf,0xff,0x03,0x03,0x25,0xff,0x06,0x06,0x2d,0xff,0x04,0x04,0x2c,0xff,
    0x04,0x04,0x2c,0xff,0x04,0x04,0x2c,0xff,0x04,0x04,0x2c,0xff,0x04,0x04,0x2c,0xff,0x04,0x04,0x2c,0xff,0x04,0x04,0x2c,0xff,
    0x04,0x04,0x2c,0xff,0x04,0x04,0x2c,0xff,0x05,0x05,0x2f,0xff,0x01,0x00,0x21,0xff,0x1a,0x1d,0x71,0xff,0x40,0x47,0xe5,0xff,
    0x3b,0x42,0xd6,0xff,0x3c,0x43,0xd9,0xff,0x3c,0x43,0xd9,0xff,0x3a,0x41,0xd5,0xff,0x34,0x3a,0xc8,0xff,0x2c,0x32,0xb8,0xff,
    0x29,0x2d,0xaf,0xff,0x13,0x15,0x80,0xff,0x08,0x08,0x68,0xfc,0x0b,0x0b,0x73,0xff,0x09,0x09,0x6b,0xc0,0x00,0x00,0x7f,0x02,
    0x00,0x00,0x00,0x00,0x09,0x09,0x6c,0xb3,0x0b,0x0b,0x73,0xff,0x08,0x08,0x69,0xfc,0x11,0x12,0x7b,0xff,0x29,0x2e,0xaf,0xff,
    0x2e,0x33,0xb8,0xff,0x35,0x3c,0xc9,0xff,0x3d,0x44,0xd6,0xff,0x3b,0x43,0xda,0xff,0x44,0x4b,0xdc,0xff,0xd1,0xd3,0xf6,0xff,
    0xff,0xff,0xff,0xff,0xf9,0xf9,0xfb,0xff,0xf7,0xf7,0xf8,0xff,0xf9,0xf9,0xfa,0xff,0xfa,0xfa,0xfb,0xff,0xfa,0xfa,0xfb,0xff,
    0xfa,0xfa,0xfb,0xff,0xf7,0xf7,0xf8,0xff,0xf8,0xf8,0xfa,0xff,0xff,0xff,0xff,0xff,0x3b,0x3b,0x5a,0xff,0x00,0x00,0x22,0xff,
    0x07,0x07,0x2e,0xff,0x04,0x04,0x2c,0xff,0x04,0x04,0x2c,0xff,0x04,0x04,0x2c,0xff,0x04,0x04,0x2c,0xff,0x04,0x04,0x2c,0xff,
    0x04,0x04,0x2c,0xff,0x04,0x04,0x2c,0xff,0x04,0x04,0x2c,0xff,0x04,0x04,0x2c,0xff,0x04,0x04,0x2d,0xff,0x02,0x02,0x26,0xff,
    0x0d,0x0e,0x46,0xff,0x3e,0x46,0xda,0xff,0x3e,0x46,0xdb,0xff,0x3e,0x46,0xda,0xff,0x3e,0x46,0xda,0xff,0x3c,0x44,0xd8,0xff,
    0x37,0x3e,0xcd,0xff,0x2f,0x34,0xbc,0xff,0x2b,0x30,0xb3,0xff,0x18,0x1a,0x8a,0xff,0x08,0x08,0x67,0xfe,0x0b,0x0b,0x6f,0xff,
    0x09,0x09,0x6b,0xe6,0x12,0x12,0x5b,0x0e,0x00,0x00,0x66,0x05,0x0a,0x0a,0x6c,0xc8,0x0b,0x0b,0x72,0xff,0x08,0x07,0x67,0xfd,
    0x16,0x19,0x86,0xff,0x2c,0x31,0xb2,0xff,0x30,0x36,0xbb,0xff,0x38,0x3f,0xcc,0xff,0x3e,0x46,0xd8,0xff,0x42,0x4a,0xdc,0xff,
    0x3d,0x45,0xdb,0xff,0x41,0x49,0xdd,0xff,0xb6,0xb9,0xf0,0xff,0xff,0xff,0xff,0xff,0xff,0xff,0xff,0xff,0xfc,0xfc,0xfd,0xff,
    0xf9,0xf9,0xfa,0xff,0xf7,0xf7,0xf9,0xff,0xfa,0xfa,0xfb,0xff,0xff,0xff,0xff,0xff,0xff,0xff,0xff,0xff,0x73,0x73,0x89,0xff,
    0x00,0x00,0x22,0xff,0x06,0x06,0x2f,0xff,0x04,0x04,0x2c,0xff,0x04,0x04,0x2c,0xff,0x04,0x04,0x2c,0xff,0x04,0x04,0x2c,0xff,
    0x04,0x04,0x2c,0xff,0x04,0x04,0x2c,0xff,0x04,0x04,0x2c,0xff,0x04,0x04,0x2c,0xff,0x04,0x04,0x2c,0xff,0x04,0x04,0x2c,0xff,
    0x04,0x04,0x2d,0xff,0x04,0x04,0x2b,0xff,0x06,0x06,0x30,0xff,0x38,0x40,0xc7,0xff,0x42,0x4a,0xe1,0xff,0x40,0x48,0xda,0xff,
    0x40,0x48,0xdc,0xff,0x3e,0x47,0xda,0xff,0x3a,0x41,0xd0,0xff,0x32,0x38,0xbf,0xff,0x2d,0x32,0xb5,0xff,0x1e,0x21,0x96,0xff,
    0x09,0x08,0x69,0xfe,0x0b,0x0b,0x6e,0xff,0x09,0x09,0x6b,0xf1,0x0f,0x0f,0x67,0x20,0x0d,0x0d,0x5d,0x13,0x09,0x09,0x6b,0xed,
    0x0b,0x0b,0x6f,0xff,0x08,0x07,0x67,0xfe,0x19,0x1c,0x8c,0xff,0x2e,0x34,0xb5,0xff,0x32,0x39,0xbd,0xff,0x3b,0x43,0xcf,0xff,
    0x40,0x49,0xda,0xff,0x42,0x4b,0xdd,0xff,0x44,0x4d,0xdd,0xff,0x42,0x4b,0xe1,0xff,0x36,0x3f,0xcf,0xff,0x42,0x42,0x65,0xff,
    0xac,0xac,0xb8,0xff,0xf1,0xf1,0xf4,0xff,0xff,0xff,0xff,0xff,0xff,0xff,0xff,0xff,0xf9,0xf9,0xfa,0xff,0xcf,0xcf,0xd7,0xff,
    0x58,0x58,0x71,0xff,0x00,0x00,0x21,0xff,0x06,0x06,0x2e,0xff,0x04,0x04,0x2c,0xff,0x04,0x04,0x2c,0xff,0x04,0x04,0x2c,0xff,
    0x04,0x04,0x2c,0xff,0x04,0x04,0x2c,0xff,0x04,0x04,0x2c,0xff,0x04,0x04,0x2c,0xff,0x04,0x04,0x2c,0xff,0x04,0x04,0x2c,0xff,
    0x04,0x04,0x2c,0xff,0x04,0x04,0x2c,0xff,0x04,0x04,0x2c,0xff,0x05,0x05,0x2e,0xff,0x01,0x01,0x24,0xff,0x32,0x39,0xaf,0xff,
    0x45,0x4f,0xe8,0xff,0x41,0x4a,0xdb,0xff,0x42,0x4b,0xdd,0xff,0x41,0x4a,0xdc,0xff,0x3d,0x45,0xd3,0xff,0x34,0x3b,0xc2,0xff,
    0x2e,0x35,0xb6,0xff,0x21,0x25,0x9c,0xff,0x09,0x08,0x69,0xff,0x0a,0x0a,0x6c,0xfe,0x0a,0x0a,0x6f,0xff,0x0a,0x0a,0x6d,0x48,
    0x0e,0x0e,0x63,0x12,0x09,0x09,0x6b,0xeb,0x0b,0x0b,0x6f,0xff,0x08,0x07,0x67,0xfe,0x1a,0x1d,0x8b,0xff,0x2f,0x36,0xb6,0xff,
    0x33,0x3b,0xbf,0xff,0x3d,0x46,0xd1,0xff,0x42,0x4c,0xdc,0xff,0x44,0x4e,0xdf,0xff,0x44,0x4e,0xde,0xff,0x46,0x50,0xe2,0xff,
    0x42,0x4b,0xd4,0xff,0x00,0x00,0x2d,0xff,0x00,0x00,0x22,0xff,0x1e,0x1e,0x42,0xff,0x3d,0x3d,0x5c,0xff,0x4e,0x4e,0x6b,0xff,
    0x30,0x30,0x51,0xff,0x04,0x04,0x2c,0xff,0x00,0x00,0x20,0xff,0x07,0x07,0x2e,0xff,0x04,0x04,0x2c,0xff,0x04,0x04,0x2c,0xff,
    0x04,0x04,0x2c,0xff,0x04,0x04,0x2c,0xff,0x04,0x04,0x2c,0xff,0x04,0x04,0x2c,0xff,0x04,0x04,0x2c,0xff,0x04,0x04,0x2c,0xff,
    0x04,0x04,0x2c,0xff,0x04,0x04,0x2c,0xff,0x04,0x04,0x2c,0xff,0x04,0x04,0x2c,0xff,0x04,0x04,0x2c,0xff,0x05,0x05,0x2e,0xff,
    0x01,0x01,0x24,0xff,0x34,0x3b,0xb1,0xff,0x47,0x52,0xe9,0xff,0x43,0x4d,0xdd,0xff,0x44,0x4e,0xdf,0xff,0x43,0x4d,0xde,0xff,
    0x3f,0x48,0xd5,0xff,0x36,0x3e,0xc4,0xff,0x30,0x37,0xb8,0xff,0x22,0x26,0x9b,0xff,0x09,0x08,0x69,0xff,0x0a,0x0a,0x6c,0xfe,
    0x0a,0x0a,0x6f,0xff,0x0a,0x0a,0x6d,0x46,0x0e,0x0e,0x63,0x12,0x09,0x09,0x6b,0xea,0x0b,0x0b,0x6f,0xff,0x07,0x07,0x67,0xfe,
    0x1b,0x1d,0x8c,0xff,0x31,0x37,0xb7,0xff,0x35,0x3d,0xc0,0xff,0x3e,0x48,0xd2,0xff,0x44,0x4f,0xdd,0xff,0x46,0x51,0xe0,0xff,
    0x46,0x51,0xdf,0xff,0x47,0x52,0xe3,0xff,0x43,0x4d,0xd6,0xff,0x0c,0x0d,0x3d,0xff,0x05,0x05,0x2a,0xff,0x00,0x00,0x28,0xff,
    0x00,0x00,0x22,0xff,0x00,0x00,0x20,0xff,0x00,0x00,0x24,0xff,0x03,0x03,0x2c,0xff,0x07,0x07,0x2f,0xff,0x04,0x04,0x2c,0xff,
    0x04,0x04,0x2c,0xff,0x04,0x04,0x2c,0xff,0x04,0x04,0x2c,0xff,0x04,0x04,0x2c,0xff,0x04,0x04,0x2c,0xff,0x04,0x04,0x2c,0xff,
    0x04,0x04,0x2c,0xff,0x04,0x04,0x2c,0xff,0x04,0x04,0x2c,0xff,0x04,0x04,0x2c,0xff,0x04,0x04,0x2c,0xff,0x04,0x04,0x2c,0xff,
    0x04,0x04,0x2c,0xff,0x05,0x05,0x2e,0xff,0x02,0x02,0x26,0xff,0x36,0x3e,0xb5,0xff,0x4a,0x55,0xea,0xff,0x45,0x50,0xde,0xff,
    0x46,0x51,0xe0,0xff,0x45,0x50,0xdf,0xff,0x40,0x4a,0xd6,0xff,0x38,0x40,0xc5,0xff,0x32,0x38,0xb8,0xff,0x23,0x27,0x9c,0xff,
    0x09,0x08,0x69,0xff,0x0a,0x0a,0x6c,0xfe,0x0a,0x0a,0x6f,0xff,0x0b,0x0b,0x6e,0x45,0x0d,0x0d,0x6b,0x13,0x09,0x09,0x6a,0xef,
    0x0b,0x0b,0x6f,0xff,0x07,0x07,0x67,0xfe,0x1a,0x1d,0x8b,0xff,0x31,0x39,0xb7,0xff,0x36,0x3e,0xc0,0xff,0x40,0x4a,0xd2,0xff,
    0x46,0x52,0xdf,0xff,0x49,0x54,0xe2,0xff,0x49,0x54,0xe2,0xff,0x48,0x53,0xe0,0xff,0x4b,0x57,0xe8,0xff,0x14,0x17,0x57,0xff,
    0x01,0x01,0x23,0xff,0x06,0x06,0x2f,0xff,0x07,0x07,0x2e,0xff,0x07,0x07,0x2f,0xff,0x06,0x06,0x2e,0xff,0x05,0x05,0x2c,0xff,
    0x04,0x04,0x2c,0xff,0x04,0x04,0x2c,0xff,0x04,0x04,0x2c,0xff,0x04,0x04,0x2c,0xff,0x04,0x04,0x2c,0xff,0x04,0x04,0x2c,0xff,
    0x04,0x04,0x2c,0xff,0x04,0x04,0x2c,0xff,0x04,0x04,0x2c,0xff,0x04,0x04,0x2c,0xff,0x04,0x04,0x2c,0xff,0x04,0x04,0x2c,0xff,
    0x04,0x04,0x2c,0xff,0x04,0x04,0x2c,0xff,0x04,0x04,0x2d,0xff,0x03,0x03,0x2a,0xff,0x07,0x08,0x36,0xff,0x43,0x4e,0xd3,0xff,
    0x4a,0x55,0xe6,0xff,0x48,0x54,0xe1,0xff,0x49,0x54,0xe2,0xff,0x47,0x53,0xe1,0xff,0x42,0x4c,0xd6,0xff,0x39,0x41,0xc5,0xff,
    0x32,0x3a,0xb9,0xff,0x22,0x28,0x9b,0xff,0x08,0x08,0x69,0xff,0x0a,0x0a,0x6c,0xfe,0x0a,0x0a,0x70,0xff,0x0a,0x0a,0x6e,0x4a,
    0x1c,0x1c,0x71,0x09,0x09,0x09,0x6c,0xd2,0x0b,0x0b,0x71,0xff,0x08,0x08,0x67,0xfd,0x14,0x16,0x7e,0xff,0x31,0x38,0xb5,0xff,
    0x37,0x3f,0xbf,0xff,0x41,0x4b,0xd1,0xff,0x47,0x54,0xdf,0xff,0x4a,0x57,0xe4,0xff,0x4a,0x57,0xe4,0xff,0x49,0x56,0xe1,0xff,
    0x4f,0x5d,0xf1,0xff,0x22,0x27,0x7a,0xff,0x00,0x00,0x1e,0xff,0x05,0x05,0x2f,0xff,0x04,0x04,0x2c,0xff,0x04,0x04,0x2c,0xff,
    0x04,0x04,0x2c,0xff,0x04,0x04,0x2c,0xff,0x04,0x04,0x2c,0xff,0x04,0x04,0x2c,0xff,0x04,0x04,0x2c,0xff,0x04,0x04,0x2c,0xff,
    0x04,0x04,0x2c,0xff,0x04,0x04,0x2c,0xff,0x04,0x04,0x2c,0xff,0x04,0x04,0x2c,0xff,0x04,0x04,0x2c,0xff,0x04,0x04,0x2c,0xff,
    0x04,0x04,0x2c,0xff,0x04,0x04,0x2c,0xff,0x04,0x04,0x2c,0xff,0x04,0x04,0x2c,0xff,0x05,0x05,0x2e,0xff,0x01,0x01,0x24,0xff,
    0x11,0x14,0x4f,0xff,0x4c,0x59,0xe7,0xff,0x4a,0x56,0xe3,0xff,0x4a,0x57,0xe3,0xff,0x4a,0x57,0xe4,0xff,0x49,0x55,0xe1,0xff,
    0x42,0x4e,0xd5,0xff,0x39,0x42,0xc3,0xff,0x34,0x3b,0xb9,0xff,0x1d,0x20,0x8f,0xff,0x07,0x07,0x67,0xfe,0x0b,0x0b,0x6e,0xff,
    0x09,0x09,0x6d,0xf5,0x0b,0x0b,0x68,0x2c,0x00,0x00,0x00,0x00,0x09,0x09,0x6c,0xb8,0x0b,0x0b,0x73,0xff,0x08,0x08,0x69,0xfc,
    0x11,0x13,0x7a,0xff,0x30,0x38,0xb3,0xff,0x37,0x40,0xbe,0xff,0x40,0x4b,0xcf,0xff,0x49,0x55,0xdf,0xff,0x4d,0x59,0xe5,0xff,
    0x4d,0x5a,0xe5,0xff,0x4c,0x59,0xe3,0xff,0x50,0x5e,0xef,0xff,0x39,0x43,0xb4,0xff,0x02,0x02,0x25,0xff,0x05,0x05,0x2e,0xff,
    0x04,0x04,0x2c,0xff,0x04,0x04,0x2c,0xff,0x04,0x04,0x2c,0xff,0x04,0x04,0x2c,0xff,0x04,0x04,0x2c,0xff,0x04,0x04,0x2c,0xff,
    0x04,0x04,0x2c,0xff,0x04,0x04,0x2c,0xff,0x04,0x04,0x2c,0xff,0x04,0x04,0x2c,0xff,0x04,0x04,0x2c,0xff,0x04,0x04,0x2c,0xff,
    0x04,0x04,0x2c,0xff,0x04,0x04,0x2c,0xff,0x04,0x04,0x2c,0xff,0x04,0x04,0x2c,0xff,0x04,0x04,0x2c,0xff,0x04,0x04,0x2c,0xff,
    0x05,0x05,0x2f,0xff,0x00,0x00,0x1f,0xff,0x28,0x2f,0x87,0xff,0x52,0x60,0xf2,0xff,0x4c,0x59,0xe2,0xff,0x4d,0x5a,0xe5,0xff,
    0x4d,0x5a,0xe5,0xff,0x4a,0x57,0xe1,0xff,0x43,0x4e,0xd4,0xff,0x39,0x42,0xc1,0xff,0x34,0x3c,0xb8,0xff,0x1a,0x1d,0x89,0xff,
    0x07,0x07,0x67,0xfe,0x0b,0x0b,0x6f,0xff,0x09,0x09,0x6b,0xeb,0x11,0x11,0x66,0x0f,0x00,0x00,0x00,0x00,0x0a,0x0a,0x6d,0x91,
    0x0b,0x0b,0x75,0xff,0x09,0x09,0x6b,0xfb,0x0b,0x0c,0x6e,0xff,0x2c,0x33,0xa9,0xff,0x38,0x41,0xbd,0xff,0x40,0x4a,0xcc,0xff,
    0x49,0x56,0xdc,0xff,0x4e,0x5c,0xe6,0xff,0x4f,0x5d,0xe7,0xff,0x4f,0x5d,0xe6,0xff,0x4f,0x5c,0xe7,0xff,0x50,0x5e,0xe9,0xff,
    0x0f,0x12,0x49,0xff,0x02,0x02,0x25,0xff,0x05,0x05,0x2e,0xff,0x04,0x04,0x2c,0xff,0x04,0x04,0x2c,0xff,0x04,0x04,0x2c,0xff,
    0x04,0x04,0x2c,0xff,0x04,0x04,0x2c,0xff,0x04,0x04,0x2c,0xff,0x04,0x04,0x2c,0xff,0x04,0x04,0x2c,0xff,0x04,0x04,0x2c,0xff,
    0x04,0x04,0x2c,0xff,0x04,0x04,0x2c,0xff,0x04,0x04,0x2c,0xff,0x04,0x04,0x2c,0xff,0x04,0x04,0x2c,0xff,0x04,0x04,0x2c,0xff,
    0x04,0x04,0x2c,0xff,0x04,0x04,0x2d,0xff,0x05,0x04,0x2d,0xff,0x04,0x04,0x2b,0xff,0x45,0x51,0xce,0xff,0x51,0x60,0xed,0xff,
    0x4f,0x5c,0xe5,0xff,0x4f,0x5d,0xe7,0xff,0x4f,0x5d,0xe7,0xff,0x4b,0x58,0xe0,0xff,0x43,0x4e,0xd1,0xff,0x39,0x41,0xbf,0xff,
    0x32,0x3a,0xb4,0xff,0x11,0x13,0x79,0xff,0x08,0x08,0x68,0xfd,0x0b,0x0b,0x72,0xff,0x0a,0x0a,0x6c,0xca,0x00,0x00,0x55,0x06,
    0x00,0x00,0x00,0x00,0x0a,0x0a,0x6b,0x5f,0x0b,0x0b,0x74,0xff,0x0a,0x0a,0x6c,0xfc,0x08,0x07,0x68,0xff,0x25,0x2b,0x9b,0xff,
    0x38,0x41,0xbc,0xff,0x3e,0x49,0xc7,0xff,0x48,0x55,0xd9,0xff,0x4f,0x5d,0xe5,0xff,0x51,0x60,0xe8,0xff,0x51,0x60,0xe8,0xff,
    0x50,0x5e,0xe6,0xff,0x55,0x65,0xf3,0xff,0x37,0x41,0xa9,0xff,0x00,0x00,0x1f,0xff,0x05,0x06,0x2f,0xff,0x04,0x04,0x2c,0xff,
    0x04,0x04,0x2c,0xff,0x04,0x04,0x2c,0xff,0x04,0x04,0x2c,0xff,0x04,0x04,0x2c,0xff,0x04,0x04,0x2c,0xff,0x04,0x04,0x2c,0xff,
    0x04,0x04,0x2c,0xff,0x04,0x04,0x2c,0xff,0x04,0x04,0x2c,0xff,0x04,0x04,0x2c,0xff,0x04,0x04,0x2c,0xff,0x04,0x04,0x2c,0xff,
    0x04,0x04,0x2c,0xff,0x04,0x04,0x2c,0xff,0x05,0x05,0x2d,0xff,0x05,0x05,0x30,0xff,0x00,0x00,0x1b,0xff,0x25,0x2b,0x7b,0xff,
    0x55,0x65,0xf3,0xff,0x50,0x5e,0xe6,0xff,0x51,0x60,0xe8,0xff,0x51,0x60,0xe8,0xff,0x50,0x5e,0xe7,0xff,0x4a,0x58,0xdd,0xff,
    0x41,0x4c,0xcc,0xff,0x38,0x42,0xbd,0xff,0x2e,0x35,0xab,0xff,0x0b,0x0c,0x6e,0xff,0x09,0x09,0x6b,0xfb,0x0b,0x0b,0x74,0xff,
    0x09,0x09,0x6c,0x9d,0x00,0x00,0x00,0x00,0x00,0x00,0x00,0x00,0x0d,0x0d,0x6e,0x25,0x0a,0x0a,0x6e,0xfa,0x0b,0x0b,0x6d,0xfe,
    0x08,0x07,0x68,0xff,0x18,0x1b,0x85,0xff,0x36,0x40,0xb9,0xff,0x3c,0x46,0xc2,0xff,0x46,0x54,0xd4,0xff,0x4f,0x5d,0xe3,0xff,
    0x53,0x62,0xea,0xff,0x53,0x62,0xea,0xff,0x53,0x63,0xea,0xff,0x52,0x62,0xe8,0xff,0x58,0x68,0xf5,0xff,0x22,0x28,0x74,0xff,
    0x00,0x00,0x1c,0xff,0x06,0x06,0x31,0xff,0x04,0x04,0x2c,0xff,0x04,0x04,0x2c,0xff,0x04,0x04,0x2c,0xff,0x04,0x04,0x2c,0xff,
    0x04,0x04,0x2c,0xff,0x04,0x04,0x2c,0xff,0x04,0x04,0x2c,0xff,0x04,0x04,0x2c,0xff,0x04,0x04,0x2c,0xff,0x04,0x04,0x2c,0xff,
    0x04,0x04,0x2c,0xff,0x04,0x04,0x2c,0xff,0x04,0x04,0x2c,0xff,0x05,0x05,0x2d,0xff,0x01,0x01,0x2b,0xff,0x02,0x02,0x25,0xff,
    0x16,0x19,0x51,0xff,0x4e,0x5d,0xe6,0xff,0x54,0x64,0xec,0xff,0x53,0x62,0xe9,0xff,0x53,0x62,0xea,0xff,0x53,0x62,0xea,0xff,
    0x50,0x5f,0xe5,0xff,0x49,0x56,0xd8,0xff,0x3e,0x49,0xc6,0xff,0x38,0x42,0xbd,0xff,0x22,0x27,0x96,0xff,0x07,0x07,0x68,0xff,
    0x0a,0x0a,0x6c,0xfc,0x0b,0x0b,0x73,0xff,0x0a,0x0a,0x6c,0x5e,0x00,0x00,0x00,0x00,0x00,0x00,0xff,0x01,0x00,0x00,0x66,0x05,
    0x09,0x09,0x6b,0xdb,0x0b,0x0b,0x70,0xff,0x09,0x09,0x6a,0xfd,0x0b,0x0c,0x6e,0xff,0x30,0x39,0xad,0xff,0x3b,0x45,0xbf,0xff,
    0x43,0x50,0xcd,0xff,0x4d,0x5b,0xde,0xff,0x53,0x63,0xe9,0xff,0x55,0x65,0xeb,0xff,0x55,0x65,0xeb,0xff,0x55,0x65,0xea,0xff,
    0x56,0x66,0xed,0xff,0x54,0x64,0xe9,0xff,0x14,0x17,0x51,0xff,0x00,0x00,0x1d,0xff,0x06,0x06,0x30,0xff,0x04,0x04,0x2d,0xff,
    0x04,0x04,0x2c,0xff,0x04,0x04,0x2c,0xff,0x04,0x04,0x2c,0xff,0x04,0x04,0x2c,0xff,0x04,0x04,0x2c,0xff,0x04,0x04,0x2c,0xff,
    0x04,0x04,0x2c,0xff,0x04,0x04,0x2c,0xff,0x04,0x04,0x2c,0xff,0x04,0x04,0x2c,0xff,0x05,0x05,0x2d,0xff,0x02,0x02,0x2c,0xff,
    0x17,0x17,0x39,0xff,0x62,0x62,0x7c,0xff,0x93,0x9b,0xe3,0xff,0x72,0x80,0xf4,0xff,0x51,0x61,0xe9,0xff,0x56,0x66,0xeb,0xff,
    0x55,0x65,0xeb,0xff,0x54,0x64,0xea,0xff,0x4f,0x5e,0xe2,0xff,0x46,0x53,0xd2,0xff,0x3c,0x47,0xc0,0xff,0x36,0x40,0xb7,0xff,
    0x13,0x15,0x7a,0xff,0x08,0x07,0x68,0xff,0x0a,0x0b,0x6d,0xfe,0x0a,0x0a,0x6d,0xfc,0x0d,0x0d,0x6e,0x25,0x00,0x00,0x00,0x00,
    0x00,0x00,0x7f,0x04,0x00,0x00,0x00,0x00,0x09,0x09,0x6d,0x80,0x0b,0x0b,0x74,0xff,0x0b,0x0b,0x6c,0xfb,0x07,0x06,0x67,0xff,
    0x1f,0x24,0x90,0xff,0x3a,0x45,0xbe,0xff,0x3f,0x4b,0xc5,0xff,0x4a,0x58,0xd7,0xff,0x52,0x62,0xe5,0xff,0x56,0x67,0xec,0xff,
    0x57,0x68,0xed,0xff,0x57,0x68,0xed,0xff,0x56,0x67,0xeb,0xff,0x59,0x6b,0xf2,0xff,0x54,0x64,0xe5,0xff,0x1a,0x1f,0x5e,0xff,
    0x00,0x00,0x1d,0xff,0x04,0x04,0x2c,0xff,0x06,0x06,0x30,0xff,0x05,0x05,0x2d,0xff,0x04,0x04,0x2c,0xff,0x04,0x04,0x2c,0xff,
    0x04,0x04,0x2c,0xff,0x04,0x04,0x2c,0xff,0x04,0x04,0x2c,0xff,0x04,0x04,0x2c,0xff,0x04,0x04,0x2d,0xff,0x05,0x06,0x2f,0xff,
    0x04,0x05,0x2e,0xff,0x00,0x00,0x20,0xff,0x65,0x66,0x85,0xff,0x9e,0xa7,0xe8,0xff,0xa3,0xad,0xfa,0xff,0xa0,0xaa,0xf3,0xff,
    0x62,0x72,0xef,0xff,0x55,0x66,0xed,0xff,0x57,0x68,0xed,0xff,0x54,0x64,0xe8,0xff,0x4c,0x5b,0xdb,0xff,0x42,0x4e,0xca,0xff,
    0x3b,0x46,0xbf,0xff,0x2a,0x30,0xa1,0xff,0x09,0x08,0x6a,0xff,0x0a,0x0a,0x6c,0xfc,0x0b,0x0b,0x72,0xfe,0x09,0x09,0x6c,0xbf,
    0x00,0x00,0x7f,0x02,0x00,0x00,0x55,0x03,0x00,0x00,0x7f,0x02,0x00,0x00,0x00,0x00,0x0e,0x0e,0x6d,0x23,0x09,0x09,0x6f,0xf8,
    0x0a,0x0a,0x6d,0xfe,0x09,0x09,0x6a,0xfe,0x0d,0x0d,0x70,0xff,0x34,0x3d,0xb1,0xff,0x3d,0x49,0xc0,0xff,0x45,0x53,0xce,0xff,
    0x4f,0x5f,0xde,0xff,0x56,0x67,0xea,0xff,0x59,0x6b,0xee,0xff,0x59,0x6b,0xee,0xff,0x59,0x6b,0xee,0xff,0x58,0x6a,0xec,0xff,
    0x5a,0x6d,0xf1,0xff,0x5c,0x6f,0xf6,0xff,0x2f,0x38,0x8e,0xff,0x04,0x04,0x2b,0xff,0x00,0x00,0x1d,0xff,0x02,0x01,0x27,0xff,
    0x04,0x04,0x2d,0xff,0x05,0x06,0x2f,0xff,0x06,0x06,0x2f,0xff,0x06,0x06,0x2f,0xff,0x05,0x06,0x2f,0xff,0x05,0x05,0x2d,0xff,
    0x03,0x02,0x29,0xff,0x00,0x00,0x20,0xff,0x00,0x00,0x20,0xff,0x25,0x2b,0x71,0xff,0x9b,0xa5,0xf0,0xff,0xa4,0xae,0xf9,0xff,
    0x9e,0xa8,0xf3,0xff,0xa5,0xaf,0xf6,0xff,0x69,0x79,0xf0,0xff,0x55,0x68,0xee,0xff,0x58,0x69,0xec,0xff,0x51,0x62,0xe2,0xff,
    0x48,0x57,0xd3,0xff,0x3e,0x49,0xc2,0xff,0x3a,0x44,0xbb,0xff,0x15,0x17,0x7e,0xff,0x08,0x07,0x68,0xff,0x0a,0x0a,0x6c,0xfc,
    0x0b,0x0b,0x73,0xff,0x0b,0x0b,0x6b,0x5a,0x00,0x00,0x00,0x00,0x00,0x00,0x7f,0x04,0x00,0x00,0x00,0x00,0x00,0x00,0x55,0x03,
    0x00,0x00,0x00,0x00,0x09,0x09,0x6a,0xa1,0x0b,0x0b,0x73,0xff,0x0a,0x0a,0x6c,0xfc,0x07,0x07,0x67,0xff,0x1c,0x21,0x8a,0xff,
    0x3c,0x47,0xbd,0xff,0x40,0x4c,0xc4,0xff,0x4a,0x59,0xd4,0xff,0x53,0x64,0xe3,0xff,0x59,0x6b,0xed,0xff,0x5b,0x6d,0xf0,0xff,
    0x5b,0x6d,0xef,0xff,0x5b,0x6d,0xf0,0xff,0x5a,0x6c,0xee,0xff,0x5b,0x6d,0xef,0xff,0x60,0x74,0xfd,0xff,0x4d,0x5d,0xd1,0xff,
    0x2b,0x34,0x83,0xff,0x0d,0x0f,0x41,0xff,0x02,0x02,0x28,0xff,0x00,0x00,0x1f,0xff,0x00,0x00,0x1d,0xff,0x00,0x00,0x1d,0xff,
    0x00,0x00,0x1f,0xff,0x01,0x00,0x25,0xff,0x0a,0x0b,0x37,0xff,0x22,0x29,0x70,0xff,0x46,0x53,0xbe,0xff,0x5b,0x6f,0xf8,0xff,
    0x75,0x85,0xf4,0xff,0xa2,0xac,0xf4,0xff,0xa6,0xb0,0xf6,0xff,0x84,0x91,0xf3,0xff,0x59,0x6b,0xef,0xff,0x5a,0x6c,0xee,0xff,
    0x55,0x66,0xe6,0xff,0x4d,0x5c,0xd8,0xff,0x42,0x4f,0xc8,0xff,0x3d,0x49,0xc0,0xff,0x27,0x2e,0x9c,0xff,0x08,0x07,0x69,0xff,
    0x0a,0x0a,0x6c,0xfd,0x0a,0x0a,0x70,0xfe,0x09,0x09,0x6b,0xd8,0x1f,0x1f,0x5f,0x08,0x00,0x00,0xff,0x01,0x00,0x00,0x00,0x00,
    0x00,0x00,0x00,0x00,0x00,0x00,0x7f,0x02,0x00,0x00,0x00,0x01,0x0d,0x0d,0x6f,0x27,0x0a,0x0a,0x6e,0xfb,0x0a,0x0a,0x6d,0xfc,
    0x0a,0x0b,0x6c,0xfe,0x08,0x08,0x69,0xff,0x2c,0x33,0xa2,0xff,0x3e,0x4a,0xc0,0xff,0x43,0x50,0xc8,0xff,0x4e,0x5d,0xd8,0xff,
    0x55,0x67,0xe6,0xff,0x5b,0x6d,0xee,0xff,0x5c,0x6f,0xf1,0xff,0x5d,0x6f,0xf1,0xff,0x5d,0x70,0xf1,0xff,0x5c,0x6f,0xf0,0xff,
    0x5b,0x6e,0xee,0xff,0x60,0x73,0xf8,0xff,0x63,0x77,0xff,0xff,0x59,0x6c,0xea,0xff,0x4c,0x5b,0xca,0xff,0x3b,0x46,0xa5,0xff,
    0x30,0x39,0x8c,0xff,0x30,0x39,0x8d,0xff,0x36,0x40,0x9a,0xff,0x48,0x56,0xc3,0xff,0x56,0x68,0xe2,0xff,0x61,0x76,0xfc,0xff,
    0x61,0x75,0xfb,0xff,0x5c,0x6f,0xef,0xff,0x59,0x6c,0xef,0xff,0x68,0x79,0xf2,0xff,0x6d,0x7e,0xf2,0xff,0x5a,0x6d,0xf1,0xff,
    0x5b,0x6e,0xef,0xff,0x57,0x69,0xe9,0xff,0x50,0x60,0xdc,0xff,0x46,0x54,0xcc,0xff,0x3e,0x4a,0xc1,0xff,0x35,0x3f,0xb1,0xff,
    0x0d,0x0e,0x71,0xff,0x09,0x09,0x6b,0xff,0x0a,0x0a,0x6b,0xfb,0x0b,0x0b,0x74,0xff,0x0a,0x0a,0x6b,0x5f,0x00,0x00,0x00,0x00,
    0x00,0x00,0x55,0x03,0x00,0x00,0x00,0x00,0x00,0x00,0x00,0x00,0x00,0x00,0x00,0x00,0x00,0x00,0x55,0x03,0x00,0x00,0x00,0x00,
    0x0a,0x0a,0x6a,0x94,0x0b,0x0b,0x74,0xff,0x0a,0x0a,0x6b,0xfb,0x09,0x09,0x6b,0xff,0x0d,0x0e,0x71,0xff,0x36,0x40,0xb2,0xff,
    0x40,0x4c,0xc2,0xff,0x46,0x53,0xcb,0xff,0x4f,0x5f,0xda,0xff,0x57,0x68,0xe7,0xff,0x5c,0x6f,0xee,0xff,0x5e,0x71,0xf2,0xff,
    0x5e,0x72,0xf2,0xff,0x5e,0x71,0xf2,0xff,0x5e,0x72,0xf2,0xff,0x5d,0x71,0xf0,0xff,0x5d,0x70,0xef,0xff,0x5f,0x72,0xf4,0xff,
    0x62,0x76,0xfa,0xff,0x64,0x79,0xff,0xff,0x65,0x7a,0xff,0xff,0x65,0x7a,0xff,0xff,0x64,0x79,0xff,0xff,0x63,0x77,0xfc,0xff,
    0x60,0x73,0xf5,0xff,0x5d,0x70,0xef,0xff,0x5d,0x70,0xef,0xff,0x5e,0x71,0xf2,0xff,0x5f,0x72,0xf2,0xff,0x5c,0x6f,0xf2,0xff,
    0x5b,0x6e,0xf1,0xff,0x5d,0x70,0xf0,0xff,0x59,0x6b,0xe9,0xff,0x51,0x62,0xdd,0xff,0x48,0x56,0xcf,0xff,0x40,0x4c,0xc2,0xff,
    0x3c,0x48,0xbc,0xff,0x16,0x18,0x7f,0xff,0x08,0x07,0x68,0xff,0x0b,0x0b,0x6d,0xfc,0x0b,0x0b,0x71,0xff,0x09,0x09,0x6b,0xce,
    0x00,0x00,0x6d,0x07,0x00,0x00,0x7f,0x02,0x00,0x00,0x00,0x01,0x00,0x00,0x00,0x00,0x00,0x00,0x00,0x00,0x00,0x00,0x00,0x00,
    0x00,0x00,0x00,0x01,0x00,0x00,0x7f,0x02,0x13,0x13,0x75,0x0d,0x09,0x09,0x6d,0xdd,0x0b,0x0a,0x70,0xfe,0x0b,0x0b,0x6c,0xfd,
    0x08,0x08,0x69,0xff,0x13,0x15,0x7a,0xff,0x38,0x43,0xb5,0xff,0x41,0x4d,0xc2,0xff,0x46,0x54,0xcb,0xff,0x4f,0x60,0xda,0xff,
    0x57,0x69,0xe5,0xff,0x5c,0x6f,0xee,0xff,0x5f,0x73,0xf2,0xff,0x60,0x74,0xf3,0xff,0x5f,0x74,0xf3,0xff,0x5f,0x73,0xf3,0xff,
    0x5f,0x73,0xf3,0xff,0x5f,0x73,0xf2,0xff,0x5f,0x72,0xf1,0xff,0x5e,0x72,0xf0,0xff,0x5e,0x72,0xef,0xff,0x5e,0x72,0xef,0xff,
    0x5e,0x72,0xf0,0xff,0x5e,0x72,0xf1,0xff,0x5f,0x73,0xf2,0xff,0x5f,0x73,0xf3,0xff,0x5f,0x74,0xf3,0xff,0x60,0x74,0xf3,0xff,
    0x60,0x74,0xf3,0xff,0x60,0x74,0xf2,0xff,0x5e,0x71,0xef,0xff,0x58,0x6b,0xe8,0xff,0x52,0x62,0xdd,0xff,0x49,0x58,0xcf,0xff,
    0x41,0x4e,0xc3,0xff,0x3e,0x49,0xbd,0xff,0x1c,0x20,0x89,0xff,0x07,0x07,0x68,0xff,0x0b,0x0b,0x6d,0xfe,0x0a,0x0a,0x6d,0xfb,
    0x0a,0x0a,0x6f,0xfc,0x0a,0x0a,0x6d,0x31,0x00,0x00,0x00,0x00,0x00,0x00,0x7f,0x02,0x00,0x00,0x00,0x00,0x00,0x00,0x00,0x00,
    0x00,0x00,0x00,0x00,0x00,0x00,0x00,0x00,0x00,0x00,0x00,0x00,0x00,0x00,0x7f,0x02,0x00,0x00,0x00,0x00,0x09,0x09,0x68,0x38,
    0x0a,0x0a,0x6f,0xfd,0x0a,0x0a,0x6d,0xfc,0x0b,0x0b,0x6d,0xfe,0x07,0x06,0x67,0xff,0x12,0x15,0x7a,0xff,0x39,0x44,0xb6,0xff,
    0x41,0x4e,0xc3,0xff,0x46,0x54,0xc9,0xff,0x4e,0x5f,0xd7,0xff,0x55,0x67,0xe2,0xff,0x5b,0x6e,0xeb,0xff,0x5f,0x73,0xf0,0xff,
    0x60,0x75,0xf3,0xff,0x61,0x75,0xf4,0xff,0x61,0x75,0xf4,0xff,0x61,0x75,0xf4,0xff,0x61,0x75,0xf4,0xff,0x61,0x75,0xf4,0xff,
    0x61,0x75,0xf4,0xff,0x61,0x75,0xf4,0xff,0x61,0x75,0xf4,0xff,0x61,0x75,0xf4,0xff,0x61,0x75,0xf4,0xff,0x61,0x76,0xf4,0xff,
    0x61,0x75,0xf4,0xff,0x60,0x75,0xf3,0xff,0x5f,0x73,0xf1,0xff,0x5c,0x6f,0xed,0xff,0x57,0x69,0xe4,0xff,0x50,0x61,0xda,0xff,
    0x48,0x57,0xcd,0xff,0x41,0x4e,0xc3,0xff,0x3e,0x4b,0xbe,0xff,0x1c,0x21,0x89,0xff,0x06,0x06,0x66,0xff,0x0b,0x0b,0x6d,0xff,
    0x0a,0x0a,0x6c,0xfa,0x0b,0x0b,0x75,0xff,0x09,0x09,0x6b,0x70,0x00,0x00,0x00,0x00,0x00,0x00,0x55,0x03,0x00,0x00,0x00,0x00,
    0x00,0x00,0x00,0x00,0x00,0x00,0x00,0x00,0x00,0x00,0x00,0x00,0x00,0x00,0x00,0x00,0x00,0x00,0x00,0x00,0x00,0x00,0x00,0x00,
    0x00,0x00,0x55,0x03,0x00,0x00,0x00,0x00,0x09,0x09,0x6a,0x67,0x0b,0x0b,0x74,0xff,0x0a,0x0a,0x6b,0xfb,0x0b,0x0b,0x6d,0xff,
    0x07,0x06,0x67,0xff,0x13,0x15,0x7a,0xff,0x38,0x42,0xb3,0xff,0x42,0x4f,0xc3,0xff,0x44,0x52,0xc6,0xff,0x4b,0x5b,0xd1,0xff,
    0x52,0x63,0xdc,0xff,0x57,0x6a,0xe5,0xff,0x5c,0x70,0xeb,0xff,0x5f,0x73,0xf0,0xff,0x61,0x75,0xf3,0xff,0x61,0x76,0xf4,0xff,
    0x62,0x77,0xf5,0xff,0x62,0x77,0xf5,0xff,0x62,0x77,0xf5,0xff,0x62,0x77,0xf5,0xff,0x62,0x77,0xf5,0xff,0x62,0x77,0xf5,0xff,
    0x61,0x76,0xf4,0xff,0x61,0x76,0xf3,0xff,0x5f,0x74,0xf1,0xff,0x5d,0x71,0xed,0xff,0x59,0x6c,0xe7,0xff,0x53,0x65,0xde,0xff,
    0x4d,0x5d,0xd4,0xff,0x45,0x54,0xc8,0xff,0x42,0x4f,0xc3,0xff,0x3d,0x49,0xbc,0xff,0x1c,0x21,0x88,0xff,0x06,0x06,0x66,0xff,
    0x0b,0x0b,0x6e,0xff,0x0a,0x0a,0x6c,0xfa,0x0b,0x0b,0x75,0xff,0x09,0x09,0x6c,0xa0,0x00,0x00,0x00,0x00,0x00,0x00,0x7f,0x04,
    0x00,0x00,0x00,0x00,0x00,0x00,0x00,0x00,0x00,0x00,0x00,0x00,0x00,0x00,0x00,0x00,0x00,0x00,0x00,0x00,0x00,0x00,0x00,0x00,
    0x00,0x00,0x00,0x00,0x00,0x00,0x00,0x00,0x00,0x00,0x00,0x00,0x00,0x00,0x7f,0x04,0x00,0x00,0x00,0x00,0x0a,0x0a,0x6b,0x98,
    0x0b,0x0b,0x75,0xff,0x0a,0x0a,0x6c,0xfa,0x0b,0x0b,0x6d,0xfe,0x08,0x08,0x69,0xff,0x0d,0x0e,0x71,0xff,0x2a,0x32,0x9e,0xff,
    0x40,0x4d,0xbf,0xff,0x43,0x51,0xc5,0xff,0x47,0x55,0xc9,0xff,0x4c,0x5d,0xd2,0xff,0x52,0x63,0xdb,0xff,0x57,0x69,0xe2,0xff,
    0x5a,0x6d,0xe7,0xff,0x5c,0x70,0xeb,0xff,0x5e,0x72,0xee,0xff,0x5f,0x74,0xef,0xff,0x5f,0x74,0xf0,0xff,0x60,0x75,0xf0,0xff,
    0x5f,0x74,0xf0,0xff,0x5e,0x73,0xee,0xff,0x5d,0x71,0xec,0xff,0x5b,0x6e,0xe8,0xff,0x58,0x6a,0xe3,0xff,0x53,0x65,0xdd,0xff,
    0x4e,0x5e,0xd5,0xff,0x48,0x57,0xcb,0xff,0x44,0x52,0xc5,0xff,0x42,0x50,0xc2,0xff,0x32,0x3c,0xaa,0xff,0x13,0x15,0x7a,0xff,
    0x07,0x07,0x68,0xff,0x0b,0x0b,0x6d,0xff,0x0a,0x0a,0x6c,0xfa,0x0b,0x0b,0x73,0xff,0x0a,0x0a,0x6d,0xca,0x19,0x19,0x66,0x0a,
    0x00,0x00,0x7f,0x02,0x00,0x00,0x00,0x01,0x00,0x00,0x00,0x00,0x00,0x00,0x00,0x00,0x00,0x00,0x00,0x00,0x00,0x00,0x00,0x00,
    0x00,0x00,0x00,0x00,0x00,0x00,0x00,0x00,0x00,0x00,0x00,0x00,0x00,0x00,0x00,0x00,0x00,0x00,0x00,0x00,0x00,0x00,0x00,0x01,
    0x00,0x00,0x7f,0x04,0x00,0x00,0x00,0x00,0x09,0x09,0x6d,0x9a,0x0b,0x0b,0x76,0xff,0x0a,0x0a,0x6c,0xfc,0x0b,0x0b,0x6c,0xfd,
    0x09,0x09,0x6b,0xff,0x07,0x06,0x67,0xff,0x1a,0x1e,0x85,0xff,0x35,0x3f,0xae,0xff,0x42,0x4f,0xc2,0xff,0x44,0x52,0xc6,0xff,
    0x46,0x55,0xc9,0xff,0x4a,0x59,0xce,0xff,0x4d,0x5e,0xd4,0xff,0x51,0x62,0xd9,0xff,0x53,0x65,0xdd,0xff,0x55,0x67,0xdf,0xff,
    0x56,0x68,0xe1,0xff,0x56,0x68,0xe1,0xff,0x56,0x68,0xe0,0xff,0x54,0x66,0xdd,0xff,0x52,0x63,0xda,0xff,0x4e,0x5f,0xd6,0xff,
    0x4b,0x5a,0xcf,0xff,0x47,0x56,0xca,0xff,0x44,0x53,0xc6,0xff,0x43,0x51,0xc4,0xff,0x39,0x45,0xb5,0xff,0x22,0x27,0x91,0xff,
    0x09,0x09,0x6b,0xff,0x08,0x07,0x69,0xff,0x0b,0x0b,0x6d,0xfe,0x0a,0x0a,0x6b,0xfb,0x0b,0x0b,0x75,0xff,0x0a,0x0a,0x6e,0xc9,
    0x0f,0x0f,0x69,0x11,0x00,0x00,0x00,0x00,0x00,0x00,0x7f,0x02,0x00,0x00,0x00,0x00,0x00,0x00,0x00,0x00,0x00,0x00,0x00,0x00,
    0x00,0x00,0x00,0x00,0x00,0x00,0x00,0x00,0x00,0x00,0x00,0x00,0x00,0x00,0x00,0x00,0x00,0x00,0x00,0x00,0x00,0x00,0x00,0x00,
    0x00,0x00,0x00,0x00,0x00,0x00,0x00,0x00,0x00,0x00,0x00,0x01,0x00,0x00,0x7f,0x02,0x00,0x00,0x00,0x00,0x0b,0x0b,0x6d,0x70,
    0x0a,0x0a,0x71,0xff,0x0a,0x0a,0x6f,0xff,0x0a,0x0a,0x6c,0xfb,0x0b,0x0b,0x6d,0xff,0x07,0x06,0x67,0xff,0x0a,0x0a,0x6c,0xff,
    0x1c,0x21,0x89,0xff,0x32,0x3b,0xa9,0xff,0x3f,0x4c,0xbd,0xff,0x43,0x52,0xc4,0xff,0x45,0x53,0xc6,0xff,0x46,0x55,0xc8,0xff,
    0x47,0x56,0xc9,0xff,0x48,0x56,0xcb,0xff,0x48,0x58,0xcc,0xff,0x48,0x58,0xcc,0xff,0x48,0x57,0xcb,0xff,0x47,0x56,0xca,0xff,
    0x46,0x55,0xc8,0xff,0x45,0x53,0xc7,0xff,0x44,0x52,0xc5,0xff,0x41,0x4e,0xc0,0xff,0x35,0x40,0xaf,0xff,0x22,0x29,0x91,0xff,
    0x0d,0x0e,0x71,0xff,0x06,0x06,0x67,0xff,0x0a,0x0a,0x6c,0xff,0x0b,0x0b,0x6d,0xfc,0x0a,0x0a,0x6c,0xfe,0x0b,0x0b,0x75,0xff,
    0x09,0x09,0x6e,0x9d,0x13,0x13,0x62,0x0d,0x00,0x00,0x00,0x00,0x00,0x00,0x7f,0x02,0x00,0x00,0x00,0x00,0x00,0x00,0x00,0x00,
    0x00,0x00,0x00,0x00,0x00,0x00,0x00,0x00,0x00,0x00,0x00,0x00,0x00,0x00,0x00,0x00,0x00,0x00,0x00,0x00,0x00,0x00,0x00,0x00,
    0x00,0x00,0x00,0x00,0x00,0x00,0x00,0x00,0x00,0x00,0x00,0x00,0x00,0x00,0x00,0x00,0x00,0x00,0x00,0x00,0x00,0x00,0x00,0x01,
    0x00,0x00,0x7f,0x02,0x00,0x00,0x00,0x00,0x0a,0x0a,0x6b,0x47,0x09,0x09,0x6e,0xe6,0x0b,0x0b,0x73,0xff,0x0a,0x0a,0x6b,0xfd,
    0x0b,0x0b,0x6d,0xfc,0x0a,0x0a,0x6c,0xff,0x07,0x06,0x67,0xff,0x08,0x08,0x6a,0xff,0x15,0x18,0x7d,0xff,0x23,0x29,0x92,0xff,
    0x2f,0x38,0xa5,0xff,0x39,0x44,0xb3,0xff,0x3d,0x4a,0xbb,0xff,0x41,0x4e,0xc0,0xff,0x41,0x4e,0xc0,0xff,0x41,0x4e,0xc0,0xff,
    0x41,0x4f,0xc0,0xff,0x3f,0x4b,0xbd,0xff,0x3a,0x46,0xb5,0xff,0x32,0x3c,0xaa,0xff,0x26,0x2d,0x97,0xff,0x19,0x1d,0x83,0xff,
    0x0b,0x0b,0x6d,0xff,0x06,0x06,0x67,0xff,0x09,0x09,0x6b,0xff,0x0b,0x0b,0x6c,0xfd,0x0a,0x0a,0x6b,0xfb,0x0a,0x0a,0x71,0xff,
    0x0a,0x0a,0x6f,0xfb,0x0b,0x0b,0x6d,0x70,0x00,0x00,0x00,0x00,0x00,0x00,0x00,0x00,0x00,0x00,0x7f,0x02,0x00,0x00,0x00,0x00,
    0x00,0x00,0x00,0x00,0x00,0x00,0x00,0x00,0x00,0x00,0x00,0x00,0x00,0x00,0x00,0x00,0x00,0x00,0x00,0x00,0x00,0x00,0x00,0x00,
    0x00,0x00,0x00,0x00,0x00,0x00,0x00,0x00,0x00,0x00,0x00,0x00,0x00,0x00,0x00,0x00,0x00,0x00,0x00,0x00,0x00,0x00,0x00,0x00,
    0x00,0x00,0x00,0x00,0x00,0x00,0x00,0x00,0x00,0x00,0x00,0x00,0x00,0x00,0x3f,0x04,0x00,0x00,0x00,0x00,0x09,0x09,0x6b,0x1a,
    0x0a,0x0a,0x6d,0xa7,0x0a,0x0a,0x72,0xff,0x0b,0x0b,0x72,0xff,0x0a,0x0a,0x6b,0xfd,0x0b,0x0b,0x6c,0xfc,0x0a,0x0a,0x6c,0xfe,
    0x08,0x07,0x68,0xff,0x06,0x05,0x66,0xff,0x08,0x08,0x69,0xff,0x0c,0x0d,0x6f,0xff,0x12,0x14,0x78,0xff,0x17,0x1b,0x80,0xff,
    0x16,0x19,0x7f,0xff,0x16,0x19,0x7f,0xff,0x17,0x1a,0x80,0xff,0x14,0x17,0x7b,0xff,0x0d,0x0e,0x70,0xff,0x09,0x09,0x6b,0xff,
    0x06,0x05,0x66,0xff,0x07,0x06,0x68,0xff,0x0a,0x0a,0x6c,0xfe,0x0b,0x0b,0x6d,0xfc,0x0a,0x0a,0x6c,0xfc,0x0a,0x0a,0x70,0xff,
    0x0b,0x0b,0x74,0xff,0x0a,0x0a,0x70,0xc8,0x09,0x09,0x6a,0x37,0x00,0x00,0x00,0x00,0x00,0x00,0x7f,0x02,0x00,0x00,0x00,0x01,
    0x00,0x00,0x00,0x00,0x00,0x00,0x00,0x00,0x00,0x00,0x00,0x00,0x00,0x00,0x00,0x00,0x00,0x00,0x00,0x00,0x00,0x00,0x00,0x00,
    0x00,0x00,0x00,0x00,0x00,0x00,0x00,0x00,0x00,0x00,0x00,0x00,0x00,0x00,0x00,0x00,0x00,0x00,0x00,0x00,0x00,0x00,0x00,0x00,
    0x00,0x00,0x00,0x00,0x00,0x00,0x00,0x00,0x00,0x00,0x00,0x00,0x00,0x00,0x00,0x00,0x00,0x00,0x00,0x00,0x00,0x00,0x00,0x00,
    0x00,0x00,0x55,0x03,0x00,0x00,0x00,0x00,0x00,0x00,0x00,0x00,0x0b,0x0b,0x6e,0x45,0x09,0x09,0x6f,0xba,0x0a,0x0a,0x71,0xff,
    0x0b,0x0b,0x73,0xff,0x0a,0x0a,0x6d,0xff,0x0a,0x0b,0x6c,0xfc,0x0b,0x0b,0x6d,0xfb,0x0a,0x0a,0x6c,0xfc,0x09,0x09,0x6b,0xfe,
    0x08,0x08,0x69,0xfe,0x07,0x07,0x68,0xff,0x07,0x07,0x68,0xff,0x07,0x07,0x68,0xff,0x07,0x07,0x68,0xff,0x08,0x07,0x68,0xfe,
    0x09,0x09,0x6a,0xfe,0x0a,0x0a,0x6c,0xfc,0x0b,0x0b,0x6d,0xfb,0x0a,0x0b,0x6c,0xfc,0x0a,0x0a,0x6c,0xff,0x0b,0x0b,0x71,0xff,
    0x0b,0x0b,0x73,0xff,0x0a,0x0a,0x6f,0xd3,0x0a,0x0a,0x6d,0x62,0x00,0x00,0x33,0x05,0x00,0x00,0x00,0x00,0x00,0x00,0x55,0x03,
    0x00,0x00,0x00,0x00,0x00,0x00,0x00,0x00,0x00,0x00,0x00,0x00,0x00,0x00,0x00,0x00,0x00,0x00,0x00,0x00,0x00,0x00,0x00,0x00,
    0x00,0x00,0x00,0x00,0x00,0x00,0x00,0x00,0x00,0x00,0x00,0x00,0x00,0x00,0x00,0x00,0x00,0x00,0x00,0x00,0x00,0x00,0x00,0x00,
    0x00,0x00,0x00,0x00,0x00,0x00,0x00,0x00,0x00,0x00,0x00,0x00,0x00,0x00,0x00,0x00,0x00,0x00,0x00,0x00,0x00,0x00,0x00,0x00,
    0x00,0x00,0x00,0x00,0x00,0x00,0x00,0x00,0x00,0x00,0x00,0x00,0x00,0x00,0xff,0x01,0x00,0x00,0x7f,0x02,0x00,0x00,0x00,0x00,
    0x00,0x00,0x00,0x00,0x0a,0x0a,0x6d,0x46,0x0b,0x0b,0x6f,0xa2,0x0a,0x0a,0x6e,0xf2,0x0b,0x0b,0x73,0xff,0x0b,0x0b,0x74,0xff,
    0x0b,0x0b,0x72,0xff,0x0a,0x0a,0x6f,0xff,0x0b,0x0b,0x6e,0xff,0x0b,0x0b,0x6c,0xfe,0x0b,0x0b,0x6c,0xfe,0x0b,0x0b,0x6c,0xfe,
    0x0b,0x0b,0x6c,0xfe,0x0b,0x0b,0x6e,0xff,0x0a,0x0a,0x6e,0xff,0x0b,0x0b,0x71,0xff,0x0b,0x0b,0x73,0xff,0x0b,0x0b,0x73,0xff,
    0x0a,0x0a,0x6e,0xfc,0x0a,0x0a,0x6e,0xbb,0x0a,0x0a,0x6f,0x5e,0x00,0x00,0x48,0x07,0x00,0x00,0x00,0x00,0x00,0x00,0x00,0x00,
    0x00,0x00,0x7f,0x02,0x00,0x00,0x00,0x00,0x00,0x00,0x00,0x00,0x00,0x00,0x00,0x00,0x00,0x00,0x00,0x00,0x00,0x00,0x00,0x00,
    0x00,0x00,0x00,0x00,0x00,0x00,0x00,0x00,0x00,0x00,0x00,0x00,0x00,0x00,0x00,0x00,0x00,0x00,0x00,0x00,0x00,0x00,0x00,0x00,
    0x00,0x00,0x00,0x00,0x00,0x00,0x00,0x00,0x00,0x00,0x00,0x00,0x00,0x00,0x00,0x00,0x00,0x00,0x00,0x00,0x00,0x00,0x00,0x00,
    0x00,0x00,0x00,0x00,0x00,0x00,0x00,0x00,0x00,0x00,0x00,0x00,0x00,0x00,0x00,0x00,0x00,0x00,0x00,0x00,0x00,0x00,0x00,0x00,
    0x00,0x00,0x00,0x00,0x00,0x00,0x55,0x03,0x00,0x00,0xff,0x01,0x00,0x00,0x00,0x00,0x00,0x00,0x00,0x00,0x09,0x09,0x6d,0x1c,
    0x09,0x09,0x6f,0x50,0x0a,0x0a,0x6f,0x8c,0x0a,0x0a,0x6c,0xbe,0x09,0x09,0x6c,0xe7,0x0a,0x0a,0x6c,0xf2,0x0a,0x0a,0x70,0xff,
    0x0a,0x0a,0x6f,0xff,0x0a,0x0a,0x6f,0xff,0x0a,0x0a,0x70,0xff,0x0a,0x0a,0x6b,0xf8,0x09,0x09,0x6c,0xea,0x0a,0x0a,0x6e,0xc6,
    0x09,0x09,0x6f,0x9b,0x0a,0x0a,0x70,0x5f,0x0c,0x0c,0x6f,0x29,0x00,0x00,0x00,0x00,0x00,0x00,0x00,0x00,0x00,0x00,0x00,0x00,
    0x00,0x00,0x55,0x03,0x00,0x00,0x00,0x01,0x00,0x00,0x00,0x00,0x00,0x00,0x00,0x00,0x00,0x00,0x00,0x00,0x00,0x00,0x00,0x00,
    0x00,0x00,0x00,0x00,0x00,0x00,0x00,0x00,0x00,0x00,0x00,0x00,0x00,0x00,0x00,0x00,0x00,0x00,0x00,0x00,0x00,0x00,0x00,0x00,
    0x00,0x00,0x00,0x00,0x00,0x00,0x00,0x00,0x00,0x00,0x00,0x00,0x00,0x00,0x00,0x00,0x00,0x00,0x00,0x00,0x00,0x00,0x00,0x00,
    0x00,0x00,0x00,0x00,0x00,0x00,0x00,0x00,0x00,0x00,0x00,0x00,0x00,0x00,0x00,0x00,0x00,0x00,0x00,0x00,0x00,0x00,0x00,0x00,
    0x00,0x00,0x00,0x00,0x00,0x00,0x00,0x00,0x00,0x00,0x00,0x00,0x00,0x00,0x00,0x00,0x00,0x00,0x00,0x00,0x00,0x00,0x55,0x03,
    0x00,0x00,0x55,0x03,0x00,0x00,0x00,0x00,0x00,0x00,0x00,0x00,0x00,0x00,0x00,0x00,0x00,0x00,0x00,0x00,0x0f,0x0f,0x6f,0x10,
    0x08,0x08,0x6a,0x1f,0x0a,0x0a,0x70,0x46,0x0b,0x0b,0x6b,0x45,0x0b,0x0b,0x6b,0x45,0x0a,0x0a,0x70,0x46,0x0b,0x0b,0x68,0x2c,
    0x0e,0x0e,0x71,0x12,0x00,0x00,0x00,0x00,0x00,0x00,0x00,0x00,0x00,0x00,0x00,0x00,0x00,0x00,0x00,0x00,0x00,0x00,0xff,0x01,
    0x00,0x00,0x7f,0x04,0x00,0x00,0x00,0x01,0x00,0x00,0x00,0x00,0x00,0x00,0x00,0x00,0x00,0x00,0x00,0x00,0x00,0x00,0x00,0x00,
    0x00,0x00,0x00,0x00,0x00,0x00,0x00,0x00,0x00,0x00,0x00,0x00,0x00,0x00,0x00,0x00,0x00,0x00,0x00,0x00,0x00,0x00,0x00,0x00,
    0x00,0x00,0x00,0x00,0x00,0x00,0x00,0x00,0x00,0x00,0x00,0x00,0x00,0x00,0x00,0x00,
};
const lv_image_dsc_t img_iris_error = {
    .header.magic = LV_IMAGE_HEADER_MAGIC,
    .header.cf = LV_COLOR_FORMAT_ARGB8888,
    .header.w = 50,
    .header.h = 50,
    .header.stride = 200,
    .data_size = sizeof(img_iris_error_map),
    .data = img_iris_error_map,
};

static const uint8_t img_iris_boot_map[] = {
    0x00,0x00,0x00,0x00,0x00,0x00,0x00,0x00,0x00,0x00,0x00,0x00,0x00,0x00,0x00,0x00,0x00,0x00,0x00,0x00,0x00,0x00,0x00,0x00,
    0x00,0x00,0x00,0x00,0x00,0x00,0x00,0x00,0x00,0x00,0x00,0x00,0x00,0x00,0x00,0x00,0x00,0x00,0x00,0x00,0x00,0x00,0x00,0x00,
    0x00,0x00,0x00,0x00,0x00,0x00,0x00,0x00,0x00,0x00,0x00,0x00,0xff,0x00,0x00,0x01,0x3f,0x3f,0x3f,0x04,0x00,0x00,0x00,0x01,
    0x00,0x00,0x00,0x00,0x00,0x00,0x00,0x00,0x00,0x00,0x00,0x00,0x00,0x00,0x00,0x00,0x00,0x00,0x00,0x00,0x63,0x46,0x38,0x12,
    0x69,0x4b,0x3c,0x11,0x69,0x4b,0x3c,0x11,0x71,0x46,0x38,0x12,0x55,0x55,0x55,0x03,0x00,0x00,0x00,0x00,0x00,0x00,0x00,0x00,
    0x00,0x00,0x00,0x00,0x00,0x00,0x00,0x00,0x00,0x00,0x00,0x00,0x3f,0x3f,0x3f,0x04,0x7f,0x7f,0x00,0x02,0x00,0x00,0x00,0x00,
    0x00,0x00,0x00,0x00,0x00,0x00,0x00,0x00,0x00,0x00,0x00,0x00,0x00,0x00,0x00,0x00,0x00,0x00,0x00,0x00,0x00,0x00,0x00,0x00,
    0x00,0x00,0x00,0x00,0x00,0x00,0x00,0x00,0x00,0x00,0x00,0x00,0x00,0x00,0x00,0x00,0x00,0x00,0x00,0x00,0x00,0x00,0x00,0x00,
    0x00,0x00,0x00,0x00,0x00,0x00,0x00,0x00,0x00,0x00,0x00,0x00,0x00,0x00,0x00,0x00,0x00,0x00,0x00,0x00,0x00,0x00,0x00,0x00,
    0x00,0x00,0x00,0x00,0x00,0x00,0x00,0x00,0x00,0x00,0x00,0x00,0x00,0x00,0x00,0x00,0x00,0x00,0x00,0x00,0x00,0x00,0x00,0x00,
    0x00,0x00,0x00,0x00,0x00,0x00,0x00,0x00,0x00,0x00,0x00,0x00,0x00,0x00,0x00,0x01,0x55,0x55,0x55,0x03,0x00,0x00,0x00,0x00,
    0x00,0x00,0x00,0x00,0x00,0x00,0x00,0x00,0x60,0x46,0x3d,0x1d,0x62,0x46,0x3c,0x50,0x64,0x44,0x3a,0x82,0x62,0x44,0x39,0xb6,
    0x62,0x43,0x3a,0xc7,0x63,0x44,0x3a,0xea,0x62,0x44,0x39,0xea,0x62,0x44,0x39,0xea,0x63,0x45,0x3a,0xeb,0x62,0x44,0x3a,0xd2,
    0x62,0x44,0x3a,0xba,0x65,0x46,0x3b,0x8d,0x66,0x45,0x3b,0x5f,0x63,0x4a,0x3e,0x29,0x7f,0x3f,0x3f,0x04,0x00,0x00,0x00,0x00,
    0x00,0x00,0x00,0x00,0x55,0x55,0x55,0x03,0x7f,0x7f,0x00,0x02,0x00,0x00,0x00,0x00,0x00,0x00,0x00,0x00,0x00,0x00,0x00,0x00,
    0x00,0x00,0x00,0x00,0x00,0x00,0x00,0x00,0x00,0x00,0x00,0x00,0x00,0x00,0x00,0x00,0x00,0x00,0x00,0x00,0x00,0x00,0x00,0x00,
    0x00,0x00,0x00,0x00,0x00,0x00,0x00,0x00,0x00,0x00,0x00,0x00,0x00,0x00,0x00,0x00,0x00,0x00,0x00,0x00,0x00,0x00,0x00,0x00,
    0x00,0x00,0x00,0x00,0x00,0x00,0x00,0x00,0x00,0x00,0x00,0x00,0x00,0x00,0x00,0x00,0x00,0x00,0x00,0x00,0x00,0x00,0x00,0x00,
    0x00,0x00,0x00,0x00,0x00,0x00,0x00,0x00,0x00,0x00,0x00,0x00,0x00,0x00,0x00,0x00,0x55,0x55,0x55,0x03,0x00,0x00,0x00,0x00,
    0x00,0x00,0x00,0x00,0x63,0x42,0x37,0x17,0x64,0x46,0x3c,0x65,0x64,0x45,0x3b,0xc6,0x63,0x44,0x3b,0xf6,0x68,0x48,0x3e,0xff,
    0x6a,0x4a,0x3f,0xff,0x68,0x49,0x3e,0xff,0x67,0x48,0x3d,0xff,0x63,0x45,0x3b,0xff,0x63,0x45,0x3b,0xff,0x64,0x45,0x3b,0xff,
    0x63,0x45,0x3b,0xff,0x66,0x47,0x3c,0xff,0x68,0x48,0x3e,0xff,0x6a,0x4a,0x3f,0xff,0x69,0x49,0x3e,0xff,0x63,0x44,0x3a,0xfc,
    0x65,0x46,0x3b,0xd6,0x65,0x45,0x3b,0x80,0x66,0x46,0x39,0x28,0x00,0x00,0x00,0x00,0x00,0x00,0x00,0x00,0x55,0x55,0x55,0x03,
    0x00,0x00,0x00,0x01,0x00,0x00,0x00,0x00,0x00,0x00,0x00,0x00,0x00,0x00,0x00,0x00,0x00,0x00,0x00,0x00,0x00,0x00,0x00,0x00,
    0x00,0x00,0x00,0x00,0x00,0x00,0x00,0x00,0x00,0x00,0x00,0x00,0x00,0x00,0x00,0x00,0x00,0x00,0x00,0x00,0x00,0x00,0x00,0x00,
    0x00,0x00,0x00,0x00,0x00,0x00,0x00,0x00,0x00,0x00,0x00,0x00,0x00,0x00,0x00,0x00,0x00,0x00,0x00,0x00,0x00,0x00,0x00,0x00,
    0x00,0x00,0x00,0x00,0x00,0x00,0x00,0x00,0x00,0x00,0x00,0x00,0x00,0x00,0x00,0x00,0xff,0x00,0x00,0x01,0xff,0xff,0xff,0x01,
    0x00,0x00,0x00,0x00,0x79,0x58,0x58,0x17,0x67,0x49,0x3f,0x80,0x65,0x46,0x3c,0xe8,0x69,0x49,0x3e,0xff,0x67,0x48,0x3d,0xff,
    0x63,0x45,0x3a,0xff,0x60,0x42,0x38,0xfc,0x5e,0x41,0x36,0xfb,0x5f,0x41,0x37,0xfc,0x60,0x42,0x38,0xfc,0x64,0x46,0x3c,0xfe,
    0x64,0x46,0x3c,0xfe,0x64,0x46,0x3c,0xfe,0x64,0x46,0x3c,0xfe,0x60,0x43,0x39,0xfd,0x60,0x41,0x38,0xfc,0x5e,0x41,0x37,0xfb,
    0x5f,0x41,0x37,0xfc,0x62,0x44,0x3a,0xff,0x66,0x47,0x3d,0xff,0x69,0x49,0x3e,0xff,0x64,0x45,0x3b,0xf8,0x64,0x45,0x3b,0x9e,
    0x62,0x45,0x39,0x2c,0x00,0x00,0x00,0x00,0x00,0x00,0x00,0x00,0x7f,0x7f,0x7f,0x02,0x00,0x00,0x00,0x00,0x00,0x00,0x00,0x00,
    0x00,0x00,0x00,0x00,0x00,0x00,0x00,0x00,0x00,0x00,0x00,0x00,0x00,0x00,0x00,0x00,0x00,0x00,0x00,0x00,0x00,0x00,0x00,0x00,
    0x00,0x00,0x00,0x00,0x00,0x00,0x00,0x00,0x00,0x00,0x00,0x00,0x00,0x00,0x00,0x00,0x00,0x00,0x00,0x00,0x00,0x00,0x00,0x00,
    0x00,0x00,0x00,0x00,0x00,0x00,0x00,0x00,0x00,0x00,0x00,0x00,0x00,0x00,0x00,0x00,0x00,0x00,0x00,0x00,0x55,0x55,0x55,0x03,
    0x01,0x02,0x02,0x00,0x00,0x00,0x00,0x00,0x54,0x33,0x27,0x6d,0x5b,0x3b,0x30,0xe9,0x62,0x41,0x36,0xff,0x61,0x42,0x37,0xff,
    0x61,0x43,0x3a,0xfc,0x5f,0x42,0x38,0xfd,0x61,0x43,0x39,0xfe,0x6c,0x4c,0x42,0xff,0x76,0x55,0x4a,0xff,0x7f,0x5d,0x51,0xff,
    0x83,0x60,0x55,0xff,0x8a,0x67,0x5a,0xff,0x8b,0x67,0x5b,0xff,0x8b,0x67,0x5b,0xff,0x8b,0x67,0x5b,0xff,0x85,0x62,0x56,0xff,
    0x81,0x5e,0x53,0xff,0x79,0x57,0x4c,0xff,0x6f,0x4f,0x44,0xff,0x64,0x45,0x3b,0xfe,0x5e,0x41,0x37,0xfd,0x5f,0x41,0x37,0xfc,
    0x63,0x45,0x3b,0xff,0x69,0x49,0x3e,0xff,0x64,0x46,0x3b,0xf9,0x65,0x45,0x3b,0x92,0x55,0x44,0x33,0x0f,0x00,0x00,0x00,0x00,
    0x55,0x55,0x55,0x03,0x00,0x00,0x00,0x00,0x00,0x00,0x00,0x00,0x00,0x00,0x00,0x00,0x00,0x00,0x00,0x00,0x00,0x00,0x00,0x00,
    0x00,0x00,0x00,0x00,0x00,0x00,0x00,0x00,0x00,0x00,0x00,0x00,0x00,0x00,0x00,0x00,0x00,0x00,0x00,0x00,0x00,0x00,0x00,0x00,
    0x00,0x00,0x00,0x00,0x00,0x00,0x00,0x00,0x00,0x00,0x00,0x00,0x00,0x00,0x00,0x00,0x00,0x00,0x00,0x00,0x00,0x00,0x00,0x00,
    0xaa,0x55,0x55,0x03,0x00,0x00,0x00,0x00,0x00,0x00,0x00,0x19,0x69,0x4c,0x42,0xb8,0x89,0x6f,0x66,0xff,0x91,0x7b,0x74,0xff,
    0x81,0x69,0x61,0xfb,0x6d,0x51,0x48,0xfe,0x63,0x42,0x37,0xff,0x75,0x52,0x47,0xff,0x88,0x65,0x59,0xff,0x91,0x6c,0x5f,0xff,
    0x94,0x6f,0x62,0xff,0x95,0x6f,0x63,0xff,0x96,0x70,0x63,0xff,0x96,0x70,0x63,0xff,0x97,0x70,0x64,0xff,0x97,0x70,0x64,0xff,
    0x96,0x70,0x63,0xff,0x96,0x70,0x64,0xff,0x95,0x70,0x63,0xff,0x94,0x6f,0x62,0xff,0x92,0x6c,0x60,0xff,0x8a,0x66,0x5a,0xff,
    0x7d,0x5b,0x50,0xff,0x6d,0x4d,0x43,0xff,0x60,0x42,0x38,0xfe,0x60,0x41,0x37,0xfc,0x63,0x45,0x3b,0xff,0x69,0x49,0x3e,0xff,
    0x65,0x46,0x3b,0xd9,0x5f,0x40,0x38,0x3b,0x00,0x00,0x00,0x00,0x55,0x55,0x55,0x03,0x00,0x00,0x00,0x00,0x00,0x00,0x00,0x00,
    0x00,0x00,0x00,0x00,0x00,0x00,0x00,0x00,0x00,0x00,0x00,0x00,0x00,0x00,0x00,0x00,0x00,0x00,0x00,0x00,0x00,0x00,0x00,0x00,
    0x00,0x00,0x00,0x00,0x00,0x00,0x00,0x00,0x00,0x00,0x00,0x00,0x00,0x00,0x00,0x00,0x00,0x00,0x00,0x00,0x00,0x00,0x00,0x00,
    0x00,0x00,0x00,0x00,0x7f,0x3f,0x3f,0x04,0x00,0x00,0x00,0x00,0x49,0x26,0x1e,0x3b,0xac,0x9c,0x96,0xe6,0xef,0xe8,0xe7,0xff,
    0xff,0xff,0xff,0xfb,0xff,0xff,0xff,0xfe,0xfd,0xfd,0xfc,0xff,0xf2,0xf0,0xef,0xff,0xcf,0xbf,0xba,0xff,0xa7,0x87,0x7d,0xff,
    0x91,0x69,0x5c,0xff,0x98,0x72,0x65,0xff,0x9a,0x74,0x68,0xff,0x9c,0x76,0x69,0xff,0x9f,0x78,0x6b,0xff,0xa0,0x79,0x6c,0xff,
    0xa1,0x7a,0x6d,0xff,0xa1,0x7a,0x6d,0xff,0xa0,0x7a,0x6c,0xff,0x9f,0x78,0x6b,0xff,0x9d,0x76,0x69,0xff,0x9b,0x74,0x68,0xff,
    0x98,0x72,0x65,0xff,0x96,0x70,0x64,0xff,0x95,0x6f,0x63,0xff,0x91,0x6c,0x60,0xff,0x82,0x60,0x55,0xff,0x6b,0x4b,0x41,0xff,
    0x5f,0x41,0x37,0xfe,0x61,0x43,0x39,0xfb,0x66,0x47,0x3c,0xff,0x65,0x47,0x3b,0xfb,0x63,0x45,0x3b,0x67,0x00,0x00,0x00,0x00,
    0x55,0x55,0x55,0x03,0x00,0x00,0x00,0x01,0x00,0x00,0x00,0x00,0x00,0x00,0x00,0x00,0x00,0x00,0x00,0x00,0x00,0x00,0x00,0x00,
    0x00,0x00,0x00,0x00,0x00,0x00,0x00,0x00,0x00,0x00,0x00,0x00,0x00,0x00,0x00,0x00,0x00,0x00,0x00,0x00,0x00,0x00,0x00,0x00,
    0x00,0x00,0x00,0x00,0x00,0x00,0x00,0x00,0x3f,0x3f,0x3f,0x04,0x00,0x00,0x00,0x00,0x55,0x3a,0x2f,0x65,0xc2,0xb3,0xaf,0xfb,
    0xff,0xff,0xff,0xff,0xff,0xff,0xff,0xfc,0xfc,0xfb,0xfb,0xff,0xfb,0xfa,0xf9,0xff,0xfd,0xfc,0xfc,0xff,0xff,0xff,0xff,0xff,
    0xff,0xff,0xff,0xff,0xfc,0xfc,0xfb,0xff,0xce,0xbb,0xb4,0xff,0x9f,0x76,0x68,0xff,0xa6,0x7e,0x71,0xff,0xa9,0x81,0x74,0xff,
    0xaa,0x82,0x74,0xff,0xac,0x83,0x75,0xff,0xac,0x83,0x76,0xff,0xac,0x83,0x76,0xff,0xac,0x83,0x75,0xff,0xab,0x82,0x75,0xff,
    0xa9,0x81,0x73,0xff,0xa7,0x7f,0x72,0xff,0xa4,0x7c,0x6f,0xff,0xa0,0x79,0x6c,0xff,0x9b,0x75,0x68,0xff,0x97,0x71,0x64,0xff,
    0x95,0x70,0x63,0xff,0x90,0x6b,0x5f,0xff,0x7b,0x59,0x4e,0xff,0x63,0x44,0x3a,0xff,0x5f,0x41,0x38,0xfd,0x63,0x45,0x3b,0xfe,
    0x68,0x49,0x3e,0xff,0x62,0x44,0x3a,0x98,0x00,0x00,0x00,0x00,0x7f,0x7f,0x7f,0x02,0x00,0x00,0x00,0x01,0x00,0x00,0x00,0x00,
    0x00,0x00,0x00,0x00,0x00,0x00,0x00,0x00,0x00,0x00,0x00,0x00,0x00,0x00,0x00,0x00,0x00,0x00,0x00,0x00,0x00,0x00,0x00,0x00,
    0x00,0x00,0x00,0x00,0x00,0x00,0x00,0x00,0x00,0x00,0x00,0x00,0x55,0x55,0x55,0x03,0x00,0x00,0x00,0x00,0x46,0x23,0x19,0x65,
    0xa1,0x8d,0x86,0xff,0xff,0xff,0xff,0xfe,0xf9,0xf8,0xf7,0xfd,0xfb,0xfa,0xf9,0xff,0xfd,0xfb,0xfb,0xff,0xfd,0xfc,0xfc,0xff,
    0xfd,0xfc,0xfc,0xff,0xfc,0xfb,0xfb,0xff,0xfb,0xfa,0xf9,0xff,0xfd,0xfc,0xfc,0xff,0xff,0xff,0xff,0xff,0xe0,0xd1,0xcc,0xff,
    0xad,0x83,0x75,0xff,0xb1,0x87,0x7a,0xff,0xb1,0x88,0x7b,0xff,0xb1,0x88,0x7a,0xff,0xb2,0x89,0x7b,0xff,0xb2,0x89,0x7b,0xff,
    0xb2,0x88,0x7b,0xff,0xb1,0x88,0x7a,0xff,0xb1,0x87,0x7a,0xff,0xb0,0x87,0x79,0xff,0xae,0x85,0x78,0xff,0xab,0x83,0x75,0xff,
    0xa7,0x7f,0x72,0xff,0xa2,0x7b,0x6e,0xff,0x9b,0x75,0x68,0xff,0x96,0x71,0x64,0xff,0x95,0x70,0x63,0xff,0x87,0x64,0x58,0xff,
    0x69,0x4a,0x3f,0xff,0x5f,0x41,0x38,0xfe,0x62,0x44,0x3a,0xfc,0x6a,0x4a,0x3f,0xff,0x61,0x43,0x39,0x9a,0x00,0x00,0x00,0x00,
    0x55,0x55,0x55,0x03,0x00,0x00,0x00,0x00,0x00,0x00,0x00,0x00,0x00,0x00,0x00,0x00,0x00,0x00,0x00,0x00,0x00,0x00,0x00,0x00,
    0x00,0x00,0x00,0x00,0x00,0x00,0x00,0x00,0x00,0x00,0x00,0x00,0x00,0x00,0x00,0x00,0x55,0x55,0x55,0x03,0x00,0x00,0x00,0x00,
    0x59,0x3a,0x31,0x39,0x68,0x4a,0x40,0xfe,0xe6,0xe1,0xdf,0xfd,0xff,0xfd,0xfd,0xfd,0xfa,0xf9,0xf9,0xff,0xfd,0xfc,0xfc,0xff,
    0xfd,0xfc,0xfc,0xff,0xfd,0xfc,0xfc,0xff,0xfd,0xfc,0xfc,0xff,0xfd,0xfc,0xfc,0xff,0xfd,0xfd,0xfc,0xff,0xfd,0xfc,0xfb,0xff,
    0xfc,0xfb,0xfa,0xff,0xff,0xff,0xff,0xff,0xdc,0xc9,0xc2,0xff,0xae,0x82,0x74,0xff,0xb4,0x8c,0x7e,0xff,0xb3,0x8a,0x7c,0xff,
    0xb3,0x8a,0x7c,0xff,0xb3,0x8a,0x7c,0xff,0xb3,0x8a,0x7c,0xff,0xb3,0x8a,0x7c,0xff,0xb3,0x8a,0x7c,0xff,0xb3,0x8a,0x7c,0xff,
    0xb3,0x89,0x7c,0xff,0xb2,0x89,0x7b,0xff,0xb0,0x87,0x79,0xff,0xac,0x84,0x77,0xff,0xa7,0x7f,0x72,0xff,0xa0,0x7a,0x6d,0xff,
    0x98,0x73,0x66,0xff,0x95,0x70,0x64,0xff,0x8e,0x6a,0x5e,0xff,0x6a,0x4b,0x40,0xff,0x5f,0x41,0x37,0xff,0x62,0x44,0x3a,0xfa,
    0x6a,0x4a,0x3f,0xff,0x61,0x44,0x38,0x70,0x00,0x00,0x00,0x00,0x7f,0x3f,0x3f,0x04,0x00,0x00,0x00,0x00,0x00,0x00,0x00,0x00,
    0x00,0x00,0x00,0x00,0x00,0x00,0x00,0x00,0x00,0x00,0x00,0x00,0x00,0x00,0x00,0x00,0x00,0x00,0x00,0x00,0x00,0x00,0x00,0x02,
    0xff,0x00,0x00,0x01,0x6e,0x58,0x4d,0x17,0x5a,0x3b,0x30,0xe9,0x8c,0x75,0x6d,0xfe,0xff,0xff,0xff,0xfd,0xfb,0xfa,0xfa,0xff,
    0xfd,0xfc,0xfc,0xff,0xfd,0xfc,0xfc,0xff,0xfd,0xfc,0xfc,0xff,0xfd,0xfc,0xfc,0xff,0xfd,0xfd,0xfc,0xff,0xfd,0xfd,0xfc,0xff,
    0xfd,0xfd,0xfc,0xff,0xfe,0xfd,0xfc,0xff,0xfe,0xfd,0xfc,0xff,0xfd,0xfb,0xfa,0xff,0xff,0xff,0xff,0xff,0xce,0xb3,0xaa,0xff,
    0xae,0x83,0x74,0xff,0xb2,0x8b,0x7d,0xff,0xb2,0x8a,0x7c,0xff,0xb2,0x8a,0x7c,0xff,0xb2,0x89,0x7c,0xff,0xb1,0x89,0x7b,0xff,
    0xb2,0x89,0x7c,0xff,0xb3,0x8a,0x7d,0xff,0xb4,0x8b,0x7d,0xff,0xb4,0x8b,0x7d,0xff,0xb3,0x8b,0x7d,0xff,0xb2,0x8a,0x7c,0xff,
    0xaf,0x87,0x7a,0xff,0xaa,0x83,0x75,0xff,0xa3,0x7d,0x70,0xff,0x9b,0x75,0x69,0xff,0x96,0x71,0x64,0xff,0x8e,0x6a,0x5e,0xff,
    0x6a,0x4b,0x40,0xff,0x60,0x42,0x38,0xfe,0x63,0x45,0x3a,0xfb,0x66,0x47,0x3d,0xff,0x60,0x42,0x37,0x45,0x00,0x00,0x00,0x00,
    0x55,0x55,0x55,0x03,0x00,0x00,0x00,0x00,0x00,0x00,0x00,0x00,0x00,0x00,0x00,0x00,0x00,0x00,0x00,0x00,0x00,0x00,0x00,0x00,
    0x00,0x00,0x00,0x00,0x55,0x55,0x55,0x03,0x00,0x00,0x00,0x00,0x65,0x48,0x3d,0xba,0x5e,0x3c,0x30,0xff,0x9d,0x8b,0x86,0xfc,
    0xff,0xfe,0xfe,0xff,0xfb,0xf9,0xf9,0xff,0xfd,0xfc,0xfc,0xff,0xfd,0xfc,0xfc,0xff,0xfd,0xfc,0xfc,0xff,0xfd,0xfd,0xfc,0xff,
    0xfe,0xfd,0xfc,0xff,0xfe,0xfd,0xfc,0xff,0xfe,0xfd,0xfc,0xff,0xfe,0xfd,0xfc,0xff,0xfe,0xfd,0xfc,0xff,0xfd,0xfc,0xfb,0xff,
    0xff,0xff,0xfe,0xff,0xf4,0xef,0xec,0xff,0xbb,0x92,0x85,0xff,0xbe,0x93,0x84,0xff,0xbb,0x91,0x83,0xff,0xbb,0x91,0x83,0xff,
    0xbc,0x92,0x84,0xff,0xc0,0x95,0x86,0xff,0xbd,0x92,0x84,0xff,0xb5,0x8d,0x7f,0xff,0xb2,0x8a,0x7c,0xff,0xb4,0x8b,0x7e,0xff,
    0xb5,0x8c,0x7e,0xff,0xb5,0x8c,0x7e,0xff,0xb4,0x8b,0x7e,0xff,0xb2,0x89,0x7c,0xff,0xad,0x85,0x78,0xff,0xa6,0x7f,0x72,0xff,
    0x9c,0x76,0x6a,0xff,0x96,0x71,0x65,0xff,0x8e,0x6a,0x5e,0xff,0x67,0x48,0x3e,0xff,0x60,0x42,0x38,0xfd,0x65,0x46,0x3c,0xfe,
    0x64,0x45,0x3b,0xe8,0x5c,0x39,0x39,0x16,0xff,0x00,0x00,0x01,0x00,0x00,0x00,0x02,0x00,0x00,0x00,0x00,0x00,0x00,0x00,0x00,
    0x00,0x00,0x00,0x00,0x00,0x00,0x00,0x00,0x55,0x55,0x55,0x03,0x00,0x00,0x00,0x00,0x61,0x42,0x39,0x6b,0x6c,0x4c,0x42,0xff,
    0x57,0x36,0x2b,0xfb,0xb5,0xa7,0xa2,0xff,0xff,0xff,0xff,0xff,0xfa,0xf9,0xf9,0xff,0xfd,0xfc,0xfc,0xff,0xfd,0xfc,0xfc,0xff,
    0xfd,0xfd,0xfc,0xff,0xfe,0xfd,0xfc,0xff,0xfe,0xfd,0xfd,0xff,0xfe,0xfd,0xfd,0xff,0xfe,0xfd,0xfd,0xff,0xfe,0xfd,0xfc,0xff,
    0xfe,0xfd,0xfc,0xff,0xfe,0xfd,0xfd,0xff,0xfc,0xfa,0xfa,0xff,0xff,0xff,0xff,0xff,0xb6,0xa5,0x9f,0xff,0x50,0x37,0x2f,0xff,
    0x48,0x35,0x2f,0xff,0x47,0x34,0x2d,0xff,0x50,0x3c,0x34,0xff,0x6f,0x54,0x4b,0xff,0x8d,0x6d,0x62,0xff,0xb3,0x8b,0x7e,0xff,
    0xc1,0x96,0x88,0xff,0xb7,0x8e,0x81,0xff,0xb3,0x8c,0x7e,0xff,0xb5,0x8d,0x80,0xff,0xb5,0x8d,0x80,0xff,0xb5,0x8d,0x7f,0xff,
    0xb3,0x8b,0x7e,0xff,0xae,0x87,0x79,0xff,0xa6,0x80,0x73,0xff,0x9c,0x77,0x6a,0xff,0x97,0x72,0x66,0xff,0x86,0x64,0x58,0xff,
    0x62,0x43,0x39,0xff,0x61,0x43,0x39,0xfc,0x69,0x49,0x3e,0xff,0x61,0x43,0x39,0xaa,0x00,0x00,0x00,0x00,0x55,0x55,0x55,0x03,
    0x00,0x00,0x00,0x00,0x00,0x00,0x00,0x00,0x00,0x00,0x00,0x00,0x00,0x00,0x00,0x01,0xff,0x00,0x00,0x01,0x5d,0x43,0x43,0x13,
    0x63,0x45,0x3a,0xee,0x66,0x48,0x3e,0xfd,0x57,0x37,0x2c,0xfe,0xb5,0xa6,0xa1,0xff,0xff,0xff,0xff,0xff,0xfb,0xf9,0xf9,0xff,
    0xfd,0xfc,0xfc,0xff,0xfd,0xfd,0xfc,0xff,0xfe,0xfd,0xfc,0xff,0xfe,0xfd,0xfd,0xff,0xfe,0xfd,0xfd,0xff,0xfe,0xfd,0xfd,0xff,
    0xfe,0xfd,0xfd,0xff,0xfe,0xfd,0xfd,0xff,0xfe,0xfd,0xfd,0xff,0xfd,0xfc,0xfc,0xff,0xf9,0xf8,0xf8,0xff,0xff,0xff,0xff,0xff,
    0xba,0xb8,0xb8,0xff,0x10,0x05,0x02,0xff,0x1c,0x12,0x0e,0xff,0x1a,0x10,0x0c,0xff,0x19,0x0f,0x0b,0xff,0x17,0x0d,0x0a,0xff,
    0x1b,0x10,0x0d,0xff,0x36,0x26,0x21,0xff,0x6c,0x52,0x49,0xff,0xb2,0x8a,0x7d,0xff,0xbe,0x95,0x86,0xff,0xb4,0x8d,0x7f,0xff,
    0xb6,0x8e,0x81,0xff,0xb6,0x8f,0x81,0xff,0xb6,0x8e,0x81,0xff,0xb4,0x8c,0x7f,0xff,0xae,0x88,0x7a,0xff,0xa5,0x7f,0x72,0xff,
    0x9a,0x76,0x69,0xff,0x97,0x73,0x66,0xff,0x79,0x58,0x4d,0xff,0x5f,0x41,0x37,0xff,0x63,0x44,0x3a,0xfc,0x67,0x48,0x3d,0xff,
    0x63,0x43,0x3b,0x40,0x00,0x00,0x00,0x00,0x55,0x55,0x55,0x03,0x00,0x00,0x00,0x00,0x00,0x00,0x00,0x00,0xaa,0x55,0x55,0x03,
    0x00,0x00,0x00,0x00,0x61,0x43,0x39,0x80,0x69,0x49,0x3e,0xff,0x63,0x46,0x3b,0xfb,0x5a,0x3a,0x2f,0xff,0xb7,0xa3,0x9d,0xff,
    0xff,0xff,0xff,0xff,0xfb,0xfa,0xf9,0xff,0xfd,0xfd,0xfc,0xff,0xfe,0xfd,0xfd,0xff,0xfe,0xfd,0xfd,0xff,0xfe,0xfd,0xfd,0xff,
    0xfe,0xfd,0xfd,0xff,0xfe,0xfd,0xfd,0xff,0xfe,0xfd,0xfd,0xff,0xfe,0xfd,0xfd,0xff,0xfc,0xfb,0xfb,0xff,0xfb,0xfa,0xfa,0xff,
    0xfa,0xf9,0xf9,0xff,0xfe,0xfd,0xfd,0xff,0xf3,0xf1,0xf1,0xff,0x3b,0x30,0x2c,0xff,0x1e,0x12,0x0d,0xff,0x25,0x19,0x15,0xff,
    0x24,0x18,0x13,0xff,0x24,0x18,0x14,0xff,0x24,0x17,0x13,0xff,0x1e,0x13,0x0f,0xff,0x16,0x0c,0x09,0xff,0x34,0x25,0x1f,0xff,
    0x98,0x76,0x6b,0xff,0xc1,0x98,0x8a,0xff,0xb5,0x8e,0x81,0xff,0xb7,0x90,0x82,0xff,0xb8,0x90,0x82,0xff,0xb7,0x90,0x82,0xff,
    0xb4,0x8d,0x80,0xff,0xad,0x87,0x7a,0xff,0xa3,0x7e,0x71,0xff,0x99,0x75,0x69,0xff,0x92,0x6f,0x63,0xff,0x69,0x4a,0x40,0xff,
    0x60,0x42,0x38,0xfc,0x67,0x48,0x3d,0xfe,0x61,0x44,0x39,0xbf,0x00,0x00,0x00,0x00,0x7f,0x7f,0x7f,0x02,0x00,0x00,0x00,0x00,
    0x00,0x00,0x00,0x01,0x00,0x00,0x00,0x01,0x59,0x3f,0x3f,0x14,0x63,0x45,0x3a,0xec,0x64,0x46,0x3c,0xfe,0x5f,0x42,0x39,0xfe,
    0x6f,0x4d,0x42,0xff,0xb1,0x96,0x8d,0xff,0xfe,0xfe,0xfe,0xff,0xfc,0xfc,0xfb,0xff,0xfd,0xfd,0xfc,0xff,0xfe,0xfd,0xfd,0xff,
    0xfe,0xfd,0xfd,0xff,0xfe,0xfd,0xfd,0xff,0xfe,0xfd,0xfd,0xff,0xfe,0xfd,0xfd,0xff,0xfd,0xfc,0xfc,0xff,0xfb,0xfa,0xfa,0xff,
    0xfb,0xfa,0xfa,0xff,0xfb,0xfa,0xfa,0xff,0xfb,0xfa,0xfa,0xff,0xf9,0xf8,0xf8,0xff,0xff,0xff,0xff,0xff,0x59,0x50,0x4d,0xff,
    0x17,0x0a,0x06,0xff,0x25,0x19,0x15,0xff,0x22,0x16,0x12,0xff,0x22,0x16,0x12,0xff,0x22,0x16,0x12,0xff,0x23,0x17,0x13,0xff,
    0x25,0x19,0x14,0xff,0x1d,0x12,0x0e,0xff,0x1d,0x12,0x0f,0xff,0x7f,0x62,0x58,0xff,0xc2,0x99,0x8c,0xff,0xb6,0x8f,0x82,0xff,
    0xb9,0x91,0x84,0xff,0xb9,0x91,0x84,0xff,0xb8,0x91,0x84,0xff,0xb4,0x8d,0x80,0xff,0xab,0x85,0x78,0xff,0x9f,0x7a,0x6e,0xff,
    0x99,0x75,0x69,0xff,0x80,0x5f,0x53,0xff,0x5f,0x41,0x37,0xff,0x62,0x44,0x3a,0xfd,0x66,0x47,0x3d,0xff,0x62,0x42,0x3a,0x41,
    0x00,0x00,0x00,0x00,0x55,0x55,0x55,0x03,0x7f,0x3f,0x3f,0x04,0x00,0x00,0x00,0x00,0x61,0x43,0x39,0x66,0x69,0x49,0x3f,0xff,
    0x62,0x43,0x39,0xfc,0x62,0x44,0x3b,0xff,0x8a,0x67,0x5c,0xff,0x9e,0x7b,0x6f,0xff,0xf1,0xec,0xea,0xff,0xfe,0xfe,0xfe,0xff,
    0xfd,0xfc,0xfc,0xff,0xfe,0xfd,0xfd,0xff,0xfe,0xfd,0xfd,0xff,0xfe,0xfd,0xfd,0xff,0xfe,0xfd,0xfd,0xff,0xfe,0xfd,0xfd,0xff,
    0xfb,0xfa,0xfa,0xff,0xfb,0xfa,0xfa,0xff,0xfb,0xfa,0xfa,0xff,0xfb,0xfa,0xfa,0xff,0xfb,0xfa,0xfa,0xff,0xf8,0xf7,0xf7,0xff,
    0xff,0xff,0xff,0xff,0x73,0x6c,0x69,0xff,0x14,0x08,0x03,0xff,0x25,0x19,0x15,0xff,0x22,0x16,0x12,0xff,0x22,0x16,0x12,0xff,
    0x22,0x16,0x12,0xff,0x22,0x16,0x12,0xff,0x22,0x16,0x12,0xff,0x24,0x18,0x14,0xff,0x22,0x16,0x12,0xff,0x18,0x0e,0x0a,0xff,
    0x8a,0x6c,0x61,0xff,0xc5,0x9c,0x8e,0xff,0xb7,0x91,0x84,0xff,0xba,0x93,0x86,0xff,0xba,0x93,0x86,0xff,0xb8,0x92,0x84,0xff,
    0xb2,0x8c,0x7e,0xff,0xa7,0x82,0x75,0xff,0x9b,0x78,0x6c,0xff,0x93,0x71,0x64,0xff,0x69,0x4a,0x40,0xff,0x60,0x42,0x38,0xfb,
    0x69,0x49,0x3e,0xff,0x61,0x43,0x3a,0xa7,0x00,0x00,0x00,0x00,0x7f,0x3f,0x3f,0x04,0x7f,0x7f,0x7f,0x02,0x7f,0x7f,0x7f,0x02,
    0x61,0x44,0x38,0xca,0x67,0x48,0x3d,0xfe,0x60,0x41,0x37,0xfc,0x6c,0x4e,0x43,0xff,0x98,0x75,0x69,0xff,0x99,0x73,0x66,0xff,
    0xdc,0xcd,0xc8,0xff,0xff,0xff,0xff,0xff,0xfd,0xfb,0xfb,0xff,0xfe,0xfd,0xfd,0xff,0xfe,0xfd,0xfd,0xff,0xfe,0xfd,0xfd,0xff,
    0xfe,0xfd,0xfd,0xff,0xfc,0xfb,0xfb,0xff,0xfb,0xfa,0xfa,0xff,0xfb,0xfa,0xfa,0xff,0xfb,0xfa,0xfa,0xff,0xfb,0xfa,0xfa,0xff,
    0xfb,0xfa,0xfa,0xff,0xf8,0xf7,0xf7,0xff,0xff,0xff,0xff,0xff,0x74,0x6c,0x6a,0xff,0x14,0x07,0x03,0xff,0x25,0x19,0x15,0xff,
    0x22,0x16,0x12,0xff,0x22,0x16,0x12,0xff,0x22,0x16,0x12,0xff,0x22,0x16,0x12,0xff,0x22,0x16,0x12,0xff,0x22,0x16,0x12,0xff,
    0x24,0x18,0x13,0xff,0x1f,0x14,0x10,0xff,0x28,0x1b,0x17,0xff,0xa9,0x85,0x79,0xff,0xc1,0x99,0x8b,0xff,0xba,0x94,0x87,0xff,
    0xbc,0x95,0x88,0xff,0xbb,0x95,0x87,0xff,0xb7,0x91,0x84,0xff,0xae,0x88,0x7b,0xff,0xa1,0x7d,0x70,0xff,0x9b,0x77,0x6b,0xff,
    0x78,0x58,0x4d,0xff,0x5e,0x40,0x37,0xfe,0x64,0x46,0x3b,0xfe,0x63,0x44,0x3a,0xf4,0x66,0x3d,0x3d,0x19,0x00,0x00,0x00,0x00,
    0x00,0x00,0x00,0x00,0x62,0x44,0x3a,0x1a,0x62,0x44,0x3a,0xf6,0x64,0x45,0x3b,0xff,0x5e,0x40,0x37,0xfe,0x7d,0x5d,0x52,0xff,
    0x9d,0x7a,0x6e,0xff,0xa1,0x7c,0x6f,0xff,0xba,0x9a,0x8e,0xff,0xfc,0xfa,0xfa,0xff,0xfe,0xfd,0xfd,0xff,0xfe,0xfd,0xfd,0xff,
    0xfe,0xfd,0xfd,0xff,0xfe,0xfd,0xfd,0xff,0xfd,0xfc,0xfc,0xff,0xfb,0xfa,0xfa,0xff,0xfb,0xfa,0xfa,0xff,0xfb,0xfa,0xfa,0xff,
    0xfb,0xfa,0xfa,0xff,0xfb,0xfa,0xfa,0xff,0xfb,0xfa,0xfa,0xff,0xfa,0xf9,0xf9,0xff,0xfd,0xfc,0xfc,0xff,0x55,0x4b,0x48,0xff,
    0x17,0x0b,0x07,0xff,0x25,0x19,0x15,0xff,0x22,0x16,0x12,0xff,0x22,0x16,0x12,0xff,0x22,0x16,0x12,0xff,0x22,0x16,0x12,0xff,
    0x22,0x16,0x12,0xff,0x22,0x16,0x12,0xff,0x22,0x16,0x12,0xff,0x25,0x19,0x14,0xff,0x18,0x0e,0x0b,0xff,0x4c,0x39,0x33,0xff,
    0xc2,0x9c,0x8e,0xff,0xbc,0x96,0x89,0xff,0xbd,0x97,0x89,0xff,0xbd,0x97,0x8a,0xff,0xbb,0x95,0x88,0xff,0xb3,0x8e,0x81,0xff,
    0xa7,0x82,0x76,0xff,0x9d,0x7a,0x6e,0xff,0x89,0x68,0x5c,0xff,0x61,0x43,0x39,0xff,0x63,0x43,0x39,0xfc,0x68,0x48,0x3e,0xff,
    0x64,0x43,0x3a,0x4f,0x00,0x00,0x00,0x00,0x00,0x00,0x00,0x00,0x61,0x42,0x3b,0x51,0x68,0x48,0x3e,0xff,0x62,0x43,0x39,0xfc,
    0x62,0x44,0x3a,0xff,0x8d,0x6c,0x60,0xff,0x9e,0x7b,0x6f,0xff,0xaa,0x87,0x7a,0xff,0xb1,0x8a,0x7c,0xff,0xdf,0xcd,0xc6,0xff,
    0xff,0xff,0xff,0xff,0xfd,0xfb,0xfb,0xff,0xfe,0xfd,0xfd,0xff,0xfe,0xfd,0xfd,0xff,0xfb,0xfa,0xfa,0xff,0xfb,0xfa,0xfa,0xff,
    0xfb,0xfa,0xfa,0xff,0xfb,0xfa,0xfa,0xff,0xfb,0xfa,0xfa,0xff,0xfb,0xfa,0xfa,0xff,0xfb,0xfa,0xfa,0xff,0xfd,0xfc,0xfc,0xff,
    0xf8,0xf7,0xf7,0xff,0x3c,0x32,0x2e,0xff,0x1c,0x10,0x0b,0xff,0x23,0x17,0x13,0xff,0x22,0x16,0x12,0xff,0x22,0x16,0x12,0xff,
    0x22,0x16,0x12,0xff,0x22,0x16,0x12,0xff,0x22,0x16,0x12,0xff,0x22,0x16,0x12,0xff,0x22,0x16,0x12,0xff,0x22,0x16,0x12,0xff,
    0x23,0x17,0x13,0xff,0x1c,0x10,0x0d,0xff,0x9d,0x7d,0x72,0xff,0xc6,0x9f,0x92,0xff,0xbd,0x97,0x8b,0xff,0xbe,0x99,0x8c,0xff,
    0xbe,0x99,0x8b,0xff,0xb8,0x93,0x86,0xff,0xac,0x89,0x7c,0xff,0xa0,0x7d,0x70,0xff,0x96,0x74,0x68,0xff,0x6a,0x4b,0x41,0xff,
    0x60,0x42,0x37,0xfb,0x69,0x4a,0x3f,0xff,0x62,0x44,0x3b,0x8e,0x00,0x00,0x00,0x00,0x00,0x00,0x00,0x00,0x62,0x43,0x39,0x84,
    0x6a,0x4a,0x3f,0xff,0x60,0x42,0x38,0xfb,0x68,0x4a,0x40,0xff,0x96,0x74,0x68,0xff,0xa1,0x7e,0x72,0xff,0xae,0x8a,0x7e,0xff,
    0xbb,0x96,0x89,0xff,0xbe,0x98,0x8a,0xff,0xec,0xe0,0xdc,0xff,0xff,0xff,0xff,0xff,0xfd,0xfb,0xfb,0xff,0xfc,0xfb,0xfb,0xff,
    0xfb,0xfa,0xfa,0xff,0xfb,0xfa,0xfa,0xff,0xfb,0xfa,0xfa,0xff,0xfb,0xfa,0xfa,0xff,0xfb,0xfa,0xfa,0xff,0xfb,0xfa,0xfa,0xff,
    0xf8,0xf6,0xf6,0xff,0xff,0xff,0xff,0xff,0xbc,0xb8,0xb6,0xff,0x1b,0x0e,0x0a,0xff,0x23,0x18,0x14,0xff,0x22,0x16,0x12,0xff,
    0x22,0x16,0x12,0xff,0x22,0x16,0x12,0xff,0x22,0x16,0x12,0xff,0x22,0x16,0x12,0xff,0x22,0x16,0x12,0xff,0x22,0x16,0x12,0xff,
    0x22,0x16,0x12,0xff,0x22,0x16,0x12,0xff,0x25,0x18,0x14,0xff,0x17,0x0d,0x0a,0xff,0x61,0x4b,0x44,0xff,0xca,0xa4,0x96,0xff,
    0xbd,0x99,0x8c,0xff,0xc0,0x9b,0x8e,0xff,0xc0,0x9b,0x8e,0xff,0xbc,0x97,0x8a,0xff,0xb1,0x8e,0x81,0xff,0xa3,0x80,0x74,0xff,
    0x9c,0x79,0x6e,0xff,0x73,0x54,0x49,0xff,0x5f,0x41,0x37,0xfc,0x68,0x49,0x3e,0xff,0x62,0x45,0x39,0xc0,0x7f,0x00,0x00,0x02,
    0x00,0x00,0x00,0x00,0x62,0x44,0x38,0xb3,0x68,0x49,0x3e,0xff,0x5f,0x41,0x37,0xfc,0x6f,0x50,0x46,0xff,0x9c,0x7a,0x6e,0xff,
    0xa4,0x81,0x76,0xff,0xb2,0x8e,0x83,0xff,0xbe,0x9a,0x8d,0xff,0xc1,0x9c,0x8f,0xff,0xc4,0xa0,0x94,0xff,0xf0,0xe8,0xe5,0xff,
    0xff,0xff,0xff,0xff,0xfb,0xfa,0xfa,0xff,0xf8,0xf7,0xf7,0xff,0xfa,0xf9,0xf9,0xff,0xfb,0xfa,0xfa,0xff,0xfb,0xfa,0xfa,0xff,
    0xfb,0xfa,0xfa,0xff,0xf8,0xf7,0xf7,0xff,0xf9,0xf8,0xf8,0xff,0xff,0xff,0xff,0xff,0x51,0x48,0x45,0xff,0x17,0x0b,0x06,0xff,
    0x25,0x19,0x15,0xff,0x22,0x16,0x12,0xff,0x22,0x16,0x12,0xff,0x22,0x16,0x12,0xff,0x22,0x16,0x12,0xff,0x22,0x16,0x12,0xff,
    0x22,0x16,0x12,0xff,0x22,0x16,0x12,0xff,0x22,0x16,0x12,0xff,0x22,0x16,0x12,0xff,0x23,0x18,0x13,0xff,0x1c,0x12,0x0e,0xff,
    0x39,0x2a,0x24,0xff,0xc2,0x9d,0x90,0xff,0xc2,0x9d,0x91,0xff,0xc1,0x9d,0x90,0xff,0xc2,0x9d,0x90,0xff,0xbf,0x9b,0x8e,0xff,
    0xb6,0x91,0x86,0xff,0xa7,0x84,0x79,0xff,0xa0,0x7d,0x71,0xff,0x7c,0x5c,0x52,0xff,0x5e,0x40,0x36,0xfe,0x65,0x46,0x3c,0xff,
    0x61,0x44,0x39,0xe6,0x5b,0x48,0x36,0x0e,0x66,0x33,0x33,0x05,0x62,0x44,0x39,0xc8,0x68,0x48,0x3d,0xff,0x5e,0x40,0x36,0xfd,
    0x79,0x5a,0x4f,0xff,0x9f,0x7d,0x71,0xff,0xa7,0x84,0x79,0xff,0xb6,0x93,0x86,0xff,0xc0,0x9c,0x90,0xff,0xc4,0xa0,0x94,0xff,
    0xc3,0x9d,0x90,0xff,0xc4,0xa0,0x94,0xff,0xe7,0xd9,0xd5,0xff,0xff,0xff,0xff,0xff,0xff,0xff,0xff,0xff,0xfd,0xfc,0xfc,0xff,
    0xfa,0xf9,0xf9,0xff,0xf9,0xf8,0xf8,0xff,0xfb,0xfa,0xfa,0xff,0xff,0xff,0xff,0xff,0xff,0xff,0xff,0xff,0x83,0x7d,0x7a,0xff,
    0x17,0x0b,0x06,0xff,0x25,0x19,0x15,0xff,0x22,0x16,0x12,0xff,0x22,0x16,0x12,0xff,0x22,0x16,0x12,0xff,0x22,0x16,0x12,0xff,
    0x22,0x16,0x12,0xff,0x22,0x16,0x12,0xff,0x22,0x16,0x12,0xff,0x22,0x16,0x12,0xff,0x22,0x16,0x12,0xff,0x22,0x16,0x12,0xff,
    0x23,0x17,0x13,0xff,0x21,0x15,0x11,0xff,0x26,0x1a,0x15,0xff,0xb0,0x8f,0x83,0xff,0xc8,0xa3,0x96,0xff,0xc2,0x9e,0x91,0xff,
    0xc3,0x9f,0x93,0xff,0xc2,0x9e,0x91,0xff,0xb9,0x96,0x89,0xff,0xab,0x88,0x7c,0xff,0xa1,0x7f,0x73,0xff,0x86,0x66,0x5b,0xff,
    0x5f,0x41,0x37,0xfe,0x64,0x45,0x3b,0xff,0x62,0x44,0x3a,0xf1,0x5f,0x47,0x37,0x20,0x5d,0x43,0x35,0x13,0x61,0x44,0x39,0xed,
    0x65,0x46,0x3c,0xff,0x5e,0x40,0x36,0xfe,0x7e,0x5e,0x54,0xff,0xa2,0x80,0x74,0xff,0xa9,0x87,0x7b,0xff,0xb9,0x96,0x8a,0xff,
    0xc3,0x9f,0x93,0xff,0xc5,0xa1,0x95,0xff,0xc5,0xa1,0x95,0xff,0xc9,0xa3,0x97,0xff,0xb7,0x93,0x87,0xff,0x5d,0x52,0x4e,0xff,
    0xb4,0xb0,0xaf,0xff,0xf3,0xf2,0xf2,0xff,0xff,0xff,0xff,0xff,0xff,0xff,0xff,0xff,0xfa,0xf9,0xf9,0xff,0xd5,0xd2,0xd2,0xff,
    0x6a,0x61,0x5f,0xff,0x16,0x09,0x05,0xff,0x24,0x18,0x14,0xff,0x22,0x16,0x12,0xff,0x22,0x16,0x12,0xff,0x22,0x16,0x12,0xff,
    0x22,0x16,0x12,0xff,0x22,0x16,0x12,0xff,0x22,0x16,0x12,0xff,0x22,0x16,0x12,0xff,0x22,0x16,0x12,0xff,0x22,0x16,0x12,0xff,
    0x22,0x16,0x12,0xff,0x22,0x16,0x12,0xff,0x22,0x16,0x12,0xff,0x24,0x17,0x13,0xff,0x1b,0x10,0x0c,0xff,0x9a,0x7d,0x72,0xff,
    0xcf,0xa9,0x9c,0xff,0xc3,0xa0,0x93,0xff,0xc5,0xa2,0x95,0xff,0xc4,0xa1,0x94,0xff,0xbc,0x99,0x8d,0xff,0xae,0x8b,0x7f,0xff,
    0xa3,0x81,0x75,0xff,0x8c,0x6b,0x60,0xff,0x5f,0x42,0x38,0xff,0x62,0x44,0x3a,0xfe,0x65,0x46,0x3c,0xff,0x63,0x46,0x3c,0x48,
    0x63,0x46,0x38,0x12,0x61,0x44,0x39,0xeb,0x65,0x46,0x3c,0xff,0x5d,0x40,0x36,0xfe,0x7d,0x5e,0x53,0xff,0xa3,0x82,0x76,0xff,
    0xab,0x89,0x7d,0xff,0xbb,0x98,0x8c,0xff,0xc5,0xa2,0x96,0xff,0xc7,0xa4,0x98,0xff,0xc6,0xa3,0x96,0xff,0xca,0xa6,0x9a,0xff,
    0xbd,0x9c,0x90,0xff,0x21,0x13,0x0e,0xff,0x17,0x0c,0x08,0xff,0x3a,0x2f,0x2b,0xff,0x54,0x4b,0x48,0xff,0x64,0x5b,0x58,0xff,
    0x48,0x3e,0x3b,0xff,0x22,0x16,0x12,0xff,0x15,0x08,0x04,0xff,0x25,0x19,0x15,0xff,0x22,0x16,0x12,0xff,0x22,0x16,0x12,0xff,
    0x22,0x16,0x12,0xff,0x22,0x16,0x12,0xff,0x22,0x16,0x12,0xff,0x22,0x16,0x12,0xff,0x22,0x16,0x12,0xff,0x22,0x16,0x12,0xff,
    0x22,0x16,0x12,0xff,0x22,0x16,0x12,0xff,0x22,0x16,0x12,0xff,0x22,0x16,0x12,0xff,0x22,0x16,0x12,0xff,0x24,0x17,0x13,0xff,
    0x1b,0x10,0x0c,0xff,0x9d,0x7f,0x75,0xff,0xd0,0xac,0x9f,0xff,0xc5,0xa2,0x96,0xff,0xc7,0xa4,0x98,0xff,0xc6,0xa3,0x96,0xff,
    0xbe,0x9b,0x8f,0xff,0xaf,0x8d,0x81,0xff,0xa5,0x83,0x77,0xff,0x8b,0x6b,0x60,0xff,0x5f,0x42,0x38,0xff,0x62,0x44,0x3a,0xfe,
    0x65,0x46,0x3c,0xff,0x62,0x45,0x3a,0x46,0x63,0x46,0x38,0x12,0x62,0x44,0x39,0xea,0x65,0x46,0x3c,0xff,0x5d,0x40,0x36,0xfe,
    0x7e,0x5f,0x54,0xff,0xa4,0x83,0x77,0xff,0xac,0x8b,0x7f,0xff,0xbc,0x9a,0x8e,0xff,0xc6,0xa4,0x98,0xff,0xc9,0xa6,0x9a,0xff,
    0xc8,0xa5,0x99,0xff,0xcc,0xa8,0x9c,0xff,0xbf,0x9e,0x92,0xff,0x32,0x24,0x20,0xff,0x20,0x15,0x11,0xff,0x1e,0x11,0x0d,0xff,
    0x18,0x0b,0x07,0xff,0x15,0x09,0x05,0xff,0x1a,0x0d,0x09,0xff,0x22,0x16,0x12,0xff,0x25,0x19,0x15,0xff,0x22,0x16,0x12,0xff,
    0x22,0x16,0x12,0xff,0x22,0x16,0x12,0xff,0x22,0x16,0x12,0xff,0x22,0x16,0x12,0xff,0x22,0x16,0x12,0xff,0x22,0x16,0x12,0xff,
    0x22,0x16,0x12,0xff,0x22,0x16,0x12,0xff,0x22,0x16,0x12,0xff,0x22,0x16,0x12,0xff,0x22,0x16,0x12,0xff,0x22,0x16,0x12,0xff,
    0x22,0x16,0x12,0xff,0x24,0x17,0x13,0xff,0x1c,0x11,0x0d,0xff,0xa0,0x83,0x79,0xff,0xd2,0xae,0xa1,0xff,0xc7,0xa4,0x98,0xff,
    0xc9,0xa6,0x9a,0xff,0xc8,0xa5,0x99,0xff,0xc0,0x9d,0x91,0xff,0xb0,0x8f,0x83,0xff,0xa6,0x85,0x79,0xff,0x8d,0x6d,0x61,0xff,
    0x5f,0x42,0x38,0xff,0x62,0x44,0x3a,0xfe,0x65,0x46,0x3c,0xff,0x63,0x46,0x3b,0x45,0x6b,0x43,0x35,0x13,0x61,0x44,0x39,0xef,
    0x65,0x46,0x3c,0xff,0x5d,0x40,0x36,0xfe,0x7d,0x5f,0x54,0xff,0xa5,0x84,0x78,0xff,0xad,0x8c,0x80,0xff,0xbd,0x9b,0x8f,0xff,
    0xc8,0xa6,0x9a,0xff,0xcb,0xa9,0x9d,0xff,0xcb,0xa9,0x9d,0xff,0xc9,0xa8,0x9c,0xff,0xd1,0xaf,0xa1,0xff,0x4a,0x39,0x33,0xff,
    0x1a,0x0f,0x0c,0xff,0x25,0x19,0x15,0xff,0x24,0x18,0x15,0xff,0x25,0x19,0x15,0xff,0x24,0x18,0x14,0xff,0x22,0x17,0x13,0xff,
    0x22,0x16,0x12,0xff,0x22,0x16,0x12,0xff,0x22,0x16,0x12,0xff,0x22,0x16,0x12,0xff,0x22,0x16,0x12,0xff,0x22,0x16,0x12,0xff,
    0x22,0x16,0x12,0xff,0x22,0x16,0x12,0xff,0x22,0x16,0x12,0xff,0x22,0x16,0x12,0xff,0x22,0x16,0x12,0xff,0x22,0x16,0x12,0xff,
    0x22,0x16,0x12,0xff,0x22,0x16,0x12,0xff,0x23,0x17,0x13,0xff,0x20,0x14,0x10,0xff,0x2b,0x1e,0x1a,0xff,0xbd,0x9d,0x91,0xff,
    0xcf,0xac,0x9f,0xff,0xca,0xa8,0x9c,0xff,0xcb,0xa9,0x9d,0xff,0xca,0xa7,0x9b,0xff,0xc0,0x9f,0x93,0xff,0xb1,0x8f,0x84,0xff,
    0xa6,0x85,0x7a,0xff,0x8c,0x6c,0x61,0xff,0x5f,0x41,0x38,0xff,0x62,0x44,0x3a,0xfe,0x66,0x47,0x3d,0xff,0x63,0x44,0x3a,0x4a,
    0x71,0x55,0x38,0x09,0x62,0x44,0x39,0xd2,0x67,0x48,0x3d,0xff,0x5e,0x40,0x36,0xfd,0x72,0x53,0x49,0xff,0xa3,0x83,0x78,0xff,
    0xad,0x8c,0x80,0xff,0xbd,0x9b,0x8f,0xff,0xc9,0xa7,0x9b,0xff,0xcd,0xab,0x9f,0xff,0xcd,0xab,0x9f,0xff,0xca,0xa9,0x9d,0xff,
    0xd9,0xb6,0xa9,0xff,0x6a,0x55,0x4e,0xff,0x15,0x0b,0x07,0xff,0x25,0x19,0x14,0xff,0x22,0x16,0x12,0xff,0x22,0x16,0x12,0xff,
    0x22,0x16,0x12,0xff,0x22,0x16,0x12,0xff,0x22,0x16,0x12,0xff,0x22,0x16,0x12,0xff,0x22,0x16,0x12,0xff,0x22,0x16,0x12,0xff,
    0x22,0x16,0x12,0xff,0x22,0x16,0x12,0xff,0x22,0x16,0x12,0xff,0x22,0x16,0x12,0xff,0x22,0x16,0x12,0xff,0x22,0x16,0x12,0xff,
    0x22,0x16,0x12,0xff,0x22,0x16,0x12,0xff,0x22,0x16,0x12,0xff,0x22,0x16,0x12,0xff,0x24,0x18,0x14,0xff,0x1b,0x10,0x0c,0xff,
    0x42,0x32,0x2c,0xff,0xd0,0xae,0xa2,0xff,0xcc,0xab,0x9f,0xff,0xcd,0xab,0x9f,0xff,0xcd,0xab,0x9f,0xff,0xca,0xa9,0x9d,0xff,
    0xc0,0x9f,0x93,0xff,0xb0,0x8f,0x84,0xff,0xa7,0x87,0x7b,0xff,0x80,0x62,0x57,0xff,0x5e,0x3f,0x36,0xfe,0x64,0x45,0x3b,0xff,
    0x62,0x44,0x3a,0xf5,0x62,0x45,0x39,0x2c,0x00,0x00,0x00,0x00,0x62,0x45,0x3a,0xb8,0x68,0x49,0x3e,0xff,0x5f,0x40,0x36,0xfc,
    0x6e,0x50,0x46,0xff,0xa1,0x82,0x77,0xff,0xab,0x8b,0x80,0xff,0xbb,0x9a,0x8f,0xff,0xc8,0xa8,0x9c,0xff,0xce,0xad,0xa2,0xff,
    0xce,0xae,0xa2,0xff,0xcc,0xac,0xa0,0xff,0xd8,0xb6,0xa9,0xff,0xa1,0x85,0x7b,0xff,0x1b,0x10,0x0d,0xff,0x24,0x17,0x13,0xff,
    0x22,0x16,0x12,0xff,0x22,0x16,0x12,0xff,0x22,0x16,0x12,0xff,0x22,0x16,0x12,0xff,0x22,0x16,0x12,0xff,0x22,0x16,0x12,0xff,
    0x22,0x16,0x12,0xff,0x22,0x16,0x12,0xff,0x22,0x16,0x12,0xff,0x22,0x16,0x12,0xff,0x22,0x16,0x12,0xff,0x22,0x16,0x12,0xff,
    0x22,0x16,0x12,0xff,0x22,0x16,0x12,0xff,0x22,0x16,0x12,0xff,0x22,0x16,0x12,0xff,0x22,0x16,0x12,0xff,0x22,0x16,0x12,0xff,
    0x25,0x19,0x14,0xff,0x16,0x0c,0x08,0xff,0x77,0x61,0x59,0xff,0xdb,0xb8,0xac,0xff,0xcc,0xab,0xa0,0xff,0xcf,0xae,0xa2,0xff,
    0xce,0xae,0xa2,0xff,0xcb,0xaa,0x9e,0xff,0xbf,0x9e,0x92,0xff,0xae,0x8e,0x82,0xff,0xa6,0x86,0x7b,0xff,0x7c,0x5d,0x53,0xff,
    0x5d,0x3f,0x36,0xfe,0x65,0x46,0x3c,0xff,0x61,0x44,0x39,0xeb,0x66,0x44,0x33,0x0f,0x00,0x00,0x00,0x00,0x62,0x44,0x3a,0x91,
    0x69,0x49,0x3f,0xff,0x61,0x43,0x39,0xfb,0x64,0x46,0x3c,0xff,0x99,0x7a,0x6f,0xff,0xab,0x8b,0x80,0xff,0xb8,0x98,0x8d,0xff,
    0xc7,0xa7,0x9c,0xff,0xcf,0xaf,0xa3,0xff,0xd0,0xb0,0xa4,0xff,0xd0,0xb0,0xa4,0xff,0xd0,0xb0,0xa4,0xff,0xd3,0xb2,0xa7,0xff,
    0x3d,0x2e,0x29,0xff,0x1c,0x10,0x0d,0xff,0x24,0x18,0x14,0xff,0x22,0x16,0x12,0xff,0x22,0x16,0x12,0xff,0x22,0x16,0x12,0xff,
    0x22,0x16,0x12,0xff,0x22,0x16,0x12,0xff,0x22,0x16,0x12,0xff,0x22,0x16,0x12,0xff,0x22,0x16,0x12,0xff,0x22,0x16,0x12,0xff,
    0x22,0x16,0x12,0xff,0x22,0x16,0x12,0xff,0x22,0x16,0x12,0xff,0x22,0x16,0x12,0xff,0x22,0x16,0x12,0xff,0x22,0x16,0x12,0xff,
    0x22,0x16,0x12,0xff,0x23,0x17,0x13,0xff,0x23,0x16,0x12,0xff,0x21,0x15,0x11,0xff,0xb9,0x9c,0x91,0xff,0xd6,0xb5,0xa9,0xff,
    0xcf,0xaf,0xa3,0xff,0xd0,0xb0,0xa4,0xff,0xd0,0xb0,0xa4,0xff,0xca,0xaa,0x9e,0xff,0xbd,0x9d,0x91,0xff,0xad,0x8d,0x82,0xff,
    0xa3,0x83,0x78,0xff,0x6e,0x50,0x46,0xff,0x5f,0x41,0x37,0xfd,0x67,0x48,0x3d,0xff,0x62,0x44,0x3a,0xca,0x55,0x55,0x2a,0x06,
    0x00,0x00,0x00,0x00,0x63,0x43,0x3b,0x5f,0x69,0x48,0x3e,0xff,0x62,0x43,0x3a,0xfc,0x5e,0x40,0x36,0xff,0x8d,0x6e,0x63,0xff,
    0xab,0x8b,0x81,0xff,0xb4,0x95,0x89,0xff,0xc5,0xa5,0x9a,0xff,0xd0,0xb0,0xa4,0xff,0xd3,0xb3,0xa7,0xff,0xd3,0xb3,0xa7,0xff,
    0xd0,0xb0,0xa5,0xff,0xdd,0xbc,0xb0,0xff,0x97,0x7e,0x75,0xff,0x16,0x0b,0x08,0xff,0x25,0x19,0x15,0xff,0x22,0x16,0x12,0xff,
    0x22,0x16,0x12,0xff,0x22,0x16,0x12,0xff,0x22,0x16,0x12,0xff,0x22,0x16,0x12,0xff,0x22,0x16,0x12,0xff,0x22,0x16,0x12,0xff,
    0x22,0x16,0x12,0xff,0x22,0x16,0x12,0xff,0x22,0x16,0x12,0xff,0x22,0x16,0x12,0xff,0x22,0x16,0x12,0xff,0x22,0x16,0x12,0xff,
    0x22,0x16,0x12,0xff,0x22,0x16,0x12,0xff,0x23,0x17,0x13,0xff,0x25,0x19,0x15,0xff,0x12,0x08,0x04,0xff,0x6c,0x58,0x51,0xff,
    0xdd,0xbc,0xb0,0xff,0xd0,0xb0,0xa5,0xff,0xd3,0xb3,0xa7,0xff,0xd2,0xb2,0xa7,0xff,0xd1,0xb1,0xa5,0xff,0xc8,0xa8,0x9d,0xff,
    0xb9,0x99,0x8e,0xff,0xac,0x8c,0x81,0xff,0x9b,0x7c,0x71,0xff,0x64,0x46,0x3c,0xff,0x61,0x43,0x39,0xfb,0x69,0x49,0x3f,0xff,
    0x61,0x44,0x3a,0x9d,0x00,0x00,0x00,0x00,0x00,0x00,0x00,0x00,0x67,0x44,0x3e,0x25,0x63,0x45,0x3b,0xfa,0x63,0x45,0x3b,0xfe,
    0x5e,0x40,0x36,0xff,0x79,0x5a,0x50,0xff,0xa8,0x89,0x7e,0xff,0xb0,0x91,0x86,0xff,0xc1,0xa2,0x96,0xff,0xce,0xae,0xa3,0xff,
    0xd4,0xb5,0xa9,0xff,0xd4,0xb5,0xa9,0xff,0xd4,0xb5,0xa9,0xff,0xd3,0xb3,0xa8,0xff,0xdf,0xbe,0xb2,0xff,0x66,0x53,0x4c,0xff,
    0x13,0x09,0x05,0xff,0x27,0x1b,0x16,0xff,0x22,0x16,0x12,0xff,0x22,0x16,0x12,0xff,0x22,0x16,0x12,0xff,0x22,0x16,0x12,0xff,
    0x22,0x16,0x12,0xff,0x22,0x16,0x12,0xff,0x22,0x16,0x12,0xff,0x22,0x16,0x12,0xff,0x22,0x16,0x12,0xff,0x22,0x16,0x12,0xff,
    0x22,0x16,0x12,0xff,0x22,0x16,0x12,0xff,0x22,0x16,0x12,0xff,0x23,0x17,0x13,0xff,0x21,0x15,0x10,0xff,0x1b,0x0f,0x0c,0xff,
    0x46,0x36,0x31,0xff,0xd0,0xb0,0xa4,0xff,0xd6,0xb7,0xab,0xff,0xd4,0xb4,0xa8,0xff,0xd4,0xb5,0xa9,0xff,0xd5,0xb5,0xa9,0xff,
    0xd0,0xb1,0xa5,0xff,0xc5,0xa5,0x9a,0xff,0xb4,0x95,0x8a,0xff,0xab,0x8c,0x81,0xff,0x88,0x6a,0x5f,0xff,0x5e,0x40,0x36,0xff,
    0x62,0x43,0x3a,0xfc,0x69,0x48,0x3e,0xff,0x61,0x43,0x3b,0x5e,0x00,0x00,0x00,0x00,0x00,0x00,0x00,0x01,0x66,0x33,0x33,0x05,
    0x61,0x43,0x39,0xdb,0x66,0x47,0x3c,0xff,0x61,0x43,0x39,0xfd,0x64,0x46,0x3c,0xff,0x9d,0x7f,0x74,0xff,0xae,0x8f,0x85,0xff,
    0xbb,0x9c,0x91,0xff,0xca,0xab,0xa0,0xff,0xd4,0xb5,0xaa,0xff,0xd6,0xb7,0xac,0xff,0xd6,0xb7,0xac,0xff,0xd5,0xb6,0xab,0xff,
    0xd8,0xb9,0xae,0xff,0xd4,0xb6,0xaa,0xff,0x45,0x35,0x30,0xff,0x13,0x09,0x05,0xff,0x26,0x1a,0x16,0xff,0x23,0x17,0x13,0xff,
    0x22,0x16,0x12,0xff,0x22,0x16,0x12,0xff,0x22,0x16,0x12,0xff,0x22,0x16,0x12,0xff,0x22,0x16,0x12,0xff,0x22,0x16,0x12,0xff,
    0x22,0x16,0x12,0xff,0x22,0x16,0x12,0xff,0x22,0x16,0x12,0xff,0x22,0x16,0x12,0xff,0x23,0x17,0x13,0xff,0x21,0x15,0x11,0xff,
    0x30,0x25,0x22,0xff,0x76,0x6e,0x6b,0xff,0xd8,0xc7,0xc1,0xff,0xe2,0xc7,0xbe,0xff,0xd3,0xb4,0xa8,0xff,0xd6,0xb7,0xac,0xff,
    0xd6,0xb7,0xac,0xff,0xd5,0xb6,0xab,0xff,0xcd,0xae,0xa3,0xff,0xbf,0xa1,0x95,0xff,0xaf,0x91,0x86,0xff,0xa7,0x88,0x7d,0xff,
    0x6f,0x51,0x47,0xff,0x5f,0x41,0x37,0xff,0x63,0x45,0x3b,0xfe,0x64,0x44,0x3a,0xfc,0x60,0x44,0x3e,0x25,0x00,0x00,0x00,0x00,
    0x7f,0x3f,0x3f,0x04,0x00,0x00,0x00,0x00,0x61,0x45,0x39,0x80,0x69,0x49,0x3e,0xff,0x62,0x45,0x3a,0xfb,0x5e,0x40,0x36,0xff,
    0x82,0x64,0x5a,0xff,0xad,0x8e,0x83,0xff,0xb4,0x95,0x8a,0xff,0xc4,0xa6,0x9b,0xff,0xd1,0xb3,0xa7,0xff,0xd7,0xb9,0xad,0xff,
    0xd8,0xb9,0xae,0xff,0xd8,0xba,0xae,0xff,0xd6,0xb8,0xac,0xff,0xdd,0xbe,0xb2,0xff,0xd0,0xb2,0xa7,0xff,0x51,0x41,0x3b,0xff,
    0x14,0x09,0x06,0xff,0x22,0x16,0x12,0xff,0x26,0x19,0x15,0xff,0x23,0x17,0x13,0xff,0x22,0x16,0x12,0xff,0x22,0x16,0x12,0xff,
    0x22,0x16,0x12,0xff,0x22,0x16,0x12,0xff,0x22,0x16,0x12,0xff,0x22,0x16,0x12,0xff,0x23,0x17,0x13,0xff,0x25,0x19,0x14,0xff,
    0x24,0x18,0x14,0xff,0x17,0x0c,0x08,0xff,0x7e,0x76,0x72,0xff,0xdd,0xcf,0xc9,0xff,0xee,0xdc,0xd6,0xff,0xe7,0xd6,0xd0,0xff,
    0xdb,0xbf,0xb4,0xff,0xd7,0xb8,0xad,0xff,0xd8,0xba,0xae,0xff,0xd3,0xb5,0xaa,0xff,0xc8,0xaa,0x9e,0xff,0xb8,0x99,0x8e,0xff,
    0xae,0x90,0x85,0xff,0x93,0x74,0x6a,0xff,0x60,0x42,0x38,0xff,0x62,0x44,0x3a,0xfc,0x67,0x48,0x3d,0xfe,0x61,0x44,0x39,0xbf,
    0x7f,0x00,0x00,0x02,0x55,0x55,0x55,0x03,0x00,0x00,0x00,0x02,0x00,0x00,0x00,0x00,0x5e,0x41,0x3a,0x23,0x64,0x45,0x3b,0xf8,
    0x63,0x44,0x3a,0xfe,0x61,0x43,0x39,0xfe,0x66,0x48,0x3e,0xff,0xa1,0x83,0x79,0xff,0xaf,0x91,0x86,0xff,0xbc,0x9e,0x93,0xff,
    0xcb,0xad,0xa2,0xff,0xd6,0xb8,0xad,0xff,0xda,0xbc,0xb0,0xff,0xda,0xbc,0xb0,0xff,0xda,0xbc,0xb1,0xff,0xd8,0xba,0xaf,0xff,
    0xdd,0xbe,0xb3,0xff,0xe1,0xc2,0xb7,0xff,0x7e,0x69,0x62,0xff,0x21,0x15,0x11,0xff,0x14,0x09,0x06,0xff,0x1d,0x12,0x0e,0xff,
    0x23,0x17,0x13,0xff,0x25,0x18,0x14,0xff,0x25,0x19,0x15,0xff,0x25,0x19,0x15,0xff,0x25,0x19,0x15,0xff,0x23,0x17,0x13,0xff,
    0x1f,0x14,0x10,0xff,0x16,0x0c,0x08,0xff,0x17,0x0c,0x08,0xff,0x64,0x52,0x4c,0xff,0xe5,0xd4,0xcd,0xff,0xee,0xdd,0xd7,0xff,
    0xe7,0xd6,0xd0,0xff,0xeb,0xda,0xd5,0xff,0xdd,0xc2,0xb8,0xff,0xd9,0xba,0xaf,0xff,0xd7,0xb9,0xae,0xff,0xce,0xb0,0xa5,0xff,
    0xc0,0xa2,0x97,0xff,0xb0,0x92,0x88,0xff,0xaa,0x8c,0x81,0xff,0x73,0x55,0x4a,0xff,0x5e,0x40,0x37,0xff,0x62,0x44,0x3a,0xfc,
    0x68,0x49,0x3e,0xff,0x60,0x44,0x38,0x5a,0x00,0x00,0x00,0x00,0x7f,0x3f,0x3f,0x04,0x00,0x00,0x00,0x00,0x55,0x55,0x55,0x03,
    0x00,0x00,0x00,0x00,0x60,0x44,0x39,0xa1,0x68,0x48,0x3e,0xff,0x62,0x44,0x3a,0xfc,0x5e,0x3f,0x36,0xff,0x7e,0x60,0x56,0xff,
    0xad,0x90,0x85,0xff,0xb3,0x96,0x8a,0xff,0xc3,0xa5,0x9a,0xff,0xd0,0xb3,0xa7,0xff,0xd9,0xbb,0xb0,0xff,0xdb,0xbe,0xb3,0xff,
    0xdb,0xbe,0xb2,0xff,0xdb,0xbe,0xb3,0xff,0xda,0xbd,0xb1,0xff,0xda,0xbd,0xb2,0xff,0xe8,0xca,0xbe,0xff,0xbe,0xa4,0x99,0xff,
    0x74,0x61,0x59,0xff,0x36,0x28,0x23,0xff,0x1e,0x12,0x0f,0xff,0x16,0x0b,0x08,0xff,0x14,0x09,0x06,0xff,0x14,0x09,0x06,0xff,
    0x15,0x0a,0x07,0xff,0x1b,0x10,0x0c,0xff,0x2c,0x1f,0x1b,0xff,0x63,0x51,0x4a,0xff,0xac,0x94,0x8a,0xff,0xe3,0xc4,0xb8,0xff,
    0xe3,0xca,0xc0,0xff,0xea,0xd9,0xd3,0xff,0xec,0xdc,0xd6,0xff,0xe4,0xce,0xc5,0xff,0xdb,0xbd,0xb2,0xff,0xda,0xbd,0xb1,0xff,
    0xd2,0xb5,0xaa,0xff,0xc6,0xa8,0x9d,0xff,0xb6,0x99,0x8e,0xff,0xaf,0x92,0x87,0xff,0x8e,0x71,0x66,0xff,0x5e,0x40,0x37,0xff,
    0x62,0x44,0x3a,0xfd,0x65,0x46,0x3c,0xfe,0x61,0x44,0x39,0xd8,0x5f,0x3f,0x3f,0x08,0xff,0xff,0xff,0x01,0x00,0x00,0x00,0x00,
    0x00,0x00,0x00,0x00,0x7f,0x7f,0x7f,0x02,0x00,0x00,0x00,0x01,0x62,0x41,0x3a,0x27,0x64,0x46,0x3b,0xfb,0x63,0x44,0x3a,0xfc,
    0x62,0x44,0x3a,0xfe,0x5f,0x41,0x37,0xff,0x94,0x76,0x6c,0xff,0xb0,0x93,0x88,0xff,0xb7,0x9a,0x8f,0xff,0xc6,0xa9,0x9e,0xff,
    0xd2,0xb6,0xaa,0xff,0xda,0xbd,0xb2,0xff,0xdd,0xc0,0xb4,0xff,0xdd,0xc0,0xb4,0xff,0xdd,0xc0,0xb5,0xff,0xdc,0xc0,0xb4,0xff,
    0xda,0xbd,0xb2,0xff,0xe3,0xc6,0xba,0xff,0xea,0xcc,0xc0,0xff,0xd6,0xba,0xaf,0xff,0xb8,0x9f,0x95,0xff,0x94,0x7e,0x76,0xff,
    0x7d,0x69,0x61,0xff,0x7e,0x6a,0x62,0xff,0x8b,0x75,0x6d,0xff,0xb1,0x98,0x8e,0xff,0xce,0xb3,0xa8,0xff,0xe7,0xca,0xbe,0xff,
    0xe7,0xc9,0xbd,0xff,0xdb,0xbe,0xb3,0xff,0xdb,0xbe,0xb2,0xff,0xdf,0xc5,0xba,0xff,0xe0,0xc6,0xbc,0xff,0xdc,0xbf,0xb3,0xff,
    0xdb,0xbe,0xb3,0xff,0xd5,0xb8,0xad,0xff,0xc9,0xad,0xa1,0xff,0xbb,0x9e,0x93,0xff,0xb0,0x93,0x88,0xff,0xa2,0x84,0x79,0xff,
    0x66,0x48,0x3e,0xff,0x61,0x43,0x39,0xff,0x62,0x44,0x39,0xfb,0x69,0x49,0x3e,0xff,0x60,0x43,0x3b,0x5f,0x00,0x00,0x00,0x00,
    0x55,0x55,0x55,0x03,0x00,0x00,0x00,0x00,0x00,0x00,0x00,0x00,0x00,0x00,0x00,0x00,0x55,0x55,0x55,0x03,0x00,0x00,0x00,0x00,
    0x62,0x43,0x38,0x94,0x69,0x49,0x3e,0xff,0x62,0x44,0x39,0xfb,0x61,0x43,0x39,0xff,0x67,0x49,0x3f,0xff,0xa3,0x85,0x7b,0xff,
    0xb1,0x95,0x8a,0xff,0xba,0x9d,0x92,0xff,0xc8,0xac,0xa1,0xff,0xd4,0xb7,0xac,0xff,0xdb,0xbf,0xb4,0xff,0xde,0xc1,0xb6,0xff,
    0xde,0xc2,0xb7,0xff,0xde,0xc1,0xb6,0xff,0xde,0xc2,0xb7,0xff,0xdd,0xc0,0xb5,0xff,0xdb,0xbf,0xb4,0xff,0xe0,0xc3,0xb8,0xff,
    0xe6,0xc9,0xbe,0xff,0xeb,0xcd,0xc1,0xff,0xec,0xce,0xc3,0xff,0xec,0xce,0xc3,0xff,0xeb,0xcd,0xc2,0xff,0xe8,0xca,0xbf,0xff,
    0xe2,0xc5,0xba,0xff,0xdc,0xbf,0xb4,0xff,0xdc,0xbf,0xb5,0xff,0xde,0xc1,0xb6,0xff,0xde,0xc2,0xb7,0xff,0xde,0xc1,0xb5,0xff,
    0xdd,0xc0,0xb5,0xff,0xdc,0xc0,0xb5,0xff,0xd6,0xb9,0xae,0xff,0xcc,0xaf,0xa4,0xff,0xbe,0xa1,0x96,0xff,0xb2,0x94,0x8a,0xff,
    0xac,0x8f,0x85,0xff,0x73,0x56,0x4b,0xff,0x5e,0x40,0x36,0xff,0x63,0x44,0x3a,0xfc,0x66,0x47,0x3c,0xff,0x61,0x44,0x3a,0xce,
    0x48,0x48,0x48,0x07,0x7f,0x7f,0x7f,0x02,0x00,0x00,0x00,0x01,0x00,0x00,0x00,0x00,0x00,0x00,0x00,0x00,0x00,0x00,0x00,0x00,
    0x00,0x00,0x00,0x01,0x7f,0x7f,0x7f,0x02,0x62,0x3a,0x3a,0x0d,0x63,0x45,0x3a,0xdd,0x65,0x46,0x3c,0xfe,0x62,0x44,0x3a,0xfd,
    0x5f,0x41,0x37,0xff,0x6e,0x51,0x47,0xff,0xa6,0x89,0x7f,0xff,0xb2,0x95,0x8b,0xff,0xbb,0x9e,0x93,0xff,0xc8,0xac,0xa1,0xff,
    0xd3,0xb7,0xac,0xff,0xdb,0xbe,0xb4,0xff,0xde,0xc2,0xb7,0xff,0xe0,0xc3,0xb9,0xff,0xe0,0xc3,0xb8,0xff,0xdf,0xc3,0xb8,0xff,
    0xdf,0xc3,0xb8,0xff,0xdf,0xc3,0xb8,0xff,0xde,0xc2,0xb7,0xff,0xdd,0xc1,0xb6,0xff,0xdc,0xc0,0xb6,0xff,0xdc,0xc0,0xb6,0xff,
    0xdd,0xc1,0xb6,0xff,0xdd,0xc1,0xb7,0xff,0xdf,0xc2,0xb8,0xff,0xdf,0xc3,0xb8,0xff,0xdf,0xc3,0xb8,0xff,0xdf,0xc3,0xb8,0xff,
    0xe0,0xc3,0xb9,0xff,0xdf,0xc3,0xb8,0xff,0xdc,0xc0,0xb5,0xff,0xd5,0xb9,0xae,0xff,0xcb,0xaf,0xa4,0xff,0xbe,0xa2,0x97,0xff,
    0xb3,0x96,0x8b,0xff,0xae,0x91,0x86,0xff,0x7c,0x5f,0x55,0xff,0x5e,0x40,0x36,0xff,0x63,0x45,0x3b,0xfe,0x63,0x45,0x3a,0xfb,
    0x65,0x46,0x3b,0xfc,0x62,0x43,0x39,0x31,0x00,0x00,0x00,0x00,0x7f,0x7f,0x7f,0x02,0x00,0x00,0x00,0x00,0x00,0x00,0x00,0x00,
    0x00,0x00,0x00,0x00,0x00,0x00,0x00,0x00,0x00,0x00,0x00,0x00,0x7f,0x7f,0x7f,0x02,0x00,0x00,0x00,0x00,0x5f,0x3f,0x3b,0x38,
    0x65,0x46,0x3b,0xfd,0x63,0x44,0x3a,0xfc,0x63,0x45,0x3b,0xfe,0x5e,0x40,0x36,0xff,0x6f,0x51,0x47,0xff,0xa7,0x8a,0x80,0xff,
    0xb3,0x96,0x8c,0xff,0xb9,0x9c,0x92,0xff,0xc5,0xa9,0x9f,0xff,0xd0,0xb4,0xa9,0xff,0xd8,0xbc,0xb1,0xff,0xdd,0xc2,0xb7,0xff,
    0xe0,0xc4,0xb9,0xff,0xe1,0xc5,0xba,0xff,0xe1,0xc5,0xba,0xff,0xe1,0xc5,0xba,0xff,0xe0,0xc5,0xba,0xff,0xe0,0xc5,0xba,0xff,
    0xe0,0xc5,0xba,0xff,0xe0,0xc5,0xba,0xff,0xe0,0xc5,0xba,0xff,0xe0,0xc5,0xba,0xff,0xe0,0xc5,0xba,0xff,0xe1,0xc5,0xba,0xff,
    0xe1,0xc5,0xba,0xff,0xe0,0xc4,0xb9,0xff,0xde,0xc2,0xb7,0xff,0xda,0xbe,0xb3,0xff,0xd2,0xb6,0xab,0xff,0xc8,0xac,0xa1,0xff,
    0xbc,0xa0,0x95,0xff,0xb3,0x96,0x8b,0xff,0xae,0x91,0x87,0xff,0x7d,0x5f,0x55,0xff,0x5d,0x3e,0x34,0xff,0x63,0x45,0x3b,0xff,
    0x61,0x43,0x3a,0xfa,0x6a,0x4a,0x3f,0xff,0x5f,0x42,0x38,0x70,0x00,0x00,0x00,0x00,0x55,0x55,0x55,0x03,0x00,0x00,0x00,0x00,
    0x00,0x00,0x00,0x00,0x00,0x00,0x00,0x00,0x00,0x00,0x00,0x00,0x00,0x00,0x00,0x00,0x00,0x00,0x00,0x00,0x00,0x00,0x00,0x00,
    0x55,0x55,0x55,0x03,0x00,0x00,0x00,0x00,0x60,0x42,0x38,0x67,0x69,0x49,0x3e,0xff,0x62,0x44,0x39,0xfb,0x63,0x45,0x3b,0xff,
    0x5e,0x40,0x36,0xff,0x6f,0x51,0x47,0xff,0xa4,0x88,0x7d,0xff,0xb3,0x97,0x8c,0xff,0xb6,0x9a,0x8f,0xff,0xc0,0xa4,0x9a,0xff,
    0xcb,0xaf,0xa4,0xff,0xd2,0xb7,0xac,0xff,0xd9,0xbd,0xb3,0xff,0xdd,0xc2,0xb7,0xff,0xdf,0xc4,0xb9,0xff,0xe1,0xc5,0xba,0xff,
    0xe1,0xc6,0xbb,0xff,0xe2,0xc6,0xbb,0xff,0xe1,0xc6,0xbb,0xff,0xe1,0xc6,0xbb,0xff,0xe2,0xc6,0xbb,0xff,0xe1,0xc6,0xbb,0xff,
    0xe1,0xc6,0xbb,0xff,0xe0,0xc5,0xba,0xff,0xde,0xc2,0xb7,0xff,0xda,0xbf,0xb4,0xff,0xd5,0xb9,0xae,0xff,0xcd,0xb1,0xa6,0xff,
    0xc3,0xa7,0x9c,0xff,0xb8,0x9c,0x91,0xff,0xb3,0x97,0x8c,0xff,0xac,0x90,0x85,0xff,0x7d,0x5f,0x55,0xff,0x5c,0x3f,0x35,0xff,
    0x63,0x45,0x3b,0xff,0x61,0x43,0x39,0xfa,0x6a,0x49,0x3f,0xff,0x62,0x44,0x39,0xa0,0x00,0x00,0x00,0x00,0x7f,0x3f,0x3f,0x04,
    0x00,0x00,0x00,0x00,0x00,0x00,0x00,0x00,0x00,0x00,0x00,0x00,0x00,0x00,0x00,0x00,0x00,0x00,0x00,0x00,0x00,0x00,0x00,0x00,
    0x00,0x00,0x00,0x00,0x00,0x00,0x00,0x00,0x00,0x00,0x00,0x00,0x7f,0x3f,0x3f,0x04,0x00,0x00,0x00,0x00,0x61,0x43,0x39,0x98,
    0x6a,0x4a,0x3f,0xff,0x61,0x44,0x3a,0xfa,0x63,0x45,0x3b,0xfe,0x5f,0x41,0x37,0xff,0x67,0x49,0x3f,0xff,0x91,0x74,0x6a,0xff,
    0xb1,0x94,0x8a,0xff,0xb5,0x99,0x8e,0xff,0xb9,0x9d,0x93,0xff,0xc2,0xa6,0x9b,0xff,0xca,0xae,0xa4,0xff,0xd1,0xb5,0xaa,0xff,
    0xd5,0xba,0xaf,0xff,0xd9,0xbd,0xb3,0xff,0xdc,0xc0,0xb5,0xff,0xdd,0xc2,0xb7,0xff,0xde,0xc2,0xb7,0xff,0xde,0xc2,0xb7,0xff,
    0xdd,0xc2,0xb7,0xff,0xdc,0xc1,0xb6,0xff,0xda,0xbf,0xb4,0xff,0xd7,0xbb,0xb1,0xff,0xd2,0xb6,0xac,0xff,0xcc,0xb0,0xa5,0xff,
    0xc4,0xa8,0x9e,0xff,0xbb,0x9f,0x95,0xff,0xb6,0x99,0x8f,0xff,0xb3,0x97,0x8c,0xff,0x9c,0x7f,0x75,0xff,0x6f,0x51,0x47,0xff,
    0x5e,0x40,0x36,0xff,0x63,0x45,0x3b,0xff,0x61,0x43,0x3a,0xfa,0x68,0x48,0x3e,0xff,0x63,0x45,0x3b,0xca,0x66,0x33,0x33,0x0a,
    0x7f,0x7f,0x7f,0x02,0x00,0x00,0x00,0x01,0x00,0x00,0x00,0x00,0x00,0x00,0x00,0x00,0x00,0x00,0x00,0x00,0x00,0x00,0x00,0x00,
    0x00,0x00,0x00,0x00,0x00,0x00,0x00,0x00,0x00,0x00,0x00,0x00,0x00,0x00,0x00,0x00,0x00,0x00,0x00,0x00,0x00,0x00,0x00,0x01,
    0x7f,0x3f,0x3f,0x04,0x00,0x00,0x00,0x00,0x63,0x43,0x39,0x9a,0x6a,0x4a,0x3f,0xff,0x62,0x43,0x39,0xfc,0x62,0x44,0x3a,0xfd,
    0x61,0x43,0x39,0xff,0x5e,0x40,0x36,0xff,0x7a,0x5c,0x52,0xff,0xa0,0x83,0x79,0xff,0xb2,0x96,0x8b,0xff,0xb6,0x9a,0x90,0xff,
    0xb8,0x9d,0x92,0xff,0xbe,0xa2,0x97,0xff,0xc3,0xa8,0x9d,0xff,0xc8,0xad,0xa2,0xff,0xcb,0xb0,0xa6,0xff,0xce,0xb3,0xa8,0xff,
    0xcf,0xb4,0xa9,0xff,0xcf,0xb4,0xa9,0xff,0xce,0xb3,0xa9,0xff,0xcc,0xb1,0xa6,0xff,0xc9,0xad,0xa3,0xff,0xc5,0xa9,0x9f,0xff,
    0xbf,0xa3,0x99,0xff,0xba,0x9e,0x93,0xff,0xb6,0x9a,0x90,0xff,0xb4,0x98,0x8d,0xff,0xa6,0x89,0x7f,0xff,0x84,0x67,0x5d,0xff,
    0x61,0x43,0x39,0xff,0x5f,0x41,0x37,0xff,0x63,0x45,0x3b,0xfe,0x61,0x44,0x39,0xfb,0x6a,0x49,0x3e,0xff,0x64,0x45,0x3b,0xc9,
    0x5a,0x3c,0x3c,0x11,0x00,0x00,0x00,0x00,0x7f,0x00,0x00,0x02,0x00,0x00,0x00,0x00,0x00,0x00,0x00,0x00,0x00,0x00,0x00,0x00,
    0x00,0x00,0x00,0x00,0x00,0x00,0x00,0x00,0x00,0x00,0x00,0x00,0x00,0x00,0x00,0x00,0x00,0x00,0x00,0x00,0x00,0x00,0x00,0x00,
    0x00,0x00,0x00,0x00,0x00,0x00,0x00,0x00,0x00,0x00,0x00,0x01,0x7f,0x7f,0x7f,0x02,0x00,0x00,0x00,0x00,0x64,0x44,0x3b,0x70,
    0x66,0x47,0x3c,0xff,0x64,0x46,0x3b,0xff,0x62,0x44,0x39,0xfb,0x63,0x45,0x3b,0xff,0x5e,0x40,0x36,0xff,0x62,0x44,0x3a,0xff,
    0x7d,0x60,0x56,0xff,0x9b,0x7e,0x74,0xff,0xae,0x92,0x87,0xff,0xb5,0x99,0x8e,0xff,0xb7,0x9b,0x90,0xff,0xb8,0x9c,0x92,0xff,
    0xba,0x9e,0x93,0xff,0xbb,0x9f,0x94,0xff,0xbc,0xa0,0x96,0xff,0xbc,0xa0,0x96,0xff,0xbb,0x9f,0x95,0xff,0xba,0x9e,0x94,0xff,
    0xb9,0x9d,0x92,0xff,0xb7,0x9b,0x91,0xff,0xb6,0x9a,0x8f,0xff,0xb1,0x95,0x8a,0xff,0xa1,0x84,0x7a,0xff,0x85,0x68,0x5e,0xff,
    0x66,0x49,0x3e,0xff,0x5d,0x3f,0x35,0xff,0x62,0x44,0x3a,0xff,0x63,0x44,0x3a,0xfc,0x62,0x44,0x3a,0xfe,0x6a,0x4a,0x3f,0xff,
    0x64,0x45,0x3c,0x9d,0x62,0x3a,0x3a,0x0d,0x00,0x00,0x00,0x00,0x7f,0x7f,0x7f,0x02,0x00,0x00,0x00,0x00,0x00,0x00,0x00,0x00,
    0x00,0x00,0x00,0x00,0x00,0x00,0x00,0x00,0x00,0x00,0x00,0x00,0x00,0x00,0x00,0x00,0x00,0x00,0x00,0x00,0x00,0x00,0x00,0x00,
    0x00,0x00,0x00,0x00,0x00,0x00,0x00,0x00,0x00,0x00,0x00,0x00,0x00,0x00,0x00,0x00,0x00,0x00,0x00,0x00,0x00,0x00,0x00,0x01,
    0x7f,0x7f,0x7f,0x02,0x00,0x00,0x00,0x00,0x60,0x44,0x39,0x47,0x63,0x45,0x3b,0xe6,0x69,0x49,0x3e,0xff,0x61,0x43,0x39,0xfd,
    0x63,0x44,0x3a,0xfc,0x62,0x44,0x3a,0xff,0x5d,0x3f,0x35,0xff,0x60,0x42,0x38,0xff,0x72,0x54,0x4a,0xff,0x86,0x69,0x5f,0xff,
    0x97,0x7b,0x71,0xff,0xa5,0x89,0x7e,0xff,0xac,0x8f,0x85,0xff,0xb1,0x94,0x8a,0xff,0xb0,0x94,0x8a,0xff,0xb0,0x94,0x8a,0xff,
    0xb1,0x95,0x8b,0xff,0xad,0x91,0x87,0xff,0xa7,0x8a,0x80,0xff,0x9c,0x7f,0x75,0xff,0x8a,0x6d,0x63,0xff,0x77,0x5a,0x50,0xff,
    0x63,0x45,0x3b,0xff,0x5d,0x3f,0x35,0xff,0x61,0x43,0x39,0xff,0x62,0x45,0x3b,0xfd,0x61,0x44,0x39,0xfb,0x66,0x47,0x3c,0xff,
    0x65,0x46,0x3b,0xfb,0x64,0x44,0x3b,0x70,0x00,0x00,0x00,0x00,0x00,0x00,0x00,0x00,0x7f,0x00,0x00,0x02,0x00,0x00,0x00,0x00,
    0x00,0x00,0x00,0x00,0x00,0x00,0x00,0x00,0x00,0x00,0x00,0x00,0x00,0x00,0x00,0x00,0x00,0x00,0x00,0x00,0x00,0x00,0x00,0x00,
    0x00,0x00,0x00,0x00,0x00,0x00,0x00,0x00,0x00,0x00,0x00,0x00,0x00,0x00,0x00,0x00,0x00,0x00,0x00,0x00,0x00,0x00,0x00,0x00,
    0x00,0x00,0x00,0x00,0x00,0x00,0x00,0x00,0x00,0x00,0x00,0x00,0x3f,0x3f,0x3f,0x04,0x00,0x00,0x00,0x00,0x58,0x44,0x3a,0x1a,
    0x64,0x46,0x3b,0xa7,0x67,0x47,0x3d,0xff,0x67,0x47,0x3d,0xff,0x61,0x44,0x3a,0xfd,0x63,0x44,0x3a,0xfc,0x62,0x44,0x3a,0xfe,
    0x5f,0x41,0x37,0xff,0x5d,0x3f,0x35,0xff,0x5f,0x41,0x37,0xff,0x65,0x47,0x3d,0xff,0x6d,0x50,0x46,0xff,0x75,0x57,0x4d,0xff,
    0x74,0x56,0x4c,0xff,0x74,0x56,0x4c,0xff,0x75,0x57,0x4d,0xff,0x70,0x53,0x49,0xff,0x66,0x48,0x3e,0xff,0x61,0x43,0x39,0xff,
    0x5d,0x3f,0x35,0xff,0x5e,0x40,0x36,0xff,0x62,0x44,0x3a,0xfe,0x63,0x44,0x3b,0xfc,0x62,0x43,0x3a,0xfc,0x65,0x46,0x3c,0xff,
    0x69,0x49,0x3e,0xff,0x64,0x46,0x3b,0xc8,0x61,0x45,0x3c,0x37,0x00,0x00,0x00,0x00,0x7f,0x7f,0x7f,0x02,0x00,0x00,0x00,0x01,
    0x00,0x00,0x00,0x00,0x00,0x00,0x00,0x00,0x00,0x00,0x00,0x00,0x00,0x00,0x00,0x00,0x00,0x00,0x00,0x00,0x00,0x00,0x00,0x00,
    0x00,0x00,0x00,0x00,0x00,0x00,0x00,0x00,0x00,0x00,0x00,0x00,0x00,0x00,0x00,0x00,0x00,0x00,0x00,0x00,0x00,0x00,0x00,0x00,
    0x00,0x00,0x00,0x00,0x00,0x00,0x00,0x00,0x00,0x00,0x00,0x00,0x00,0x00,0x00,0x00,0x00,0x00,0x00,0x00,0x00,0x00,0x00,0x00,
    0x55,0x55,0x55,0x03,0x00,0x00,0x00,0x00,0x00,0x00,0x00,0x00,0x63,0x46,0x3b,0x45,0x64,0x45,0x3a,0xba,0x66,0x47,0x3c,0xff,
    0x68,0x48,0x3e,0xff,0x63,0x45,0x3b,0xff,0x63,0x44,0x3a,0xfc,0x63,0x45,0x3a,0xfb,0x62,0x44,0x3a,0xfc,0x61,0x43,0x39,0xfe,
    0x5f,0x41,0x37,0xfe,0x5e,0x40,0x36,0xff,0x5e,0x40,0x36,0xff,0x5e,0x40,0x36,0xff,0x5e,0x40,0x36,0xff,0x5f,0x41,0x37,0xfe,
    0x61,0x43,0x39,0xfe,0x62,0x44,0x3a,0xfc,0x63,0x45,0x3a,0xfb,0x63,0x44,0x3a,0xfc,0x62,0x44,0x3a,0xff,0x67,0x47,0x3d,0xff,
    0x69,0x49,0x3e,0xff,0x64,0x46,0x3b,0xd3,0x62,0x46,0x3b,0x62,0x33,0x33,0x33,0x05,0x00,0x00,0x00,0x00,0x55,0x55,0x55,0x03,
    0x00,0x00,0x00,0x00,0x00,0x00,0x00,0x00,0x00,0x00,0x00,0x00,0x00,0x00,0x00,0x00,0x00,0x00,0x00,0x00,0x00,0x00,0x00,0x00,
    0x00,0x00,0x00,0x00,0x00,0x00,0x00,0x00,0x00,0x00,0x00,0x00,0x00,0x00,0x00,0x00,0x00,0x00,0x00,0x00,0x00,0x00,0x00,0x00,
    0x00,0x00,0x00,0x00,0x00,0x00,0x00,0x00,0x00,0x00,0x00,0x00,0x00,0x00,0x00,0x00,0x00,0x00,0x00,0x00,0x00,0x00,0x00,0x00,
    0x00,0x00,0x00,0x00,0x00,0x00,0x00,0x00,0x00,0x00,0x00,0x00,0x00,0x00,0x00,0x01,0x7f,0x7f,0x7f,0x02,0x00,0x00,0x00,0x00,
    0x00,0x00,0x00,0x00,0x62,0x45,0x3a,0x46,0x64,0x46,0x3b,0xa2,0x64,0x45,0x3b,0xf2,0x68,0x48,0x3e,0xff,0x69,0x49,0x3e,0xff,
    0x67,0x48,0x3d,0xff,0x65,0x46,0x3c,0xff,0x64,0x46,0x3b,0xff,0x62,0x44,0x3b,0xfe,0x62,0x45,0x3b,0xfe,0x62,0x45,0x3b,0xfe,
    0x62,0x44,0x3b,0xfe,0x64,0x45,0x3b,0xff,0x64,0x46,0x3b,0xff,0x67,0x47,0x3d,0xff,0x69,0x49,0x3e,0xff,0x69,0x48,0x3e,0xff,
    0x64,0x45,0x3b,0xfc,0x64,0x45,0x3c,0xbb,0x64,0x46,0x3b,0x5e,0x48,0x48,0x48,0x07,0x00,0x00,0x00,0x00,0x00,0x00,0x00,0x00,
    0x7f,0x7f,0x7f,0x02,0x00,0x00,0x00,0x00,0x00,0x00,0x00,0x00,0x00,0x00,0x00,0x00,0x00,0x00,0x00,0x00,0x00,0x00,0x00,0x00,
    0x00,0x00,0x00,0x00,0x00,0x00,0x00,0x00,0x00,0x00,0x00,0x00,0x00,0x00,0x00,0x00,0x00,0x00,0x00,0x00,0x00,0x00,0x00,0x00,
    0x00,0x00,0x00,0x00,0x00,0x00,0x00,0x00,0x00,0x00,0x00,0x00,0x00,0x00,0x00,0x00,0x00,0x00,0x00,0x00,0x00,0x00,0x00,0x00,
    0x00,0x00,0x00,0x00,0x00,0x00,0x00,0x00,0x00,0x00,0x00,0x00,0x00,0x00,0x00,0x00,0x00,0x00,0x00,0x00,0x00,0x00,0x00,0x00,
    0x00,0x00,0x00,0x00,0x55,0x55,0x55,0x03,0xff,0x00,0x00,0x01,0x00,0x00,0x00,0x00,0x00,0x00,0x00,0x00,0x64,0x48,0x3f,0x1c,
    0x66,0x46,0x3c,0x50,0x64,0x45,0x3c,0x8c,0x63,0x44,0x3b,0xbe,0x62,0x44,0x39,0xe7,0x61,0x44,0x39,0xf2,0x65,0x46,0x3c,0xff,
    0x65,0x46,0x3b,0xff,0x64,0x46,0x3b,0xff,0x65,0x46,0x3c,0xff,0x61,0x43,0x39,0xf8,0x62,0x44,0x3a,0xea,0x64,0x45,0x3b,0xc6,
    0x64,0x46,0x3b,0x9b,0x66,0x45,0x3b,0x5f,0x69,0x44,0x3e,0x29,0x00,0x00,0x00,0x00,0x00,0x00,0x00,0x00,0x00,0x00,0x00,0x00,
    0x55,0x55,0x55,0x03,0x00,0x00,0x00,0x01,0x00,0x00,0x00,0x00,0x00,0x00,0x00,0x00,0x00,0x00,0x00,0x00,0x00,0x00,0x00,0x00,
    0x00,0x00,0x00,0x00,0x00,0x00,0x00,0x00,0x00,0x00,0x00,0x00,0x00,0x00,0x00,0x00,0x00,0x00,0x00,0x00,0x00,0x00,0x00,0x00,
    0x00,0x00,0x00,0x00,0x00,0x00,0x00,0x00,0x00,0x00,0x00,0x00,0x00,0x00,0x00,0x00,0x00,0x00,0x00,0x00,0x00,0x00,0x00,0x00,
    0x00,0x00,0x00,0x00,0x00,0x00,0x00,0x00,0x00,0x00,0x00,0x00,0x00,0x00,0x00,0x00,0x00,0x00,0x00,0x00,0x00,0x00,0x00,0x00,
    0x00,0x00,0x00,0x00,0x00,0x00,0x00,0x00,0x00,0x00,0x00,0x00,0x00,0x00,0x00,0x00,0x00,0x00,0x00,0x00,0x55,0x55,0x55,0x03,
    0x55,0x55,0x55,0x03,0x00,0x00,0x00,0x00,0x00,0x00,0x00,0x00,0x00,0x00,0x00,0x00,0x00,0x00,0x00,0x00,0x5f,0x3f,0x3f,0x10,
    0x62,0x41,0x39,0x1f,0x66,0x45,0x3d,0x46,0x63,0x42,0x3b,0x45,0x60,0x42,0x3b,0x45,0x66,0x48,0x3d,0x46,0x62,0x45,0x39,0x2c,
    0x63,0x46,0x38,0x12,0x00,0x00,0x00,0x00,0x00,0x00,0x00,0x00,0x00,0x00,0x00,0x00,0x00,0x00,0x00,0x00,0x00,0x00,0x00,0x01,
    0x3f,0x3f,0x3f,0x04,0x00,0x00,0x00,0x01,0x00,0x00,0x00,0x00,0x00,0x00,0x00,0x00,0x00,0x00,0x00,0x00,0x00,0x00,0x00,0x00,
    0x00,0x00,0x00,0x00,0x00,0x00,0x00,0x00,0x00,0x00,0x00,0x00,0x00,0x00,0x00,0x00,0x00,0x00,0x00,0x00,0x00,0x00,0x00,0x00,
    0x00,0x00,0x00,0x00,0x00,0x00,0x00,0x00,0x00,0x00,0x00,0x00,0x00,0x00,0x00,0x00,
};
const lv_image_dsc_t img_iris_boot = {
    .header.magic = LV_IMAGE_HEADER_MAGIC,
    .header.cf = LV_COLOR_FORMAT_ARGB8888,
    .header.w = 50,
    .header.h = 50,
    .header.stride = 200,
    .data_size = sizeof(img_iris_boot_map),
    .data = img_iris_boot_map,
};
